Session_ID,Block_ID,IO_Offset,IO_Size,Op_Name,User
2019-10-26 08:10,53,0,131072,2,region3_0
2019-10-26 08:10,71,0,262144,2,region3_0
2019-10-26 08:10,219,0,393216,2,region3_0
2019-10-26 08:10,314,0,131072,2,region3_0
2019-10-26 08:10,394,0,262144,2,region3_0
2019-10-26 08:10,409,0,262144,2,region3_0
2019-10-26 08:10,509,0,131072,2,region3_0
2019-10-26 08:10,675,0,393216,2,region3_0
2019-10-26 08:10,698,655360,786432,2,region3_8
2019-10-26 08:10,719,0,131072,2,region3_0
2019-10-26 08:10,987,0,262144,2,region3_0
2019-10-26 08:10,1328,6946816,524288,2,region3_4
2019-10-26 08:10,698,655360,786432,2,region3_8
2019-10-26 08:10,1587,0,131072,2,region3_0
2019-10-26 08:10,1632,0,131072,2,region3_0
2019-10-26 08:10,1663,0,131072,2,region3_0
2019-10-26 08:10,2115,0,262144,2,region3_0
2019-10-26 08:10,2121,4194304,131072,2,region3_4
2019-10-26 08:10,2121,3801088,131072,2,region3_4
2019-10-26 08:10,2121,4194304,131072,2,region3_4
2019-10-26 08:10,2247,0,131072,2,region3_0
2019-10-26 08:10,2290,0,131072,2,region3_0
2019-10-26 08:10,2435,0,393216,2,region3_0
2019-10-26 08:10,2731,0,131072,2,region3_0
2019-10-26 08:10,2839,0,262144,2,region3_0
2019-10-26 08:10,698,655360,786432,2,region3_8
2019-10-26 08:10,3772,0,262144,2,region3_0
2019-10-26 08:10,3797,0,262144,2,region3_0
2019-10-26 08:10,3799,0,262144,2,region3_0
2019-10-26 08:10,698,655360,786432,2,region3_8
2019-10-26 08:10,4128,0,131072,2,region3_0
2019-10-26 08:10,4261,0,262144,2,region3_0
2019-10-26 08:10,4348,0,262144,2,region3_0
2019-10-26 08:10,4771,0,262144,2,region3_0
2019-10-26 08:10,4773,0,262144,2,region3_0
2019-10-26 08:10,4952,0,393216,2,region3_0
2019-10-26 08:10,5063,0,262144,2,region3_0
2019-10-26 08:10,2731,0,131072,2,region3_0
2019-10-26 08:10,5239,0,262144,2,region3_0
2019-10-26 08:10,5429,0,131072,2,region3_0
2019-10-26 08:10,5436,0,393216,2,region3_0
2019-10-26 08:10,5440,5373952,131072,2,region3_4
2019-10-26 08:10,5440,5373952,131072,2,region3_4
2019-10-26 08:10,5440,4980736,131072,2,region3_4
2019-10-26 08:10,5510,0,262144,2,region3_0
2019-10-26 08:10,5653,0,262144,2,region3_0
2019-10-26 08:10,698,655360,786432,2,region3_8
2019-10-26 08:10,6068,0,3801088,2,region3_4
2019-10-26 08:10,6071,0,8388608,3,region3_5
2019-10-26 08:10,6265,0,262144,2,region3_0
2019-10-26 08:10,6801,0,131072,2,region3_0
2019-10-26 08:10,7085,0,262144,2,region3_0
2019-10-26 08:10,7129,0,524288,2,region3_0
2019-10-26 08:10,7417,0,393216,2,region3_0
2019-10-26 08:10,7458,0,4194304,1,region3_3
2019-10-26 08:10,7556,0,262144,2,region3_0
2019-10-26 08:10,7562,0,262144,2,region3_0
2019-10-26 08:10,7672,0,131072,2,region3_0
2019-10-26 08:10,7687,0,131072,2,region3_0
2019-10-26 08:10,7737,0,393216,2,region3_0
2019-10-26 08:10,7876,0,131072,2,region3_0
2019-10-26 08:10,7902,0,131072,2,region3_0
2019-10-26 08:10,219,0,393216,2,region3_0
2019-10-26 08:10,698,655360,786432,2,region3_8
2019-10-26 08:10,8270,0,262144,2,region3_0
2019-10-26 08:10,698,655360,786432,2,region3_8
2019-10-26 08:10,698,655360,786432,2,region3_8
2019-10-26 08:10,8526,0,262144,2,region3_0
2019-10-26 08:10,698,655360,786432,2,region3_8
2019-10-26 08:10,698,655360,786432,2,region3_8
2019-10-26 08:10,8754,0,262144,2,region3_0
2019-10-26 08:10,8872,0,131072,2,region3_0
2019-10-26 08:10,9067,0,262144,2,region3_0
2019-10-26 08:10,7458,4194304,4194304,1,region3_3
2019-10-26 08:10,9316,0,524288,2,region3_0
2019-10-26 08:10,9400,0,393216,2,region3_0
2019-10-26 08:10,9539,0,131072,2,region3_0
2019-10-26 08:10,9582,0,262144,2,region3_0
2019-10-26 08:10,9631,0,262144,2,region3_0
2019-10-26 08:10,9733,0,131072,2,region3_0
2019-10-26 08:10,9760,0,262144,2,region3_0
2019-10-26 08:10,698,655360,786432,2,region3_8
2019-10-26 08:10,9954,0,393216,2,region3_0
2019-10-26 08:10,9955,0,262144,2,region3_0
2019-10-26 08:10,10084,0,131072,2,region3_0
2019-10-26 08:10,10120,0,131072,2,region3_0
2019-10-26 08:10,10351,0,262144,2,region3_0
2019-10-26 08:10,10353,0,131072,2,region3_0
2019-10-26 08:10,10365,0,131072,2,region3_0
2019-10-26 08:10,10434,0,262144,2,region3_0
2019-10-26 08:10,10513,0,262144,2,region3_0
2019-10-26 08:10,10604,0,262144,2,region3_0
2019-10-26 08:10,10703,0,262144,2,region3_0
2019-10-26 08:10,10731,0,262144,2,region3_0
2019-10-26 08:10,10937,0,131072,2,region3_0
2019-10-26 08:10,698,655360,786432,2,region3_8
2019-10-26 08:10,698,655360,786432,2,region3_8
2019-10-26 08:10,11192,0,262144,2,region3_0
2019-10-26 08:10,698,655360,786432,2,region3_8
2019-10-26 08:10,11797,0,131072,2,region3_0
2019-10-26 08:10,11993,0,131072,2,region3_0
2019-10-26 08:10,12068,0,393216,2,region3_0
2019-10-26 08:10,12095,0,262144,2,region3_0
2019-10-26 08:10,12107,0,131072,2,region3_0
2019-10-26 08:10,12207,0,262144,2,region3_0
2019-10-26 08:10,12256,0,262144,2,region3_0
2019-10-26 08:10,12284,0,262144,2,region3_0
2019-10-26 08:10,12428,0,131072,2,region3_0
2019-10-26 08:10,12494,0,131072,2,region3_0
2019-10-26 08:10,12528,0,262144,2,region3_0
2019-10-26 08:10,698,655360,786432,2,region3_8
2019-10-26 08:10,12597,0,262144,2,region3_0
2019-10-26 08:10,12606,0,262144,2,region3_0
2019-10-26 08:10,9067,0,262144,2,region3_0
2019-10-26 08:10,12984,0,2621440,4,region3_13
2019-10-26 08:10,12989,0,131072,2,region3_0
2019-10-26 08:10,13119,0,8388608,5,region3_3
2019-10-26 08:10,698,655360,786432,2,region3_8
2019-10-26 08:10,13175,0,262144,2,region3_0
2019-10-26 08:10,13193,0,131072,2,region3_0
2019-10-26 08:10,13246,0,262144,2,region3_0
2019-10-26 08:10,698,655360,786432,2,region3_8
2019-10-26 08:10,13685,0,393216,2,region3_0
2019-10-26 08:10,13761,0,393216,2,region3_0
2019-10-26 08:10,13771,0,262144,2,region3_0
2019-10-26 08:10,13795,0,262144,2,region3_0
2019-10-26 08:10,13827,0,393216,2,region3_0
2019-10-26 08:10,13919,0,262144,2,region3_0
2019-10-26 08:10,14049,0,262144,2,region3_0
2019-10-26 08:10,14078,0,393216,2,region3_0
2019-10-26 08:10,14080,0,393216,2,region3_0
2019-10-26 08:10,8754,0,262144,2,region3_0
2019-10-26 08:10,14410,0,262144,2,region3_0
2019-10-26 08:10,14465,0,131072,2,region3_0
2019-10-26 08:10,14466,0,131072,2,region3_0
2019-10-26 08:10,14472,0,393216,2,region3_0
2019-10-26 08:10,14584,0,524288,2,region3_0
2019-10-26 08:10,14600,0,262144,2,region3_0
2019-10-26 08:10,14711,0,262144,2,region3_0
2019-10-26 08:10,698,655360,786432,2,region3_8
2019-10-26 08:10,14787,0,262144,2,region3_0
2019-10-26 08:10,7556,0,262144,2,region3_0
2019-10-26 08:10,698,655360,786432,2,region3_8
2019-10-26 08:10,14978,0,262144,2,region3_0
2019-10-26 08:10,15263,0,393216,2,region3_0
2019-10-26 08:10,15316,0,131072,2,region3_0
2019-10-26 08:10,14978,0,262144,2,region3_0
2019-10-26 08:10,15575,0,131072,2,region3_0
2019-10-26 08:10,15713,0,393216,2,region3_0
2019-10-26 08:10,4773,0,262144,2,region3_0
2019-10-26 08:10,15898,0,262144,2,region3_0
2019-10-26 08:10,15926,0,393216,2,region3_0
2019-10-26 08:10,15994,0,131072,2,region3_0
2019-10-26 08:10,16054,0,262144,2,region3_0
2019-10-26 08:10,16158,0,8388608,3,region3_4
2019-10-26 08:10,16194,0,262144,2,region3_0
2019-10-26 08:10,14465,0,131072,2,region3_0
2019-10-26 08:10,16386,0,262144,2,region3_0
2019-10-26 08:10,16415,0,131072,2,region3_0
2019-10-26 08:10,16450,0,262144,2,region3_0
2019-10-26 08:10,16480,0,393216,2,region3_0
2019-10-26 08:10,698,655360,786432,2,region3_8
2019-10-26 08:10,16816,0,393216,2,region3_0
2019-10-26 08:10,16851,0,393216,2,region3_0
2019-10-26 08:10,16858,0,262144,2,region3_0
2019-10-26 08:10,698,655360,786432,2,region3_8
2019-10-26 08:10,17270,0,8388608,2,region3_4
2019-10-26 08:10,17343,655360,1179648,2,region3_0
2019-10-26 08:10,17584,0,131072,2,region3_0
2019-10-26 08:10,17802,0,262144,2,region3_0
2019-10-26 08:10,17953,0,131072,2,region3_0
2019-10-26 08:10,698,655360,786432,2,region3_8
2019-10-26 08:10,10604,0,262144,2,region3_0
2019-10-26 08:10,18435,0,262144,2,region3_0
2019-10-26 08:10,18512,0,393216,2,region3_0
2019-10-26 08:10,18616,0,262144,2,region3_0
2019-10-26 08:10,18665,0,393216,2,region3_0
2019-10-26 08:10,18702,0,262144,2,region3_0
2019-10-26 08:10,7687,0,131072,2,region3_0
2019-10-26 08:10,19031,0,131072,2,region3_0
2019-10-26 08:10,698,655360,786432,2,region3_8
2019-10-26 08:10,19120,0,262144,2,region3_0
2019-10-26 08:10,13175,0,262144,2,region3_0
2019-10-26 08:10,698,655360,786432,2,region3_8
2019-10-26 08:10,698,655360,786432,2,region3_8
2019-10-26 08:10,19431,0,393216,2,region3_0
2019-10-26 08:10,19542,0,8388608,4,region3_1
2019-10-26 08:10,19552,0,131072,2,region3_0
2019-10-26 08:10,19612,0,131072,2,region3_0
2019-10-26 08:10,19764,0,131072,2,region3_0
2019-10-26 08:10,698,655360,786432,2,region3_8
2019-10-26 08:10,698,655360,786432,2,region3_8
2019-10-26 08:10,13771,0,262144,2,region3_0
2019-10-26 08:10,19968,0,131072,2,region3_0
2019-10-26 08:10,20024,0,262144,2,region3_0
2019-10-26 08:10,20052,0,393216,2,region3_0
2019-10-26 08:10,20059,0,131072,2,region3_0
2019-10-26 08:10,12107,0,131072,2,region3_0
2019-10-26 08:10,698,655360,786432,2,region3_8
2019-10-26 08:10,14466,0,131072,2,region3_0
2019-10-26 08:10,20347,0,131072,2,region3_0
2019-10-26 08:10,698,655360,786432,2,region3_8
2019-10-26 08:10,20657,0,262144,2,region3_0
2019-10-26 08:10,20705,0,131072,2,region3_0
2019-10-26 08:10,20787,0,524288,2,region3_0
2019-10-26 08:10,20807,0,10092544,4,region3_4
2019-10-26 08:10,19120,0,262144,2,region3_0
2019-10-26 08:10,20959,0,131072,2,region3_0
2019-10-26 08:10,21014,0,131072,2,region3_0
2019-10-26 08:10,14600,0,262144,2,region3_0
2019-10-26 08:10,21037,0,393216,2,region3_0
2019-10-26 08:10,21051,0,393216,2,region3_0
2019-10-26 08:10,21337,0,14942208,3,region3_5
2019-10-26 08:10,698,655360,786432,2,region3_8
2019-10-26 08:10,21789,0,131072,2,region3_0
2019-10-26 08:10,21835,0,131072,2,region3_0
2019-10-26 08:10,21895,0,131072,2,region3_0
2019-10-26 08:10,21902,0,131072,2,region3_0
2019-10-26 08:10,21963,0,262144,2,region3_0
2019-10-26 08:10,22002,0,393216,2,region3_0
2019-10-26 08:10,22033,0,131072,2,region3_0
2019-10-26 08:10,22046,0,262144,2,region3_0
2019-10-26 08:10,698,655360,786432,2,region3_8
2019-10-26 08:10,698,655360,786432,2,region3_8
2019-10-26 08:10,10353,0,131072,2,region3_0
2019-10-26 08:10,22410,0,131072,2,region3_0
2019-10-26 08:10,22577,0,393216,2,region3_0
2019-10-26 08:10,22579,0,262144,2,region3_0
2019-10-26 08:10,22610,0,262144,2,region3_0
2019-10-26 08:10,22736,0,131072,2,region3_0
2019-10-26 08:10,22823,0,131072,2,region3_0
2019-10-26 08:10,22889,0,262144,2,region3_0
2019-10-26 08:10,698,655360,786432,2,region3_8
2019-10-26 08:10,11192,0,262144,2,region3_0
2019-10-26 08:10,17953,0,131072,2,region3_0
2019-10-26 08:10,23058,0,262144,2,region3_0
2019-10-26 08:10,23086,0,393216,2,region3_0
2019-10-26 08:10,23151,0,131072,2,region3_0
2019-10-26 08:10,23289,0,131072,2,region3_0
2019-10-26 08:10,23315,0,393216,2,region3_0
2019-10-26 08:10,23476,0,262144,2,region3_0
2019-10-26 08:10,23546,0,393216,2,region3_0
2019-10-26 08:10,23623,0,131072,2,region3_0
2019-10-26 08:10,23653,0,131072,2,region3_0
2019-10-26 08:10,23690,0,393216,2,region3_0
2019-10-26 08:10,6801,0,131072,2,region3_0
2019-10-26 08:10,698,655360,786432,2,region3_8
2019-10-26 08:10,23864,0,262144,2,region3_0
2019-10-26 08:10,23869,0,393216,2,region3_0
2019-10-26 08:10,23879,0,131072,2,region3_0
2019-10-26 08:10,698,655360,786432,2,region3_8
2019-10-26 08:10,23919,0,524288,2,region3_0
2019-10-26 08:10,698,655360,786432,2,region3_8
2019-10-26 08:10,24166,0,262144,2,region3_0
2019-10-26 08:10,2247,0,131072,2,region3_0
2019-10-26 08:10,24431,0,262144,2,region3_0
2019-10-26 08:10,698,655360,786432,2,region3_8
2019-10-26 08:10,24550,0,393216,2,region3_0
2019-10-26 08:10,24648,0,393216,2,region3_0
2019-10-26 08:10,24694,0,262144,2,region3_0
2019-10-26 08:10,24730,0,655360,2,region3_0
2019-10-26 08:10,24743,0,262144,2,region3_0
2019-10-26 08:10,24854,0,131072,2,region3_0
2019-10-26 08:10,24964,0,262144,2,region3_0
2019-10-26 08:10,18616,0,262144,2,region3_0
2019-10-26 08:10,4771,0,262144,2,region3_0
2019-10-26 08:10,11797,0,131072,2,region3_0
2019-10-26 08:10,698,655360,786432,2,region3_8
2019-10-26 08:10,25619,0,262144,2,region3_0
2019-10-26 08:10,25632,0,131072,2,region3_0
2019-10-26 08:10,22823,0,131072,2,region3_0
2019-10-26 08:10,25968,0,262144,2,region3_0
2019-10-26 08:10,25990,0,131072,2,region3_0
2019-10-26 08:10,26046,0,262144,2,region3_0
2019-10-26 08:10,4348,0,262144,2,region3_0
2019-10-26 08:10,10434,0,262144,2,region3_0
2019-10-26 08:10,26391,0,393216,2,region3_0
2019-10-26 08:10,26423,0,131072,2,region3_0
2019-10-26 08:10,698,655360,786432,2,region3_8
2019-10-26 08:10,698,655360,786432,2,region3_8
2019-10-26 08:10,26523,0,131072,2,region3_0
2019-10-26 08:10,26530,0,131072,2,region3_0
2019-10-26 08:10,698,655360,786432,2,region3_8
2019-10-26 08:10,26588,0,262144,2,region3_0
2019-10-26 08:10,26749,0,131072,2,region3_0
2019-10-26 08:10,698,655360,786432,2,region3_8
2019-10-26 08:10,26842,0,131072,2,region3_0
2019-10-26 08:10,26899,0,131072,2,region3_0
2019-10-26 08:10,698,655360,786432,2,region3_8
2019-10-26 08:10,698,655360,786432,2,region3_8
2019-10-26 08:10,21902,0,131072,2,region3_0
2019-10-26 08:10,24730,0,655360,2,region3_0
2019-10-26 08:10,27163,0,262144,2,region3_0
2019-10-26 08:10,20024,0,262144,2,region3_0
2019-10-26 08:10,27477,0,131072,2,region3_0
2019-10-26 08:10,15575,0,131072,2,region3_0
2019-10-26 08:10,698,655360,786432,2,region3_8
2019-10-26 08:10,27850,0,262144,2,region3_0
2019-10-26 08:10,20657,0,262144,2,region3_0
2019-10-26 08:10,28042,0,262144,2,region3_0
2019-10-26 08:10,28068,0,131072,2,region3_0
2019-10-26 08:10,28090,0,131072,2,region3_0
2019-10-26 08:10,28310,0,393216,2,region3_0
2019-10-26 08:10,698,655360,786432,2,region3_8
2019-10-26 08:10,28391,0,262144,2,region3_0
2019-10-26 08:10,13795,0,262144,2,region3_0
2019-10-26 08:10,698,655360,786432,2,region3_8
2019-10-26 08:10,28714,0,131072,2,region3_0
2019-10-26 08:10,28735,0,393216,2,region3_0
2019-10-26 08:10,28771,0,131072,2,region3_0
2019-10-26 08:10,14049,0,262144,2,region3_0
2019-10-26 08:10,28816,0,131072,2,region3_0
2019-10-26 08:10,7672,0,131072,2,region3_0
2019-10-26 08:10,698,655360,786432,2,region3_8
2019-10-26 08:10,12528,0,262144,2,region3_0
2019-10-26 08:10,29302,0,131072,2,region3_0
2019-10-26 08:10,29445,0,524288,2,region3_0
2019-10-26 08:10,14711,0,262144,2,region3_0
2019-10-26 08:10,24743,0,262144,2,region3_0
2019-10-26 08:10,13685,0,393216,2,region3_0
2019-10-26 08:10,29963,0,393216,2,region3_0
2019-10-26 08:10,8526,0,262144,2,region3_0
2019-10-26 08:10,30107,0,131072,2,region3_0
2019-10-26 08:10,30168,0,393216,2,region3_0
2019-10-26 08:10,30177,0,524288,2,region3_0
2019-10-26 08:10,12606,0,262144,2,region3_0
2019-10-26 08:10,698,655360,786432,2,region3_8
2019-10-26 08:10,698,655360,786432,2,region3_8
2019-10-26 08:10,30636,0,131072,2,region3_0
2019-10-26 08:10,15926,0,393216,2,region3_0
2019-10-26 08:10,30724,0,131072,2,region3_0
2019-10-26 08:10,10513,0,262144,2,region3_0
2019-10-26 08:10,30873,0,524288,2,region3_0
2019-10-26 08:11,30908,0,262144,2,region3_0
2019-10-26 08:11,30921,0,524288,2,region3_0
2019-10-26 08:11,698,655360,786432,2,region3_8
2019-10-26 08:11,698,655360,786432,2,region3_8
2019-10-26 08:11,31072,0,131072,2,region3_0
2019-10-26 08:11,15898,0,262144,2,region3_0
2019-10-26 08:11,31166,0,262144,2,region3_0
2019-10-26 08:11,31214,0,131072,2,region3_0
2019-10-26 08:11,31255,0,262144,2,region3_0
2019-10-26 08:11,31287,0,131072,2,region3_0
2019-10-26 08:11,31296,0,524288,2,region3_0
2019-10-26 08:11,698,655360,786432,2,region3_8
2019-10-26 08:11,31402,0,655360,2,region3_0
2019-10-26 08:11,31462,0,262144,2,region3_0
2019-10-26 08:11,31826,0,6553600,2,region3_7
2019-10-26 08:11,31879,0,131072,2,region3_0
2019-10-26 08:11,31922,0,131072,2,region3_0
2019-10-26 08:11,26530,0,131072,2,region3_0
2019-10-26 08:11,26423,0,131072,2,region3_0
2019-10-26 08:11,32164,0,131072,2,region3_0
2019-10-26 08:11,32238,0,131072,2,region3_0
2019-10-26 08:11,698,655360,786432,2,region3_8
2019-10-26 08:11,32292,0,262144,2,region3_0
2019-10-26 08:11,32385,0,131072,2,region3_0
2019-10-26 08:11,32435,0,393216,2,region3_0
2019-10-26 08:11,32494,0,8388608,4,region3_1
2019-10-26 08:11,12284,0,262144,2,region3_0
2019-10-26 08:11,32608,0,131072,2,region3_0
2019-10-26 08:11,698,655360,786432,2,region3_8
2019-10-26 08:11,698,655360,786432,2,region3_8
2019-10-26 08:11,698,655360,786432,2,region3_8
2019-10-26 08:11,10084,0,131072,2,region3_0
2019-10-26 08:11,698,655360,786432,2,region3_8
2019-10-26 08:11,32952,0,393216,2,region3_0
2019-10-26 08:11,33215,0,524288,2,region3_0
2019-10-26 08:11,33346,0,131072,2,region3_0
2019-10-26 08:11,698,655360,786432,2,region3_8
2019-10-26 08:11,33555,0,8388608,4,region3_1
2019-10-26 08:11,698,655360,786432,2,region3_8
2019-10-26 08:11,33723,0,262144,2,region3_0
2019-10-26 08:11,698,655360,786432,2,region3_8
2019-10-26 08:11,34003,0,393216,2,region3_0
2019-10-26 08:11,698,655360,786432,2,region3_8
2019-10-26 08:11,34120,0,131072,2,region3_0
2019-10-26 08:11,698,655360,786432,2,region3_8
2019-10-26 08:11,34296,0,131072,2,region3_0
2019-10-26 08:11,698,655360,786432,2,region3_8
2019-10-26 08:11,34432,0,131072,2,region3_0
2019-10-26 08:11,34601,0,131072,2,region3_0
2019-10-26 08:11,698,655360,786432,2,region3_8
2019-10-26 08:11,34727,0,524288,2,region3_0
2019-10-26 08:11,34883,0,393216,2,region3_0
2019-10-26 08:11,22033,0,131072,2,region3_0
2019-10-26 08:11,34940,0,262144,2,region3_0
2019-10-26 08:11,35042,0,131072,2,region3_0
2019-10-26 08:11,1663,0,131072,2,region3_0
2019-10-26 08:11,35291,0,524288,2,region3_0
2019-10-26 08:11,35613,0,131072,2,region3_0
2019-10-26 08:11,698,655360,786432,2,region3_8
2019-10-26 08:11,35816,0,131072,2,region3_0
2019-10-26 08:11,698,655360,786432,2,region3_8
2019-10-26 08:11,16450,0,262144,2,region3_0
2019-10-26 08:11,28090,0,131072,2,region3_0
2019-10-26 08:11,31402,0,655360,2,region3_0
2019-10-26 08:11,698,655360,786432,2,region3_8
2019-10-26 08:11,36454,0,131072,2,region3_0
2019-10-26 08:11,20705,0,131072,2,region3_0
2019-10-26 08:11,36559,0,8388608,4,region3_2
2019-10-26 08:11,698,655360,786432,2,region3_8
2019-10-26 08:11,36594,0,8388608,4,region3_1
2019-10-26 08:11,36664,0,131072,2,region3_0
2019-10-26 08:11,36839,0,131072,2,region3_0
2019-10-26 08:11,698,655360,786432,2,region3_8
2019-10-26 08:11,25968,0,262144,2,region3_0
2019-10-26 08:11,37063,0,524288,2,region3_0
2019-10-26 08:11,37099,0,131072,2,region3_0
2019-10-26 08:11,698,655360,786432,2,region3_8
2019-10-26 08:11,21037,0,393216,2,region3_0
2019-10-26 08:11,37254,0,131072,2,region3_0
2019-10-26 08:11,19031,0,131072,2,region3_0
2019-10-26 08:11,37544,0,131072,2,region3_0
2019-10-26 08:11,37593,0,131072,2,region3_0
2019-10-26 08:11,37624,0,524288,2,region3_0
2019-10-26 08:11,698,655360,786432,2,region3_8
2019-10-26 08:11,698,655360,786432,2,region3_8
2019-10-26 08:11,37761,0,131072,2,region3_0
2019-10-26 08:11,37762,0,131072,2,region3_0
2019-10-26 08:11,37783,0,131072,2,region3_0
2019-10-26 08:11,37805,0,1441792,2,region3_0
2019-10-26 08:11,37947,0,131072,2,region3_0
2019-10-26 08:11,698,655360,786432,2,region3_8
2019-10-26 08:11,698,655360,786432,2,region3_8
2019-10-26 08:11,38058,0,131072,2,region3_0
2019-10-26 08:11,38146,0,131072,2,region3_0
2019-10-26 08:11,38214,0,131072,2,region3_0
2019-10-26 08:11,38369,0,1310720,2,region3_4
2019-10-26 08:11,38370,0,131072,2,region3_0
2019-10-26 08:11,38519,0,131072,2,region3_0
2019-10-26 08:11,698,655360,786432,2,region3_8
2019-10-26 08:11,698,655360,786432,2,region3_8
2019-10-26 08:11,38680,0,131072,2,region3_0
2019-10-26 08:11,38836,0,131072,2,region3_0
2019-10-26 08:11,38871,0,655360,2,region3_0
2019-10-26 08:11,698,655360,786432,2,region3_8
2019-10-26 08:11,38917,0,131072,2,region3_0
2019-10-26 08:11,698,655360,786432,2,region3_8
2019-10-26 08:11,39274,0,131072,2,region3_0
2019-10-26 08:11,39294,0,131072,2,region3_0
2019-10-26 08:11,39356,0,393216,2,region3_0
2019-10-26 08:11,698,655360,786432,2,region3_8
2019-10-26 08:11,698,655360,786432,2,region3_8
2019-10-26 08:11,31879,0,131072,2,region3_0
2019-10-26 08:11,38370,0,131072,2,region3_0
2019-10-26 08:11,39885,0,917504,2,region3_0
2019-10-26 08:11,39885,786432,1048576,2,region3_0
2019-10-26 08:11,39940,0,131072,2,region3_0
2019-10-26 08:11,39956,0,131072,2,region3_0
2019-10-26 08:11,698,655360,786432,2,region3_8
2019-10-26 08:11,40058,0,3670016,2,region3_7
2019-10-26 08:11,698,655360,786432,2,region3_8
2019-10-26 08:11,40198,0,131072,2,region3_0
2019-10-26 08:11,32608,0,131072,2,region3_0
2019-10-26 08:11,40494,0,131072,2,region3_0
2019-10-26 08:11,698,655360,786432,2,region3_8
2019-10-26 08:11,40742,0,131072,2,region3_0
2019-10-26 08:11,698,655360,786432,2,region3_8
2019-10-26 08:11,698,655360,786432,2,region3_8
2019-10-26 08:11,38871,0,655360,2,region3_0
2019-10-26 08:11,698,655360,786432,2,region3_8
2019-10-26 08:11,698,655360,786432,2,region3_8
2019-10-26 08:11,40058,3538944,4849664,2,region3_7
2019-10-26 08:11,41074,0,131072,2,region3_0
2019-10-26 08:11,41083,0,8388608,2,region3_1
2019-10-26 08:11,698,655360,786432,2,region3_8
2019-10-26 08:11,41203,0,131072,2,region3_0
2019-10-26 08:11,698,655360,786432,2,region3_8
2019-10-26 08:11,41326,0,131072,2,region3_0
2019-10-26 08:11,698,655360,786432,2,region3_8
2019-10-26 08:11,41729,0,8388608,2,region3_0
2019-10-26 08:11,23315,0,393216,2,region3_0
2019-10-26 08:11,698,655360,786432,2,region3_8
2019-10-26 08:11,23086,0,393216,2,region3_0
2019-10-26 08:11,698,655360,786432,2,region3_8
2019-10-26 08:11,42053,0,131072,2,region3_0
2019-10-26 08:11,698,655360,786432,2,region3_8
2019-10-26 08:11,698,655360,786432,2,region3_8
2019-10-26 08:11,698,655360,786432,2,region3_8
2019-10-26 08:11,698,655360,786432,2,region3_8
2019-10-26 08:11,698,655360,786432,2,region3_8
2019-10-26 08:11,42753,0,131072,2,region3_0
2019-10-26 08:11,698,655360,786432,2,region3_8
2019-10-26 08:11,42987,0,131072,2,region3_0
2019-10-26 08:11,43072,0,131072,2,region3_0
2019-10-26 08:11,698,655360,786432,2,region3_8
2019-10-26 08:11,698,655360,786432,2,region3_8
2019-10-26 08:11,43278,0,131072,2,region3_0
2019-10-26 08:11,698,655360,786432,2,region3_8
2019-10-26 08:11,43359,0,131072,2,region3_0
2019-10-26 08:11,43363,0,131072,2,region3_0
2019-10-26 08:11,698,655360,786432,2,region3_8
2019-10-26 08:11,43607,0,6684672,2,region3_1
2019-10-26 08:11,698,655360,786432,2,region3_8
2019-10-26 08:11,43687,0,6291456,5,region3_3
2019-10-26 08:11,43785,0,131072,2,region3_0
2019-10-26 08:11,698,655360,786432,2,region3_8
2019-10-26 08:11,43891,0,131072,2,region3_0
2019-10-26 08:11,44061,0,131072,2,region3_0
2019-10-26 08:11,698,655360,786432,2,region3_8
2019-10-26 08:11,44168,0,8388608,3,region3_4
2019-10-26 08:11,698,655360,786432,2,region3_8
2019-10-26 08:11,698,655360,786432,2,region3_8
2019-10-26 08:11,698,655360,786432,2,region3_8
2019-10-26 08:11,37761,0,131072,2,region3_0
2019-10-26 08:11,44443,0,131072,2,region3_0
2019-10-26 08:11,44513,0,131072,2,region3_0
2019-10-26 08:11,698,655360,786432,2,region3_8
2019-10-26 08:11,44579,0,131072,2,region3_0
2019-10-26 08:11,44583,0,1441792,2,region3_0
2019-10-26 08:11,44617,0,8388608,4,region3_1
2019-10-26 08:11,44671,0,131072,2,region3_0
2019-10-26 08:11,44674,0,131072,2,region3_0
2019-10-26 08:11,44685,0,131072,2,region3_0
2019-10-26 08:11,698,655360,786432,2,region3_8
2019-10-26 08:11,44720,0,131072,2,region3_0
2019-10-26 08:11,698,655360,786432,2,region3_8
2019-10-26 08:11,698,655360,786432,2,region3_8
2019-10-26 08:11,698,655360,786432,2,region3_8
2019-10-26 08:11,44964,0,3014656,4,region3_6
2019-10-26 08:11,698,655360,786432,2,region3_8
2019-10-26 08:11,45037,0,131072,2,region3_0
2019-10-26 08:11,45074,0,131072,2,region3_0
2019-10-26 08:11,698,655360,786432,2,region3_8
2019-10-26 08:11,45139,0,1441792,2,region3_0
2019-10-26 08:11,698,655360,786432,2,region3_8
2019-10-26 08:11,698,655360,786432,2,region3_8
2019-10-26 08:11,698,655360,786432,2,region3_8
2019-10-26 08:11,698,655360,786432,2,region3_8
2019-10-26 08:11,45714,0,655360,2,region3_0
2019-10-26 08:11,45976,0,131072,2,region3_0
2019-10-26 08:11,46017,0,8388608,4,region3_2
2019-10-26 08:11,46236,0,131072,2,region3_0
2019-10-26 08:11,698,655360,786432,2,region3_8
2019-10-26 08:11,46296,0,8388608,4,region3_1
2019-10-26 08:11,698,655360,786432,2,region3_8
2019-10-26 08:11,698,655360,786432,2,region3_8
2019-10-26 08:11,46550,0,131072,2,region3_0
2019-10-26 08:11,10703,0,262144,2,region3_0
2019-10-26 08:11,45714,0,655360,2,region3_0
2019-10-26 08:11,698,655360,786432,2,region3_8
2019-10-26 08:11,698,655360,786432,2,region3_8
2019-10-26 08:12,698,655360,786432,2,region3_8
2019-10-26 08:12,698,655360,786432,2,region3_8
2019-10-26 08:12,47404,0,1441792,2,region3_0
2019-10-26 08:12,47406,0,131072,2,region3_4
2019-10-26 08:12,47587,0,131072,2,region3_0
2019-10-26 08:12,698,655360,786432,2,region3_8
2019-10-26 08:12,47619,0,131072,2,region3_0
2019-10-26 08:12,47730,0,15335424,3,region3_4
2019-10-26 08:12,47746,0,131072,2,region3_0
2019-10-26 08:12,698,655360,786432,2,region3_8
2019-10-26 08:12,698,655360,786432,2,region3_8
2019-10-26 08:12,47856,0,131072,2,region3_0
2019-10-26 08:12,698,655360,786432,2,region3_8
2019-10-26 08:12,698,655360,786432,2,region3_8
2019-10-26 08:12,698,655360,786432,2,region3_8
2019-10-26 08:12,48191,0,8388608,3,region3_5
2019-10-26 08:12,698,655360,786432,2,region3_8
2019-10-26 08:12,698,655360,786432,2,region3_8
2019-10-26 08:12,48270,0,131072,2,region3_0
2019-10-26 08:12,48300,0,131072,2,region3_0
2019-10-26 08:12,698,655360,786432,2,region3_8
2019-10-26 08:12,48509,0,131072,2,region3_0
2019-10-26 08:12,698,655360,786432,2,region3_8
2019-10-26 08:12,48552,0,131072,2,region3_0
2019-10-26 08:12,48588,0,131072,2,region3_0
2019-10-26 08:12,698,655360,786432,2,region3_8
2019-10-26 08:12,48807,0,131072,2,region3_0
2019-10-26 08:12,698,655360,786432,2,region3_8
2019-10-26 08:12,698,655360,786432,2,region3_8
2019-10-26 08:12,698,655360,786432,2,region3_8
2019-10-26 08:12,47587,0,131072,2,region3_0
2019-10-26 08:12,698,655360,786432,2,region3_8
2019-10-26 08:12,49019,0,131072,2,region3_0
2019-10-26 08:12,698,655360,786432,2,region3_8
2019-10-26 08:12,49194,0,131072,2,region3_0
2019-10-26 08:12,49218,0,1441792,2,region3_0
2019-10-26 08:12,49262,1703936,524288,2,region3_4
2019-10-26 08:12,49262,4849664,786432,2,region3_4
2019-10-26 08:12,698,655360,786432,2,region3_8
2019-10-26 08:12,698,655360,786432,2,region3_8
2019-10-26 08:12,698,655360,786432,2,region3_8
2019-10-26 08:12,698,655360,786432,2,region3_8
2019-10-26 08:12,49632,0,131072,2,region3_0
2019-10-26 08:12,49636,0,8388608,5,region3_3
2019-10-26 08:12,698,655360,786432,2,region3_8
2019-10-26 08:12,49776,0,1441792,2,region3_0
2019-10-26 08:12,49782,0,131072,2,region3_0
2019-10-26 08:12,49844,0,131072,2,region3_0
2019-10-26 08:12,698,655360,786432,2,region3_8
2019-10-26 08:12,49885,0,131072,2,region3_0
2019-10-26 08:12,50222,0,131072,2,region3_0
2019-10-26 08:12,50272,0,262144,2,region3_0
2019-10-26 08:12,50327,0,131072,2,region3_0
2019-10-26 08:12,50385,0,131072,2,region3_0
2019-10-26 08:12,50514,0,8388608,2,region3_7
2019-10-26 08:12,698,655360,786432,2,region3_8
2019-10-26 08:12,698,655360,786432,2,region3_8
2019-10-26 08:12,698,655360,786432,2,region3_8
2019-10-26 08:12,51011,0,131072,2,region3_0
2019-10-26 08:12,698,655360,786432,2,region3_8
2019-10-26 08:12,698,655360,786432,2,region3_8
2019-10-26 08:12,698,655360,786432,2,region3_8
2019-10-26 08:12,51217,0,131072,2,region3_0
2019-10-26 08:12,698,655360,786432,2,region3_8
2019-10-26 08:12,51379,0,4194304,1,region3_3
2019-10-26 08:12,698,655360,786432,2,region3_8
2019-10-26 08:12,51379,4194304,4194304,1,region3_3
2019-10-26 08:12,51805,0,5505024,2,region3_0
2019-10-26 08:12,51805,5373952,3014656,2,region3_0
2019-10-26 08:12,51860,0,8388608,4,region3_1
2019-10-26 08:12,698,655360,786432,2,region3_8
2019-10-26 08:12,698,655360,786432,2,region3_8
2019-10-26 08:12,52102,0,131072,2,region3_0
2019-10-26 08:12,52134,0,262144,2,region3_0
2019-10-26 08:12,49262,0,7340032,2,region3_4
2019-10-26 08:12,52288,10485760,1572864,2,region3_4
2019-10-26 08:12,52398,0,262144,2,region3_0
2019-10-26 08:12,52406,0,131072,2,region3_0
2019-10-26 08:12,52449,0,262144,2,region3_0
2019-10-26 08:12,52453,0,262144,2,region3_0
2019-10-26 08:12,52630,0,131072,2,region3_0
2019-10-26 08:12,52679,0,131072,2,region3_0
2019-10-26 08:12,52885,0,8388608,4,region3_2
2019-10-26 08:12,52959,0,4718592,2,region3_4
2019-10-26 08:12,698,655360,786432,2,region3_8
2019-10-26 08:12,698,655360,786432,2,region3_8
2019-10-26 08:12,698,655360,786432,2,region3_8
2019-10-26 08:12,698,655360,786432,2,region3_8
2019-10-26 08:12,698,655360,786432,2,region3_8
2019-10-26 08:12,53467,0,131072,2,region3_0
2019-10-26 08:12,53535,0,655360,2,region3_0
2019-10-26 08:12,53587,0,8388608,4,region3_2
2019-10-26 08:12,53591,0,262144,2,region3_0
2019-10-26 08:12,698,655360,786432,2,region3_8
2019-10-26 08:12,53663,0,8388608,4,region3_1
2019-10-26 08:12,49885,0,131072,2,region3_0
2019-10-26 08:12,698,655360,786432,2,region3_8
2019-10-26 08:12,698,655360,786432,2,region3_8
2019-10-26 08:12,53916,0,131072,2,region3_0
2019-10-26 08:12,53960,0,1441792,2,region3_0
2019-10-26 08:12,54206,0,8388608,4,region3_1
2019-10-26 08:12,698,655360,786432,2,region3_8
2019-10-26 08:12,54522,0,131072,2,region3_0
2019-10-26 08:12,54566,0,131072,2,region3_0
2019-10-26 08:12,698,655360,786432,2,region3_8
2019-10-26 08:12,54719,0,7471104,2,region3_7
2019-10-26 08:12,54730,0,8388608,4,region3_2
2019-10-26 08:12,698,655360,786432,2,region3_8
2019-10-26 08:12,55171,0,131072,2,region3_0
2019-10-26 08:12,55311,0,131072,2,region3_0
2019-10-26 08:12,698,655360,786432,2,region3_8
2019-10-26 08:12,55439,0,262144,2,region3_0
2019-10-26 08:12,698,655360,786432,2,region3_8
2019-10-26 08:12,55680,0,8388608,3,region3_3
2019-10-26 08:12,698,655360,786432,2,region3_8
2019-10-26 08:12,698,655360,786432,2,region3_8
2019-10-26 08:12,698,655360,786432,2,region3_8
2019-10-26 08:12,55856,0,262144,2,region3_0
2019-10-26 08:12,2290,0,131072,2,region3_0
2019-10-26 08:12,698,655360,786432,2,region3_8
2019-10-26 08:12,56196,0,262144,2,region3_0
2019-10-26 08:12,1587,0,131072,2,region3_0
2019-10-26 08:12,56331,0,131072,2,region3_0
2019-10-26 08:12,53535,0,655360,2,region3_0
2019-10-26 08:12,698,655360,786432,2,region3_8
2019-10-26 08:12,56399,0,131072,2,region3_0
2019-10-26 08:12,8872,0,131072,2,region3_0
2019-10-26 08:12,56519,0,262144,2,region3_0
2019-10-26 08:12,56538,0,131072,2,region3_0
2019-10-26 08:12,56538,0,131072,2,region3_0
2019-10-26 08:12,56582,0,917504,2,region3_0
2019-10-26 08:12,56582,786432,1048576,2,region3_0
2019-10-26 08:12,56701,0,262144,2,region3_0
2019-10-26 08:12,57015,0,262144,2,region3_0
2019-10-26 08:12,28771,0,131072,2,region3_0
2019-10-26 08:12,57301,0,655360,2,region3_0
2019-10-26 08:12,57323,0,131072,2,region3_0
2019-10-26 08:12,57326,0,131072,2,region3_0
2019-10-26 08:12,698,655360,786432,2,region3_8
2019-10-26 08:12,57534,0,131072,2,region3_0
2019-10-26 08:12,57542,0,131072,2,region3_0
2019-10-26 08:13,57717,0,655360,2,region3_0
2019-10-26 08:13,57784,0,131072,2,region3_0
2019-10-26 08:13,57839,4194304,4980736,2,region3_4
2019-10-26 08:13,58013,0,131072,2,region3_0
2019-10-26 08:13,58128,0,131072,2,region3_0
2019-10-26 08:13,58149,0,262144,2,region3_0
2019-10-26 08:13,698,655360,786432,2,region3_8
2019-10-26 08:13,58184,0,131072,2,region3_0
2019-10-26 08:13,22410,0,131072,2,region3_0
2019-10-26 08:13,698,655360,786432,2,region3_8
2019-10-26 08:13,58336,0,131072,2,region3_0
2019-10-26 08:13,58629,0,262144,2,region3_0
2019-10-26 08:13,57839,0,4325376,2,region3_4
2019-10-26 08:13,58724,0,262144,2,region3_0
2019-10-26 08:13,38146,0,131072,2,region3_0
2019-10-26 08:13,58790,0,131072,2,region3_0
2019-10-26 08:13,698,655360,786432,2,region3_8
2019-10-26 08:13,59124,0,8388608,4,region3_1
2019-10-26 08:13,698,655360,786432,2,region3_8
2019-10-26 08:13,59285,0,262144,2,region3_0
2019-10-26 08:13,59293,0,262144,2,region3_0
2019-10-26 08:13,59465,0,393216,2,region3_0
2019-10-26 08:13,59629,0,131072,2,region3_0
2019-10-26 08:13,59681,0,131072,2,region3_0
2019-10-26 08:13,59719,0,8388608,3,region3_3
2019-10-26 08:13,59743,0,131072,2,region3_0
2019-10-26 08:13,698,655360,786432,2,region3_8
2019-10-26 08:13,57301,0,655360,2,region3_0
2019-10-26 08:13,698,655360,786432,2,region3_8
2019-10-26 08:13,59843,0,262144,2,region3_0
2019-10-26 08:13,59851,0,131072,2,region3_0
2019-10-26 08:13,698,655360,786432,2,region3_8
2019-10-26 08:13,59957,0,15335424,3,region3_4
2019-10-26 08:13,59966,0,131072,2,region3_0
2019-10-26 08:13,60090,0,393216,2,region3_0
2019-10-26 08:13,60239,0,131072,2,region3_0
2019-10-26 08:13,7085,0,262144,2,region3_0
2019-10-26 08:13,60488,0,262144,2,region3_0
2019-10-26 08:13,60500,0,131072,2,region3_0
2019-10-26 08:13,34432,0,131072,2,region3_0
2019-10-26 08:13,60714,0,655360,2,region3_0
2019-10-26 08:13,60777,0,8388608,5,region3_3
2019-10-26 08:13,698,655360,786432,2,region3_8
2019-10-26 08:13,60904,0,262144,2,region3_0
2019-10-26 08:13,32164,0,131072,2,region3_0
2019-10-26 08:13,34120,0,131072,2,region3_0
2019-10-26 08:13,16386,0,262144,2,region3_0
2019-10-26 08:13,60971,0,131072,2,region3_0
2019-10-26 08:13,60978,0,131072,2,region3_0
2019-10-26 08:13,61128,0,655360,2,region3_0
2019-10-26 08:13,61136,0,3014656,4,region3_1
2019-10-26 08:13,61317,0,262144,2,region3_0
2019-10-26 08:13,698,655360,786432,2,region3_8
2019-10-26 08:13,57717,0,655360,2,region3_0
2019-10-26 08:13,61403,0,131072,2,region3_0
2019-10-26 08:13,61440,0,8388608,3,region3_3
2019-10-26 08:13,61478,0,131072,2,region3_0
2019-10-26 08:13,61496,0,262144,2,region3_0
2019-10-26 08:13,16858,0,262144,2,region3_0
2019-10-26 08:13,30107,0,131072,2,region3_0
2019-10-26 08:13,61602,0,131072,4,region3_22
2019-10-26 08:13,698,655360,786432,2,region3_8
2019-10-26 08:13,61743,0,131072,2,region3_0
2019-10-26 08:13,698,655360,786432,2,region3_8
2019-10-26 08:13,61910,0,262144,2,region3_0
2019-10-26 08:13,61991,0,131072,2,region3_0
2019-10-26 08:13,62137,0,8388608,4,region3_6
2019-10-26 08:13,698,655360,786432,2,region3_8
2019-10-26 08:13,698,655360,786432,2,region3_8
2019-10-26 08:13,62519,0,262144,2,region3_0
2019-10-26 08:13,62534,0,262144,2,region3_0
2019-10-26 08:13,62690,0,131072,2,region3_0
2019-10-26 08:13,698,655360,786432,2,region3_8
2019-10-26 08:13,698,655360,786432,2,region3_8
2019-10-26 08:13,62939,0,7602176,2,region3_7
2019-10-26 08:13,62989,0,655360,2,region3_4
2019-10-26 08:13,63001,0,262144,2,region3_0
2019-10-26 08:13,698,655360,786432,2,region3_8
2019-10-26 08:13,63202,0,131072,4,region3_4
2019-10-26 08:13,698,655360,786432,2,region3_8
2019-10-26 08:13,63286,0,262144,2,region3_0
2019-10-26 08:13,698,655360,786432,2,region3_8
2019-10-26 08:13,63297,0,655360,2,region3_0
2019-10-26 08:13,63378,0,3932160,4,region3_1
2019-10-26 08:13,698,655360,786432,2,region3_8
2019-10-26 08:13,63528,0,655360,2,region3_0
2019-10-26 08:13,63546,0,131072,4,region3_22
2019-10-26 08:13,987,0,262144,2,region3_0
2019-10-26 08:13,63919,0,262144,2,region3_0
2019-10-26 08:13,60714,0,655360,2,region3_0
2019-10-26 08:13,64015,0,131072,2,region3_0
2019-10-26 08:13,698,655360,786432,2,region3_8
2019-10-26 08:13,64545,0,131072,2,region3_0
2019-10-26 08:13,64660,0,131072,2,region3_0
2019-10-26 08:13,64666,0,131072,2,region3_0
2019-10-26 08:13,64833,0,131072,2,region3_0
2019-10-26 08:13,38836,0,131072,2,region3_0
2019-10-26 08:13,8270,0,262144,2,region3_0
2019-10-26 08:13,65136,0,262144,2,region3_0
2019-10-26 08:13,65148,0,262144,2,region3_0
2019-10-26 08:13,65260,0,262144,2,region3_0
2019-10-26 08:13,65334,0,131072,2,region3_0
2019-10-26 08:13,65414,0,15466496,3,region3_4
2019-10-26 08:13,698,655360,786432,2,region3_8
2019-10-26 08:13,65594,0,6684672,2,region3_7
2019-10-26 08:13,4773,0,262144,2,region3_0
2019-10-26 08:13,65871,0,262144,2,region3_0
2019-10-26 08:13,9067,0,262144,2,region3_0
2019-10-26 08:13,66155,0,262144,2,region3_0
2019-10-26 08:13,66187,0,393216,2,region3_0
2019-10-26 08:13,66277,0,393216,2,region3_0
2019-10-26 08:13,66347,0,131072,2,region3_0
2019-10-26 08:13,61128,0,655360,2,region3_0
2019-10-26 08:13,2435,0,393216,2,region3_0
2019-10-26 08:13,66593,0,262144,2,region3_0
2019-10-26 08:13,66604,2490368,4325376,1,region3_4
2019-10-26 08:13,698,655360,786432,2,region3_8
2019-10-26 08:13,66725,0,262144,2,region3_0
2019-10-26 08:13,7556,0,262144,2,region3_0
2019-10-26 08:13,64666,0,131072,2,region3_0
2019-10-26 08:13,67008,0,131072,2,region3_0
2019-10-26 08:13,67008,0,131072,2,region3_0
2019-10-26 08:13,67088,0,131072,2,region3_0
2019-10-26 08:13,698,655360,786432,2,region3_8
2019-10-26 08:13,13175,0,262144,2,region3_0
2019-10-26 08:13,10604,0,262144,2,region3_0
2019-10-26 08:13,67313,0,131072,2,region3_0
2019-10-26 08:13,698,655360,786432,2,region3_8
2019-10-26 08:13,13771,0,262144,2,region3_0
2019-10-26 08:13,67557,7733248,524288,2,region3_4
2019-10-26 08:13,67813,0,262144,2,region3_0
2019-10-26 08:13,63528,0,655360,2,region3_0
2019-10-26 08:13,67851,0,1441792,2,region3_0
2019-10-26 08:13,63297,0,655360,2,region3_0
2019-10-26 08:13,67926,0,8388608,2,region3_0
2019-10-26 08:13,14600,0,262144,2,region3_0
2019-10-26 08:13,18616,0,262144,2,region3_0
2019-10-26 08:13,67926,0,8388608,2,region3_0
2019-10-26 08:13,68186,0,1441792,2,region3_0
2019-10-26 08:13,68205,0,131072,2,region3_0
2019-10-26 08:13,68217,0,131072,2,region3_0
2019-10-26 08:13,698,655360,786432,2,region3_8
2019-10-26 08:13,698,655360,786432,2,region3_8
2019-10-26 08:13,68365,0,1179648,2,region3_0
2019-10-26 08:13,68408,0,131072,2,region3_0
2019-10-26 08:13,698,655360,786432,2,region3_8
2019-10-26 08:13,68473,0,1835008,2,region3_0
2019-10-26 08:13,13827,0,393216,2,region3_0
2019-10-26 08:13,14080,0,393216,2,region3_0
2019-10-26 08:13,18512,0,393216,2,region3_0
2019-10-26 08:13,2839,0,262144,2,region3_0
2019-10-26 08:13,68712,0,131072,2,region3_0
2019-10-26 08:13,68755,0,131072,2,region3_0
2019-10-26 08:13,20657,0,262144,2,region3_0
2019-10-26 08:13,20024,0,262144,2,region3_0
2019-10-26 08:13,698,655360,786432,2,region3_8
2019-10-26 08:13,68963,0,7733248,4,region3_11
2019-10-26 08:13,698,655360,786432,2,region3_8
2019-10-26 08:13,698,655360,786432,2,region3_8
2019-10-26 08:13,69032,0,4325376,4,region3_2
2019-10-26 08:13,69047,0,131072,2,region3_0
2019-10-26 08:13,23690,0,393216,2,region3_0
2019-10-26 08:13,24743,0,262144,2,region3_0
2019-10-26 08:13,69287,0,131072,2,region3_0
2019-10-26 08:13,698,655360,786432,2,region3_8
2019-10-26 08:13,69378,0,131072,2,region3_0
2019-10-26 08:13,698,655360,786432,2,region3_8
2019-10-26 08:13,21051,0,393216,2,region3_0
2019-10-26 08:13,5653,0,262144,2,region3_0
2019-10-26 08:13,69580,0,131072,4,region3_1
2019-10-26 08:13,698,655360,786432,2,region3_8
2019-10-26 08:13,69644,0,4194304,1,region3_3
2019-10-26 08:13,20052,0,393216,2,region3_0
2019-10-26 08:13,69706,0,131072,2,region3_0
2019-10-26 08:13,69770,0,262144,2,region3_0
2019-10-26 08:13,19431,0,393216,2,region3_0
2019-10-26 08:13,10731,0,262144,2,region3_0
2019-10-26 08:14,23546,0,393216,2,region3_0
2019-10-26 08:14,698,655360,786432,2,region3_8
2019-10-26 08:14,69644,4194304,4194304,1,region3_3
2019-10-26 08:14,698,655360,786432,2,region3_8
2019-10-26 08:14,70179,0,131072,2,region3_0
2019-10-26 08:14,70191,0,131072,2,region3_0
2019-10-26 08:14,23869,0,393216,2,region3_0
2019-10-26 08:14,70526,0,131072,2,region3_26
2019-10-26 08:14,70625,0,131072,2,region3_0
2019-10-26 08:14,70683,0,131072,2,region3_0
2019-10-26 08:14,67813,0,262144,2,region3_0
2019-10-26 08:14,24550,0,393216,2,region3_0
2019-10-26 08:14,66725,0,262144,2,region3_0
2019-10-26 08:14,70854,0,131072,4,region3_1
2019-10-26 08:14,65871,0,262144,2,region3_0
2019-10-26 08:14,70979,0,131072,2,region3_0
2019-10-26 08:14,71241,0,8388608,4,region3_6
2019-10-26 08:14,698,655360,786432,2,region3_8
2019-10-26 08:14,71312,0,131072,2,region3_0
2019-10-26 08:14,71325,0,131072,2,region3_0
2019-10-26 08:14,13919,0,262144,2,region3_0
2019-10-26 08:14,698,655360,786432,2,region3_8
2019-10-26 08:14,71472,0,131072,2,region3_0
2019-10-26 08:14,66155,0,262144,2,region3_0
2019-10-26 08:14,65136,0,262144,2,region3_0
2019-10-26 08:14,28310,0,393216,2,region3_0
2019-10-26 08:14,22046,0,262144,2,region3_0
2019-10-26 08:14,71599,0,8388608,2,region3_7
2019-10-26 08:14,71626,0,131072,2,region3_0
2019-10-26 08:14,29963,0,393216,2,region3_0
2019-10-26 08:14,698,655360,786432,2,region3_8
2019-10-26 08:14,698,655360,786432,2,region3_8
2019-10-26 08:14,10434,0,262144,2,region3_0
2019-10-26 08:14,71820,0,131072,2,region3_0
2019-10-26 08:14,71851,0,131072,2,region3_0
2019-10-26 08:14,71960,0,8388608,4,region3_1
2019-10-26 08:14,68365,0,1179648,2,region3_0
2019-10-26 08:14,698,655360,786432,2,region3_8
2019-10-26 08:14,12528,0,262144,2,region3_0
2019-10-26 08:14,72135,0,8388608,2,region3_7
2019-10-26 08:14,2839,0,262144,2,region3_0
2019-10-26 08:14,66593,0,262144,2,region3_0
2019-10-26 08:14,27163,0,262144,2,region3_0
2019-10-26 08:14,72489,0,131072,2,region3_0
2019-10-26 08:14,72490,0,8388608,3,region3_3
2019-10-26 08:14,72515,0,8388608,3,region3_4
2019-10-26 08:14,72522,0,131072,2,region3_0
2019-10-26 08:14,72525,0,131072,4,region3_1
2019-10-26 08:14,698,655360,786432,2,region3_8
2019-10-26 08:14,72642,0,131072,2,region3_0
2019-10-26 08:14,72806,0,4194304,1,region3_3
2019-10-26 08:14,72847,0,131072,2,region3_0
2019-10-26 08:14,32292,0,262144,2,region3_0
2019-10-26 08:14,698,655360,786432,2,region3_8
2019-10-26 08:14,72806,4194304,4194304,1,region3_3
2019-10-26 08:14,698,655360,786432,2,region3_8
2019-10-26 08:14,14049,0,262144,2,region3_0
2019-10-26 08:14,14711,0,262144,2,region3_0
2019-10-26 08:14,12606,0,262144,2,region3_0
2019-10-26 08:14,698,655360,786432,2,region3_8
2019-10-26 08:14,698,655360,786432,2,region3_8
2019-10-26 08:14,73497,0,1835008,2,region3_0
2019-10-26 08:14,31166,0,262144,2,region3_0
2019-10-26 08:14,70979,0,131072,2,region3_0
2019-10-26 08:14,73832,0,131072,2,region3_0
2019-10-26 08:14,73861,0,131072,2,region3_0
2019-10-26 08:14,73907,0,131072,2,region3_0
2019-10-26 08:14,698,655360,786432,2,region3_8
2019-10-26 08:14,698,655360,786432,2,region3_8
2019-10-26 08:14,698,655360,786432,2,region3_8
2019-10-26 08:14,698,655360,786432,2,region3_8
2019-10-26 08:14,74290,0,131072,2,region3_0
2019-10-26 08:14,698,655360,786432,2,region3_8
2019-10-26 08:14,74354,0,655360,2,region3_4
2019-10-26 08:14,698,655360,786432,2,region3_8
2019-10-26 08:14,10731,0,262144,2,region3_0
2019-10-26 08:14,698,655360,786432,2,region3_8
2019-10-26 08:14,51805,0,5505024,2,region3_0
2019-10-26 08:14,51805,5373952,3014656,2,region3_0
2019-10-26 08:14,13919,0,262144,2,region3_0
2019-10-26 08:14,74684,0,131072,2,region3_0
2019-10-26 08:14,74686,0,131072,2,region3_0
2019-10-26 08:14,13795,0,262144,2,region3_0
2019-10-26 08:14,5653,0,262144,2,region3_0
2019-10-26 08:14,74762,0,131072,2,region3_0
2019-10-26 08:14,74793,0,131072,2,region3_0
2019-10-26 08:14,74852,0,131072,4,region3_1
2019-10-26 08:14,698,655360,786432,2,region3_8
2019-10-26 08:14,74930,0,3538944,1,region3_5
2019-10-26 08:14,74930,3407872,1572864,1,region3_5
2019-10-26 08:14,74949,0,131072,2,region3_0
2019-10-26 08:14,698,655360,786432,2,region3_8
2019-10-26 08:14,75035,0,8388608,2,region3_7
2019-10-26 08:14,698,655360,786432,2,region3_8
2019-10-26 08:14,75193,0,131072,2,region3_0
2019-10-26 08:14,75242,0,131072,2,region3_0
2019-10-26 08:14,75397,0,1441792,2,region3_0
2019-10-26 08:14,75471,0,8388608,2,region3_7
2019-10-26 08:14,698,655360,786432,2,region3_8
2019-10-26 08:14,75593,0,131072,2,region3_0
2019-10-26 08:14,75728,0,131072,2,region3_0
2019-10-26 08:14,698,655360,786432,2,region3_8
2019-10-26 08:14,1328,6946816,524288,2,region3_4
2019-10-26 08:14,76170,0,131072,2,region3_0
2019-10-26 08:14,2121,4194304,131072,2,region3_4
2019-10-26 08:14,2121,3801088,131072,2,region3_4
2019-10-26 08:14,2121,4194304,131072,2,region3_4
2019-10-26 08:14,76339,0,131072,2,region3_0
2019-10-26 08:14,76360,0,131072,2,region3_0
2019-10-26 08:14,76362,0,8388608,4,region3_2
2019-10-26 08:14,698,655360,786432,2,region3_8
2019-10-26 08:14,698,655360,786432,2,region3_8
2019-10-26 08:14,698,655360,786432,2,region3_8
2019-10-26 08:14,698,655360,786432,2,region3_8
2019-10-26 08:14,22046,0,262144,2,region3_0
2019-10-26 08:14,76662,0,131072,4,region3_1
2019-10-26 08:14,76744,0,1441792,2,region3_0
2019-10-26 08:14,76821,0,8388608,4,region3_2
2019-10-26 08:14,5440,5373952,131072,2,region3_4
2019-10-26 08:14,76841,0,131072,2,region3_0
2019-10-26 08:14,5440,4980736,131072,2,region3_4
2019-10-26 08:14,5440,5373952,131072,2,region3_4
2019-10-26 08:14,76865,0,131072,2,region3_0
2019-10-26 08:14,76889,0,131072,2,region3_0
2019-10-26 08:14,31166,0,262144,2,region3_0
2019-10-26 08:14,698,655360,786432,2,region3_8
2019-10-26 08:14,698,655360,786432,2,region3_8
2019-10-26 08:14,77121,0,131072,2,region3_0
2019-10-26 08:14,32292,0,262144,2,region3_0
2019-10-26 08:14,698,655360,786432,2,region3_8
2019-10-26 08:14,77303,0,131072,4,region3_1
2019-10-26 08:14,77356,0,131072,2,region3_0
2019-10-26 08:14,698,655360,786432,2,region3_8
2019-10-26 08:14,15898,0,262144,2,region3_0
2019-10-26 08:14,698,655360,786432,2,region3_8
2019-10-26 08:14,70179,0,131072,2,region3_0
2019-10-26 08:14,77626,0,7602176,2,region3_7
2019-10-26 08:15,698,655360,786432,2,region3_8
2019-10-26 08:15,27163,0,262144,2,region3_0
2019-10-26 08:15,77828,0,131072,2,region3_0
2019-10-26 08:15,77853,0,131072,2,region3_0
2019-10-26 08:15,77951,0,8388608,3,region3_4
2019-10-26 08:15,78060,0,131072,2,region3_0
2019-10-26 08:15,78110,0,1441792,2,region3_0
2019-10-26 08:15,78130,0,131072,2,region3_0
2019-10-26 08:15,698,655360,786432,2,region3_8
2019-10-26 08:15,698,655360,786432,2,region3_8
2019-10-26 08:15,78416,0,393216,4,region3_1
2019-10-26 08:15,78476,0,131072,2,region3_0
2019-10-26 08:15,698,655360,786432,2,region3_8
2019-10-26 08:15,78497,0,131072,2,region3_0
2019-10-26 08:15,78536,0,131072,2,region3_0
2019-10-26 08:15,698,655360,786432,2,region3_8
2019-10-26 08:15,698,655360,786432,2,region3_8
2019-10-26 08:15,78850,0,131072,4,region3_1
2019-10-26 08:15,698,655360,786432,2,region3_8
2019-10-26 08:15,698,655360,786432,2,region3_8
2019-10-26 08:15,698,655360,786432,2,region3_8
2019-10-26 08:15,698,655360,786432,2,region3_8
2019-10-26 08:15,72515,0,2097152,1,region3_4
2019-10-26 08:15,25968,0,262144,2,region3_0
2019-10-26 08:15,698,655360,786432,2,region3_8
2019-10-26 08:15,72515,2097152,2097152,1,region3_4
2019-10-26 08:15,698,655360,786432,2,region3_8
2019-10-26 08:15,79057,0,8388608,3,region3_5
2019-10-26 08:15,698,655360,786432,2,region3_8
2019-10-26 08:15,698,655360,786432,2,region3_8
2019-10-26 08:15,72515,4194304,2097152,1,region3_4
2019-10-26 08:15,72515,6291456,2097152,1,region3_4
2019-10-26 08:15,698,655360,786432,2,region3_8
2019-10-26 08:15,79366,0,1310720,4,region3_18
2019-10-26 08:15,79372,0,786432,4,region3_1
2019-10-26 08:15,79475,0,1835008,2,region3_0
2019-10-26 08:15,23289,0,131072,2,region3_0
2019-10-26 08:15,79592,0,8388608,3,region3_5
2019-10-26 08:15,79597,0,7471104,2,region3_1
2019-10-26 08:15,37947,0,131072,2,region3_0
2019-10-26 08:15,79775,0,8388608,3,region3_3
2019-10-26 08:15,79839,0,8388608,3,region3_5
2019-10-26 08:15,698,655360,786432,2,region3_8
2019-10-26 08:15,79887,0,131072,2,region3_0
2019-10-26 08:15,698,655360,786432,2,region3_8
2019-10-26 08:15,80063,0,9043968,3,region3_4
2019-10-26 08:15,17343,655360,1179648,2,region3_0
2019-10-26 08:15,80159,0,6291456,4,region3_27
2019-10-26 08:15,698,655360,786432,2,region3_8
2019-10-26 08:15,698,655360,786432,2,region3_8
2019-10-26 08:15,80281,0,1835008,2,region3_0
2019-10-26 08:15,80288,0,8388608,4,region3_13
2019-10-26 08:15,698,655360,786432,2,region3_8
2019-10-26 08:15,698,655360,786432,2,region3_8
2019-10-26 08:15,80397,0,131072,2,region3_0
2019-10-26 08:15,80459,0,131072,2,region3_0
2019-10-26 08:15,698,655360,786432,2,region3_8
2019-10-26 08:15,698,655360,786432,2,region3_8
2019-10-26 08:15,698,655360,786432,2,region3_8
2019-10-26 08:15,698,655360,786432,2,region3_8
2019-10-26 08:15,698,655360,786432,2,region3_8
2019-10-26 08:15,80845,0,8388608,4,region3_2
2019-10-26 08:15,698,655360,786432,2,region3_8
2019-10-26 08:15,39956,0,131072,2,region3_0
2019-10-26 08:15,698,655360,786432,2,region3_8
2019-10-26 08:15,698,655360,786432,2,region3_8
2019-10-26 08:15,80962,0,8388608,4,region3_13
2019-10-26 08:15,81120,0,8388608,3,region3_3
2019-10-26 08:15,698,655360,786432,2,region3_8
2019-10-26 08:15,34601,0,131072,2,region3_0
2019-10-26 08:15,698,655360,786432,2,region3_8
2019-10-26 08:15,698,655360,786432,2,region3_8
2019-10-26 08:15,698,655360,786432,2,region3_8
2019-10-26 08:15,81519,0,8388608,2,region3_7
2019-10-26 08:15,698,655360,786432,2,region3_8
2019-10-26 08:15,81794,0,8388608,2,region3_1
2019-10-26 08:16,81868,0,131072,4,region3_1
2019-10-26 08:16,698,655360,786432,2,region3_8
2019-10-26 08:16,81872,0,8388608,4,region3_2
2019-10-26 08:16,698,655360,786432,2,region3_8
2019-10-26 08:16,82302,0,8388608,4,region3_6
2019-10-26 08:16,65136,0,262144,2,region3_0
2019-10-26 08:16,82360,0,15728640,3,region3_4
2019-10-26 08:16,82461,0,6684672,2,region3_1
2019-10-26 08:16,37783,0,131072,2,region3_0
2019-10-26 08:16,82702,0,262144,2,region3_0
2019-10-26 08:16,65871,0,262144,2,region3_0
2019-10-26 08:16,71,0,262144,2,region3_0
2019-10-26 08:16,82932,0,262144,2,region3_0
2019-10-26 08:16,83099,0,8388608,4,region3_2
2019-10-26 08:16,83147,0,262144,2,region3_0
2019-10-26 08:16,66155,0,262144,2,region3_0
2019-10-26 08:16,66725,0,262144,2,region3_0
2019-10-26 08:16,67813,0,262144,2,region3_0
2019-10-26 08:16,83430,0,262144,2,region3_0
2019-10-26 08:16,698,655360,786432,2,region3_8
2019-10-26 08:16,83506,0,131072,2,region3_4
2019-10-26 08:16,2839,0,262144,2,region3_0
2019-10-26 08:16,698,655360,786432,2,region3_8
2019-10-26 08:16,66593,0,262144,2,region3_0
2019-10-26 08:16,698,655360,786432,2,region3_8
2019-10-26 08:16,3797,0,262144,2,region3_0
2019-10-26 08:16,4952,0,393216,2,region3_0
2019-10-26 08:16,698,655360,786432,2,region3_8
2019-10-26 08:16,84339,0,262144,4,region3_1
2019-10-26 08:16,57839,0,4325376,2,region3_0
2019-10-26 08:16,16054,0,262144,2,region3_0
2019-10-26 08:16,57839,4194304,4980736,2,region3_0
2019-10-26 08:16,9582,0,262144,2,region3_0
2019-10-26 08:16,84643,0,262144,2,region3_0
2019-10-26 08:16,84723,0,8257536,4,region3_6
2019-10-26 08:16,5653,0,262144,2,region3_0
2019-10-26 08:16,394,0,262144,2,region3_0
2019-10-26 08:16,10731,0,262144,2,region3_0
2019-10-26 08:16,409,0,262144,2,region3_0
2019-10-26 08:16,84972,0,131072,2,region3_23
2019-10-26 08:16,13919,0,262144,2,region3_0
2019-10-26 08:16,3772,0,262144,2,region3_0
2019-10-26 08:16,14978,0,262144,2,region3_0
2019-10-26 08:16,85098,0,131072,2,region3_23
2019-10-26 08:16,4261,0,262144,2,region3_0
2019-10-26 08:16,12256,0,262144,2,region3_0
2019-10-26 08:16,18702,0,262144,2,region3_0
2019-10-26 08:16,4348,0,262144,2,region3_0
2019-10-26 08:16,4771,0,262144,2,region3_0
2019-10-26 08:16,11192,0,262144,2,region3_0
2019-10-26 08:16,23058,0,262144,2,region3_0
2019-10-26 08:16,8526,0,262144,2,region3_0
2019-10-26 08:16,13246,0,262144,2,region3_0
2019-10-26 08:16,698,655360,786432,2,region3_8
2019-10-26 08:16,14410,0,262144,2,region3_0
2019-10-26 08:16,22046,0,262144,2,region3_0
2019-10-26 08:16,10513,0,262144,2,region3_0
2019-10-26 08:16,12284,0,262144,2,region3_0
2019-10-26 08:16,19120,0,262144,2,region3_0
2019-10-26 08:16,16450,0,262144,2,region3_0
2019-10-26 08:16,23476,0,262144,2,region3_0
2019-10-26 08:16,698,655360,786432,2,region3_8
2019-10-26 08:16,85457,0,8388608,3,region3_5
2019-10-26 08:16,31166,0,262144,2,region3_0
2019-10-26 08:16,27163,0,262144,2,region3_0
2019-10-26 08:16,24166,0,262144,2,region3_0
2019-10-26 08:16,85619,0,6815744,4,region3_1
2019-10-26 08:16,24964,0,262144,2,region3_0
2019-10-26 08:16,32292,0,262144,2,region3_0
2019-10-26 08:16,698,655360,786432,2,region3_8
2019-10-26 08:16,85742,0,14942208,3,region3_5
2019-10-26 08:16,85765,262144,7340032,2,region3_4
2019-10-26 08:16,698,655360,786432,2,region3_8
2019-10-26 08:16,85818,0,15073280,3,region3_5
2019-10-26 08:17,85895,0,131072,4,region3_1
2019-10-26 08:17,85916,0,131072,2,region3_4
2019-10-26 08:17,698,655360,786432,2,region3_8
2019-10-26 08:17,85986,0,131072,2,region3_4
2019-10-26 08:17,698,655360,786432,2,region3_8
2019-10-26 08:17,698,655360,786432,2,region3_8
2019-10-26 08:17,698,655360,786432,2,region3_8
2019-10-26 08:17,86244,0,1835008,2,region3_0
2019-10-26 08:17,698,655360,786432,2,region3_8
2019-10-26 08:17,698,655360,786432,2,region3_8
2019-10-26 08:17,698,655360,786432,2,region3_8
2019-10-26 08:17,698,655360,786432,2,region3_8
2019-10-26 08:17,86409,0,131072,2,region3_23
2019-10-26 08:17,86470,0,8388608,4,region3_11
2019-10-26 08:17,698,655360,786432,2,region3_8
2019-10-26 08:17,86642,0,262144,2,region3_0
2019-10-26 08:17,66604,6684672,4325376,1,region3_4
2019-10-26 08:17,86786,0,1835008,2,region3_0
2019-10-26 08:17,86956,0,131072,2,region3_23
2019-10-26 08:17,698,655360,786432,2,region3_8
2019-10-26 08:17,87083,0,262144,2,region3_0
2019-10-26 08:17,87099,0,262144,2,region3_0
2019-10-26 08:17,87101,0,917504,2,region3_0
2019-10-26 08:17,87101,786432,1048576,2,region3_0
2019-10-26 08:17,698,655360,786432,2,region3_8
2019-10-26 08:17,698,655360,786432,2,region3_8
2019-10-26 08:17,10351,0,262144,2,region3_0
2019-10-26 08:17,85765,0,393216,2,region3_4
2019-10-26 08:17,698,655360,786432,2,region3_8
2019-10-26 08:17,87404,0,262144,2,region3_0
2019-10-26 08:17,5063,0,262144,2,region3_0
2019-10-26 08:17,698,655360,786432,2,region3_8
2019-10-26 08:17,698,655360,786432,2,region3_8
2019-10-26 08:17,87584,0,8388608,4,region3_22
2019-10-26 08:17,87656,0,262144,2,region3_0
2019-10-26 08:17,698,655360,786432,2,region3_8
2019-10-26 08:17,87675,0,131072,2,region3_23
2019-10-26 08:17,9760,0,262144,2,region3_0
2019-10-26 08:17,698,655360,786432,2,region3_8
2019-10-26 08:17,86409,0,131072,2,region3_23
2019-10-26 08:17,87864,0,8388608,3,region3_3
2019-10-26 08:17,698,655360,786432,2,region3_8
2019-10-26 08:17,9955,0,262144,2,region3_0
2019-10-26 08:17,87986,0,5636096,4,region3_1
2019-10-26 08:17,14787,0,262144,2,region3_0
2019-10-26 08:17,698,655360,786432,2,region3_8
2019-10-26 08:17,698,655360,786432,2,region3_8
2019-10-26 08:17,88141,0,131072,2,region3_0
2019-10-26 08:17,698,655360,786432,2,region3_8
2019-10-26 08:17,88312,0,131072,2,region3_0
2019-10-26 08:17,22610,0,262144,2,region3_0
2019-10-26 08:17,88400,0,131072,2,region3_0
2019-10-26 08:17,21963,0,262144,2,region3_0
2019-10-26 08:17,88422,0,131072,2,region3_0
2019-10-26 08:17,698,655360,786432,2,region3_8
2019-10-26 08:17,88452,0,131072,2,region3_0
2019-10-26 08:17,698,655360,786432,2,region3_8
2019-10-26 08:17,698,655360,786432,2,region3_8
2019-10-26 08:17,31255,0,262144,2,region3_0
2019-10-26 08:17,28391,0,262144,2,region3_0
2019-10-26 08:17,88879,0,131072,4,region3_1
2019-10-26 08:17,88883,0,131072,2,region3_0
2019-10-26 08:17,698,655360,786432,2,region3_8
2019-10-26 08:17,34940,0,262144,2,region3_0
2019-10-26 08:17,88923,0,131072,2,region3_0
2019-10-26 08:17,33723,0,262144,2,region3_0
2019-10-26 08:17,88927,0,131072,2,region3_0
2019-10-26 08:17,89032,0,131072,2,region3_23
2019-10-26 08:17,89088,0,131072,4,region3_29
2019-10-26 08:17,19612,0,131072,2,region3_0
2019-10-26 08:17,698,655360,786432,2,region3_8
2019-10-26 08:17,698,655360,786432,2,region3_8
2019-10-26 08:17,89209,0,131072,2,region3_0
2019-10-26 08:17,698,655360,786432,2,region3_8
2019-10-26 08:17,698,655360,786432,2,region3_8
2019-10-26 08:17,30908,0,262144,2,region3_0
2019-10-26 08:17,698,655360,786432,2,region3_8
2019-10-26 08:17,698,655360,786432,2,region3_8
2019-10-26 08:17,698,655360,786432,2,region3_8
2019-10-26 08:17,698,655360,786432,2,region3_8
2019-10-26 08:17,2731,0,131072,2,region3_0
2019-10-26 08:17,89650,0,8388608,4,region3_0
2019-10-26 08:18,698,655360,786432,2,region3_8
2019-10-26 08:18,12428,0,131072,2,region3_0
2019-10-26 08:18,17584,0,131072,2,region3_0
2019-10-26 08:18,9539,0,131072,2,region3_0
2019-10-26 08:18,698,655360,786432,2,region3_8
2019-10-26 08:18,7687,0,131072,2,region3_0
2019-10-26 08:18,2247,0,131072,2,region3_0
2019-10-26 08:18,698,655360,786432,2,region3_8
2019-10-26 08:18,90030,0,15073280,3,region3_5
2019-10-26 08:18,26530,0,131072,2,region3_0
2019-10-26 08:18,698,655360,786432,2,region3_8
2019-10-26 08:18,698,655360,786432,2,region3_8
2019-10-26 08:18,698,655360,786432,2,region3_8
2019-10-26 08:18,90250,0,131072,2,region3_23
2019-10-26 08:18,698,655360,786432,2,region3_8
2019-10-26 08:18,90347,0,3538944,2,region3_0
2019-10-26 08:18,698,655360,786432,2,region3_8
2019-10-26 08:18,698,655360,786432,2,region3_8
2019-10-26 08:18,698,655360,786432,2,region3_8
2019-10-26 08:18,22823,0,131072,2,region3_0
2019-10-26 08:18,90498,0,7733248,2,region3_7
2019-10-26 08:18,698,655360,786432,2,region3_8
2019-10-26 08:18,698,655360,786432,2,region3_8
2019-10-26 08:18,698,655360,786432,2,region3_8
2019-10-26 08:18,698,655360,786432,2,region3_8
2019-10-26 08:18,698,655360,786432,2,region3_8
2019-10-26 08:18,698,655360,786432,2,region3_8
2019-10-26 08:18,698,655360,786432,2,region3_8
2019-10-26 08:18,698,655360,786432,2,region3_8
2019-10-26 08:18,698,655360,786432,2,region3_8
2019-10-26 08:18,698,655360,786432,2,region3_8
2019-10-26 08:18,20705,0,131072,2,region3_0
2019-10-26 08:18,90872,0,8388608,3,region3_3
2019-10-26 08:18,90987,0,2097152,4,region3_2
2019-10-26 08:18,698,655360,786432,2,region3_8
2019-10-26 08:18,698,655360,786432,2,region3_8
2019-10-26 08:18,698,655360,786432,2,region3_8
2019-10-26 08:18,698,655360,786432,2,region3_8
2019-10-26 08:18,91170,0,8388608,2,region3_0
2019-10-26 08:18,698,655360,786432,2,region3_8
2019-10-26 08:18,698,655360,786432,2,region3_8
2019-10-26 08:18,698,655360,786432,2,region3_8
2019-10-26 08:18,698,655360,786432,2,region3_8
2019-10-26 08:18,698,655360,786432,2,region3_8
2019-10-26 08:18,91540,0,393216,2,region3_0
2019-10-26 08:18,698,655360,786432,2,region3_8
2019-10-26 08:18,91706,0,8388608,4,region3_2
2019-10-26 08:18,698,655360,786432,2,region3_8
2019-10-26 08:18,698,655360,786432,2,region3_8
2019-10-26 08:18,92100,0,524288,4,region3_1
2019-10-26 08:18,92302,0,8388608,4,region3_1
2019-10-26 08:18,92433,0,262144,2,region3_0
2019-10-26 08:18,698,655360,786432,2,region3_8
2019-10-26 08:18,92499,0,262144,2,region3_0
2019-10-26 08:18,92595,0,393216,2,region3_0
2019-10-26 08:18,92670,0,7208960,2,region3_7
2019-10-26 08:18,92998,0,393216,2,region3_0
2019-10-26 08:18,93044,0,393216,2,region3_0
2019-10-26 08:18,93287,0,8388608,4,region3_2
2019-10-26 08:18,93303,0,524288,4,region3_1
2019-10-26 08:18,698,655360,786432,2,region3_8
2019-10-26 08:18,93459,0,14942208,3,region3_5
2019-10-26 08:18,93595,0,262144,2,region3_0
2019-10-26 08:18,93601,0,393216,2,region3_0
2019-10-26 08:18,93605,0,4325376,2,region3_7
2019-10-26 08:18,93647,0,655360,4,region3_1
2019-10-26 08:19,93724,0,655360,4,region3_1
2019-10-26 08:19,93605,4194304,4194304,2,region3_7
2019-10-26 08:19,5239,0,262144,2,region3_0
2019-10-26 08:19,93839,0,8388608,3,region3_4
2019-10-26 08:19,94052,0,262144,2,region3_0
2019-10-26 08:19,698,655360,786432,2,region3_8
2019-10-26 08:19,9631,0,262144,2,region3_0
2019-10-26 08:19,12095,0,262144,2,region3_0
2019-10-26 08:19,94366,0,8388608,4,region3_38
2019-10-26 08:19,12068,0,393216,2,region3_0
2019-10-26 08:19,12207,0,262144,2,region3_0
2019-10-26 08:19,698,655360,786432,2,region3_8
2019-10-26 08:19,15263,0,393216,2,region3_0
2019-10-26 08:19,17802,0,262144,2,region3_0
2019-10-26 08:19,13761,0,393216,2,region3_0
2019-10-26 08:19,94524,0,131072,4,region3_0
2019-10-26 08:19,698,655360,786432,2,region3_8
2019-10-26 08:19,698,655360,786432,2,region3_8
2019-10-26 08:19,16816,0,393216,2,region3_0
2019-10-26 08:19,28042,0,262144,2,region3_0
2019-10-26 08:19,94705,0,8388608,4,region3_1
2019-10-26 08:19,22002,0,393216,2,region3_0
2019-10-26 08:19,698,655360,786432,2,region3_8
2019-10-26 08:19,698,655360,786432,2,region3_8
2019-10-26 08:19,698,655360,786432,2,region3_8
2019-10-26 08:19,94852,0,1835008,4,region3_0
2019-10-26 08:19,32435,0,393216,2,region3_0
2019-10-26 08:19,94956,0,15597568,3,region3_4
2019-10-26 08:19,26046,0,262144,2,region3_0
2019-10-26 08:19,95037,0,8388608,4,region3_2
2019-10-26 08:19,698,655360,786432,2,region3_8
2019-10-26 08:19,39885,0,917504,2,region3_0
2019-10-26 08:19,39885,786432,1048576,2,region3_0
2019-10-26 08:19,34003,0,393216,2,region3_0
2019-10-26 08:19,95368,0,655360,4,region3_1
2019-10-26 08:19,95427,0,8388608,4,region3_1
2019-10-26 08:19,95501,0,5242880,4,region3_1
2019-10-26 08:19,39356,0,393216,2,region3_0
2019-10-26 08:19,698,655360,786432,2,region3_8
2019-10-26 08:19,698,655360,786432,2,region3_8
2019-10-26 08:19,95684,0,7471104,4,region3_1
2019-10-26 08:19,95689,0,8388608,4,region3_1
2019-10-26 08:19,698,655360,786432,2,region3_8
2019-10-26 08:19,95736,0,3145728,4,region3_17
2019-10-26 08:19,95781,0,5373952,4,region3_1
2019-10-26 08:19,95884,0,131072,4,region3_0
2019-10-26 08:19,95904,0,8388608,4,region3_1
2019-10-26 08:19,95972,0,7602176,2,region3_7
2019-10-26 08:19,96004,0,655360,4,region3_0
2019-10-26 08:19,698,655360,786432,2,region3_8
2019-10-26 08:19,96240,0,8388608,4,region3_9
2019-10-26 08:19,95972,7471104,917504,2,region3_7
2019-10-26 08:19,96393,0,8388608,4,region3_1
2019-10-26 08:19,698,655360,786432,2,region3_8
2019-10-26 08:19,96471,0,4456448,4,region3_12
2019-10-26 08:19,698,655360,786432,2,region3_8
2019-10-26 08:19,96691,0,3145728,4,region3_2
2019-10-26 08:19,698,655360,786432,2,region3_8
2019-10-26 08:19,698,655360,786432,2,region3_8
2019-10-26 08:19,96885,0,8388608,4,region3_1
2019-10-26 08:19,698,655360,786432,2,region3_8
2019-10-26 08:19,698,655360,786432,2,region3_8
2019-10-26 08:19,97033,0,14942208,3,region3_5
2019-10-26 08:19,698,655360,786432,2,region3_8
2019-10-26 08:20,698,655360,786432,2,region3_8
2019-10-26 08:20,97397,0,393216,4,region3_0
2019-10-26 08:20,698,655360,786432,2,region3_8
2019-10-26 08:20,97574,0,8388608,4,region3_1
2019-10-26 08:20,698,655360,786432,2,region3_8
2019-10-26 08:20,698,655360,786432,2,region3_8
2019-10-26 08:20,698,655360,786432,2,region3_8
2019-10-26 08:20,97812,0,262144,4,region3_0
2019-10-26 08:20,698,655360,786432,2,region3_8
2019-10-26 08:20,98003,0,131072,4,region3_0
2019-10-26 08:20,98052,0,393216,4,region3_0
2019-10-26 08:20,698,655360,786432,2,region3_8
2019-10-26 08:20,44583,0,1441792,2,region3_0
2019-10-26 08:20,698,655360,786432,2,region3_8
2019-10-26 08:20,98254,0,262144,4,region3_0
2019-10-26 08:20,698,655360,786432,2,region3_8
2019-10-26 08:20,698,655360,786432,2,region3_8
2019-10-26 08:20,698,655360,786432,2,region3_8
2019-10-26 08:20,698,655360,786432,2,region3_8
2019-10-26 08:20,698,655360,786432,2,region3_8
2019-10-26 08:20,98465,0,131072,4,region3_0
2019-10-26 08:20,698,655360,786432,2,region3_8
2019-10-26 08:20,98529,0,8388608,4,region3_1
2019-10-26 08:20,98557,0,3538944,4,region3_33
2019-10-26 08:20,98587,0,262144,4,region3_0
2019-10-26 08:20,698,655360,786432,2,region3_8
2019-10-26 08:20,98644,0,393216,4,region3_0
2019-10-26 08:20,698,655360,786432,2,region3_8
2019-10-26 08:20,98934,0,655360,2,region3_4
2019-10-26 08:20,98948,0,1441792,4,region3_0
2019-10-26 08:20,698,655360,786432,2,region3_8
2019-10-26 08:20,99063,0,8388608,2,region3_0
2019-10-26 08:20,698,655360,786432,2,region3_8
2019-10-26 08:20,698,655360,786432,2,region3_8
2019-10-26 08:20,698,655360,786432,2,region3_8
2019-10-26 08:20,99442,0,131072,4,region3_0
2019-10-26 08:20,698,655360,786432,2,region3_8
2019-10-26 08:20,99534,0,8388608,4,region3_41
2019-10-26 08:20,698,655360,786432,2,region3_8
2019-10-26 08:20,698,655360,786432,2,region3_8
2019-10-26 08:20,698,655360,786432,2,region3_8
2019-10-26 08:20,99686,0,15073280,3,region3_5
2019-10-26 08:20,698,655360,786432,2,region3_8
2019-10-26 08:20,698,655360,786432,2,region3_8
2019-10-26 08:20,698,655360,786432,2,region3_8
2019-10-26 08:20,99874,0,8388608,2,region3_1
2019-10-26 08:20,698,655360,786432,2,region3_8
2019-10-26 08:20,698,655360,786432,2,region3_8
2019-10-26 08:20,698,655360,786432,2,region3_8
2019-10-26 08:20,698,655360,786432,2,region3_8
2019-10-26 08:20,100262,0,131072,4,region3_0
2019-10-26 08:20,698,655360,786432,2,region3_8
2019-10-26 08:20,100425,0,8388608,2,region3_7
2019-10-26 08:20,100501,0,8388608,4,region3_1
2019-10-26 08:20,100536,0,131072,2,region3_4
2019-10-26 08:20,100662,0,8388608,4,region3_1
2019-10-26 08:20,698,655360,786432,2,region3_8
2019-10-26 08:20,80063,0,3014656,1,region3_4
2019-10-26 08:20,100751,0,131072,4,region3_0
2019-10-26 08:20,100773,0,3670016,4,region3_1
2019-10-26 08:20,100980,0,131072,4,region3_0
2019-10-26 08:20,698,655360,786432,2,region3_8
2019-10-26 08:20,101199,0,131072,4,region3_0
2019-10-26 08:20,101225,0,131072,4,region3_0
2019-10-26 08:20,698,655360,786432,2,region3_8
2019-10-26 08:20,698,655360,786432,2,region3_8
2019-10-26 08:20,698,655360,786432,2,region3_8
2019-10-26 08:20,101432,0,8388608,4,region3_1
2019-10-26 08:20,101588,0,131072,4,region3_1
2019-10-26 08:20,101652,0,8388608,4,region3_1
2019-10-26 08:20,698,655360,786432,2,region3_8
2019-10-26 08:20,80063,2883584,4325376,1,region3_4
2019-10-26 08:20,698,655360,786432,2,region3_8
2019-10-26 08:21,102080,0,131072,4,region3_0
2019-10-26 08:21,698,655360,786432,2,region3_8
2019-10-26 08:21,102139,0,6029312,4,region3_1
2019-10-26 08:21,66604,10878976,524288,1,region3_4
2019-10-26 08:21,102230,0,131072,2,region3_4
2019-10-26 08:21,698,655360,786432,2,region3_8
2019-10-26 08:21,698,655360,786432,2,region3_8
2019-10-26 08:21,698,655360,786432,2,region3_8
2019-10-26 08:21,102415,0,8388608,4,region3_1
2019-10-26 08:21,698,655360,786432,2,region3_8
2019-10-26 08:21,698,655360,786432,2,region3_8
2019-10-26 08:21,698,655360,786432,2,region3_8
2019-10-26 08:21,102664,0,1179648,4,region3_9
2019-10-26 08:21,102808,0,131072,4,region3_0
2019-10-26 08:21,102846,0,262144,4,region3_0
2019-10-26 08:21,102858,0,8388608,4,region3_1
2019-10-26 08:21,102876,0,8388608,4,region3_1
2019-10-26 08:21,698,655360,786432,2,region3_8
2019-10-26 08:21,102953,0,131072,4,region3_0
2019-10-26 08:21,103011,0,131072,4,region3_0
2019-10-26 08:21,103101,0,8388608,4,region3_41
2019-10-26 08:21,103110,0,131072,4,region3_0
2019-10-26 08:21,103210,0,6684672,4,region3_1
2019-10-26 08:21,103259,0,1179648,4,region3_9
2019-10-26 08:21,698,655360,786432,2,region3_8
2019-10-26 08:21,80063,7077888,1966080,1,region3_4
2019-10-26 08:21,103341,0,262144,4,region3_1
2019-10-26 08:21,103506,0,6946816,5,region3_3
2019-10-26 08:21,698,655360,786432,2,region3_8
2019-10-26 08:21,103821,0,7340032,2,region3_7
2019-10-26 08:21,103915,0,655360,4,region3_0
2019-10-26 08:21,698,655360,786432,2,region3_8
2019-10-26 08:21,103968,0,8388608,4,region3_1
2019-10-26 08:21,104046,0,8388608,4,region3_1
2019-10-26 08:21,104088,0,6160384,4,region3_1
2019-10-26 08:21,104171,0,262144,4,region3_0
2019-10-26 08:21,104384,0,8388608,4,region3_1
2019-10-26 08:21,104395,786432,786432,2,region3_4
2019-10-26 08:21,104395,2621440,786432,2,region3_4
2019-10-26 08:21,67088,0,131072,2,region3_0
2019-10-26 08:21,104435,0,8388608,4,region3_1
2019-10-26 08:21,698,655360,786432,2,region3_8
2019-10-26 08:21,698,655360,786432,2,region3_8
2019-10-26 08:21,104779,0,131072,4,region3_0
2019-10-26 08:21,68217,0,131072,2,region3_0
2019-10-26 08:21,698,655360,786432,2,region3_8
2019-10-26 08:21,698,655360,786432,2,region3_8
2019-10-26 08:21,698,655360,786432,2,region3_8
2019-10-26 08:21,698,655360,786432,2,region3_8
2019-10-26 08:21,68205,0,131072,2,region3_0
2019-10-26 08:21,698,655360,786432,2,region3_8
2019-10-26 08:21,698,655360,786432,2,region3_8
2019-10-26 08:21,69378,0,131072,2,region3_0
2019-10-26 08:21,105056,0,131072,4,region3_1
2019-10-26 08:21,69770,0,262144,2,region3_0
2019-10-26 08:21,105157,0,786432,2,region3_4
2019-10-26 08:21,105198,0,8388608,4,region3_41
2019-10-26 08:21,105224,0,8388608,4,region3_1
2019-10-26 08:21,69287,0,131072,2,region3_0
2019-10-26 08:21,105324,0,131072,4,region3_0
2019-10-26 08:21,105341,0,8388608,4,region3_41
2019-10-26 08:21,698,655360,786432,2,region3_8
2019-10-26 08:21,698,655360,786432,2,region3_8
2019-10-26 08:21,698,655360,786432,2,region3_8
2019-10-26 08:21,105500,0,2097152,4,region3_17
2019-10-26 08:21,105530,0,8388608,4,region3_2
2019-10-26 08:21,105639,0,1966080,4,region3_41
2019-10-26 08:21,105736,0,8388608,4,region3_2
2019-10-26 08:21,71325,0,131072,2,region3_0
2019-10-26 08:21,105768,0,6291456,4,region3_1
2019-10-26 08:21,70625,0,131072,2,region3_0
2019-10-26 08:21,71472,0,131072,2,region3_0
2019-10-26 08:21,105852,0,8388608,4,region3_1
2019-10-26 08:21,105956,0,131072,4,region3_0
2019-10-26 08:21,698,655360,786432,2,region3_8
2019-10-26 08:21,106008,0,1441792,2,region3_0
2019-10-26 08:21,70683,0,131072,2,region3_0
2019-10-26 08:21,72642,0,131072,2,region3_0
2019-10-26 08:21,698,655360,786432,2,region3_8
2019-10-26 08:21,106137,0,393216,4,region3_1
2019-10-26 08:21,698,655360,786432,2,region3_8
2019-10-26 08:21,72847,0,131072,2,region3_0
2019-10-26 08:21,70191,0,131072,2,region3_0
2019-10-26 08:21,698,655360,786432,2,region3_8
2019-10-26 08:22,106346,0,6160384,4,region3_1
2019-10-26 08:22,698,655360,786432,2,region3_8
2019-10-26 08:22,74762,0,131072,2,region3_0
2019-10-26 08:22,72522,0,131072,2,region3_0
2019-10-26 08:22,698,655360,786432,2,region3_8
2019-10-26 08:22,106525,0,655360,4,region3_1
2019-10-26 08:22,71820,0,131072,2,region3_0
2019-10-26 08:22,106597,0,655360,4,region3_1
2019-10-26 08:22,106611,0,1310720,4,region3_1
2019-10-26 08:22,698,655360,786432,2,region3_8
2019-10-26 08:22,698,655360,786432,2,region3_8
2019-10-26 08:22,698,655360,786432,2,region3_8
2019-10-26 08:22,74290,0,131072,2,region3_0
2019-10-26 08:22,106906,0,8388608,5,region3_3
2019-10-26 08:22,73861,0,131072,2,region3_0
2019-10-26 08:22,698,655360,786432,2,region3_8
2019-10-26 08:22,698,655360,786432,2,region3_8
2019-10-26 08:22,107205,0,655360,4,region3_1
2019-10-26 08:22,107216,0,6684672,4,region3_1
2019-10-26 08:22,107306,0,262144,4,region3_0
2019-10-26 08:22,698,655360,786432,2,region3_8
2019-10-26 08:22,698,655360,786432,2,region3_8
2019-10-26 08:22,698,655360,786432,2,region3_8
2019-10-26 08:22,698,655360,786432,2,region3_8
2019-10-26 08:22,698,655360,786432,2,region3_8
2019-10-26 08:22,698,655360,786432,2,region3_8
2019-10-26 08:22,698,655360,786432,2,region3_8
2019-10-26 08:22,698,655360,786432,2,region3_8
2019-10-26 08:22,60090,0,393216,2,region3_0
2019-10-26 08:22,698,655360,786432,2,region3_8
2019-10-26 08:22,698,655360,786432,2,region3_8
2019-10-26 08:22,698,655360,786432,2,region3_8
2019-10-26 08:22,59465,0,393216,2,region3_0
2019-10-26 08:22,108008,0,1441792,2,region3_0
2019-10-26 08:22,698,655360,786432,2,region3_8
2019-10-26 08:22,47404,0,1441792,2,region3_0
2019-10-26 08:22,698,655360,786432,2,region3_8
2019-10-26 08:22,698,655360,786432,2,region3_8
2019-10-26 08:22,108087,0,8388608,4,region3_1
2019-10-26 08:22,698,655360,786432,2,region3_8
2019-10-26 08:22,108120,0,131072,4,region3_0
2019-10-26 08:22,698,655360,786432,2,region3_8
2019-10-26 08:22,698,655360,786432,2,region3_8
2019-10-26 08:22,698,655360,786432,2,region3_8
2019-10-26 08:22,698,655360,786432,2,region3_8
2019-10-26 08:22,698,655360,786432,2,region3_8
2019-10-26 08:22,108468,0,131072,4,region3_1
2019-10-26 08:22,66187,0,393216,2,region3_0
2019-10-26 08:22,108496,0,8388608,2,region3_7
2019-10-26 08:22,698,655360,786432,2,region3_8
2019-10-26 08:22,698,655360,786432,2,region3_8
2019-10-26 08:22,698,655360,786432,2,region3_8
2019-10-26 08:22,698,655360,786432,2,region3_8
2019-10-26 08:22,108669,0,8388608,4,region3_1
2019-10-26 08:22,108690,0,524288,4,region3_2
2019-10-26 08:22,108736,0,262144,2,region3_0
2019-10-26 08:22,49776,0,1441792,2,region3_0
2019-10-26 08:22,108900,0,131072,4,region3_1
2019-10-26 08:22,108954,0,262144,2,region3_0
2019-10-26 08:22,74686,0,131072,2,region3_0
2019-10-26 08:22,109029,0,2228224,4,region3_17
2019-10-26 08:22,698,655360,786432,2,region3_8
2019-10-26 08:22,109290,0,131072,2,region3_0
2019-10-26 08:22,75193,0,131072,2,region3_0
2019-10-26 08:22,74684,0,131072,2,region3_0
2019-10-26 08:22,698,655360,786432,2,region3_8
2019-10-26 08:22,109627,0,8388608,4,region3_1
2019-10-26 08:22,698,655360,786432,2,region3_8
2019-10-26 08:22,109917,0,262144,2,region3_0
2019-10-26 08:22,698,655360,786432,2,region3_8
2019-10-26 08:22,53960,0,1441792,2,region3_0
2019-10-26 08:22,698,655360,786432,2,region3_8
2019-10-26 08:22,75242,0,131072,2,region3_0
2019-10-26 08:22,698,655360,786432,2,region3_8
2019-10-26 08:22,698,655360,786432,2,region3_8
2019-10-26 08:22,110445,0,131072,2,region3_0
2019-10-26 08:22,74949,0,131072,2,region3_0
2019-10-26 08:22,110486,0,131072,2,region3_0
2019-10-26 08:22,75593,0,131072,2,region3_0
2019-10-26 08:22,698,655360,786432,2,region3_8
2019-10-26 08:22,66277,0,393216,2,region3_0
2019-10-26 08:22,110803,0,262144,2,region3_0
2019-10-26 08:22,110833,0,262144,2,region3_0
2019-10-26 08:22,110893,0,262144,2,region3_0
2019-10-26 08:22,31826,0,6553600,2,region3_7
2019-10-26 08:22,111114,0,131072,2,region3_0
2019-10-26 08:22,111161,0,262144,2,region3_0
2019-10-26 08:23,2435,0,393216,2,region3_0
2019-10-26 08:23,111225,0,1966080,2,region3_1
2019-10-26 08:23,111275,0,131072,2,region3_0
2019-10-26 08:23,111363,0,262144,2,region3_0
2019-10-26 08:23,111542,0,131072,2,region3_0
2019-10-26 08:23,698,655360,786432,2,region3_8
2019-10-26 08:23,111794,0,131072,2,region3_0
2019-10-26 08:23,111905,0,655360,4,region3_0
2019-10-26 08:23,76865,0,131072,2,region3_0
2019-10-26 08:23,698,655360,786432,2,region3_8
2019-10-26 08:23,109290,0,131072,2,region3_0
2019-10-26 08:23,112271,0,6684672,4,region3_1
2019-10-26 08:23,112321,0,131072,2,region3_0
2019-10-26 08:23,112397,0,131072,2,region3_0
2019-10-26 08:23,76339,0,131072,2,region3_0
2019-10-26 08:23,112765,0,131072,2,region3_0
2019-10-26 08:23,112817,0,131072,2,region3_0
2019-10-26 08:23,112861,0,393216,2,region3_0
2019-10-26 08:23,112871,0,131072,2,region3_0
2019-10-26 08:23,3799,0,262144,2,region3_0
2019-10-26 08:23,112899,0,8388608,4,region3_2
2019-10-26 08:23,112941,0,6553600,4,region3_1
2019-10-26 08:23,113426,0,393216,2,region3_0
2019-10-26 08:23,76170,0,131072,2,region3_0
2019-10-26 08:23,698,655360,786432,2,region3_8
2019-10-26 08:23,113504,0,393216,2,region3_0
2019-10-26 08:23,113583,0,131072,2,region3_0
2019-10-26 08:23,113593,0,131072,2,region3_0
2019-10-26 08:23,698,655360,786432,2,region3_8
2019-10-26 08:23,113717,0,131072,2,region3_0
2019-10-26 08:23,2115,0,262144,2,region3_0
2019-10-26 08:23,113750,0,1966080,2,region3_1
2019-10-26 08:23,113851,0,8388608,4,region3_1
2019-10-26 08:23,114091,0,1441792,2,region3_0
2019-10-26 08:23,698,655360,786432,2,region3_8
2019-10-26 08:23,6265,0,262144,2,region3_0
2019-10-26 08:23,114214,0,131072,2,region3_0
2019-10-26 08:23,114316,0,131072,2,region3_0
2019-10-26 08:23,78060,0,131072,2,region3_0
2019-10-26 08:23,7562,0,262144,2,region3_0
2019-10-26 08:23,698,655360,786432,2,region3_8
2019-10-26 08:23,114649,0,131072,2,region3_0
2019-10-26 08:23,114668,0,262144,2,region3_0
2019-10-26 08:23,698,655360,786432,2,region3_8
2019-10-26 08:23,114674,0,6684672,4,region3_1
2019-10-26 08:23,114829,0,8388608,4,region3_1
2019-10-26 08:23,20052,0,393216,2,region3_0
2019-10-26 08:23,82702,0,262144,2,region3_0
2019-10-26 08:23,77828,0,131072,2,region3_0
2019-10-26 08:23,114995,0,131072,2,region3_0
2019-10-26 08:23,698,655360,786432,2,region3_8
2019-10-26 08:23,698,655360,786432,2,region3_8
2019-10-26 08:23,698,655360,786432,2,region3_8
2019-10-26 08:23,76889,0,131072,2,region3_0
2019-10-26 08:23,77853,0,131072,2,region3_0
2019-10-26 08:23,115736,0,262144,2,region3_0
2019-10-26 08:23,698,655360,786432,2,region3_8
2019-10-26 08:23,115840,0,131072,2,region3_0
2019-10-26 08:23,115902,0,131072,2,region3_0
2019-10-26 08:23,113593,0,131072,2,region3_0
2019-10-26 08:23,115950,0,393216,2,region3_0
2019-10-26 08:23,116011,0,131072,2,region3_0
2019-10-26 08:23,115902,0,131072,2,region3_0
2019-10-26 08:23,14080,0,393216,2,region3_0
2019-10-26 08:23,116234,0,131072,2,region3_0
2019-10-26 08:23,82932,0,262144,2,region3_0
2019-10-26 08:23,116384,0,9043968,4,region3_4
2019-10-26 08:23,116402,0,8388608,4,region3_1
2019-10-26 08:23,116431,0,131072,2,region3_0
2019-10-26 08:23,698,655360,786432,2,region3_8
2019-10-26 08:23,116622,0,131072,2,region3_0
2019-10-26 08:23,116625,0,262144,2,region3_0
2019-10-26 08:23,113717,0,131072,2,region3_0
2019-10-26 08:23,77121,0,131072,2,region3_0
2019-10-26 08:23,117074,0,262144,2,region3_0
2019-10-26 08:23,117243,0,131072,2,region3_0
2019-10-26 08:23,114214,0,131072,2,region3_0
2019-10-26 08:23,117277,0,262144,2,region3_0
2019-10-26 08:23,3797,0,262144,2,region3_0
2019-10-26 08:23,13827,0,393216,2,region3_0
2019-10-26 08:23,21051,0,393216,2,region3_0
2019-10-26 08:23,117648,0,8388608,4,region3_1
2019-10-26 08:23,117676,0,131072,2,region3_0
2019-10-26 08:23,117743,0,131072,2,region3_0
2019-10-26 08:23,117861,0,262144,2,region3_0
2019-10-26 08:23,118166,0,131072,2,region3_0
2019-10-26 08:23,698,655360,786432,2,region3_8
2019-10-26 08:23,78476,0,131072,2,region3_0
2019-10-26 08:23,5510,0,262144,2,region3_0
2019-10-26 08:23,114995,0,131072,2,region3_0
2019-10-26 08:23,23690,0,393216,2,region3_0
2019-10-26 08:23,118538,0,262144,2,region3_0
2019-10-26 08:23,118727,0,393216,2,region3_0
2019-10-26 08:23,118800,0,131072,2,region3_0
2019-10-26 08:23,77356,0,131072,2,region3_0
2019-10-26 08:23,119100,0,131072,2,region3_0
2019-10-26 08:23,119128,0,131072,2,region3_0
2019-10-26 08:23,698,655360,786432,2,region3_8
2019-10-26 08:23,18512,0,393216,2,region3_0
2019-10-26 08:23,78497,0,131072,2,region3_0
2019-10-26 08:23,4952,0,393216,2,region3_0
2019-10-26 08:23,119710,0,8388608,3,region3_5
2019-10-26 08:23,119798,0,131072,4,region3_1
2019-10-26 08:23,119830,0,262144,2,region3_0
2019-10-26 08:23,120161,0,131072,4,region3_1
2019-10-26 08:23,115840,0,131072,2,region3_0
2019-10-26 08:23,116234,0,131072,2,region3_0
2019-10-26 08:23,120265,0,131072,2,region3_0
2019-10-26 08:23,120273,0,131072,2,region3_0
2019-10-26 08:23,698,655360,786432,2,region3_8
2019-10-26 08:23,19431,0,393216,2,region3_0
2019-10-26 08:23,10937,0,131072,2,region3_0
2019-10-26 08:23,120759,0,131072,2,region3_0
2019-10-26 08:23,120902,0,393216,2,region3_0
2019-10-26 08:23,698,655360,786432,2,region3_8
2019-10-26 08:23,78130,0,131072,2,region3_0
2019-10-26 08:23,698,655360,786432,2,region3_8
2019-10-26 08:23,698,655360,786432,2,region3_8
2019-10-26 08:23,698,655360,786432,2,region3_8
2019-10-26 08:23,314,0,131072,2,region3_0
2019-10-26 08:23,698,655360,786432,2,region3_8
2019-10-26 08:23,23546,0,393216,2,region3_0
2019-10-26 08:23,121453,0,262144,2,region3_0
2019-10-26 08:23,121522,0,131072,2,region3_0
2019-10-26 08:23,121571,0,262144,2,region3_0
2019-10-26 08:23,121610,0,393216,2,region3_0
2019-10-26 08:23,13246,0,262144,2,region3_0
2019-10-26 08:23,698,655360,786432,2,region3_8
2019-10-26 08:23,698,655360,786432,2,region3_8
2019-10-26 08:23,78536,0,131072,2,region3_0
2019-10-26 08:23,122059,0,393216,2,region3_0
2019-10-26 08:23,12597,0,262144,2,region3_0
2019-10-26 08:23,698,655360,786432,2,region3_8
2019-10-26 08:23,22889,0,262144,2,region3_0
2019-10-26 08:23,122350,0,262144,2,region3_0
2019-10-26 08:23,16054,0,262144,2,region3_0
2019-10-26 08:23,14978,0,262144,2,region3_0
2019-10-26 08:23,122513,0,131072,2,region3_0
2019-10-26 08:23,122549,0,131072,2,region3_0
2019-10-26 08:23,122562,0,262144,2,region3_0
2019-10-26 08:23,122740,0,131072,2,region3_0
2019-10-26 08:23,67851,0,1441792,2,region3_0
2019-10-26 08:23,122917,0,131072,2,region3_0
2019-10-26 08:23,122984,0,131072,2,region3_0
2019-10-26 08:23,675,0,393216,2,region3_0
2019-10-26 08:23,123016,0,262144,2,region3_0
2019-10-26 08:23,698,655360,786432,2,region3_8
2019-10-26 08:23,123327,0,5373952,4,region3_1
2019-10-26 08:23,394,0,262144,2,region3_0
2019-10-26 08:23,120265,0,131072,2,region3_0
2019-10-26 08:23,123381,0,131072,2,region3_0
2019-10-26 08:23,80397,0,131072,2,region3_0
2019-10-26 08:23,123699,0,6553600,4,region3_1
2019-10-26 08:23,68186,0,1441792,2,region3_0
2019-10-26 08:23,124062,0,131072,2,region3_0
2019-10-26 08:23,112397,0,131072,2,region3_0
2019-10-26 08:23,124169,0,262144,2,region3_0
2019-10-26 08:23,124236,0,655360,2,region3_0
2019-10-26 08:23,23869,0,393216,2,region3_0
2019-10-26 08:23,22579,0,262144,2,region3_0
2019-10-26 08:23,112871,0,131072,2,region3_0
2019-10-26 08:23,124396,0,131072,2,region3_0
2019-10-26 08:23,120759,0,131072,2,region3_0
2019-10-26 08:23,120273,0,131072,2,region3_0
2019-10-26 08:23,124655,0,131072,2,region3_0
2019-10-26 08:23,124709,0,131072,2,region3_0
2019-10-26 08:23,28310,0,393216,2,region3_0
2019-10-26 08:23,124826,0,131072,2,region3_0
2019-10-26 08:23,124829,0,131072,2,region3_0
2019-10-26 08:23,124906,0,786432,2,region3_0
2019-10-26 08:23,24550,0,393216,2,region3_0
2019-10-26 08:23,125001,0,131072,2,region3_0
2019-10-26 08:23,11192,0,262144,2,region3_0
2019-10-26 08:23,79887,0,131072,2,region3_0
2019-10-26 08:23,125321,0,131072,2,region3_0
2019-10-26 08:23,698,655360,786432,2,region3_8
2019-10-26 08:23,125511,0,131072,2,region3_0
2019-10-26 08:23,125583,0,131072,4,region3_2
2019-10-26 08:23,125707,0,1441792,2,region3_0
2019-10-26 08:23,698,655360,786432,2,region3_8
2019-10-26 08:23,698,655360,786432,2,region3_8
2019-10-26 08:23,698,655360,786432,2,region3_8
2019-10-26 08:23,125847,0,131072,2,region3_0
2019-10-26 08:23,698,655360,786432,2,region3_8
2019-10-26 08:23,125895,0,131072,2,region3_0
2019-10-26 08:23,125908,0,131072,2,region3_0
2019-10-26 08:23,8526,0,262144,2,region3_0
2019-10-26 08:23,15713,0,393216,2,region3_0
2019-10-26 08:23,125985,0,131072,2,region3_0
2019-10-26 08:23,123381,0,131072,2,region3_0
2019-10-26 08:23,126044,0,131072,2,region3_0
2019-10-26 08:23,112765,0,131072,2,region3_0
2019-10-26 08:23,10513,0,262144,2,region3_0
2019-10-26 08:23,698,655360,786432,2,region3_8
2019-10-26 08:23,19120,0,262144,2,region3_0
2019-10-26 08:23,126386,0,262144,2,region3_0
2019-10-26 08:23,126433,0,655360,2,region3_0
2019-10-26 08:23,126497,0,655360,4,region3_0
2019-10-26 08:23,126507,0,262144,2,region3_0
2019-10-26 08:23,126552,0,262144,2,region3_0
2019-10-26 08:23,126599,0,262144,2,region3_0
2019-10-26 08:23,126694,0,262144,2,region3_0
2019-10-26 08:23,80459,0,131072,2,region3_0
2019-10-26 08:23,4348,0,262144,2,region3_0
2019-10-26 08:23,4771,0,262144,2,region3_0
2019-10-26 08:23,12284,0,262144,2,region3_0
2019-10-26 08:23,126963,0,393216,2,region3_0
2019-10-26 08:23,698,655360,786432,2,region3_8
2019-10-26 08:23,127156,0,131072,2,region3_0
2019-10-26 08:23,127199,0,655360,2,region3_0
2019-10-26 08:23,127204,0,131072,2,region3_0
2019-10-26 08:23,127223,0,262144,2,region3_0
2019-10-26 08:23,127274,0,262144,2,region3_0
2019-10-26 08:23,127394,0,262144,2,region3_0
2019-10-26 08:23,16450,0,262144,2,region3_0
2019-10-26 08:23,124829,0,131072,2,region3_0
2019-10-26 08:23,127542,0,262144,2,region3_0
2019-10-26 08:23,127598,0,655360,2,region3_0
2019-10-26 08:23,113583,0,131072,2,region3_0
2019-10-26 08:23,127791,0,262144,2,region3_0
2019-10-26 08:23,39274,0,131072,2,region3_0
2019-10-26 08:23,127858,0,524288,2,region3_0
2019-10-26 08:23,125847,0,131072,2,region3_0
2019-10-26 08:23,127964,0,262144,2,region3_0
2019-10-26 08:23,127204,0,131072,2,region3_0
2019-10-26 08:23,128022,0,131072,2,region3_0
2019-10-26 08:23,38058,0,131072,2,region3_0
2019-10-26 08:23,128062,0,8388608,4,region3_1
2019-10-26 08:23,128427,0,655360,4,region3_0
2019-10-26 08:23,128454,0,8388608,4,region3_1
2019-10-26 08:23,698,655360,786432,2,region3_8
2019-10-26 08:23,117277,0,262144,2,region3_0
2019-10-26 08:23,22577,0,393216,2,region3_0
2019-10-26 08:23,128614,0,5636096,4,region3_1
2019-10-26 08:23,698,655360,786432,2,region3_8
2019-10-26 08:23,128644,0,131072,2,region3_0
2019-10-26 08:23,698,655360,786432,2,region3_8
2019-10-26 08:23,128692,0,655360,2,region3_0
2019-10-26 08:23,124709,0,131072,2,region3_0
2019-10-26 08:24,128963,0,262144,2,region3_0
2019-10-26 08:24,129081,0,262144,2,region3_0
2019-10-26 08:24,129156,0,393216,2,region3_0
2019-10-26 08:24,115736,0,262144,2,region3_0
2019-10-26 08:24,129295,0,786432,2,region3_0
2019-10-26 08:24,698,655360,786432,2,region3_8
2019-10-26 08:24,698,655360,786432,2,region3_8
2019-10-26 08:24,114668,0,262144,2,region3_0
2019-10-26 08:24,116622,0,131072,2,region3_0
2019-10-26 08:24,117743,0,131072,2,region3_0
2019-10-26 08:24,129891,0,262144,2,region3_0
2019-10-26 08:24,117676,0,131072,2,region3_0
2019-10-26 08:24,28735,0,393216,2,region3_0
2019-10-26 08:24,698,655360,786432,2,region3_8
2019-10-26 08:24,117243,0,131072,2,region3_0
2019-10-26 08:24,698,655360,786432,2,region3_8
2019-10-26 08:24,118166,0,131072,2,region3_0
2019-10-26 08:24,130461,0,131072,2,region3_0
2019-10-26 08:24,698,655360,786432,2,region3_8
2019-10-26 08:24,130464,0,393216,2,region3_0
2019-10-26 08:24,130473,0,131072,2,region3_0
2019-10-26 08:24,130493,0,262144,2,region3_0
2019-10-26 08:24,32952,0,393216,2,region3_0
2019-10-26 08:24,130710,0,262144,2,region3_0
2019-10-26 08:24,130857,0,131072,4,region3_0
2019-10-26 08:24,119100,0,131072,2,region3_0
2019-10-26 08:24,130910,0,262144,2,region3_0
2019-10-26 08:24,124655,0,131072,2,region3_0
2019-10-26 08:24,31826,0,6553600,2,region3_7
2019-10-26 08:24,131177,0,131072,2,region3_0
2019-10-26 08:24,131187,0,131072,2,region3_0
2019-10-26 08:24,131207,0,655360,2,region3_0
2019-10-26 08:24,116625,0,262144,2,region3_0
2019-10-26 08:24,30168,0,393216,2,region3_0
2019-10-26 08:24,131403,2228224,262144,1,region3_4
2019-10-26 08:24,131449,0,786432,2,region3_0
2019-10-26 08:24,131463,0,786432,2,region3_0
2019-10-26 08:24,124396,0,131072,2,region3_0
2019-10-26 08:24,131599,3801088,1441792,1,region3_4
2019-10-26 08:24,131403,393216,131072,1,region3_4
2019-10-26 08:24,43363,0,131072,2,region3_0
2019-10-26 08:24,131403,7602176,262144,1,region3_4
2019-10-26 08:24,75397,0,1441792,2,region3_0
2019-10-26 08:24,132124,0,262144,2,region3_0
2019-10-26 08:24,132237,0,8388608,4,region3_1
2019-10-26 08:24,132253,0,1703936,4,region3_1
2019-10-26 08:24,131403,4194304,131072,1,region3_4
2019-10-26 08:24,132309,0,393216,2,region3_0
2019-10-26 08:24,132358,0,262144,2,region3_0
2019-10-26 08:24,132380,0,262144,2,region3_0
2019-10-26 08:24,132409,0,262144,2,region3_0
2019-10-26 08:24,131403,3407872,262144,1,region3_4
2019-10-26 08:24,132679,0,262144,2,region3_0
2019-10-26 08:24,132806,0,8388608,2,region3_1
2019-10-26 08:24,132850,0,262144,2,region3_0
2019-10-26 08:24,132877,0,131072,4,region3_0
2019-10-26 08:24,125908,0,131072,2,region3_0
2019-10-26 08:24,34883,0,393216,2,region3_0
2019-10-26 08:24,131403,655360,131072,1,region3_4
2019-10-26 08:24,125321,0,131072,2,region3_0
2019-10-26 08:24,122513,0,131072,2,region3_0
2019-10-26 08:24,131403,5242880,131072,1,region3_4
2019-10-26 08:24,124062,0,131072,2,region3_0
2019-10-26 08:24,44513,0,131072,2,region3_0
2019-10-26 08:24,133395,0,131072,4,region3_0
2019-10-26 08:24,125985,0,131072,2,region3_0
2019-10-26 08:24,133417,0,786432,2,region3_0
2019-10-26 08:24,43891,0,131072,2,region3_0
2019-10-26 08:24,133690,0,8388608,4,region3_1
2019-10-26 08:24,133755,262144,8126464,2,region3_7
2019-10-26 08:24,698,655360,786432,2,region3_8
2019-10-26 08:24,133784,1441792,1441792,1,region3_4
2019-10-26 08:24,125511,0,131072,2,region3_0
2019-10-26 08:24,133955,131072,1441792,1,region3_4
2019-10-26 08:24,133984,0,393216,2,region3_0
2019-10-26 08:24,134182,1703936,262144,1,region3_4
2019-10-26 08:24,131403,4849664,131072,1,region3_4
2019-10-26 08:24,698,655360,786432,2,region3_8
2019-10-26 08:24,698,655360,786432,2,region3_8
2019-10-26 08:24,134459,0,8388608,4,region3_1
2019-10-26 08:24,134462,0,655360,2,region3_0
2019-10-26 08:24,134469,0,131072,4,region3_0
2019-10-26 08:24,698,655360,786432,2,region3_8
2019-10-26 08:24,131403,3014656,131072,1,region3_4
2019-10-26 08:24,134494,0,655360,2,region3_0
2019-10-26 08:24,698,655360,786432,2,region3_8
2019-10-26 08:24,78110,0,1441792,2,region3_0
2019-10-26 08:24,134510,0,262144,2,region3_0
2019-10-26 08:24,134542,0,8388608,4,region3_1
2019-10-26 08:24,698,655360,786432,2,region3_8
2019-10-26 08:24,698,655360,786432,2,region3_8
2019-10-26 08:24,698,655360,786432,2,region3_8
2019-10-26 08:24,131403,4718592,131072,1,region3_4
2019-10-26 08:24,698,655360,786432,2,region3_8
2019-10-26 08:24,698,655360,786432,2,region3_8
2019-10-26 08:24,698,655360,786432,2,region3_8
2019-10-26 08:24,698,655360,786432,2,region3_8
2019-10-26 08:24,135060,0,655360,2,region3_0
2019-10-26 08:24,135121,0,131072,4,region3_20
2019-10-26 08:24,24730,0,655360,2,region3_0
2019-10-26 08:24,135208,0,131072,4,region3_0
2019-10-26 08:24,698,655360,786432,2,region3_8
2019-10-26 08:24,133784,6684672,1441792,1,region3_4
2019-10-26 08:24,46550,0,131072,2,region3_0
2019-10-26 08:24,698,655360,786432,2,region3_8
2019-10-26 08:24,698,655360,786432,2,region3_8
2019-10-26 08:24,134182,917504,131072,1,region3_4
2019-10-26 08:24,135813,0,131072,2,region3_4
2019-10-26 08:24,44671,0,131072,2,region3_0
2019-10-26 08:24,135908,0,1441792,3,region3_4
2019-10-26 08:24,135947,0,393216,4,region3_0
2019-10-26 08:24,131403,1835008,262144,1,region3_4
2019-10-26 08:24,31402,0,655360,2,region3_0
2019-10-26 08:24,131403,7864320,131072,1,region3_4
2019-10-26 08:24,131403,2752512,131072,1,region3_4
2019-10-26 08:24,127394,0,262144,2,region3_0
2019-10-26 08:24,126694,0,262144,2,region3_0
2019-10-26 08:24,131403,8257536,131072,1,region3_4
2019-10-26 08:24,127542,0,262144,2,region3_0
2019-10-26 08:24,47856,0,131072,2,region3_0
2019-10-26 08:24,131403,2621440,131072,1,region3_4
2019-10-26 08:24,698,655360,786432,2,region3_8
2019-10-26 08:24,136628,0,8388608,4,region3_1
2019-10-26 08:24,122549,0,131072,2,region3_0
2019-10-26 08:24,55680,0,1441792,1,region3_4
2019-10-26 08:24,698,655360,786432,2,region3_8
2019-10-26 08:24,136691,0,8388608,4,region3_1
2019-10-26 08:24,136773,0,8388608,2,region3_1
2019-10-26 08:24,136781,0,131072,2,region3_0
2019-10-26 08:24,45037,0,131072,2,region3_0
2019-10-26 08:24,131403,3276800,262144,1,region3_4
2019-10-26 08:24,49844,0,131072,2,region3_0
2019-10-26 08:24,698,655360,786432,2,region3_8
2019-10-26 08:24,38871,0,655360,2,region3_0
2019-10-26 08:24,131403,1835008,131072,1,region3_4
2019-10-26 08:24,136933,0,655360,2,region3_0
2019-10-26 08:24,136943,0,655360,4,region3_0
2019-10-26 08:24,5429,0,131072,2,region3_0
2019-10-26 08:24,698,655360,786432,2,region3_8
2019-10-26 08:24,43278,0,131072,2,region3_0
2019-10-26 08:24,137099,0,8388608,4,region3_2
2019-10-26 08:24,42053,0,131072,2,region3_0
2019-10-26 08:24,137222,0,8388608,4,region3_1
2019-10-26 08:24,45714,0,655360,2,region3_0
2019-10-26 08:24,127223,0,262144,2,region3_0
2019-10-26 08:24,134182,2228224,262144,1,region3_4
2019-10-26 08:24,698,655360,786432,2,region3_8
2019-10-26 08:24,698,655360,786432,2,region3_8
2019-10-26 08:24,19968,0,131072,2,region3_0
2019-10-26 08:24,134182,7340032,131072,1,region3_4
2019-10-26 08:24,137445,0,2752512,2,region3_4
2019-10-26 08:24,134182,3932160,131072,1,region3_4
2019-10-26 08:24,137445,7995392,6553600,2,region3_4
2019-10-26 08:24,134182,4980736,262144,1,region3_4
2019-10-26 08:24,698,655360,786432,2,region3_8
2019-10-26 08:24,698,655360,786432,2,region3_8
2019-10-26 08:24,137445,2621440,5505024,2,region3_4
2019-10-26 08:24,90872,6684672,1572864,1,region3_4
2019-10-26 08:24,698,655360,786432,2,region3_8
2019-10-26 08:24,137689,0,131072,2,region3_0
2019-10-26 08:24,134182,1572864,131072,1,region3_4
2019-10-26 08:24,698,655360,786432,2,region3_8
2019-10-26 08:24,698,655360,786432,2,region3_8
2019-10-26 08:25,698,655360,786432,2,region3_8
2019-10-26 08:25,134182,7208960,131072,1,region3_4
2019-10-26 08:25,127964,0,262144,2,region3_0
2019-10-26 08:25,137850,0,262144,4,region3_0
2019-10-26 08:25,137860,0,131072,4,region3_0
2019-10-26 08:25,50385,0,131072,2,region3_0
2019-10-26 08:25,698,655360,786432,2,region3_8
2019-10-26 08:25,87864,7340032,1048576,1,region3_4
2019-10-26 08:25,134182,3670016,131072,1,region3_4
2019-10-26 08:25,698,655360,786432,2,region3_8
2019-10-26 08:25,51217,0,131072,2,region3_0
2019-10-26 08:25,138241,0,655360,2,region3_0
2019-10-26 08:25,134182,6160384,131072,1,region3_4
2019-10-26 08:25,698,655360,786432,2,region3_8
2019-10-26 08:25,48270,0,131072,2,region3_0
2019-10-26 08:25,131403,5636096,131072,1,region3_4
2019-10-26 08:25,129891,0,262144,2,region3_0
2019-10-26 08:25,131403,8126464,131072,1,region3_4
2019-10-26 08:25,48807,0,131072,2,region3_0
2019-10-26 08:25,134182,1835008,262144,1,region3_4
2019-10-26 08:25,138626,655360,1179648,2,region3_0
2019-10-26 08:25,138753,0,4194304,1,region3_5
2019-10-26 08:25,138753,4194304,4194304,1,region3_5
2019-10-26 08:25,698,655360,786432,2,region3_8
2019-10-26 08:25,138819,0,655360,2,region3_0
2019-10-26 08:25,134182,7733248,131072,1,region3_4
2019-10-26 08:25,698,655360,786432,2,region3_8
2019-10-26 08:25,131403,786432,131072,1,region3_4
2019-10-26 08:25,131403,131072,131072,1,region3_4
2019-10-26 08:25,698,655360,786432,2,region3_8
2019-10-26 08:25,139039,0,131072,4,region3_0
2019-10-26 08:25,139055,0,1835008,2,region3_0
2019-10-26 08:25,698,655360,786432,2,region3_8
2019-10-26 08:25,131403,2752512,262144,1,region3_4
2019-10-26 08:25,698,655360,786432,2,region3_8
2019-10-26 08:25,139275,0,655360,2,region3_0
2019-10-26 08:25,132380,0,262144,2,region3_0
2019-10-26 08:25,139373,0,8388608,3,region3_4
2019-10-26 08:25,698,655360,786432,2,region3_8
2019-10-26 08:25,139429,0,8388608,2,region3_7
2019-10-26 08:25,131403,1703936,131072,1,region3_4
2019-10-26 08:25,698,655360,786432,2,region3_8
2019-10-26 08:25,698,655360,786432,2,region3_8
2019-10-26 08:25,698,655360,786432,2,region3_8
2019-10-26 08:25,134182,4325376,131072,1,region3_4
2019-10-26 08:25,52630,0,131072,2,region3_0
2019-10-26 08:25,131403,1703936,131072,1,region3_4
2019-10-26 08:25,698,655360,786432,2,region3_8
2019-10-26 08:25,698,655360,786432,2,region3_8
2019-10-26 08:25,698,655360,786432,2,region3_8
2019-10-26 08:25,130493,0,262144,2,region3_0
2019-10-26 08:25,139769,0,1179648,1,region3_4
2019-10-26 08:25,134182,6291456,262144,1,region3_4
2019-10-26 08:25,53535,0,655360,2,region3_0
2019-10-26 08:25,131403,7602176,131072,1,region3_4
2019-10-26 08:25,139972,0,524288,4,region3_0
2019-10-26 08:25,698,655360,786432,2,region3_8
2019-10-26 08:25,698,655360,786432,2,region3_8
2019-10-26 08:25,698,655360,786432,2,region3_8
2019-10-26 08:25,140027,0,8388608,2,region3_0
2019-10-26 08:25,131403,4325376,131072,1,region3_4
2019-10-26 08:25,130710,0,262144,2,region3_0
2019-10-26 08:25,698,655360,786432,2,region3_8
2019-10-26 08:25,698,655360,786432,2,region3_8
2019-10-26 08:25,698,655360,786432,2,region3_8
2019-10-26 08:25,57301,0,655360,2,region3_0
2019-10-26 08:25,140346,0,131072,4,region3_0
2019-10-26 08:25,698,655360,786432,2,region3_8
2019-10-26 08:25,698,655360,786432,2,region3_8
2019-10-26 08:25,698,655360,786432,2,region3_8
2019-10-26 08:25,131403,3407872,131072,1,region3_4
2019-10-26 08:25,140508,0,262144,4,region3_0
2019-10-26 08:25,57717,0,655360,2,region3_0
2019-10-26 08:25,133784,5373952,1441792,1,region3_4
2019-10-26 08:25,140593,0,786432,2,region3_0
2019-10-26 08:25,698,655360,786432,2,region3_8
2019-10-26 08:25,698,655360,786432,2,region3_8
2019-10-26 08:25,134182,4587520,262144,1,region3_4
2019-10-26 08:25,131403,5111808,131072,1,region3_4
2019-10-26 08:25,131403,2228224,131072,1,region3_4
2019-10-26 08:25,698,655360,786432,2,region3_8
2019-10-26 08:25,61128,0,655360,2,region3_0
2019-10-26 08:25,698,655360,786432,2,region3_8
2019-10-26 08:25,698,655360,786432,2,region3_8
2019-10-26 08:25,140894,0,131072,4,region3_0
2019-10-26 08:25,698,655360,786432,2,region3_8
2019-10-26 08:25,698,655360,786432,2,region3_8
2019-10-26 08:25,56331,0,131072,2,region3_0
2019-10-26 08:25,60714,0,655360,2,region3_0
2019-10-26 08:25,698,655360,786432,2,region3_8
2019-10-26 08:25,134182,1179648,131072,1,region3_4
2019-10-26 08:25,44720,0,131072,2,region3_0
2019-10-26 08:25,698,655360,786432,2,region3_8
2019-10-26 08:25,90872,8126464,262144,1,region3_4
2019-10-26 08:25,63528,0,655360,2,region3_0
2019-10-26 08:25,698,655360,786432,2,region3_8
2019-10-26 08:25,44061,0,131072,2,region3_0
2019-10-26 08:25,63297,0,655360,2,region3_0
2019-10-26 08:25,141187,0,8388608,3,region3_4
2019-10-26 08:25,141241,0,8388608,4,region3_1
2019-10-26 08:25,134182,8126464,262144,1,region3_4
2019-10-26 08:25,55311,0,131072,2,region3_0
2019-10-26 08:25,134182,7471104,262144,1,region3_4
2019-10-26 08:25,698,655360,786432,2,region3_8
2019-10-26 08:25,698,655360,786432,2,region3_8
2019-10-26 08:25,131403,5505024,131072,1,region3_4
2019-10-26 08:25,42987,0,131072,2,region3_0
2019-10-26 08:25,31826,0,6553600,2,region3_7
2019-10-26 08:25,698,655360,786432,2,region3_8
2019-10-26 08:25,698,655360,786432,2,region3_8
2019-10-26 08:25,141370,0,262144,2,region3_1
2019-10-26 08:25,141370,6291456,393216,2,region3_1
2019-10-26 08:25,44443,0,131072,2,region3_0
2019-10-26 08:25,134182,2883584,262144,1,region3_4
2019-10-26 08:25,698,655360,786432,2,region3_8
2019-10-26 08:25,41326,0,131072,2,region3_0
2019-10-26 08:25,131403,6291456,262144,1,region3_4
2019-10-26 08:25,141564,3014656,1441792,1,region3_4
2019-10-26 08:25,90872,0,1441792,1,region3_4
2019-10-26 08:25,141600,0,1441792,3,region3_4
2019-10-26 08:25,68365,0,1179648,2,region3_0
2019-10-26 08:25,141649,0,8388608,4,region3_1
2019-10-26 08:25,698,655360,786432,2,region3_8
2019-10-26 08:25,141821,0,131072,4,region3_0
2019-10-26 08:25,134182,786432,131072,1,region3_4
2019-10-26 08:25,141890,0,131072,2,region3_0
2019-10-26 08:25,141892,0,131072,4,region3_0
2019-10-26 08:25,142067,0,1835008,2,region3_0
2019-10-26 08:25,131403,7864320,262144,1,region3_4
2019-10-26 08:25,44674,0,131072,2,region3_0
2019-10-26 08:25,698,655360,786432,2,region3_8
2019-10-26 08:25,57839,0,9175040,2,region3_4
2019-10-26 08:25,142379,0,8388608,4,region3_1
2019-10-26 08:25,142413,0,131072,4,region3_0
2019-10-26 08:25,698,655360,786432,2,region3_8
2019-10-26 08:25,142491,0,131072,4,region3_0
2019-10-26 08:25,142578,0,6684672,4,region3_1
2019-10-26 08:25,698,655360,786432,2,region3_8
2019-10-26 08:25,698,655360,786432,2,region3_8
2019-10-26 08:25,56399,0,131072,2,region3_0
2019-10-26 08:25,134182,6815744,131072,1,region3_4
2019-10-26 08:25,49782,0,131072,2,region3_0
2019-10-26 08:25,142648,0,8388608,4,region3_2
2019-10-26 08:25,698,655360,786432,2,region3_8
2019-10-26 08:26,698,655360,786432,2,region3_8
2019-10-26 08:26,142899,655360,1179648,2,region3_0
2019-10-26 08:26,133955,6946816,1441792,1,region3_4
2019-10-26 08:26,131403,2883584,262144,1,region3_4
2019-10-26 08:26,29963,0,393216,2,region3_0
2019-10-26 08:26,131403,4063232,131072,1,region3_4
2019-10-26 08:26,143196,0,1835008,2,region3_0
2019-10-26 08:26,143285,0,8388608,4,region3_1
2019-10-26 08:26,131403,4456448,262144,1,region3_4
2019-10-26 08:26,698,655360,786432,2,region3_8
2019-10-26 08:26,698,655360,786432,2,region3_8
2019-10-26 08:26,698,655360,786432,2,region3_8
2019-10-26 08:26,698,655360,786432,2,region3_8
2019-10-26 08:26,143529,0,3276800,2,region3_0
2019-10-26 08:26,143567,6684672,7864320,2,region3_4
2019-10-26 08:26,143595,0,8388608,4,region3_1
2019-10-26 08:26,143567,0,6815744,2,region3_4
2019-10-26 08:26,698,655360,786432,2,region3_8
2019-10-26 08:26,143620,0,5636096,2,region3_4
2019-10-26 08:26,143629,0,131072,4,region3_0
2019-10-26 08:26,698,655360,786432,2,region3_8
2019-10-26 08:26,143633,655360,1572864,1,region3_4
2019-10-26 08:26,143644,0,131072,4,region3_0
2019-10-26 08:26,143645,0,786432,4,region3_0
2019-10-26 08:26,143620,5505024,3670016,2,region3_4
2019-10-26 08:26,134182,6422528,262144,1,region3_4
2019-10-26 08:26,698,655360,786432,2,region3_8
2019-10-26 08:26,698,655360,786432,2,region3_8
2019-10-26 08:26,698,655360,786432,2,region3_8
2019-10-26 08:26,698,655360,786432,2,region3_8
2019-10-26 08:26,53916,0,131072,2,region3_0
2019-10-26 08:26,698,655360,786432,2,region3_8
2019-10-26 08:26,143801,0,15073280,3,region3_5
2019-10-26 08:26,143803,0,131072,1,region3_4
2019-10-26 08:26,698,655360,786432,2,region3_8
2019-10-26 08:26,698,655360,786432,2,region3_8
2019-10-26 08:26,143826,0,8388608,3,region3_5
2019-10-26 08:26,698,655360,786432,2,region3_8
2019-10-26 08:26,57326,0,131072,2,region3_0
2019-10-26 08:26,698,655360,786432,2,region3_8
2019-10-26 08:26,698,655360,786432,2,region3_8
2019-10-26 08:26,698,655360,786432,2,region3_8
2019-10-26 08:26,698,655360,786432,2,region3_8
2019-10-26 08:26,50222,0,131072,2,region3_0
2019-10-26 08:26,144068,0,262144,4,region3_0
2019-10-26 08:26,131599,2490368,1441792,1,region3_4
2019-10-26 08:26,144078,0,8388608,4,region3_1
2019-10-26 08:26,144089,0,262144,4,region3_0
2019-10-26 08:26,698,655360,786432,2,region3_8
2019-10-26 08:26,144202,0,8388608,3,region3_5
2019-10-26 08:26,698,655360,786432,2,region3_8
2019-10-26 08:26,144305,0,8388608,2,region3_7
2019-10-26 08:26,131403,2490368,262144,1,region3_4
2019-10-26 08:26,134182,3801088,262144,1,region3_4
2019-10-26 08:26,48588,0,131072,2,region3_0
2019-10-26 08:26,144433,0,131072,4,region3_0
2019-10-26 08:26,144464,0,3670016,2,region3_7
2019-10-26 08:26,144466,0,131072,2,region3_0
2019-10-26 08:26,131403,1310720,262144,1,region3_4
2019-10-26 08:26,144464,3538944,4849664,2,region3_7
2019-10-26 08:26,144633,0,131072,4,region3_0
2019-10-26 08:26,144657,0,8388608,3,region3_4
2019-10-26 08:26,134182,6684672,131072,1,region3_4
2019-10-26 08:26,87864,4587520,1572864,1,region3_4
2019-10-26 08:26,144733,0,131072,4,region3_2
2019-10-26 08:26,144794,0,6684672,2,region3_1
2019-10-26 08:26,698,655360,786432,2,region3_8
2019-10-26 08:26,698,655360,786432,2,region3_8
2019-10-26 08:26,144835,0,131072,4,region3_0
2019-10-26 08:26,144848,0,8388608,4,region3_1
2019-10-26 08:26,17343,655360,1179648,2,region3_0
2019-10-26 08:26,134182,4325376,131072,1,region3_4
2019-10-26 08:26,698,655360,786432,2,region3_8
2019-10-26 08:26,698,655360,786432,2,region3_8
2019-10-26 08:26,698,655360,786432,2,region3_8
2019-10-26 08:26,698,655360,786432,2,region3_8
2019-10-26 08:26,131599,7864320,524288,1,region3_4
2019-10-26 08:26,698,655360,786432,2,region3_8
2019-10-26 08:26,134182,4325376,262144,1,region3_4
2019-10-26 08:26,134182,6029312,262144,1,region3_4
2019-10-26 08:26,698,655360,786432,2,region3_8
2019-10-26 08:26,145118,0,2097152,4,region3_17
2019-10-26 08:26,145121,0,8388608,4,region3_1
2019-10-26 08:26,48552,0,131072,2,region3_0
2019-10-26 08:26,134182,1441792,131072,1,region3_4
2019-10-26 08:26,145338,0,131072,4,region3_0
2019-10-26 08:26,698,655360,786432,2,region3_8
2019-10-26 08:26,698,655360,786432,2,region3_8
2019-10-26 08:26,145384,0,8388608,4,region3_1
2019-10-26 08:26,145407,0,8388608,4,region3_1
2019-10-26 08:26,698,655360,786432,2,region3_8
2019-10-26 08:26,131403,3014656,262144,1,region3_4
2019-10-26 08:26,698,655360,786432,2,region3_8
2019-10-26 08:26,698,655360,786432,2,region3_8
2019-10-26 08:26,134182,2359296,131072,1,region3_4
2019-10-26 08:26,698,655360,786432,2,region3_8
2019-10-26 08:26,131403,4456448,131072,1,region3_4
2019-10-26 08:26,134182,7602176,131072,1,region3_4
2019-10-26 08:26,145762,0,1835008,2,region3_0
2019-10-26 08:26,698,655360,786432,2,region3_8
2019-10-26 08:26,698,655360,786432,2,region3_8
2019-10-26 08:26,134182,131072,262144,1,region3_4
2019-10-26 08:26,131403,4325376,262144,1,region3_4
2019-10-26 08:26,131403,0,131072,1,region3_4
2019-10-26 08:26,698,655360,786432,2,region3_8
2019-10-26 08:26,146092,0,1835008,2,region3_0
2019-10-26 08:26,146096,0,8388608,4,region3_1
2019-10-26 08:26,146114,0,3276800,2,region3_0
2019-10-26 08:26,698,655360,786432,2,region3_8
2019-10-26 08:26,146243,0,7602176,2,region3_7
2019-10-26 08:26,698,655360,786432,2,region3_8
2019-10-26 08:26,698,655360,786432,2,region3_8
2019-10-26 08:26,698,655360,786432,2,region3_8
2019-10-26 08:26,93839,0,2097152,1,region3_4
2019-10-26 08:26,134182,524288,131072,1,region3_4
2019-10-26 08:26,93839,2097152,2097152,1,region3_4
2019-10-26 08:26,698,655360,786432,2,region3_8
2019-10-26 08:26,698,655360,786432,2,region3_8
2019-10-26 08:26,698,655360,786432,2,region3_8
2019-10-26 08:26,93839,4194304,2097152,1,region3_4
2019-10-26 08:26,698,655360,786432,2,region3_8
2019-10-26 08:26,698,655360,786432,2,region3_8
2019-10-26 08:26,146815,0,8388608,4,region3_1
2019-10-26 08:26,93839,6291456,2097152,1,region3_4
2019-10-26 08:26,698,655360,786432,2,region3_8
2019-10-26 08:26,146842,0,1572864,4,region3_33
2019-10-26 08:26,698,655360,786432,2,region3_8
2019-10-26 08:26,146967,0,6684672,2,region3_7
2019-10-26 08:26,698,655360,786432,2,region3_8
2019-10-26 08:27,698,655360,786432,2,region3_8
2019-10-26 08:27,147124,0,131072,4,region3_0
2019-10-26 08:27,147127,0,262144,4,region3_0
2019-10-26 08:27,134182,393216,262144,1,region3_4
2019-10-26 08:27,147240,0,1179648,2,region3_4
2019-10-26 08:27,698,655360,786432,2,region3_8
2019-10-26 08:27,143803,0,1441792,1,region3_4
2019-10-26 08:27,147240,1048576,8519680,2,region3_4
2019-10-26 08:27,147384,0,8388608,4,region3_2
2019-10-26 08:27,134182,2752512,262144,1,region3_4
2019-10-26 08:27,134182,3014656,262144,1,region3_4
2019-10-26 08:27,698,655360,786432,2,region3_8
2019-10-26 08:27,147466,0,8388608,4,region3_1
2019-10-26 08:27,147468,0,6815744,4,region3_1
2019-10-26 08:27,147240,9437184,5111808,2,region3_4
2019-10-26 08:27,87101,0,917504,2,region3_0
2019-10-26 08:27,698,655360,786432,2,region3_8
2019-10-26 08:27,698,655360,786432,2,region3_8
2019-10-26 08:27,134182,4194304,131072,1,region3_4
2019-10-26 08:27,147781,0,2490368,4,region3_20
2019-10-26 08:27,698,655360,786432,2,region3_8
2019-10-26 08:27,698,655360,786432,2,region3_8
2019-10-26 08:27,131403,1179648,131072,1,region3_4
2019-10-26 08:27,698,655360,786432,2,region3_8
2019-10-26 08:27,131403,3932160,262144,1,region3_4
2019-10-26 08:27,698,655360,786432,2,region3_8
2019-10-26 08:27,134182,2752512,131072,1,region3_4
2019-10-26 08:27,87864,0,655360,1,region3_4
2019-10-26 08:27,698,655360,786432,2,region3_8
2019-10-26 08:27,698,655360,786432,2,region3_8
2019-10-26 08:27,698,655360,786432,2,region3_8
2019-10-26 08:27,134182,4456448,262144,1,region3_4
2019-10-26 08:27,134182,6946816,262144,1,region3_4
2019-10-26 08:27,148498,0,8388608,4,region3_1
2019-10-26 08:27,131403,5898240,131072,1,region3_4
2019-10-26 08:27,148546,0,1835008,2,region3_0
2019-10-26 08:27,148645,0,8388608,4,region3_33
2019-10-26 08:27,131403,4587520,262144,1,region3_4
2019-10-26 08:27,148816,0,917504,2,region3_0
2019-10-26 08:27,148819,0,131072,2,region3_0
2019-10-26 08:27,148938,0,131072,2,region3_0
2019-10-26 08:27,133784,4063232,1441792,1,region3_4
2019-10-26 08:27,149072,0,262144,4,region3_0
2019-10-26 08:27,133784,131072,1441792,1,region3_4
2019-10-26 08:27,131403,6815744,262144,1,region3_4
2019-10-26 08:27,698,655360,786432,2,region3_8
2019-10-26 08:27,53467,0,131072,2,region3_0
2019-10-26 08:27,698,655360,786432,2,region3_8
2019-10-26 08:27,54566,0,131072,2,region3_0
2019-10-26 08:27,149471,0,131072,2,region3_0
2019-10-26 08:27,698,655360,786432,2,region3_8
2019-10-26 08:27,133955,8257536,131072,1,region3_4
2019-10-26 08:27,60978,0,131072,2,region3_0
2019-10-26 08:27,149674,0,8388608,3,region3_4
2019-10-26 08:27,698,655360,786432,2,region3_8
2019-10-26 08:27,131403,6160384,262144,1,region3_4
2019-10-26 08:27,698,655360,786432,2,region3_8
2019-10-26 08:27,149744,0,8388608,3,region3_5
2019-10-26 08:27,149800,0,131072,2,region3_0
2019-10-26 08:27,42053,0,131072,2,region3_0
2019-10-26 08:27,8872,0,131072,2,region3_0
2019-10-26 08:27,149900,0,6815744,4,region3_1
2019-10-26 08:27,1587,0,131072,2,region3_0
2019-10-26 08:27,2290,0,131072,2,region3_0
2019-10-26 08:27,149975,0,131072,2,region3_0
2019-10-26 08:27,134182,6815744,262144,1,region3_4
2019-10-26 08:27,61743,0,131072,2,region3_0
2019-10-26 08:27,134182,2097152,262144,1,region3_4
2019-10-26 08:27,10120,0,131072,2,region3_0
2019-10-26 08:27,150156,5505024,1179648,2,region3_7
2019-10-26 08:27,698,655360,786432,2,region3_8
2019-10-26 08:27,150175,0,262144,2,region3_0
2019-10-26 08:27,10353,0,131072,2,region3_0
2019-10-26 08:27,698,655360,786432,2,region3_8
2019-10-26 08:27,698,655360,786432,2,region3_8
2019-10-26 08:27,150332,0,8388608,2,region3_7
2019-10-26 08:27,150410,0,7602176,2,region3_1
2019-10-26 08:27,698,655360,786432,2,region3_8
2019-10-26 08:27,34432,0,131072,2,region3_0
2019-10-26 08:27,22410,0,131072,2,region3_0
2019-10-26 08:27,698,655360,786432,2,region3_8
2019-10-26 08:27,150584,0,8388608,4,region3_33
2019-10-26 08:27,698,655360,786432,2,region3_8
2019-10-26 08:27,150636,0,1703936,2,region3_0
2019-10-26 08:27,14465,0,131072,2,region3_0
2019-10-26 08:27,8754,0,262144,2,region3_0
2019-10-26 08:27,131403,1048576,131072,1,region3_4
2019-10-26 08:27,34120,0,131072,2,region3_0
2019-10-26 08:27,28771,0,131072,2,region3_0
2019-10-26 08:27,134182,5242880,262144,1,region3_4
2019-10-26 08:27,698,655360,786432,2,region3_8
2019-10-26 08:27,43891,0,131072,2,region3_0
2019-10-26 08:27,12107,0,131072,2,region3_0
2019-10-26 08:27,698,655360,786432,2,region3_8
2019-10-26 08:27,698,655360,786432,2,region3_8
2019-10-26 08:27,151001,0,8388608,2,region3_0
2019-10-26 08:27,14466,0,131072,2,region3_0
2019-10-26 08:27,17953,0,131072,2,region3_0
2019-10-26 08:27,15575,0,131072,2,region3_0
2019-10-26 08:27,131403,655360,262144,1,region3_4
2019-10-26 08:27,30107,0,131072,2,region3_0
2019-10-26 08:27,698,655360,786432,2,region3_8
2019-10-26 08:27,151221,0,8388608,4,region3_2
2019-10-26 08:27,134182,2490368,131072,1,region3_4
2019-10-26 08:27,698,655360,786432,2,region3_8
2019-10-26 08:27,151321,0,8388608,3,region3_4
2019-10-26 08:27,698,655360,786432,2,region3_8
2019-10-26 08:27,21902,0,131072,2,region3_0
2019-10-26 08:27,11797,0,131072,2,region3_0
2019-10-26 08:27,698,655360,786432,2,region3_8
2019-10-26 08:27,698,655360,786432,2,region3_8
2019-10-26 08:27,698,655360,786432,2,region3_8
2019-10-26 08:27,26423,0,131072,2,region3_0
2019-10-26 08:27,698,655360,786432,2,region3_8
2019-10-26 08:27,150156,0,6684672,2,region3_7
2019-10-26 08:27,131599,6422528,1572864,1,region3_4
2019-10-26 08:27,29963,0,393216,2,region3_0
2019-10-26 08:27,38836,0,131072,2,region3_0
2019-10-26 08:27,32164,0,131072,2,region3_0
2019-10-26 08:27,134182,5373952,131072,1,region3_4
2019-10-26 08:28,698,655360,786432,2,region3_8
2019-10-26 08:28,38146,0,131072,2,region3_0
2019-10-26 08:28,151823,0,262144,4,region3_0
2019-10-26 08:28,131403,917504,131072,1,region3_4
2019-10-26 08:28,151942,0,8388608,3,region3_4
2019-10-26 08:28,64833,0,131072,2,region3_0
2019-10-26 08:28,134182,7340032,262144,1,region3_4
2019-10-26 08:28,151996,0,8388608,4,region3_1
2019-10-26 08:28,152006,0,8388608,5,region3_3
2019-10-26 08:28,152092,0,262144,4,region3_0
2019-10-26 08:28,698,655360,786432,2,region3_8
2019-10-26 08:28,152122,0,1703936,4,region3_1
2019-10-26 08:28,28090,0,131072,2,region3_0
2019-10-26 08:28,152235,0,8388608,2,region3_7
2019-10-26 08:28,152267,0,8388608,4,region3_2
2019-10-26 08:28,22033,0,131072,2,region3_0
2019-10-26 08:28,141564,4325376,1572864,1,region3_4
2019-10-26 08:28,133955,0,262144,1,region3_4
2019-10-26 08:28,152320,0,8388608,4,region3_2
2019-10-26 08:28,698,655360,786432,2,region3_8
2019-10-26 08:28,131403,5373952,262144,1,region3_4
2019-10-26 08:28,134182,7602176,262144,1,region3_4
2019-10-26 08:28,43278,0,131072,2,region3_0
2019-10-26 08:28,152480,0,8388608,4,region3_1
2019-10-26 08:28,698,655360,786432,2,region3_8
2019-10-26 08:28,133955,4194304,1572864,1,region3_4
2019-10-26 08:28,59285,0,262144,2,region3_0
2019-10-26 08:28,152634,0,8388608,4,region3_0
2019-10-26 08:28,152667,0,8388608,4,region3_1
2019-10-26 08:28,58724,0,262144,2,region3_0
2019-10-26 08:28,131403,1441792,131072,1,region3_4
2019-10-26 08:28,73832,0,131072,2,region3_0
2019-10-26 08:28,152789,0,131072,4,region3_0
2019-10-26 08:28,60488,0,262144,2,region3_0
2019-10-26 08:28,141564,1703936,1441792,1,region3_4
2019-10-26 08:28,60904,0,262144,2,region3_0
2019-10-26 08:28,152886,0,8388608,4,region3_2
2019-10-26 08:28,152969,0,8388608,4,region3_2
2019-10-26 08:28,59293,0,262144,2,region3_0
2019-10-26 08:28,143633,3407872,1441792,1,region3_4
2019-10-26 08:28,131403,5373952,131072,1,region3_4
2019-10-26 08:28,698,655360,786432,2,region3_8
2019-10-26 08:28,134182,2490368,262144,1,region3_4
2019-10-26 08:28,698,655360,786432,2,region3_8
2019-10-26 08:28,61910,0,262144,2,region3_0
2019-10-26 08:28,153332,0,131072,4,region3_0
2019-10-26 08:28,698,655360,786432,2,region3_8
2019-10-26 08:28,698,655360,786432,2,region3_8
2019-10-26 08:28,143803,1310720,1441792,1,region3_4
2019-10-26 08:28,131403,2490368,131072,1,region3_4
2019-10-26 08:28,698,655360,786432,2,region3_8
2019-10-26 08:28,134182,7995392,131072,1,region3_4
2019-10-26 08:28,131403,6684672,131072,1,region3_4
2019-10-26 08:28,987,0,262144,2,region3_0
2019-10-26 08:28,153668,0,8388608,4,region3_1
2019-10-26 08:28,153695,0,131072,2,region3_0
2019-10-26 08:28,69706,0,131072,2,region3_0
2019-10-26 08:28,62534,0,262144,2,region3_0
2019-10-26 08:28,698,655360,786432,2,region3_8
2019-10-26 08:28,698,655360,786432,2,region3_8
2019-10-26 08:28,698,655360,786432,2,region3_8
2019-10-26 08:28,698,655360,786432,2,region3_8
2019-10-26 08:28,134182,917504,262144,1,region3_4
2019-10-26 08:28,153939,0,8388608,3,region3_5
2019-10-26 08:28,59957,0,917504,1,region3_4
2019-10-26 08:28,49782,0,131072,2,region3_0
2019-10-26 08:28,154016,0,8388608,4,region3_1
2019-10-26 08:28,8270,0,262144,2,region3_0
2019-10-26 08:28,154151,0,8388608,4,region3_1
2019-10-26 08:28,134182,8257536,131072,1,region3_4
2019-10-26 08:28,48807,0,131072,2,region3_0
2019-10-26 08:28,143633,0,786432,1,region3_4
2019-10-26 08:28,59957,786432,2228224,1,region3_4
2019-10-26 08:28,698,655360,786432,2,region3_8
2019-10-26 08:28,154313,0,9175040,2,region3_4
2019-10-26 08:28,698,655360,786432,2,region3_8
2019-10-26 08:28,134182,5111808,131072,1,region3_4
2019-10-26 08:28,134182,3801088,131072,1,region3_4
2019-10-26 08:28,65148,0,262144,2,region3_0
2019-10-26 08:28,59957,2883584,2228224,1,region3_4
2019-10-26 08:28,154538,0,8388608,4,region3_1
2019-10-26 08:28,154581,0,393216,4,region3_0
2019-10-26 08:28,131403,7733248,131072,1,region3_4
2019-10-26 08:28,154625,0,8388608,4,region3_0
2019-10-26 08:28,134182,0,262144,1,region3_4
2019-10-26 08:28,131403,6422528,131072,1,region3_4
2019-10-26 08:28,71851,0,131072,2,region3_0
2019-10-26 08:28,154709,0,1966080,2,region3_7
2019-10-26 08:28,698,655360,786432,2,region3_8
2019-10-26 08:28,134182,4849664,131072,1,region3_4
2019-10-26 08:28,154830,0,1835008,2,region3_0
2019-10-26 08:28,7556,0,262144,2,region3_0
2019-10-26 08:28,698,655360,786432,2,region3_8
2019-10-26 08:28,133784,0,262144,1,region3_4
2019-10-26 08:28,154970,0,1835008,2,region3_0
2019-10-26 08:28,9067,0,262144,2,region3_0
2019-10-26 08:28,4773,0,262144,2,region3_0
2019-10-26 08:28,59957,4980736,2228224,1,region3_4
2019-10-26 08:28,13771,0,262144,2,region3_0
2019-10-26 08:28,134182,2883584,131072,1,region3_4
2019-10-26 08:28,14600,0,262144,2,region3_0
2019-10-26 08:28,698,655360,786432,2,region3_8
2019-10-26 08:28,155293,0,6684672,4,region3_1
2019-10-26 08:28,698,655360,786432,2,region3_8
2019-10-26 08:28,155321,0,8388608,3,region3_4
2019-10-26 08:28,698,655360,786432,2,region3_8
2019-10-26 08:28,131403,4980736,131072,1,region3_4
2019-10-26 08:28,10604,0,262144,2,region3_0
2019-10-26 08:28,90872,5373952,1441792,1,region3_4
2019-10-26 08:28,13175,0,262144,2,region3_0
2019-10-26 08:28,155412,0,8388608,4,region3_1
2019-10-26 08:28,131403,2097152,262144,1,region3_4
2019-10-26 08:28,134182,7864320,131072,1,region3_4
2019-10-26 08:28,20024,0,262144,2,region3_0
2019-10-26 08:28,134182,262144,131072,1,region3_4
2019-10-26 08:28,155548,0,8388608,3,region3_4
2019-10-26 08:28,155561,0,5636096,4,region3_27
2019-10-26 08:29,134182,5373952,131072,1,region3_4
2019-10-26 08:29,18616,0,262144,2,region3_0
2019-10-26 08:29,155617,1310720,393216,2,region3_0
2019-10-26 08:29,698,655360,786432,2,region3_8
2019-10-26 08:29,20657,0,262144,2,region3_0
2019-10-26 08:29,155668,0,8388608,4,region3_2
2019-10-26 08:29,155684,0,655360,4,region3_30
2019-10-26 08:29,155790,0,8388608,4,region3_2
2019-10-26 08:29,698,655360,786432,2,region3_8
2019-10-26 08:29,155846,0,1835008,2,region3_0
2019-10-26 08:29,24743,0,262144,2,region3_0
2019-10-26 08:29,131403,786432,262144,1,region3_4
2019-10-26 08:29,59957,7077888,2228224,1,region3_4
2019-10-26 08:29,155876,0,131072,4,region3_1
2019-10-26 08:29,155906,0,131072,4,region3_16
2019-10-26 08:29,155980,0,524288,4,region3_1
2019-10-26 08:29,156031,0,5505024,4,region3_27
2019-10-26 08:29,156144,0,8388608,4,region3_2
2019-10-26 08:29,134182,6684672,262144,1,region3_4
2019-10-26 08:29,156220,0,131072,4,region3_16
2019-10-26 08:29,131403,7208960,131072,1,region3_4
2019-10-26 08:29,156264,0,131072,4,region3_0
2019-10-26 08:29,141564,0,393216,1,region3_4
2019-10-26 08:29,131599,5111808,1441792,1,region3_4
2019-10-26 08:29,143803,2621440,1572864,1,region3_4
2019-10-26 08:29,133955,5636096,1441792,1,region3_4
2019-10-26 08:29,698,655360,786432,2,region3_8
2019-10-26 08:29,698,655360,786432,2,region3_8
2019-10-26 08:29,56399,0,131072,2,region3_0
2019-10-26 08:29,131403,1572864,131072,1,region3_4
2019-10-26 08:29,698,655360,786432,2,region3_8
2019-10-26 08:29,156658,0,3932160,4,region3_9
2019-10-26 08:29,698,655360,786432,2,region3_8
2019-10-26 08:29,57326,0,131072,2,region3_0
2019-10-26 08:29,134182,6553600,131072,1,region3_4
2019-10-26 08:29,156910,0,131072,4,region3_0
2019-10-26 08:29,156926,0,131072,4,region3_0
2019-10-26 08:29,156954,0,8388608,4,region3_1
2019-10-26 08:29,59957,9175040,2228224,1,region3_4
2019-10-26 08:29,133955,1441792,1441792,1,region3_4
2019-10-26 08:29,131403,2097152,131072,1,region3_4
2019-10-26 08:29,157171,0,1835008,4,region3_0
2019-10-26 08:29,134182,6553600,131072,1,region3_4
2019-10-26 08:29,157305,0,8388608,3,region3_4
2019-10-26 08:29,131403,7340032,262144,1,region3_4
2019-10-26 08:29,131403,1441792,262144,1,region3_4
2019-10-26 08:29,157681,0,2097152,4,region3_1
2019-10-26 08:29,157713,6553600,1179648,2,region3_7
2019-10-26 08:29,157713,0,6946816,2,region3_7
2019-10-26 08:29,698,655360,786432,2,region3_8
2019-10-26 08:29,157890,0,131072,2,region3_0
2019-10-26 08:29,158000,0,262144,4,region3_0
2019-10-26 08:29,698,655360,786432,2,region3_8
2019-10-26 08:29,158099,0,8388608,3,region3_4
2019-10-26 08:29,698,655360,786432,2,region3_8
2019-10-26 08:29,698,655360,786432,2,region3_8
2019-10-26 08:29,698,655360,786432,2,region3_8
2019-10-26 08:29,698,655360,786432,2,region3_8
2019-10-26 08:29,158371,0,8388608,2,region3_7
2019-10-26 08:29,698,655360,786432,2,region3_8
2019-10-26 08:29,131403,1179648,131072,1,region3_4
2019-10-26 08:29,55311,0,131072,2,region3_0
2019-10-26 08:29,698,655360,786432,2,region3_8
2019-10-26 08:29,698,655360,786432,2,region3_8
2019-10-26 08:29,698,655360,786432,2,region3_8
2019-10-26 08:29,131403,4849664,262144,1,region3_4
2019-10-26 08:29,698,655360,786432,2,region3_8
2019-10-26 08:29,59957,11272192,2228224,1,region3_4
2019-10-26 08:29,158600,0,655360,4,region3_0
2019-10-26 08:29,698,655360,786432,2,region3_8
2019-10-26 08:29,698,655360,786432,2,region3_8
2019-10-26 08:29,698,655360,786432,2,region3_8
2019-10-26 08:29,698,655360,786432,2,region3_8
2019-10-26 08:29,698,655360,786432,2,region3_8
2019-10-26 08:29,56331,0,131072,2,region3_0
2019-10-26 08:29,131403,3670016,131072,1,region3_4
2019-10-26 08:29,698,655360,786432,2,region3_8
2019-10-26 08:29,158951,0,262144,4,region3_0
2019-10-26 08:29,698,655360,786432,2,region3_8
2019-10-26 08:29,698,655360,786432,2,region3_8
2019-10-26 08:29,134182,7340032,131072,1,region3_4
2019-10-26 08:29,159057,0,8388608,4,region3_1
2019-10-26 08:29,159090,0,262144,4,region3_1
2019-10-26 08:29,698,655360,786432,2,region3_8
2019-10-26 08:29,698,655360,786432,2,region3_8
2019-10-26 08:29,159185,0,7733248,2,region3_1
2019-10-26 08:29,103821,0,7340032,2,region3_1
2019-10-26 08:29,698,655360,786432,2,region3_8
2019-10-26 08:29,698,655360,786432,2,region3_8
2019-10-26 08:29,87864,3276800,1441792,1,region3_4
2019-10-26 08:29,698,655360,786432,2,region3_8
2019-10-26 08:29,698,655360,786432,2,region3_8
2019-10-26 08:29,134182,7077888,262144,1,region3_4
2019-10-26 08:29,159333,0,8388608,2,region3_7
2019-10-26 08:29,698,655360,786432,2,region3_8
2019-10-26 08:29,698,655360,786432,2,region3_8
2019-10-26 08:29,698,655360,786432,2,region3_8
2019-10-26 08:29,134182,5767168,131072,1,region3_4
2019-10-26 08:29,698,655360,786432,2,region3_8
2019-10-26 08:29,159691,0,8388608,4,region3_2
2019-10-26 08:29,698,655360,786432,2,region3_8
2019-10-26 08:29,134182,4718592,262144,1,region3_4
2019-10-26 08:30,698,655360,786432,2,region3_8
2019-10-26 08:30,131403,3276800,131072,1,region3_4
2019-10-26 08:30,698,655360,786432,2,region3_8
2019-10-26 08:30,698,655360,786432,2,region3_8
2019-10-26 08:30,698,655360,786432,2,region3_8
2019-10-26 08:30,698,655360,786432,2,region3_8
2019-10-26 08:30,698,655360,786432,2,region3_8
2019-10-26 08:30,160108,0,8388608,4,region3_1
2019-10-26 08:30,698,655360,786432,2,region3_8
2019-10-26 08:30,160129,0,131072,4,region3_0
2019-10-26 08:30,698,655360,786432,2,region3_8
2019-10-26 08:30,68473,0,1835008,2,region3_0
2019-10-26 08:30,698,655360,786432,2,region3_8
2019-10-26 08:30,131403,3538944,262144,1,region3_4
2019-10-26 08:30,698,655360,786432,2,region3_8
2019-10-26 08:30,160374,0,8388608,4,region3_1
2019-10-26 08:30,160395,0,8388608,4,region3_1
2019-10-26 08:30,131403,1572864,262144,1,region3_4
2019-10-26 08:30,131403,6029312,262144,1,region3_4
2019-10-26 08:30,59957,13369344,1966080,1,region3_4
2019-10-26 08:30,160526,0,8388608,4,region3_2
2019-10-26 08:30,160605,0,262144,4,region3_0
2019-10-26 08:30,134182,2621440,131072,1,region3_4
2019-10-26 08:30,160662,0,131072,4,region3_48
2019-10-26 08:30,160758,0,8388608,3,region3_4
2019-10-26 08:30,698,655360,786432,2,region3_8
2019-10-26 08:30,134182,393216,131072,1,region3_4
2019-10-26 08:30,131403,524288,262144,1,region3_4
2019-10-26 08:30,698,655360,786432,2,region3_8
2019-10-26 08:30,160932,0,131072,4,region3_0
2019-10-26 08:30,698,655360,786432,2,region3_8
2019-10-26 08:30,698,655360,786432,2,region3_8
2019-10-26 08:30,698,655360,786432,2,region3_8
2019-10-26 08:30,139769,1048576,1441792,1,region3_4
2019-10-26 08:30,161086,0,14942208,3,region3_5
2019-10-26 08:30,698,655360,786432,2,region3_8
2019-10-26 08:30,698,655360,786432,2,region3_8
2019-10-26 08:30,698,655360,786432,2,region3_8
2019-10-26 08:30,131403,7733248,262144,1,region3_4
2019-10-26 08:30,698,655360,786432,2,region3_8
2019-10-26 08:30,698,655360,786432,2,region3_8
2019-10-26 08:30,698,655360,786432,2,region3_8
2019-10-26 08:30,161575,0,131072,4,region3_0
2019-10-26 08:30,698,655360,786432,2,region3_8
2019-10-26 08:30,698,655360,786432,2,region3_8
2019-10-26 08:30,161709,0,6815744,4,region3_1
2019-10-26 08:30,698,655360,786432,2,region3_8
2019-10-26 08:30,698,655360,786432,2,region3_8
2019-10-26 08:30,698,655360,786432,2,region3_8
2019-10-26 08:30,161920,0,131072,4,region3_0
2019-10-26 08:30,698,655360,786432,2,region3_8
2019-10-26 08:30,698,655360,786432,2,region3_8
2019-10-26 08:30,698,655360,786432,2,region3_8
2019-10-26 08:30,162184,0,6684672,4,region3_1
2019-10-26 08:30,698,655360,786432,2,region3_8
2019-10-26 08:30,698,655360,786432,2,region3_8
2019-10-26 08:30,73497,0,1835008,2,region3_0
2019-10-26 08:30,162392,0,131072,4,region3_0
2019-10-26 08:30,698,655360,786432,2,region3_8
2019-10-26 08:30,698,655360,786432,2,region3_8
2019-10-26 08:30,131403,3801088,262144,1,region3_4
2019-10-26 08:30,162525,0,131072,5,region3_3
2019-10-26 08:30,698,655360,786432,2,region3_8
2019-10-26 08:30,698,655360,786432,2,region3_8
2019-10-26 08:30,143803,6684672,1441792,1,region3_4
2019-10-26 08:30,131403,4980736,262144,1,region3_4
2019-10-26 08:30,162588,0,393216,4,region3_0
2019-10-26 08:30,162601,0,8388608,4,region3_1
2019-10-26 08:30,698,655360,786432,2,region3_8
2019-10-26 08:30,698,655360,786432,2,region3_8
2019-10-26 08:30,698,655360,786432,2,region3_8
2019-10-26 08:30,698,655360,786432,2,region3_8
2019-10-26 08:30,134182,6946816,131072,1,region3_4
2019-10-26 08:30,698,655360,786432,2,region3_8
2019-10-26 08:30,87864,1966080,1441792,1,region3_4
2019-10-26 08:30,163098,0,1835008,4,region3_0
2019-10-26 08:30,134182,262144,262144,1,region3_4
2019-10-26 08:30,698,655360,786432,2,region3_8
2019-10-26 08:30,698,655360,786432,2,region3_8
2019-10-26 08:30,698,655360,786432,2,region3_8
2019-10-26 08:30,134182,4718592,131072,1,region3_4
2019-10-26 08:30,143803,7995392,393216,1,region3_4
2019-10-26 08:30,139769,3801088,1441792,1,region3_4
2019-10-26 08:30,698,655360,786432,2,region3_8
2019-10-26 08:30,163422,0,1441792,3,region3_4
2019-10-26 08:30,698,655360,786432,2,region3_8
2019-10-26 08:30,698,655360,786432,2,region3_8
2019-10-26 08:30,698,655360,786432,2,region3_8
2019-10-26 08:30,698,655360,786432,2,region3_8
2019-10-26 08:30,698,655360,786432,2,region3_8
2019-10-26 08:30,698,655360,786432,2,region3_8
2019-10-26 08:30,698,655360,786432,2,region3_8
2019-10-26 08:30,698,655360,786432,2,region3_8
2019-10-26 08:30,698,655360,786432,2,region3_8
2019-10-26 08:30,163831,0,8388608,4,region3_1
2019-10-26 08:30,163887,0,131072,4,region3_48
2019-10-26 08:30,134182,0,131072,1,region3_4
2019-10-26 08:30,131403,2359296,262144,1,region3_4
2019-10-26 08:30,698,655360,786432,2,region3_8
2019-10-26 08:31,163964,0,131072,4,region3_48
2019-10-26 08:31,131403,6553600,262144,1,region3_4
2019-10-26 08:31,131403,6946816,262144,1,region3_4
2019-10-26 08:31,134182,4849664,262144,1,region3_4
2019-10-26 08:31,164231,0,131072,4,region3_48
2019-10-26 08:31,698,655360,786432,2,region3_8
2019-10-26 08:31,164537,0,131072,2,region3_0
2019-10-26 08:31,131403,4980736,131072,1,region3_4
2019-10-26 08:31,698,655360,786432,2,region3_8
2019-10-26 08:31,134182,5898240,131072,1,region3_4
2019-10-26 08:31,698,655360,786432,2,region3_8
2019-10-26 08:31,131403,1703936,262144,1,region3_4
2019-10-26 08:31,698,655360,786432,2,region3_8
2019-10-26 08:31,134182,1966080,262144,1,region3_4
2019-10-26 08:31,698,655360,786432,2,region3_8
2019-10-26 08:31,165043,0,131072,4,region3_0
2019-10-26 08:31,165093,0,131072,4,region3_48
2019-10-26 08:31,698,655360,786432,2,region3_8
2019-10-26 08:31,131403,3145728,131072,1,region3_4
2019-10-26 08:31,134182,6160384,262144,1,region3_4
2019-10-26 08:31,165174,0,131072,4,region3_48
2019-10-26 08:31,165208,0,8388608,3,region3_4
2019-10-26 08:31,165308,0,131072,4,region3_0
2019-10-26 08:31,698,655360,786432,2,region3_8
2019-10-26 08:31,698,655360,786432,2,region3_8
2019-10-26 08:31,73832,0,131072,2,region3_0
2019-10-26 08:31,698,655360,786432,2,region3_8
2019-10-26 08:31,165528,0,14942208,3,region3_5
2019-10-26 08:31,140027,0,8388608,2,region3_0
2019-10-26 08:31,134182,5767168,262144,1,region3_4
2019-10-26 08:31,698,655360,786432,2,region3_8
2019-10-26 08:31,698,655360,786432,2,region3_8
2019-10-26 08:31,698,655360,786432,2,region3_8
2019-10-26 08:31,165717,0,131072,4,region3_0
2019-10-26 08:31,698,655360,786432,2,region3_8
2019-10-26 08:31,165809,0,131072,4,region3_0
2019-10-26 08:31,91170,0,8388608,2,region3_0
2019-10-26 08:31,166028,0,4194304,1,region3_5
2019-10-26 08:31,166028,4194304,4194304,1,region3_5
2019-10-26 08:31,698,655360,786432,2,region3_8
2019-10-26 08:31,141564,7077888,1310720,1,region3_4
2019-10-26 08:31,166108,0,14942208,3,region3_5
2019-10-26 08:31,134182,3538944,131072,1,region3_4
2019-10-26 08:31,698,655360,786432,2,region3_8
2019-10-26 08:31,55680,5373952,1572864,1,region3_4
2019-10-26 08:31,90347,0,3538944,2,region3_0
2019-10-26 08:31,134182,1310720,262144,1,region3_4
2019-10-26 08:31,166268,0,131072,4,region3_48
2019-10-26 08:31,166274,0,262144,4,region3_0
2019-10-26 08:31,134182,786432,131072,1,region3_4
2019-10-26 08:31,131403,2228224,131072,1,region3_4
2019-10-26 08:31,134182,2228224,131072,1,region3_4
2019-10-26 08:31,166484,0,262144,4,region3_0
2019-10-26 08:31,166485,0,2621440,3,region3_5
2019-10-26 08:31,166498,0,8388608,3,region3_5
2019-10-26 08:31,166629,0,2883584,4,region3_2
2019-10-26 08:31,166735,0,262144,4,region3_0
2019-10-26 08:31,166759,0,131072,4,region3_0
2019-10-26 08:31,134182,4063232,131072,1,region3_4
2019-10-26 08:31,56701,0,262144,2,region3_4
2019-10-26 08:31,698,655360,786432,2,region3_8
2019-10-26 08:31,134182,6291456,131072,1,region3_4
2019-10-26 08:31,90872,3932160,1572864,1,region3_4
2019-10-26 08:31,134182,3276800,131072,1,region3_4
2019-10-26 08:31,131403,393216,262144,1,region3_4
2019-10-26 08:31,143803,5373952,1441792,1,region3_4
2019-10-26 08:31,167384,0,1835008,2,region3_0
2019-10-26 08:31,61317,0,262144,2,region3_4
2019-10-26 08:31,134182,3407872,262144,1,region3_4
2019-10-26 08:31,131403,6029312,131072,1,region3_4
2019-10-26 08:31,131403,4587520,131072,1,region3_4
2019-10-26 08:31,167533,0,1441792,3,region3_4
2019-10-26 08:32,131403,1179648,262144,1,region3_4
2019-10-26 08:32,134182,1572864,131072,1,region3_4
2019-10-26 08:32,167708,0,8388608,4,region3_1
2019-10-26 08:32,698,655360,786432,2,region3_8
2019-10-26 08:32,134182,3145728,262144,1,region3_4
2019-10-26 08:32,167731,0,131072,4,region3_48
2019-10-26 08:32,134182,2621440,262144,1,region3_4
2019-10-26 08:32,134182,3276800,262144,1,region3_4
2019-10-26 08:32,167787,0,262144,4,region3_0
2019-10-26 08:32,167814,0,8388608,3,region3_5
2019-10-26 08:32,134182,1441792,262144,1,region3_4
2019-10-26 08:32,167844,0,131072,4,region3_0
2019-10-26 08:32,167875,0,4456448,4,region3_33
2019-10-26 08:32,134182,6422528,131072,1,region3_4
2019-10-26 08:32,698,655360,786432,2,region3_8
2019-10-26 08:32,168040,0,8388608,4,region3_1
2019-10-26 08:32,134182,131072,131072,1,region3_4
2019-10-26 08:32,698,655360,786432,2,region3_8
2019-10-26 08:32,698,655360,786432,2,region3_8
2019-10-26 08:32,131403,131072,131072,1,region3_4
2019-10-26 08:32,698,655360,786432,2,region3_8
2019-10-26 08:32,168175,0,8388608,3,region3_4
2019-10-26 08:32,168215,0,262144,4,region3_0
2019-10-26 08:32,698,655360,786432,2,region3_8
2019-10-26 08:32,131403,6553600,131072,1,region3_4
2019-10-26 08:32,698,655360,786432,2,region3_8
2019-10-26 08:32,698,655360,786432,2,region3_8
2019-10-26 08:32,698,655360,786432,2,region3_8
2019-10-26 08:32,698,655360,786432,2,region3_8
2019-10-26 08:32,168460,0,8388608,4,region3_1
2019-10-26 08:32,168534,0,8388608,2,region3_7
2019-10-26 08:32,143633,7471104,917504,1,region3_4
2019-10-26 08:32,168646,0,1441792,3,region3_4
2019-10-26 08:32,168778,0,8388608,4,region3_1
2019-10-26 08:32,168799,0,1835008,2,region3_0
2019-10-26 08:32,168802,0,4456448,2,region3_1
2019-10-26 08:32,134182,3538944,262144,1,region3_4
2019-10-26 08:32,698,655360,786432,2,region3_8
2019-10-26 08:32,168892,0,6291456,2,region3_7
2019-10-26 08:32,168893,0,8388608,4,region3_1
2019-10-26 08:32,168906,0,131072,4,region3_0
2019-10-26 08:32,698,655360,786432,2,region3_8
2019-10-26 08:32,134182,7995392,262144,1,region3_4
2019-10-26 08:32,131403,3145728,131072,1,region3_4
2019-10-26 08:32,169103,0,131072,4,region3_0
2019-10-26 08:32,134182,655360,131072,1,region3_4
2019-10-26 08:32,55680,1310720,1441792,1,region3_4
2019-10-26 08:32,131599,0,1179648,1,region3_4
2019-10-26 08:32,134182,3670016,262144,1,region3_4
2019-10-26 08:32,131403,7995392,131072,1,region3_4
2019-10-26 08:32,109290,0,131072,2,region3_0
2019-10-26 08:32,131403,917504,262144,1,region3_4
2019-10-26 08:32,169425,0,8388608,2,region3_1
2019-10-26 08:32,148819,0,131072,2,region3_0
2019-10-26 08:32,134182,262144,131072,1,region3_4
2019-10-26 08:32,169500,0,8388608,3,region3_4
2019-10-26 08:32,698,655360,786432,2,region3_8
2019-10-26 08:32,134182,5505024,131072,1,region3_4
2019-10-26 08:32,134182,786432,262144,1,region3_4
2019-10-26 08:32,148938,0,131072,2,region3_0
2019-10-26 08:32,698,655360,786432,2,region3_8
2019-10-26 08:32,169643,0,131072,2,region3_0
2019-10-26 08:32,133784,7995392,393216,1,region3_4
2019-10-26 08:32,113593,0,131072,2,region3_0
2019-10-26 08:32,698,655360,786432,2,region3_8
2019-10-26 08:32,55680,4063232,1441792,1,region3_4
2019-10-26 08:32,169688,0,131072,4,region3_6
2019-10-26 08:32,149800,0,131072,2,region3_0
2019-10-26 08:32,149471,0,131072,2,region3_0
2019-10-26 08:32,698,655360,786432,2,region3_8
2019-10-26 08:32,131403,3801088,131072,1,region3_4
2019-10-26 08:32,134182,5111808,262144,1,region3_4
2019-10-26 08:32,169817,0,131072,4,region3_0
2019-10-26 08:32,698,655360,786432,2,region3_8
2019-10-26 08:32,150175,0,262144,2,region3_0
2019-10-26 08:32,115902,0,131072,2,region3_0
2019-10-26 08:32,134182,4980736,131072,1,region3_4
2019-10-26 08:32,698,655360,786432,2,region3_8
2019-10-26 08:32,10120,0,131072,2,region3_0
2019-10-26 08:32,169905,0,14811136,3,region3_5
2019-10-26 08:32,114995,0,131072,2,region3_0
2019-10-26 08:32,14465,0,131072,2,region3_0
2019-10-26 08:32,698,655360,786432,2,region3_8
2019-10-26 08:32,170026,0,131072,2,region3_0
2019-10-26 08:32,134182,5636096,262144,1,region3_4
2019-10-26 08:32,55680,6815744,1441792,1,region3_4
2019-10-26 08:32,134182,5505024,262144,1,region3_4
2019-10-26 08:32,698,655360,786432,2,region3_8
2019-10-26 08:32,698,655360,786432,2,region3_8
2019-10-26 08:32,149975,0,131072,2,region3_0
2019-10-26 08:32,170223,0,131072,2,region3_0
2019-10-26 08:32,170242,0,131072,2,region3_0
2019-10-26 08:32,10353,0,131072,2,region3_0
2019-10-26 08:32,116234,0,131072,2,region3_0
2019-10-26 08:33,170358,0,1441792,4,region3_0
2019-10-26 08:33,170369,0,131072,2,region3_0
2019-10-26 08:33,170387,0,131072,4,region3_0
2019-10-26 08:33,131403,7208960,262144,1,region3_4
2019-10-26 08:33,114214,0,131072,2,region3_0
2019-10-26 08:33,170462,0,131072,2,region3_0
2019-10-26 08:33,698,655360,786432,2,region3_8
2019-10-26 08:33,170470,0,8388608,4,region3_1
2019-10-26 08:33,698,655360,786432,2,region3_8
2019-10-26 08:33,113717,0,131072,2,region3_0
2019-10-26 08:33,115840,0,131072,2,region3_0
2019-10-26 08:33,698,655360,786432,2,region3_8
2019-10-26 08:33,131403,7340032,131072,1,region3_4
2019-10-26 08:33,124709,0,131072,2,region3_0
2019-10-26 08:33,698,655360,786432,2,region3_8
2019-10-26 08:33,131403,4718592,262144,1,region3_4
2019-10-26 08:33,12107,0,131072,2,region3_0
2019-10-26 08:33,120265,0,131072,2,region3_0
2019-10-26 08:33,698,655360,786432,2,region3_8
2019-10-26 08:33,698,655360,786432,2,region3_8
2019-10-26 08:33,134182,5242880,131072,1,region3_4
2019-10-26 08:33,698,655360,786432,2,region3_8
2019-10-26 08:33,698,655360,786432,2,region3_8
2019-10-26 08:33,8754,0,262144,2,region3_0
2019-10-26 08:33,698,655360,786432,2,region3_8
2019-10-26 08:33,171004,0,131072,2,region3_0
2019-10-26 08:33,11797,0,131072,2,region3_0
2019-10-26 08:33,15575,0,131072,2,region3_0
2019-10-26 08:33,133955,2752512,1572864,1,region3_4
2019-10-26 08:33,26423,0,131072,2,region3_0
2019-10-26 08:33,14466,0,131072,2,region3_0
2019-10-26 08:33,171060,0,131072,2,region3_0
2019-10-26 08:33,698,655360,786432,2,region3_8
2019-10-26 08:33,131403,2621440,262144,1,region3_4
2019-10-26 08:33,698,655360,786432,2,region3_8
2019-10-26 08:33,171119,0,131072,2,region3_0
2019-10-26 08:33,131403,5505024,131072,1,region3_4
2019-10-26 08:33,698,655360,786432,2,region3_8
2019-10-26 08:33,17953,0,131072,2,region3_0
2019-10-26 08:33,120759,0,131072,2,region3_0
2019-10-26 08:33,134182,4063232,262144,1,region3_4
2019-10-26 08:33,171276,0,131072,2,region3_0
2019-10-26 08:33,120273,0,131072,2,region3_0
2019-10-26 08:33,21902,0,131072,2,region3_0
2019-10-26 08:33,125847,0,131072,2,region3_0
2019-10-26 08:33,698,655360,786432,2,region3_8
2019-10-26 08:33,171482,0,6553600,4,region3_1
2019-10-26 08:33,143633,4718592,1572864,1,region3_4
2019-10-26 08:33,123381,0,131072,2,region3_0
2019-10-26 08:33,171611,0,655360,4,region3_0
2019-10-26 08:33,131403,3538944,131072,1,region3_4
2019-10-26 08:33,171625,0,8388608,4,region3_1
2019-10-26 08:33,171626,1835008,3670016,2,region3_0
2019-10-26 08:33,60904,0,262144,2,region3_0
2019-10-26 08:33,171843,0,6029312,4,region3_1
2019-10-26 08:33,698,655360,786432,2,region3_8
2019-10-26 08:33,127204,0,131072,2,region3_0
2019-10-26 08:33,131403,6946816,131072,1,region3_4
2019-10-26 08:33,171942,0,131072,2,region3_0
2019-10-26 08:33,55680,8126464,262144,1,region3_4
2019-10-26 08:33,58724,0,262144,2,region3_0
2019-10-26 08:33,172036,0,1835008,4,region3_0
2019-10-26 08:33,59285,0,262144,2,region3_0
2019-10-26 08:33,28090,0,131072,2,region3_0
2019-10-26 08:33,131403,8257536,131072,1,region3_4
2019-10-26 08:33,172209,0,131072,2,region3_0
2019-10-26 08:33,172307,0,131072,2,region3_0
2019-10-26 08:33,22033,0,131072,2,region3_0
2019-10-26 08:33,124829,0,131072,2,region3_0
2019-10-26 08:33,60488,0,262144,2,region3_0
2019-10-26 08:33,172597,0,131072,2,region3_0
2019-10-26 08:33,172808,0,131072,2,region3_0
2019-10-26 08:33,172908,0,262144,2,region3_0
2019-10-26 08:33,32385,0,131072,2,region3_0
2019-10-26 08:33,131403,7471104,131072,1,region3_4
2019-10-26 08:33,173001,0,131072,2,region3_0
2019-10-26 08:33,698,655360,786432,2,region3_8
2019-10-26 08:33,59293,0,262144,2,region3_0
2019-10-26 08:33,173187,0,131072,2,region3_0
2019-10-26 08:33,698,655360,786432,2,region3_8
2019-10-26 08:33,30724,0,131072,2,region3_4
2019-10-26 08:33,61910,0,262144,2,region3_0
2019-10-26 08:33,173875,0,131072,2,region3_0
2019-10-26 08:33,173899,0,131072,2,region3_0
2019-10-26 08:33,173953,0,131072,2,region3_0
2019-10-26 08:33,174076,0,131072,2,region3_0
2019-10-26 08:33,173187,0,131072,2,region3_0
2019-10-26 08:33,134182,5898240,262144,1,region3_4
2019-10-26 08:33,698,655360,786432,2,region3_8
2019-10-26 08:33,174406,0,131072,2,region3_0
2019-10-26 08:33,174507,0,131072,2,region3_0
2019-10-26 08:33,134182,8257536,131072,1,region3_4
2019-10-26 08:33,174598,0,131072,2,region3_0
2019-10-26 08:33,53,0,131072,2,region3_0
2019-10-26 08:33,174637,0,262144,2,region3_0
2019-10-26 08:33,139769,2359296,1572864,1,region3_4
2019-10-26 08:33,987,0,262144,2,region3_0
2019-10-26 08:33,131403,7077888,262144,1,region3_4
2019-10-26 08:33,62534,0,262144,2,region3_0
2019-10-26 08:33,698,655360,786432,2,region3_8
2019-10-26 08:33,175168,0,131072,2,region3_0
2019-10-26 08:33,175239,0,131072,4,region3_1
2019-10-26 08:33,131403,7077888,131072,1,region3_4
2019-10-26 08:33,175534,0,131072,2,region3_0
2019-10-26 08:33,10365,0,131072,2,region3_0
2019-10-26 08:33,175664,0,8388608,4,region3_2
2019-10-26 08:33,698,655360,786432,2,region3_8
2019-10-26 08:33,175705,0,131072,2,region3_0
2019-10-26 08:33,175728,0,8388608,4,region3_2
2019-10-26 08:33,23879,0,131072,2,region3_0
2019-10-26 08:33,131403,4194304,262144,1,region3_4
2019-10-26 08:33,8270,0,262144,2,region3_0
2019-10-26 08:33,19552,0,131072,2,region3_0
2019-10-26 08:33,16415,0,131072,2,region3_0
2019-10-26 08:33,176281,0,262144,2,region3_0
2019-10-26 08:33,509,0,131072,2,region3_0
2019-10-26 08:33,176357,0,262144,2,region3_0
2019-10-26 08:33,139769,5111808,1572864,1,region3_4
2019-10-26 08:33,30636,0,131072,2,region3_0
2019-10-26 08:33,174507,0,131072,2,region3_0
2019-10-26 08:33,176675,0,8388608,3,region3_4
2019-10-26 08:33,6801,0,131072,2,region3_0
2019-10-26 08:33,131403,6422528,262144,1,region3_4
2019-10-26 08:33,13193,0,131072,2,region3_0
2019-10-26 08:33,134182,7864320,262144,1,region3_4
2019-10-26 08:33,139769,7864320,524288,1,region3_4
2019-10-26 08:33,176936,0,8388608,4,region3_0
2019-10-26 08:33,27477,0,131072,2,region3_0
2019-10-26 08:33,35613,0,131072,2,region3_0
2019-10-26 08:33,25990,0,131072,2,region3_0
2019-10-26 08:33,177042,0,131072,2,region3_0
2019-10-26 08:33,134182,5898240,131072,1,region3_4
2019-10-26 08:33,134182,7208960,262144,1,region3_4
2019-10-26 08:33,15994,0,131072,2,region3_0
2019-10-26 08:33,31072,0,131072,2,region3_0
2019-10-26 08:33,177364,917504,5898240,2,region3_1
2019-10-26 08:33,177399,0,131072,2,region3_0
2019-10-26 08:33,26749,0,131072,2,region3_0
2019-10-26 08:33,177443,0,262144,2,region3_0
2019-10-26 08:33,177469,0,262144,4,region3_0
2019-10-26 08:33,65148,0,262144,2,region3_0
2019-10-26 08:33,134182,1966080,131072,1,region3_4
2019-10-26 08:33,138626,655360,1179648,2,region3_0
2019-10-26 08:33,37544,0,131072,2,region3_0
2019-10-26 08:33,177769,0,262144,2,region3_0
2019-10-26 08:33,177820,0,131072,2,region3_0
2019-10-26 08:33,177953,0,131072,4,region3_6
2019-10-26 08:33,20059,0,131072,2,region3_0
2019-10-26 08:33,698,655360,786432,2,region3_8
2019-10-26 08:33,134182,7733248,262144,1,region3_4
2019-10-26 08:33,698,655360,786432,2,region3_8
2019-10-26 08:33,178381,0,262144,4,region3_0
2019-10-26 08:33,178386,0,131072,2,region3_0
2019-10-26 08:33,698,655360,786432,2,region3_8
2019-10-26 08:33,178457,0,131072,2,region3_0
2019-10-26 08:33,178473,0,262144,2,region3_0
2019-10-26 08:33,7556,0,262144,2,region3_0
2019-10-26 08:33,23151,0,131072,2,region3_0
2019-10-26 08:33,38680,0,131072,2,region3_0
2019-10-26 08:33,22736,0,131072,2,region3_0
2019-10-26 08:33,178697,0,8388608,4,region3_1
2019-10-26 08:33,178735,0,262144,2,region3_0
2019-10-26 08:33,178782,0,131072,2,region3_0
2019-10-26 08:33,1663,0,131072,2,region3_0
2019-10-26 08:33,143803,4063232,1441792,1,region3_4
2019-10-26 08:33,10084,0,131072,2,region3_0
2019-10-26 08:33,131403,2883584,131072,1,region3_4
2019-10-26 08:33,13193,0,131072,2,region3_0
2019-10-26 08:33,4773,0,262144,2,region3_0
2019-10-26 08:33,178985,0,131072,2,region3_0
2019-10-26 08:33,9067,0,262144,2,region3_0
2019-10-26 08:33,13771,0,262144,2,region3_0
2019-10-26 08:33,179105,0,131072,2,region3_0
2019-10-26 08:33,179116,0,262144,4,region3_0
2019-10-26 08:33,7672,0,131072,2,region3_0
2019-10-26 08:33,38519,0,131072,2,region3_0
2019-10-26 08:33,698,655360,786432,2,region3_8
2019-10-26 08:33,19031,0,131072,2,region3_0
2019-10-26 08:33,698,655360,786432,2,region3_8
2019-10-26 08:33,4128,0,131072,2,region3_0
2019-10-26 08:33,179351,0,262144,2,region3_0
2019-10-26 08:33,25990,0,131072,2,region3_0
2019-10-26 08:33,14600,0,262144,2,region3_0
2019-10-26 08:33,179456,0,131072,2,region3_0
2019-10-26 08:33,20347,0,131072,2,region3_0
2019-10-26 08:33,698,655360,786432,2,region3_8
2019-10-26 08:33,131403,6291456,131072,1,region3_4
2019-10-26 08:33,41074,0,131072,2,region3_0
2019-10-26 08:33,30724,0,131072,2,region3_0
2019-10-26 08:33,131403,5636096,262144,1,region3_4
2019-10-26 08:33,698,655360,786432,2,region3_8
2019-10-26 08:33,698,655360,786432,2,region3_8
2019-10-26 08:33,6801,0,131072,2,region3_0
2019-10-26 08:33,719,0,131072,2,region3_0
2019-10-26 08:33,179990,0,131072,4,region3_6
2019-10-26 08:33,180067,0,262144,2,region3_0
2019-10-26 08:33,10604,0,262144,2,region3_0
2019-10-26 08:34,90872,2621440,1441792,1,region3_4
2019-10-26 08:34,20024,0,262144,2,region3_0
2019-10-26 08:34,13175,0,262144,2,region3_0
2019-10-26 08:34,29302,0,131072,2,region3_0
2019-10-26 08:34,180498,0,131072,2,region3_0
2019-10-26 08:34,180559,0,131072,2,region3_0
2019-10-26 08:34,28068,0,131072,2,region3_0
2019-10-26 08:34,131403,0,131072,1,region3_4
2019-10-26 08:34,698,655360,786432,2,region3_8
2019-10-26 08:34,180656,0,262144,2,region3_0
2019-10-26 08:34,180675,0,131072,2,region3_0
2019-10-26 08:34,20657,0,262144,2,region3_0
2019-10-26 08:34,698,655360,786432,2,region3_8
2019-10-26 08:34,141564,262144,1572864,1,region3_4
2019-10-26 08:34,180764,0,262144,2,region3_0
2019-10-26 08:34,134182,1048576,131072,1,region3_4
2019-10-26 08:34,698,655360,786432,2,region3_8
2019-10-26 08:34,10084,0,131072,2,region3_0
2019-10-26 08:34,7672,0,131072,2,region3_0
2019-10-26 08:34,181087,0,131072,2,region3_0
2019-10-26 08:34,181133,0,655360,4,region3_0
2019-10-26 08:34,181206,0,1835008,4,region3_0
2019-10-26 08:34,1663,0,131072,2,region3_0
2019-10-26 08:34,24743,0,262144,2,region3_0
2019-10-26 08:34,11993,0,131072,2,region3_0
2019-10-26 08:34,18616,0,262144,2,region3_0
2019-10-26 08:34,181405,0,131072,2,region3_0
2019-10-26 08:34,181451,0,131072,2,region3_0
2019-10-26 08:34,181453,0,131072,2,region3_0
2019-10-26 08:34,698,655360,786432,2,region3_8
2019-10-26 08:34,134182,1572864,262144,1,region3_4
2019-10-26 08:34,181538,0,393216,2,region3_4
2019-10-26 08:34,181553,0,131072,2,region3_0
2019-10-26 08:34,181572,0,8388608,3,region3_4
2019-10-26 08:34,36664,0,131072,2,region3_0
2019-10-26 08:34,181605,0,131072,2,region3_0
2019-10-26 08:34,19031,0,131072,2,region3_0
2019-10-26 08:34,23623,0,131072,2,region3_0
2019-10-26 08:34,181709,0,131072,2,region3_0
2019-10-26 08:34,698,655360,786432,2,region3_8
2019-10-26 08:34,698,655360,786432,2,region3_8
2019-10-26 08:34,181782,0,131072,2,region3_0
2019-10-26 08:34,26842,0,131072,2,region3_0
2019-10-26 08:34,181933,0,131072,2,region3_0
2019-10-26 08:34,698,655360,786432,2,region3_8
2019-10-26 08:34,181984,0,131072,2,region3_0
2019-10-26 08:34,56582,0,917504,2,region3_0
2019-10-26 08:34,1632,0,131072,2,region3_0
2019-10-26 08:34,56582,786432,1048576,2,region3_0
2019-10-26 08:34,143633,6160384,1441792,1,region3_4
2019-10-26 08:34,29302,0,131072,2,region3_0
2019-10-26 08:34,182025,0,131072,4,region3_0
2019-10-26 08:34,698,655360,786432,2,region3_8
2019-10-26 08:34,698,655360,786432,2,region3_8
2019-10-26 08:34,698,655360,786432,2,region3_8
2019-10-26 08:34,182118,0,262144,2,region3_0
2019-10-26 08:34,28816,0,131072,2,region3_0
2019-10-26 08:34,131403,7471104,262144,1,region3_4
2019-10-26 08:34,131403,5898240,262144,1,region3_4
2019-10-26 08:34,134182,3407872,131072,1,region3_4
2019-10-26 08:34,182290,0,262144,2,region3_0
2019-10-26 08:34,182383,0,8388608,3,region3_4
2019-10-26 08:34,182401,0,131072,2,region3_0
2019-10-26 08:34,32608,0,131072,2,region3_0
2019-10-26 08:34,698,655360,786432,2,region3_8
2019-10-26 08:34,59285,0,262144,2,region3_4
2019-10-26 08:34,698,655360,786432,2,region3_8
2019-10-26 08:34,134182,6553600,262144,1,region3_4
2019-10-26 08:34,182673,0,8388608,4,region3_2
2019-10-26 08:34,698,655360,786432,2,region3_8
2019-10-26 08:34,7876,0,131072,2,region3_0
2019-10-26 08:34,44685,0,131072,2,region3_0
2019-10-26 08:34,21014,0,131072,2,region3_0
2019-10-26 08:34,182856,0,8388608,2,region3_7
2019-10-26 08:34,182877,0,8388608,2,region3_1
2019-10-26 08:34,131403,5111808,262144,1,region3_4
2019-10-26 08:34,182958,0,8388608,3,region3_4
2019-10-26 08:34,183069,0,7602176,2,region3_7
2019-10-26 08:34,37761,0,131072,2,region3_0
2019-10-26 08:34,131403,524288,131072,1,region3_4
2019-10-26 08:34,134182,3801088,131072,1,region3_4
2019-10-26 08:34,131403,2752512,131072,1,region3_4
2019-10-26 08:34,183258,0,393216,4,region3_0
2019-10-26 08:34,32608,0,131072,2,region3_0
2019-10-26 08:34,141564,5767168,1441792,1,region3_4
2019-10-26 08:34,698,655360,786432,2,region3_8
2019-10-26 08:34,131403,524288,131072,1,region3_4
2019-10-26 08:34,131403,5898240,131072,1,region3_4
2019-10-26 08:34,183480,0,8388608,2,region3_7
2019-10-26 08:34,698,655360,786432,2,region3_8
2019-10-26 08:34,698,655360,786432,2,region3_8
2019-10-26 08:34,131403,1310720,131072,1,region3_4
2019-10-26 08:34,698,655360,786432,2,region3_8
2019-10-26 08:34,23653,0,131072,2,region3_0
2019-10-26 08:34,134182,2883584,131072,1,region3_4
2019-10-26 08:34,698,655360,786432,2,region3_8
2019-10-26 08:34,698,655360,786432,2,region3_8
2019-10-26 08:34,183745,0,262144,4,region3_0
2019-10-26 08:34,183775,0,4194304,4,region3_12
2019-10-26 08:34,135060,0,655360,2,region3_4
2019-10-26 08:34,133417,0,786432,2,region3_4
2019-10-26 08:34,37761,0,131072,2,region3_0
2019-10-26 08:34,698,655360,786432,2,region3_8
2019-10-26 08:34,131403,3670016,131072,1,region3_4
2019-10-26 08:34,90872,1310720,1441792,1,region3_4
2019-10-26 08:34,134182,1966080,131072,1,region3_4
2019-10-26 08:34,138819,0,655360,2,region3_4
2019-10-26 08:34,134182,1179648,131072,1,region3_4
2019-10-26 08:34,131403,262144,262144,1,region3_4
2019-10-26 08:34,184169,0,8388608,3,region3_4
2019-10-26 08:34,698,655360,786432,2,region3_8
2019-10-26 08:34,131403,5505024,262144,1,region3_4
2019-10-26 08:34,698,655360,786432,2,region3_8
2019-10-26 08:34,184288,0,8388608,3,region3_4
2019-10-26 08:34,131403,7471104,131072,1,region3_4
2019-10-26 08:34,698,655360,786432,2,region3_8
2019-10-26 08:34,131403,7864320,131072,1,region3_4
2019-10-26 08:34,698,655360,786432,2,region3_8
2019-10-26 08:34,184696,0,8388608,2,region3_7
2019-10-26 08:34,698,655360,786432,2,region3_8
2019-10-26 08:34,698,655360,786432,2,region3_8
2019-10-26 08:34,131403,2359296,131072,1,region3_4
2019-10-26 08:34,12989,0,131072,2,region3_0
2019-10-26 08:34,131403,1966080,262144,1,region3_4
2019-10-26 08:34,698,655360,786432,2,region3_8
2019-10-26 08:34,134182,3014656,131072,1,region3_4
2019-10-26 08:34,698,655360,786432,2,region3_8
2019-10-26 08:34,24854,0,131072,2,region3_0
2019-10-26 08:34,185121,0,8388608,3,region3_4
2019-10-26 08:34,185245,0,8388608,4,region3_2
2019-10-26 08:35,134182,4194304,262144,1,region3_4
2019-10-26 08:35,25632,0,131072,2,region3_0
2019-10-26 08:35,185266,0,131072,2,region3_0
2019-10-26 08:35,19764,0,131072,2,region3_0
2019-10-26 08:35,185282,0,131072,4,region3_0
2019-10-26 08:35,185288,0,8388608,3,region3_4
2019-10-26 08:35,185290,0,131072,2,region3_0
2019-10-26 08:35,20959,0,131072,2,region3_0
2019-10-26 08:35,185325,0,1835008,4,region3_0
2019-10-26 08:35,21789,0,131072,2,region3_0
2019-10-26 08:35,134182,4849664,131072,1,region3_4
2019-10-26 08:35,32238,0,131072,2,region3_0
2019-10-26 08:35,185720,0,6684672,2,region3_1
2019-10-26 08:35,698,655360,786432,2,region3_8
2019-10-26 08:35,44579,0,131072,2,region3_4
2019-10-26 08:35,185815,0,131072,2,region3_0
2019-10-26 08:35,185868,0,393216,4,region3_0
2019-10-26 08:35,26523,0,131072,2,region3_0
2019-10-26 08:35,131403,8126464,262144,1,region3_4
2019-10-26 08:35,134182,2359296,262144,1,region3_4
2019-10-26 08:35,698,655360,786432,2,region3_8
2019-10-26 08:35,124236,0,655360,2,region3_4
2019-10-26 08:35,131403,0,262144,1,region3_4
2019-10-26 08:35,698,655360,786432,2,region3_8
2019-10-26 08:35,186254,0,131072,4,region3_0
2019-10-26 08:35,186284,0,131072,4,region3_0
2019-10-26 08:35,134182,524288,262144,1,region3_4
2019-10-26 08:35,698,655360,786432,2,region3_8
2019-10-26 08:35,55680,2621440,1572864,1,region3_4
2019-10-26 08:35,186336,0,131072,4,region3_0
2019-10-26 08:35,186380,0,131072,4,region3_0
2019-10-26 08:35,43359,0,131072,2,region3_4
2019-10-26 08:35,698,655360,786432,2,region3_8
2019-10-26 08:35,698,655360,786432,2,region3_8
2019-10-26 08:35,31826,0,6553600,2,region3_7
2019-10-26 08:35,698,655360,786432,2,region3_8
2019-10-26 08:35,186500,0,131072,4,region3_0
2019-10-26 08:35,698,655360,786432,2,region3_8
2019-10-26 08:35,134182,4456448,131072,1,region3_4
2019-10-26 08:35,134182,655360,262144,1,region3_4
2019-10-26 08:35,131599,1048576,1572864,1,region3_4
2019-10-26 08:35,186709,0,131072,2,region3_0
2019-10-26 08:35,131403,131072,262144,1,region3_4
2019-10-26 08:35,186730,0,131072,2,region3_0
2019-10-26 08:35,698,655360,786432,2,region3_8
2019-10-26 08:35,186852,0,8388608,3,region3_4
2019-10-26 08:35,151942,0,2097152,1,region3_4
2019-10-26 08:35,87864,6029312,1441792,1,region3_4
2019-10-26 08:35,186935,0,262144,4,region3_0
2019-10-26 08:35,23864,0,262144,2,region3_0
2019-10-26 08:35,698,655360,786432,2,region3_8
2019-10-26 08:35,187009,0,131072,4,region3_0
2019-10-26 08:35,187215,0,7471104,2,region3_7
2019-10-26 08:35,141187,0,2097152,1,region3_4
2019-10-26 08:35,151942,2097152,2097152,1,region3_4
2019-10-26 08:35,131403,1048576,262144,1,region3_4
2019-10-26 08:35,187397,0,8388608,3,region3_4
2019-10-26 08:35,134182,7471104,131072,1,region3_4
2019-10-26 08:35,134182,1048576,262144,1,region3_4
2019-10-26 08:35,187428,0,131072,4,region3_0
2019-10-26 08:35,131403,5242880,262144,1,region3_4
2019-10-26 08:35,131403,6684672,262144,1,region3_4
2019-10-26 08:35,133784,2752512,1441792,1,region3_4
2019-10-26 08:35,698,655360,786432,2,region3_8
2019-10-26 08:35,141187,2097152,2097152,1,region3_4
2019-10-26 08:35,134182,3932160,262144,1,region3_4
2019-10-26 08:35,134182,2228224,131072,1,region3_4
2019-10-26 08:35,698,655360,786432,2,region3_8
2019-10-26 08:35,131403,3145728,262144,1,region3_4
2019-10-26 08:35,151942,4194304,2097152,1,region3_4
2019-10-26 08:35,187947,0,8388608,2,region3_7
2019-10-26 08:35,141187,4194304,2097152,1,region3_4
2019-10-26 08:35,188078,0,8388608,3,region3_5
2019-10-26 08:35,131403,4063232,131072,1,region3_4
2019-10-26 08:35,188267,0,262144,4,region3_0
2019-10-26 08:35,188269,0,131072,4,region3_0
2019-10-26 08:35,188304,0,131072,2,region3_0
2019-10-26 08:35,151942,6291456,2097152,1,region3_4
2019-10-26 08:35,188428,0,131072,2,region3_4
2019-10-26 08:35,188454,0,131072,2,region3_0
2019-10-26 08:35,131403,6291456,131072,1,region3_4
2019-10-26 08:35,131403,5767168,262144,1,region3_4
2019-10-26 08:35,188501,0,6684672,2,region3_1
2019-10-26 08:35,188536,0,8388608,2,region3_7
2019-10-26 08:35,188501,6553600,131072,2,region3_1
2019-10-26 08:35,188614,0,393216,2,region3_4
2019-10-26 08:35,698,655360,786432,2,region3_8
2019-10-26 08:35,698,655360,786432,2,region3_8
2019-10-26 08:35,698,655360,786432,2,region3_8
2019-10-26 08:35,188832,0,131072,2,region3_0
2019-10-26 08:35,134182,1703936,131072,1,region3_4
2019-10-26 08:35,698,655360,786432,2,region3_8
2019-10-26 08:35,141187,6291456,2097152,1,region3_4
2019-10-26 08:35,188903,0,131072,2,region3_4
2019-10-26 08:35,189028,0,131072,4,region3_0
2019-10-26 08:35,134182,0,131072,1,region3_4
2019-10-26 08:35,189403,0,131072,4,region3_0
2019-10-26 08:36,134182,1179648,262144,1,region3_4
2019-10-26 08:36,698,655360,786432,2,region3_8
2019-10-26 08:36,166268,0,131072,2,region3_4
2019-10-26 08:36,189753,0,262144,2,region3_4
2019-10-26 08:36,164231,0,131072,2,region3_4
2019-10-26 08:36,698,655360,786432,2,region3_8
2019-10-26 08:36,163887,0,131072,2,region3_4
2019-10-26 08:36,698,655360,786432,2,region3_8
2019-10-26 08:36,698,655360,786432,2,region3_8
2019-10-26 08:36,698,655360,786432,2,region3_8
2019-10-26 08:36,131403,1966080,131072,1,region3_4
2019-10-26 08:36,166268,0,131072,2,region3_4
2019-10-26 08:36,131403,7995392,262144,1,region3_4
2019-10-26 08:36,163887,0,131072,2,region3_4
2019-10-26 08:36,164231,0,131072,2,region3_4
2019-10-26 08:36,190151,6422528,1179648,2,region3_7
2019-10-26 08:36,131403,6815744,131072,1,region3_4
2019-10-26 08:36,190151,0,6946816,2,region3_7
2019-10-26 08:36,134182,3145728,131072,1,region3_4
2019-10-26 08:36,139769,6553600,1441792,1,region3_4
2019-10-26 08:36,134182,1835008,131072,1,region3_4
2019-10-26 08:36,160662,0,131072,2,region3_4
2019-10-26 08:36,190341,0,131072,2,region3_0
2019-10-26 08:36,190344,0,131072,2,region3_0
2019-10-26 08:36,190463,0,6684672,4,region3_1
2019-10-26 08:36,190566,0,131072,4,region3_0
2019-10-26 08:36,160662,0,131072,2,region3_4
2019-10-26 08:36,190640,0,8388608,4,region3_1
2019-10-26 08:36,190713,0,262144,2,region3_4
2019-10-26 08:36,131403,6815744,131072,1,region3_4
2019-10-26 08:36,190859,0,131072,2,region3_0
2019-10-26 08:36,190903,0,8388608,2,region3_7
2019-10-26 08:36,190965,0,8388608,2,region3_7
2019-10-26 08:36,190990,0,8388608,4,region3_1
2019-10-26 08:36,191132,0,8388608,2,region3_7
2019-10-26 08:36,134182,7995392,131072,1,region3_4
2019-10-26 08:36,166268,0,131072,2,region3_4
2019-10-26 08:36,164231,0,131072,2,region3_4
2019-10-26 08:36,143633,2097152,1441792,1,region3_4
2019-10-26 08:36,163887,0,131072,2,region3_4
2019-10-26 08:36,191313,0,8388608,3,region3_4
2019-10-26 08:36,164231,0,131072,2,region3_4
2019-10-26 08:36,166268,0,131072,2,region3_4
2019-10-26 08:36,698,655360,786432,2,region3_8
2019-10-26 08:36,163887,0,131072,2,region3_4
2019-10-26 08:36,87864,524288,1572864,1,region3_4
2019-10-26 08:36,134182,5373952,262144,1,region3_4
2019-10-26 08:36,191413,0,8388608,5,region3_3
2019-10-26 08:36,191552,0,8388608,4,region3_1
2019-10-26 08:36,191602,0,131072,2,region3_0
2019-10-26 08:36,160662,0,131072,2,region3_4
2019-10-26 08:36,191738,0,131072,4,region3_0
2019-10-26 08:36,160662,0,131072,2,region3_4
2019-10-26 08:36,131403,262144,131072,1,region3_4
2019-10-26 08:36,140593,0,786432,2,region3_0
2019-10-26 08:36,192080,0,2228224,3,region3_4
2019-10-26 08:36,192092,0,262144,2,region3_4
2019-10-26 08:36,131403,3932160,131072,1,region3_4
2019-10-26 08:36,192382,0,131072,4,region3_0
2019-10-26 08:36,8872,0,131072,2,region3_4
2019-10-26 08:36,192556,0,14680064,3,region3_5
2019-10-26 08:36,192632,0,131072,4,region3_17
2019-10-26 08:36,192676,0,131072,4,region3_17
2019-10-26 08:36,134182,6029312,131072,1,region3_4
2019-10-26 08:36,192739,0,6684672,4,region3_1
2019-10-26 08:36,23869,0,393216,2,region3_4
2019-10-26 08:36,698,655360,786432,2,region3_8
2019-10-26 08:36,192817,0,6946816,5,region3_3
2019-10-26 08:36,192885,0,8388608,2,region3_7
2019-10-26 08:36,192886,0,7733248,4,region3_1
2019-10-26 08:36,134182,5636096,131072,1,region3_4
2019-10-26 08:36,192976,0,131072,4,region3_0
2019-10-26 08:36,131403,4063232,262144,1,region3_4
2019-10-26 08:36,698,655360,786432,2,region3_8
2019-10-26 08:36,193062,0,8388608,4,region3_2
2019-10-26 08:36,134182,4587520,131072,1,region3_4
2019-10-26 08:36,698,655360,786432,2,region3_8
2019-10-26 08:36,164231,0,131072,2,region3_4
2019-10-26 08:36,166268,0,131072,2,region3_4
2019-10-26 08:36,163887,0,131072,2,region3_4
2019-10-26 08:36,193203,0,6160384,4,region3_6
2019-10-26 08:36,698,655360,786432,2,region3_8
2019-10-26 08:36,698,655360,786432,2,region3_8
2019-10-26 08:36,193481,0,131072,2,region3_0
2019-10-26 08:36,134182,8126464,131072,1,region3_4
2019-10-26 08:36,160662,0,131072,2,region3_4
2019-10-26 08:36,698,655360,786432,2,region3_8
2019-10-26 08:37,193734,0,8388608,4,region3_6
2019-10-26 08:37,193891,0,8388608,4,region3_1
2019-10-26 08:37,131403,6160384,131072,1,region3_4
2019-10-26 08:37,698,655360,786432,2,region3_8
2019-10-26 08:37,194001,0,8388608,3,region3_4
2019-10-26 08:37,194082,0,131072,4,region3_0
2019-10-26 08:37,194191,0,3145728,4,region3_1
2019-10-26 08:37,134182,1310720,131072,1,region3_4
2019-10-26 08:37,194331,0,8388608,4,region3_1
2019-10-26 08:37,194379,0,131072,4,region3_0
2019-10-26 08:37,194402,0,262144,4,region3_1
2019-10-26 08:37,194403,0,131072,2,region3_0
2019-10-26 08:37,194595,0,131072,4,region3_0
2019-10-26 08:37,109290,0,131072,2,region3_0
2019-10-26 08:37,134182,7077888,131072,1,region3_4
2019-10-26 08:37,698,655360,786432,2,region3_8
2019-10-26 08:37,698,655360,786432,2,region3_8
2019-10-26 08:37,698,655360,786432,2,region3_8
2019-10-26 08:37,19968,0,131072,2,region3_4
2019-10-26 08:37,194905,0,262144,4,region3_0
2019-10-26 08:37,194942,0,8388608,4,region3_2
2019-10-26 08:37,698,655360,786432,2,region3_8
2019-10-26 08:37,698,655360,786432,2,region3_8
2019-10-26 08:37,698,655360,786432,2,region3_8
2019-10-26 08:37,698,655360,786432,2,region3_8
2019-10-26 08:37,195263,0,6553600,3,region3_4
2019-10-26 08:37,698,655360,786432,2,region3_8
2019-10-26 08:37,195283,0,6815744,4,region3_1
2019-10-26 08:37,195360,0,262144,4,region3_11
2019-10-26 08:37,195394,0,8388608,3,region3_4
2019-10-26 08:37,698,655360,786432,2,region3_8
2019-10-26 08:37,44720,0,131072,2,region3_4
2019-10-26 08:37,195489,0,131072,4,region3_1
2019-10-26 08:37,195525,0,2883584,2,region3_7
2019-10-26 08:37,698,655360,786432,2,region3_8
2019-10-26 08:37,195558,0,8388608,2,region3_1
2019-10-26 08:37,698,655360,786432,2,region3_8
2019-10-26 08:37,195605,0,8388608,4,region3_1
2019-10-26 08:37,114995,0,131072,2,region3_0
2019-10-26 08:37,698,655360,786432,2,region3_8
2019-10-26 08:37,698,655360,786432,2,region3_8
2019-10-26 08:37,195792,0,262144,4,region3_11
2019-10-26 08:37,195840,0,262144,4,region3_11
2019-10-26 08:37,698,655360,786432,2,region3_8
2019-10-26 08:37,698,655360,786432,2,region3_8
2019-10-26 08:37,698,655360,786432,2,region3_8
2019-10-26 08:37,698,655360,786432,2,region3_8
2019-10-26 08:37,698,655360,786432,2,region3_8
2019-10-26 08:37,115902,0,131072,2,region3_0
2019-10-26 08:37,196017,0,6815744,4,region3_1
2019-10-26 08:37,698,655360,786432,2,region3_8
2019-10-26 08:37,196026,0,9306112,3,region3_4
2019-10-26 08:37,113717,0,131072,2,region3_0
2019-10-26 08:37,698,655360,786432,2,region3_8
2019-10-26 08:37,113593,0,131072,2,region3_0
2019-10-26 08:37,116234,0,131072,2,region3_0
2019-10-26 08:37,196236,0,8388608,4,region3_13
2019-10-26 08:37,120265,0,131072,2,region3_0
2019-10-26 08:37,196270,0,8388608,5,region3_3
2019-10-26 08:37,196363,0,131072,4,region3_0
2019-10-26 08:37,134182,3407872,131072,1,region3_4
2019-10-26 08:37,114214,0,131072,2,region3_0
2019-10-26 08:37,120759,0,131072,2,region3_0
2019-10-26 08:37,74686,0,131072,2,region3_0
2019-10-26 08:37,115840,0,131072,2,region3_0
2019-10-26 08:37,120273,0,131072,2,region3_0
2019-10-26 08:37,196595,0,524288,4,region3_6
2019-10-26 08:37,74684,0,131072,2,region3_0
2019-10-26 08:37,118538,0,262144,2,region3_0
2019-10-26 08:37,75593,0,131072,2,region3_0
2019-10-26 08:37,75242,0,131072,2,region3_0
2019-10-26 08:37,75193,0,131072,2,region3_0
2019-10-26 08:37,196706,0,131072,2,region3_0
2019-10-26 08:37,196742,0,131072,4,region3_1
2019-10-26 08:37,74949,0,131072,2,region3_0
2019-10-26 08:37,123381,0,131072,2,region3_0
2019-10-26 08:37,196915,0,393216,4,region3_1
2019-10-26 08:37,76865,0,131072,2,region3_0
2019-10-26 08:37,120902,0,393216,2,region3_0
2019-10-26 08:37,698,655360,786432,2,region3_8
2019-10-26 08:37,196995,0,8388608,3,region3_4
2019-10-26 08:37,121610,0,393216,2,region3_0
2019-10-26 08:37,125847,0,131072,2,region3_0
2019-10-26 08:37,698,655360,786432,2,region3_8
2019-10-26 08:37,197079,0,131072,2,region3_0
2019-10-26 08:37,124829,0,131072,2,region3_0
2019-10-26 08:37,122059,0,393216,2,region3_0
2019-10-26 08:37,78060,0,131072,2,region3_0
2019-10-26 08:37,76339,0,131072,2,region3_0
2019-10-26 08:37,197262,0,8388608,4,region3_2
2019-10-26 08:37,127204,0,131072,2,region3_0
2019-10-26 08:37,124709,0,131072,2,region3_0
2019-10-26 08:37,139055,0,1835008,2,region3_0
2019-10-26 08:37,77121,0,131072,2,region3_0
2019-10-26 08:37,77828,0,131072,2,region3_0
2019-10-26 08:37,197449,0,8388608,4,region3_2
2019-10-26 08:37,76170,0,131072,2,region3_0
2019-10-26 08:37,131403,5767168,131072,1,region3_4
2019-10-26 08:38,76889,0,131072,2,region3_0
2019-10-26 08:38,698,655360,786432,2,region3_8
2019-10-26 08:38,77853,0,131072,2,region3_0
2019-10-26 08:38,197723,0,262144,4,region3_0
2019-10-26 08:38,195394,0,2097152,1,region3_4
2019-10-26 08:38,78476,0,131072,2,region3_0
2019-10-26 08:38,195394,2097152,2097152,1,region3_4
2019-10-26 08:38,126552,0,262144,2,region3_0
2019-10-26 08:38,195394,4194304,2097152,1,region3_4
2019-10-26 08:38,698,655360,786432,2,region3_8
2019-10-26 08:38,195394,6291456,2097152,1,region3_4
2019-10-26 08:38,126963,0,393216,2,region3_0
2019-10-26 08:38,698,655360,786432,2,region3_8
2019-10-26 08:38,78497,0,131072,2,region3_0
2019-10-26 08:38,77356,0,131072,2,region3_0
2019-10-26 08:38,127858,0,524288,2,region3_0
2019-10-26 08:38,198059,0,8388608,3,region3_4
2019-10-26 08:38,198100,0,9437184,3,region3_4
2019-10-26 08:38,198132,3276800,5111808,2,region3_7
2019-10-26 08:38,149674,0,2097152,1,region3_4
2019-10-26 08:38,198132,0,3407872,2,region3_7
2019-10-26 08:38,128963,0,262144,2,region3_0
2019-10-26 08:38,198319,0,524288,4,region3_1
2019-10-26 08:38,198361,0,131072,4,region3_16
2019-10-26 08:38,129156,0,393216,2,region3_0
2019-10-26 08:38,78130,0,131072,2,region3_0
2019-10-26 08:38,698,655360,786432,2,region3_8
2019-10-26 08:38,698,655360,786432,2,region3_8
2019-10-26 08:38,149674,2097152,2097152,1,region3_4
2019-10-26 08:38,698,655360,786432,2,region3_8
2019-10-26 08:38,698,655360,786432,2,region3_8
2019-10-26 08:38,187397,0,2097152,1,region3_4
2019-10-26 08:38,78536,0,131072,2,region3_0
2019-10-26 08:38,698,655360,786432,2,region3_8
2019-10-26 08:38,132358,0,262144,2,region3_0
2019-10-26 08:38,130464,0,393216,2,region3_0
2019-10-26 08:38,149674,4194304,2097152,1,region3_4
2019-10-26 08:38,187397,2097152,2097152,1,region3_4
2019-10-26 08:38,79887,0,131072,2,region3_0
2019-10-26 08:38,698,655360,786432,2,region3_8
2019-10-26 08:38,80397,0,131072,2,region3_0
2019-10-26 08:38,80459,0,131072,2,region3_0
2019-10-26 08:38,187397,4194304,2097152,1,region3_4
2019-10-26 08:38,132309,0,393216,2,region3_0
2019-10-26 08:38,132409,0,262144,2,region3_0
2019-10-26 08:38,149674,6291456,2097152,1,region3_4
2019-10-26 08:38,698,655360,786432,2,region3_8
2019-10-26 08:38,698,655360,786432,2,region3_8
2019-10-26 08:38,199308,0,5898240,4,region3_27
2019-10-26 08:38,187397,6291456,2097152,1,region3_4
2019-10-26 08:38,698,655360,786432,2,region3_8
2019-10-26 08:38,698,655360,786432,2,region3_8
2019-10-26 08:38,698,655360,786432,2,region3_8
2019-10-26 08:38,698,655360,786432,2,region3_8
2019-10-26 08:38,698,655360,786432,2,region3_8
2019-10-26 08:38,698,655360,786432,2,region3_8
2019-10-26 08:38,134510,0,262144,2,region3_0
2019-10-26 08:38,698,655360,786432,2,region3_8
2019-10-26 08:38,698,655360,786432,2,region3_8
2019-10-26 08:38,133984,0,393216,2,region3_0
2019-10-26 08:38,199764,0,8388608,2,region3_7
2019-10-26 08:38,199788,0,131072,4,region3_0
2019-10-26 08:38,698,655360,786432,2,region3_8
2019-10-26 08:38,698,655360,786432,2,region3_8
2019-10-26 08:38,199882,0,131072,4,region3_0
2019-10-26 08:38,698,655360,786432,2,region3_8
2019-10-26 08:38,698,655360,786432,2,region3_8
2019-10-26 08:38,199983,0,8388608,3,region3_4
2019-10-26 08:38,200067,0,1835008,2,region3_0
2019-10-26 08:38,111542,0,131072,2,region3_0
2019-10-26 08:38,200246,0,6291456,4,region3_1
2019-10-26 08:38,200326,0,5898240,4,region3_27
2019-10-26 08:38,200332,0,262144,4,region3_0
2019-10-26 08:38,698,655360,786432,2,region3_8
2019-10-26 08:38,186852,0,2097152,1,region3_4
2019-10-26 08:38,200404,0,131072,4,region3_0
2019-10-26 08:38,200428,0,131072,4,region3_0
2019-10-26 08:38,131403,3670016,262144,1,region3_4
2019-10-26 08:38,698,655360,786432,2,region3_8
2019-10-26 08:38,698,655360,786432,2,region3_8
2019-10-26 08:38,698,655360,786432,2,region3_8
2019-10-26 08:38,200649,0,131072,4,region3_0
2019-10-26 08:38,698,655360,786432,2,region3_8
2019-10-26 08:38,200674,0,5898240,2,region3_1
2019-10-26 08:38,186852,2097152,2097152,1,region3_4
2019-10-26 08:38,698,655360,786432,2,region3_8
2019-10-26 08:38,698,655360,786432,2,region3_8
2019-10-26 08:39,698,655360,786432,2,region3_8
2019-10-26 08:39,698,655360,786432,2,region3_8
2019-10-26 08:39,200674,5767168,917504,2,region3_1
2019-10-26 08:39,698,655360,786432,2,region3_8
2019-10-26 08:39,698,655360,786432,2,region3_8
2019-10-26 08:39,199983,0,2097152,1,region3_4
2019-10-26 08:39,200906,0,131072,4,region3_0
2019-10-26 08:39,199983,2097152,2097152,1,region3_4
2019-10-26 08:39,698,655360,786432,2,region3_8
2019-10-26 08:39,199983,4194304,2097152,1,region3_4
2019-10-26 08:39,199983,6291456,2097152,1,region3_4
2019-10-26 08:39,698,655360,786432,2,region3_8
2019-10-26 08:39,186852,4194304,2097152,1,region3_4
2019-10-26 08:39,698,655360,786432,2,region3_8
2019-10-26 08:39,111794,0,131072,2,region3_0
2019-10-26 08:39,698,655360,786432,2,region3_8
2019-10-26 08:39,698,655360,786432,2,region3_8
2019-10-26 08:39,698,655360,786432,2,region3_8
2019-10-26 08:39,201100,0,131072,2,region3_0
2019-10-26 08:39,201109,0,2097152,4,region3_1
2019-10-26 08:39,698,655360,786432,2,region3_8
2019-10-26 08:39,201242,0,131072,4,region3_0
2019-10-26 08:39,201255,0,131072,4,region3_0
2019-10-26 08:39,186852,6291456,2097152,1,region3_4
2019-10-26 08:39,201304,0,131072,4,region3_0
2019-10-26 08:39,201319,0,131072,4,region3_0
2019-10-26 08:39,698,655360,786432,2,region3_8
2019-10-26 08:39,201389,0,8388608,4,region3_11
2019-10-26 08:39,698,655360,786432,2,region3_8
2019-10-26 08:39,698,655360,786432,2,region3_8
2019-10-26 08:39,201465,0,131072,2,region3_0
2019-10-26 08:39,145762,0,1835008,2,region3_0
2019-10-26 08:39,698,655360,786432,2,region3_8
2019-10-26 08:39,201615,0,131072,4,region3_0
2019-10-26 08:39,698,655360,786432,2,region3_8
2019-10-26 08:39,201722,0,131072,5,region3_3
2019-10-26 08:39,201770,0,3670016,2,region3_0
2019-10-26 08:39,201788,0,262144,4,region3_0
2019-10-26 08:39,698,655360,786432,2,region3_8
2019-10-26 08:39,698,655360,786432,2,region3_8
2019-10-26 08:39,146092,0,1835008,2,region3_0
2019-10-26 08:39,201919,0,1835008,2,region3_0
2019-10-26 08:39,698,655360,786432,2,region3_8
2019-10-26 08:39,698,655360,786432,2,region3_8
2019-10-26 08:39,201978,0,6553600,4,region3_17
2019-10-26 08:39,201986,0,131072,4,region3_0
2019-10-26 08:39,698,655360,786432,2,region3_8
2019-10-26 08:39,142899,655360,1179648,2,region3_0
2019-10-26 08:39,698,655360,786432,2,region3_8
2019-10-26 08:39,698,655360,786432,2,region3_8
2019-10-26 08:39,698,655360,786432,2,region3_8
2019-10-26 08:39,698,655360,786432,2,region3_8
2019-10-26 08:39,698,655360,786432,2,region3_8
2019-10-26 08:39,698,655360,786432,2,region3_8
2019-10-26 08:39,202461,0,131072,4,region3_0
2019-10-26 08:39,698,655360,786432,2,region3_8
2019-10-26 08:39,202548,0,8388608,4,region3_1
2019-10-26 08:39,698,655360,786432,2,region3_8
2019-10-26 08:39,698,655360,786432,2,region3_8
2019-10-26 08:39,202598,0,8388608,4,region3_6
2019-10-26 08:39,202604,0,393216,4,region3_0
2019-10-26 08:39,698,655360,786432,2,region3_8
2019-10-26 08:39,202654,0,131072,4,region3_0
2019-10-26 08:39,698,655360,786432,2,region3_8
2019-10-26 08:39,202700,0,131072,2,region3_0
2019-10-26 08:39,698,655360,786432,2,region3_8
2019-10-26 08:39,38058,0,131072,2,region3_0
2019-10-26 08:39,43363,0,131072,2,region3_0
2019-10-26 08:39,698,655360,786432,2,region3_8
2019-10-26 08:39,202971,0,131072,2,region3_0
2019-10-26 08:39,202998,0,131072,4,region3_0
2019-10-26 08:39,203006,0,131072,4,region3_0
2019-10-26 08:39,172808,0,131072,2,region3_0
2019-10-26 08:39,203090,0,1835008,2,region3_0
2019-10-26 08:39,203093,0,8388608,2,region3_1
2019-10-26 08:39,143196,0,1835008,2,region3_0
2019-10-26 08:39,203166,0,1835008,2,region3_0
2019-10-26 08:39,203265,0,131072,4,region3_0
2019-10-26 08:39,148816,0,917504,2,region3_0
2019-10-26 08:39,698,655360,786432,2,region3_8
2019-10-26 08:39,698,655360,786432,2,region3_8
2019-10-26 08:39,44513,0,131072,2,region3_0
2019-10-26 08:39,44671,0,131072,2,region3_0
2019-10-26 08:39,203644,0,6553600,4,region3_17
2019-10-26 08:39,174598,0,131072,2,region3_0
2019-10-26 08:39,9400,0,393216,2,region3_0
2019-10-26 08:39,45037,0,131072,2,region3_0
2019-10-26 08:39,204038,0,393216,2,region3_0
2019-10-26 08:39,46550,0,131072,2,region3_0
2019-10-26 08:39,5436,0,393216,2,region3_0
2019-10-26 08:39,176357,0,262144,2,region3_0
2019-10-26 08:39,39274,0,131072,2,region3_0
2019-10-26 08:39,698,655360,786432,2,region3_8
2019-10-26 08:39,698,655360,786432,2,region3_8
2019-10-26 08:39,204221,0,262144,4,region3_0
2019-10-26 08:39,698,655360,786432,2,region3_8
2019-10-26 08:40,150636,0,1703936,2,region3_0
2019-10-26 08:40,204377,0,1835008,2,region3_0
2019-10-26 08:40,698,655360,786432,2,region3_8
2019-10-26 08:40,166268,0,131072,2,region3_4
2019-10-26 08:40,15926,0,393216,2,region3_0
2019-10-26 08:40,164231,0,131072,2,region3_4
2019-10-26 08:40,698,655360,786432,2,region3_8
2019-10-26 08:40,13685,0,393216,2,region3_0
2019-10-26 08:40,163887,0,131072,2,region3_4
2019-10-26 08:40,698,655360,786432,2,region3_8
2019-10-26 08:40,204544,0,3932160,3,region3_5
2019-10-26 08:40,698,655360,786432,2,region3_8
2019-10-26 08:40,204595,0,131072,4,region3_0
2019-10-26 08:40,219,0,393216,2,region3_0
2019-10-26 08:40,698,655360,786432,2,region3_8
2019-10-26 08:40,698,655360,786432,2,region3_8
2019-10-26 08:40,178473,0,262144,2,region3_0
2019-10-26 08:40,698,655360,786432,2,region3_8
2019-10-26 08:40,698,655360,786432,2,region3_8
2019-10-26 08:40,698,655360,786432,2,region3_8
2019-10-26 08:40,47856,0,131072,2,region3_0
2019-10-26 08:40,698,655360,786432,2,region3_8
2019-10-26 08:40,698,655360,786432,2,region3_8
2019-10-26 08:40,698,655360,786432,2,region3_8
2019-10-26 08:40,21037,0,393216,2,region3_0
2019-10-26 08:40,698,655360,786432,2,region3_8
2019-10-26 08:40,160662,0,131072,2,region3_4
2019-10-26 08:40,698,655360,786432,2,region3_8
2019-10-26 08:40,698,655360,786432,2,region3_8
2019-10-26 08:40,698,655360,786432,2,region3_8
2019-10-26 08:40,698,655360,786432,2,region3_8
2019-10-26 08:40,179456,0,131072,2,region3_0
2019-10-26 08:40,23315,0,393216,2,region3_0
2019-10-26 08:40,205069,0,6815744,2,region3_1
2019-10-26 08:40,698,655360,786432,2,region3_8
2019-10-26 08:40,23086,0,393216,2,region3_0
2019-10-26 08:40,205204,0,524288,4,region3_17
2019-10-26 08:40,178457,0,131072,2,region3_0
2019-10-26 08:40,180675,0,131072,2,region3_0
2019-10-26 08:40,205290,0,1703936,2,region3_0
2019-10-26 08:40,49844,0,131072,2,region3_0
2019-10-26 08:40,181451,0,131072,2,region3_0
2019-10-26 08:40,205567,0,131072,4,region3_0
2019-10-26 08:40,181453,0,131072,2,region3_0
2019-10-26 08:40,698,655360,786432,2,region3_8
2019-10-26 08:40,698,655360,786432,2,region3_8
2019-10-26 08:40,181605,0,131072,2,region3_0
2019-10-26 08:40,93459,0,4194304,1,region3_5
2019-10-26 08:40,205867,0,8388608,3,region3_5
2019-10-26 08:40,698,655360,786432,2,region3_8
2019-10-26 08:40,52630,0,131072,2,region3_0
2019-10-26 08:40,698,655360,786432,2,region3_8
2019-10-26 08:40,698,655360,786432,2,region3_8
2019-10-26 08:40,698,655360,786432,2,region3_8
2019-10-26 08:40,698,655360,786432,2,region3_8
2019-10-26 08:40,48270,0,131072,2,region3_0
2019-10-26 08:40,698,655360,786432,2,region3_8
2019-10-26 08:40,50385,0,131072,2,region3_0
2019-10-26 08:40,698,655360,786432,2,region3_8
2019-10-26 08:40,51217,0,131072,2,region3_0
2019-10-26 08:40,206243,0,8388608,4,region3_2
2019-10-26 08:40,698,655360,786432,2,region3_8
2019-10-26 08:40,206392,0,6684672,4,region3_1
2019-10-26 08:40,206393,524288,1179648,2,region3_0
2019-10-26 08:40,698,655360,786432,2,region3_8
2019-10-26 08:40,206479,0,8388608,2,region3_7
2019-10-26 08:40,698,655360,786432,2,region3_8
2019-10-26 08:40,698,655360,786432,2,region3_8
2019-10-26 08:40,206567,393216,7995392,2,region3_7
2019-10-26 08:40,698,655360,786432,2,region3_8
2019-10-26 08:40,206608,0,131072,4,region3_0
2019-10-26 08:40,698,655360,786432,2,region3_8
2019-10-26 08:40,698,655360,786432,2,region3_8
2019-10-26 08:40,206652,0,655360,4,region3_0
2019-10-26 08:40,698,655360,786432,2,region3_8
2019-10-26 08:40,206713,0,7340032,2,region3_7
2019-10-26 08:40,206742,0,131072,2,region3_0
2019-10-26 08:40,206764,0,1703936,2,region3_0
2019-10-26 08:40,698,655360,786432,2,region3_8
2019-10-26 08:40,698,655360,786432,2,region3_8
2019-10-26 08:40,206987,0,8388608,4,region3_6
2019-10-26 08:40,207183,0,8388608,3,region3_4
2019-10-26 08:40,207183,0,2097152,1,region3_4
2019-10-26 08:41,44583,0,1441792,2,region3_0
2019-10-26 08:41,698,655360,786432,2,region3_8
2019-10-26 08:41,207326,0,8388608,2,region3_7
2019-10-26 08:41,207333,0,655360,4,region3_0
2019-10-26 08:41,698,655360,786432,2,region3_8
2019-10-26 08:41,698,655360,786432,2,region3_8
2019-10-26 08:41,207387,0,131072,4,region3_0
2019-10-26 08:41,698,655360,786432,2,region3_8
2019-10-26 08:41,207433,0,655360,3,region3_5
2019-10-26 08:41,207481,0,8388608,2,region3_7
2019-10-26 08:41,207493,0,5111808,4,region3_6
2019-10-26 08:41,207494,0,131072,2,region3_0
2019-10-26 08:41,207516,0,7340032,3,region3_5
2019-10-26 08:41,207520,0,131072,4,region3_0
2019-10-26 08:41,698,655360,786432,2,region3_8
2019-10-26 08:41,207709,0,131072,4,region3_0
2019-10-26 08:41,698,655360,786432,2,region3_8
2019-10-26 08:41,698,655360,786432,2,region3_8
2019-10-26 08:41,698,655360,786432,2,region3_8
2019-10-26 08:41,698,655360,786432,2,region3_8
2019-10-26 08:41,698,655360,786432,2,region3_8
2019-10-26 08:41,207819,0,5111808,4,region3_6
2019-10-26 08:41,698,655360,786432,2,region3_8
2019-10-26 08:41,698,655360,786432,2,region3_8
2019-10-26 08:41,698,655360,786432,2,region3_8
2019-10-26 08:41,207949,0,6422528,2,region3_7
2019-10-26 08:41,698,655360,786432,2,region3_8
2019-10-26 08:41,698,655360,786432,2,region3_8
2019-10-26 08:41,208007,0,6553600,2,region3_7
2019-10-26 08:41,208083,0,131072,4,region3_0
2019-10-26 08:41,143529,0,3276800,2,region3_0
2019-10-26 08:41,698,655360,786432,2,region3_8
2019-10-26 08:41,698,655360,786432,2,region3_8
2019-10-26 08:41,698,655360,786432,2,region3_8
2019-10-26 08:41,698,655360,786432,2,region3_8
2019-10-26 08:41,698,655360,786432,2,region3_8
2019-10-26 08:41,698,655360,786432,2,region3_8
2019-10-26 08:41,208190,0,1835008,2,region3_0
2019-10-26 08:41,53916,0,131072,2,region3_0
2019-10-26 08:41,208222,0,9306112,3,region3_4
2019-10-26 08:41,207183,2097152,2097152,1,region3_4
2019-10-26 08:41,207183,4194304,2097152,1,region3_4
2019-10-26 08:41,207183,6291456,2097152,1,region3_4
2019-10-26 08:41,168175,0,2097152,1,region3_4
2019-10-26 08:41,208341,0,131072,2,region3_0
2019-10-26 08:41,698,655360,786432,2,region3_8
2019-10-26 08:41,698,655360,786432,2,region3_8
2019-10-26 08:41,698,655360,786432,2,region3_8
2019-10-26 08:41,698,655360,786432,2,region3_8
2019-10-26 08:41,168175,2097152,2097152,1,region3_4
2019-10-26 08:41,169905,0,2752512,1,region3_5
2019-10-26 08:41,698,655360,786432,2,region3_8
2019-10-26 08:41,698,655360,786432,2,region3_8
2019-10-26 08:41,168175,4194304,2097152,1,region3_4
2019-10-26 08:41,93459,4194304,4194304,1,region3_5
2019-10-26 08:41,25619,0,262144,2,region3_0
2019-10-26 08:41,165528,0,2621440,1,region3_5
2019-10-26 08:41,698,655360,786432,2,region3_8
2019-10-26 08:41,31462,0,262144,2,region3_0
2019-10-26 08:41,209330,0,131072,2,region3_0
2019-10-26 08:41,209421,0,262144,2,region3_0
2019-10-26 08:41,698,655360,786432,2,region3_8
2019-10-26 08:41,24431,0,262144,2,region3_0
2019-10-26 08:41,698,655360,786432,2,region3_8
2019-10-26 08:41,698,655360,786432,2,region3_8
2019-10-26 08:41,143801,0,2621440,1,region3_5
2019-10-26 08:41,52134,0,262144,2,region3_0
2019-10-26 08:41,698,655360,786432,2,region3_8
2019-10-26 08:41,698,655360,786432,2,region3_8
2019-10-26 08:41,168175,6291456,2097152,1,region3_4
2019-10-26 08:41,10703,0,262144,2,region3_0
2019-10-26 08:41,698,655360,786432,2,region3_8
2019-10-26 08:41,698,655360,786432,2,region3_8
2019-10-26 08:41,698,655360,786432,2,region3_8
2019-10-26 08:41,209747,0,131072,2,region3_0
2019-10-26 08:41,698,655360,786432,2,region3_8
2019-10-26 08:41,209793,0,8388608,3,region3_3
2019-10-26 08:41,209895,0,8388608,2,region3_7
2019-10-26 08:41,7085,0,262144,2,region3_0
2019-10-26 08:41,210042,393216,2752512,2,region3_4
2019-10-26 08:41,16386,0,262144,2,region3_0
2019-10-26 08:41,16858,0,262144,2,region3_0
2019-10-26 08:41,210157,0,8388608,4,region3_6
2019-10-26 08:42,210243,0,8388608,4,region3_1
2019-10-26 08:42,10434,0,262144,2,region3_0
2019-10-26 08:42,12528,0,262144,2,region3_0
2019-10-26 08:42,210409,0,8388608,4,region3_1
2019-10-26 08:42,210432,0,131072,4,region3_2
2019-10-26 08:42,13795,0,262144,2,region3_0
2019-10-26 08:42,210512,0,8388608,4,region3_16
2019-10-26 08:42,191313,0,2097152,1,region3_4
2019-10-26 08:42,12606,0,262144,2,region3_0
2019-10-26 08:42,698,655360,786432,2,region3_8
2019-10-26 08:42,210595,0,8388608,3,region3_5
2019-10-26 08:42,171626,1835008,3670016,2,region3_4
2019-10-26 08:42,698,655360,786432,2,region3_8
2019-10-26 08:42,14049,0,262144,2,region3_0
2019-10-26 08:42,14711,0,262144,2,region3_0
2019-10-26 08:42,210670,0,8388608,4,region3_16
2019-10-26 08:42,15898,0,262144,2,region3_0
2019-10-26 08:42,210867,0,131072,2,region3_0
2019-10-26 08:42,191313,2097152,2097152,1,region3_4
2019-10-26 08:42,25968,0,262144,2,region3_0
2019-10-26 08:42,211081,0,8388608,4,region3_2
2019-10-26 08:42,191313,4194304,2097152,1,region3_4
2019-10-26 08:42,211515,917504,3932160,2,region3_4
2019-10-26 08:42,191313,6291456,2097152,1,region3_4
2019-10-26 08:42,168646,0,786432,1,region3_4
2019-10-26 08:42,211568,0,131072,2,region3_0
2019-10-26 08:42,211578,0,7208960,3,region3_4
2019-10-26 08:42,211651,3145728,5242880,2,region3_7
2019-10-26 08:42,211701,0,8388608,4,region3_2
2019-10-26 08:42,211651,0,3276800,2,region3_7
2019-10-26 08:42,168646,655360,786432,1,region3_4
2019-10-26 08:42,211732,0,2621440,4,region3_17
2019-10-26 08:42,698,655360,786432,2,region3_8
2019-10-26 08:42,698,655360,786432,2,region3_8
2019-10-26 08:42,211981,0,4194304,2,region3_4
2019-10-26 08:42,211990,0,6684672,4,region3_1
2019-10-26 08:42,211981,4194304,4194304,2,region3_4
2019-10-26 08:42,157305,0,2097152,1,region3_4
2019-10-26 08:42,698,655360,786432,2,region3_8
2019-10-26 08:42,698,655360,786432,2,region3_8
2019-10-26 08:42,698,655360,786432,2,region3_8
2019-10-26 08:42,157305,2097152,2097152,1,region3_4
2019-10-26 08:42,169905,2621440,2752512,1,region3_5
2019-10-26 08:42,698,655360,786432,2,region3_8
2019-10-26 08:42,698,655360,786432,2,region3_8
2019-10-26 08:42,698,655360,786432,2,region3_8
2019-10-26 08:42,698,655360,786432,2,region3_8
2019-10-26 08:42,157305,4194304,2097152,1,region3_4
2019-10-26 08:42,212291,0,8388608,3,region3_5
2019-10-26 08:42,698,655360,786432,2,region3_8
2019-10-26 08:42,143801,2621440,2621440,1,region3_5
2019-10-26 08:42,698,655360,786432,2,region3_8
2019-10-26 08:42,698,655360,786432,2,region3_8
2019-10-26 08:42,698,655360,786432,2,region3_8
2019-10-26 08:42,212408,0,131072,2,region3_0
2019-10-26 08:42,165528,2621440,2621440,1,region3_5
2019-10-26 08:42,157305,6291456,2097152,1,region3_4
2019-10-26 08:42,698,655360,786432,2,region3_8
2019-10-26 08:42,698,655360,786432,2,region3_8
2019-10-26 08:42,698,655360,786432,2,region3_8
2019-10-26 08:42,212492,0,7471104,2,region3_7
2019-10-26 08:42,698,655360,786432,2,region3_8
2019-10-26 08:42,698,655360,786432,2,region3_8
2019-10-26 08:42,698,655360,786432,2,region3_8
2019-10-26 08:42,52398,0,262144,2,region3_0
2019-10-26 08:42,698,655360,786432,2,region3_8
2019-10-26 08:42,212968,0,131072,2,region3_0
2019-10-26 08:42,698,655360,786432,2,region3_8
2019-10-26 08:43,213109,0,131072,2,region3_0
2019-10-26 08:43,213138,0,131072,2,region3_0
2019-10-26 08:43,50272,0,262144,2,region3_0
2019-10-26 08:43,698,655360,786432,2,region3_8
2019-10-26 08:43,213291,0,131072,2,region3_0
2019-10-26 08:43,172908,0,262144,2,region3_0
2019-10-26 08:43,698,655360,786432,2,region3_8
2019-10-26 08:43,213367,0,131072,2,region3_0
2019-10-26 08:43,56538,0,131072,2,region3_4
2019-10-26 08:43,56701,0,262144,2,region3_0
2019-10-26 08:43,213451,0,8388608,2,region3_7
2019-10-26 08:43,213452,0,131072,2,region3_0
2019-10-26 08:43,698,655360,786432,2,region3_8
2019-10-26 08:43,698,655360,786432,2,region3_8
2019-10-26 08:43,213524,0,131072,2,region3_0
2019-10-26 08:43,213545,0,131072,2,region3_0
2019-10-26 08:43,92670,0,7208960,2,region3_7
2019-10-26 08:43,213618,0,131072,2,region3_0
2019-10-26 08:43,213682,0,262144,2,region3_0
2019-10-26 08:43,38370,0,131072,2,region3_4
2019-10-26 08:43,58128,0,131072,2,region3_4
2019-10-26 08:43,698,655360,786432,2,region3_8
2019-10-26 08:43,52453,0,262144,2,region3_0
2019-10-26 08:43,213824,0,131072,2,region3_0
2019-10-26 08:43,698,655360,786432,2,region3_8
2019-10-26 08:43,698,655360,786432,2,region3_8
2019-10-26 08:43,213946,0,131072,2,region3_0
2019-10-26 08:43,93459,8388608,4194304,1,region3_5
2019-10-26 08:43,52449,0,262144,2,region3_0
2019-10-26 08:43,157890,0,131072,2,region3_4
2019-10-26 08:43,214356,0,393216,2,region3_0
2019-10-26 08:43,55856,0,262144,2,region3_0
2019-10-26 08:43,214500,0,131072,2,region3_0
2019-10-26 08:43,188304,0,131072,2,region3_4
2019-10-26 08:43,214549,0,262144,2,region3_0
2019-10-26 08:43,60090,0,393216,2,region3_0
2019-10-26 08:43,214623,0,262144,2,region3_0
2019-10-26 08:43,698,655360,786432,2,region3_8
2019-10-26 08:43,15316,0,131072,2,region3_0
2019-10-26 08:43,194001,0,2097152,1,region3_4
2019-10-26 08:43,59465,0,393216,2,region3_0
2019-10-26 08:43,698,655360,786432,2,region3_8
2019-10-26 08:43,698,655360,786432,2,region3_8
2019-10-26 08:43,214980,0,1048576,2,region3_7
2019-10-26 08:43,171060,0,131072,2,region3_4
2019-10-26 08:43,214980,917504,7471104,2,region3_7
2019-10-26 08:43,73907,0,131072,2,region3_4
2019-10-26 08:43,698,655360,786432,2,region3_8
2019-10-26 08:43,7902,0,131072,2,region3_0
2019-10-26 08:43,174637,0,262144,2,region3_0
2019-10-26 08:43,66187,0,393216,2,region3_0
2019-10-26 08:43,215250,0,131072,2,region3_0
2019-10-26 08:43,53591,0,262144,2,region3_0
2019-10-26 08:43,34296,0,131072,2,region3_0
2019-10-26 08:43,215296,0,131072,2,region3_4
2019-10-26 08:43,698,655360,786432,2,region3_8
2019-10-26 08:43,134182,5505024,131072,1,region3_4
2019-10-26 08:43,698,655360,786432,2,region3_8
2019-10-26 08:43,177042,0,131072,2,region3_0
2019-10-26 08:43,215397,0,8388608,3,region3_5
2019-10-26 08:43,173899,0,131072,2,region3_0
2019-10-26 08:43,37593,0,131072,2,region3_0
2019-10-26 08:43,12494,0,131072,2,region3_0
2019-10-26 08:43,698,655360,786432,2,region3_8
2019-10-26 08:43,55439,0,262144,2,region3_0
2019-10-26 08:43,698,655360,786432,2,region3_8
2019-10-26 08:43,50272,0,262144,2,region3_0
2019-10-26 08:43,698,655360,786432,2,region3_8
2019-10-26 08:43,21835,0,131072,2,region3_0
2019-10-26 08:43,52398,0,262144,2,region3_0
2019-10-26 08:43,215639,0,8388608,4,region3_1
2019-10-26 08:43,176281,0,262144,2,region3_0
2019-10-26 08:43,215779,0,262144,2,region3_0
2019-10-26 08:43,52453,0,262144,2,region3_0
2019-10-26 08:43,215837,0,131072,2,region3_4
2019-10-26 08:43,56196,0,262144,2,region3_0
2019-10-26 08:43,194001,2097152,2097152,1,region3_4
2019-10-26 08:43,215896,0,1835008,2,region3_0
2019-10-26 08:43,215899,0,8388608,3,region3_4
2019-10-26 08:43,36454,0,131072,2,region3_0
2019-10-26 08:43,204038,0,393216,2,region3_0
2019-10-26 08:43,56519,0,262144,2,region3_0
2019-10-26 08:43,177399,0,131072,2,region3_0
2019-10-26 08:43,177769,0,262144,2,region3_0
2019-10-26 08:43,37254,0,131072,2,region3_0
2019-10-26 08:43,56196,0,262144,2,region3_0
2019-10-26 08:43,177443,0,262144,2,region3_0
2019-10-26 08:43,5436,0,393216,2,region3_0
2019-10-26 08:43,52449,0,262144,2,region3_0
2019-10-26 08:43,66277,0,393216,2,region3_0
2019-10-26 08:43,178386,0,131072,2,region3_0
2019-10-26 08:43,2435,0,393216,2,region3_0
2019-10-26 08:43,55856,0,262144,2,region3_0
2019-10-26 08:43,55439,0,262144,2,region3_0
2019-10-26 08:43,182383,0,2097152,1,region3_4
2019-10-26 08:43,177820,0,131072,2,region3_0
2019-10-26 08:43,59465,0,393216,2,region3_0
2019-10-26 08:43,178782,0,131072,2,region3_0
2019-10-26 08:43,56519,0,262144,2,region3_0
2019-10-26 08:43,698,655360,786432,2,region3_8
2019-10-26 08:43,179351,0,262144,2,region3_0
2019-10-26 08:43,9400,0,393216,2,region3_0
2019-10-26 08:43,698,655360,786432,2,region3_8
2019-10-26 08:43,56701,0,262144,2,region3_0
2019-10-26 08:43,698,655360,786432,2,region3_8
2019-10-26 08:43,57015,0,262144,2,region3_0
2019-10-26 08:43,74793,0,131072,2,region3_0
2019-10-26 08:43,178735,0,262144,2,region3_0
2019-10-26 08:43,75728,0,131072,2,region3_0
2019-10-26 08:43,60090,0,393216,2,region3_0
2019-10-26 08:43,58149,0,262144,2,region3_0
2019-10-26 08:43,53591,0,262144,2,region3_0
2019-10-26 08:43,181709,0,131072,2,region3_0
2019-10-26 08:43,698,655360,786432,2,region3_8
2019-10-26 08:43,14080,0,393216,2,region3_0
2019-10-26 08:43,219,0,393216,2,region3_0
2019-10-26 08:43,698,655360,786432,2,region3_8
2019-10-26 08:43,39940,0,131072,2,region3_0
2019-10-26 08:43,115736,0,262144,2,region3_0
2019-10-26 08:43,114668,0,262144,2,region3_0
2019-10-26 08:43,216975,0,262144,2,region3_0
2019-10-26 08:43,21051,0,393216,2,region3_0
2019-10-26 08:43,194001,4194304,2097152,1,region3_4
2019-10-26 08:43,698,655360,786432,2,region3_8
2019-10-26 08:43,124236,0,655360,2,region3_0
2019-10-26 08:43,13827,0,393216,2,region3_0
2019-10-26 08:43,217045,0,1966080,2,region3_7
2019-10-26 08:43,698,655360,786432,2,region3_8
2019-10-26 08:43,20052,0,393216,2,region3_0
2019-10-26 08:43,74686,0,131072,2,region3_0
2019-10-26 08:43,217086,0,131072,2,region3_0
2019-10-26 08:43,698,655360,786432,2,region3_8
2019-10-26 08:43,182383,2097152,2097152,1,region3_4
2019-10-26 08:43,23690,0,393216,2,region3_0
2019-10-26 08:43,217107,0,262144,2,region3_0
2019-10-26 08:43,74684,0,131072,2,region3_0
2019-10-26 08:43,58629,0,262144,2,region3_0
2019-10-26 08:43,217173,0,262144,2,region3_0
2019-10-26 08:43,698,655360,786432,2,region3_8
2019-10-26 08:43,698,655360,786432,2,region3_8
2019-10-26 08:43,180067,0,262144,2,region3_0
2019-10-26 08:43,181405,0,131072,2,region3_0
2019-10-26 08:43,180498,0,131072,2,region3_0
2019-10-26 08:43,75242,0,131072,2,region3_0
2019-10-26 08:43,698,655360,786432,2,region3_8
2019-10-26 08:43,217262,0,131072,2,region3_4
2019-10-26 08:43,75593,0,131072,2,region3_0
2019-10-26 08:43,126433,0,655360,2,region3_0
2019-10-26 08:43,698,655360,786432,2,region3_8
2019-10-26 08:43,698,655360,786432,2,region3_8
2019-10-26 08:43,698,655360,786432,2,region3_8
2019-10-26 08:43,217306,0,8388608,2,region3_7
2019-10-26 08:43,698,655360,786432,2,region3_8
2019-10-26 08:43,59843,0,262144,2,region3_0
2019-10-26 08:43,169905,5242880,2752512,1,region3_5
2019-10-26 08:43,116625,0,262144,2,region3_0
2019-10-26 08:43,61317,0,262144,2,region3_0
2019-10-26 08:43,18512,0,393216,2,region3_0
2019-10-26 08:43,698,655360,786432,2,region3_8
2019-10-26 08:43,698,655360,786432,2,region3_8
2019-10-26 08:43,217390,0,8388608,2,region3_7
2019-10-26 08:43,75193,0,131072,2,region3_0
2019-10-26 08:43,173875,0,131072,2,region3_0
2019-10-26 08:43,698,655360,786432,2,region3_8
2019-10-26 08:43,217445,0,4063232,4,region3_1
2019-10-26 08:43,23869,0,393216,2,region3_0
2019-10-26 08:43,74949,0,131072,2,region3_0
2019-10-26 08:43,19431,0,393216,2,region3_0
2019-10-26 08:43,61496,0,262144,2,region3_0
2019-10-26 08:43,698,655360,786432,2,region3_8
2019-10-26 08:43,61317,0,262144,2,region3_0
2019-10-26 08:43,217532,0,131072,2,region3_0
2019-10-26 08:43,698,655360,786432,2,region3_8
2019-10-26 08:44,175168,0,131072,2,region3_0
2019-10-26 08:44,175534,0,131072,2,region3_0
2019-10-26 08:44,181782,0,131072,2,region3_0
2019-10-26 08:44,66187,0,393216,2,region3_0
2019-10-26 08:44,181553,0,131072,2,region3_0
2019-10-26 08:44,698,655360,786432,2,region3_8
2019-10-26 08:44,24550,0,393216,2,region3_0
2019-10-26 08:44,698,655360,786432,2,region3_8
2019-10-26 08:44,217669,0,131072,2,region3_0
2019-10-26 08:44,76865,0,131072,2,region3_0
2019-10-26 08:44,698,655360,786432,2,region3_8
2019-10-26 08:44,23546,0,393216,2,region3_0
2019-10-26 08:44,182383,4194304,2097152,1,region3_4
2019-10-26 08:44,217733,0,8388608,4,region3_1
2019-10-26 08:44,175705,0,131072,2,region3_0
2019-10-26 08:44,194001,6291456,2097152,1,region3_4
2019-10-26 08:44,698,655360,786432,2,region3_8
2019-10-26 08:44,76339,0,131072,2,region3_0
2019-10-26 08:44,698,655360,786432,2,region3_8
2019-10-26 08:44,15926,0,393216,2,region3_0
2019-10-26 08:44,63286,0,262144,2,region3_0
2019-10-26 08:44,62519,0,262144,2,region3_0
2019-10-26 08:44,128692,0,655360,2,region3_0
2019-10-26 08:44,217780,0,8388608,4,region3_1
2019-10-26 08:44,57015,0,262144,2,region3_0
2019-10-26 08:44,509,0,131072,2,region3_0
2019-10-26 08:44,180764,0,262144,2,region3_0
2019-10-26 08:44,63001,0,262144,2,region3_0
2019-10-26 08:44,151321,0,2097152,1,region3_4
2019-10-26 08:44,29963,0,393216,2,region3_0
2019-10-26 08:44,143801,5242880,2621440,1,region3_5
2019-10-26 08:44,23151,0,131072,2,region3_0
2019-10-26 08:44,698,655360,786432,2,region3_8
2019-10-26 08:44,28310,0,393216,2,region3_0
2019-10-26 08:44,131207,0,655360,2,region3_0
2019-10-26 08:44,63919,0,262144,2,region3_0
2019-10-26 08:44,78060,0,131072,2,region3_0
2019-10-26 08:44,76889,0,131072,2,region3_0
2019-10-26 08:44,13685,0,393216,2,region3_0
2019-10-26 08:44,131449,0,786432,2,region3_0
2019-10-26 08:44,65260,0,262144,2,region3_0
2019-10-26 08:44,77121,0,131072,2,region3_0
2019-10-26 08:44,21037,0,393216,2,region3_0
2019-10-26 08:44,129295,0,786432,2,region3_0
2019-10-26 08:44,151321,2097152,2097152,1,region3_4
2019-10-26 08:44,20059,0,131072,2,region3_0
2019-10-26 08:44,698,655360,786432,2,region3_8
2019-10-26 08:44,77828,0,131072,2,region3_0
2019-10-26 08:44,22736,0,131072,2,region3_0
2019-10-26 08:44,218049,0,131072,2,region3_4
2019-10-26 08:44,218049,9961472,655360,2,region3_4
2019-10-26 08:44,165528,5242880,2621440,1,region3_5
2019-10-26 08:44,218070,0,6946816,2,region3_1
2019-10-26 08:44,698,655360,786432,2,region3_8
2019-10-26 08:44,15994,0,131072,2,region3_0
2019-10-26 08:44,218101,0,8388608,4,region3_2
2019-10-26 08:44,20347,0,131072,2,region3_0
2019-10-26 08:44,698,655360,786432,2,region3_8
2019-10-26 08:44,23289,0,131072,2,region3_0
2019-10-26 08:44,58629,0,262144,2,region3_0
2019-10-26 08:44,180559,0,131072,2,region3_0
2019-10-26 08:44,131463,0,786432,2,region3_0
2019-10-26 08:44,126694,0,262144,2,region3_0
2019-10-26 08:44,698,655360,786432,2,region3_8
2019-10-26 08:44,698,655360,786432,2,region3_8
2019-10-26 08:44,698,655360,786432,2,region3_8
2019-10-26 08:44,698,655360,786432,2,region3_8
2019-10-26 08:44,698,655360,786432,2,region3_8
2019-10-26 08:44,698,655360,786432,2,region3_8
2019-10-26 08:44,151321,4194304,2097152,1,region3_4
2019-10-26 08:44,77853,0,131072,2,region3_0
2019-10-26 08:44,698,655360,786432,2,region3_8
2019-10-26 08:44,66277,0,393216,2,region3_0
2019-10-26 08:44,127223,0,262144,2,region3_0
2019-10-26 08:44,78476,0,131072,2,region3_0
2019-10-26 08:44,698,655360,786432,2,region3_8
2019-10-26 08:44,698,655360,786432,2,region3_8
2019-10-26 08:44,698,655360,786432,2,region3_8
2019-10-26 08:44,28816,0,131072,2,region3_0
2019-10-26 08:44,127394,0,262144,2,region3_0
2019-10-26 08:44,23086,0,393216,2,region3_0
2019-10-26 08:44,23623,0,131072,2,region3_0
2019-10-26 08:44,26842,0,131072,2,region3_0
2019-10-26 08:44,180656,0,262144,2,region3_0
2019-10-26 08:44,2435,0,393216,2,region3_0
2019-10-26 08:44,23315,0,393216,2,region3_0
2019-10-26 08:44,127964,0,262144,2,region3_0
2019-10-26 08:44,77356,0,131072,2,region3_0
2019-10-26 08:44,127542,0,262144,2,region3_0
2019-10-26 08:44,28068,0,131072,2,region3_0
2019-10-26 08:44,182383,6291456,2097152,1,region3_4
2019-10-26 08:44,30724,0,131072,2,region3_0
2019-10-26 08:44,58149,0,262144,2,region3_0
2019-10-26 08:44,151321,6291456,2097152,1,region3_4
2019-10-26 08:44,129891,0,262144,2,region3_0
2019-10-26 08:44,698,655360,786432,2,region3_8
2019-10-26 08:44,218436,0,8388608,2,region3_7
2019-10-26 08:44,134494,0,655360,2,region3_0
2019-10-26 08:44,133417,0,786432,2,region3_0
2019-10-26 08:44,36664,0,131072,2,region3_0
2019-10-26 08:44,698,655360,786432,2,region3_8
2019-10-26 08:44,34601,0,131072,2,region3_0
2019-10-26 08:44,698,655360,786432,2,region3_8
2019-10-26 08:44,78497,0,131072,2,region3_0
2019-10-26 08:44,698,655360,786432,2,region3_8
2019-10-26 08:44,698,655360,786432,2,region3_8
2019-10-26 08:44,218612,0,4063232,4,region3_1
2019-10-26 08:44,130493,0,262144,2,region3_0
2019-10-26 08:44,134462,0,655360,2,region3_0
2019-10-26 08:44,698,655360,786432,2,region3_8
2019-10-26 08:44,14080,0,393216,2,region3_0
2019-10-26 08:44,698,655360,786432,2,region3_8
2019-10-26 08:44,182118,0,262144,2,region3_0
2019-10-26 08:44,182290,0,262144,2,region3_0
2019-10-26 08:44,698,655360,786432,2,region3_8
2019-10-26 08:44,135060,0,655360,2,region3_0
2019-10-26 08:44,698,655360,786432,2,region3_8
2019-10-26 08:44,182401,0,131072,2,region3_0
2019-10-26 08:44,698,655360,786432,2,region3_8
2019-10-26 08:44,124906,0,786432,2,region3_0
2019-10-26 08:44,218779,0,8388608,4,region3_2
2019-10-26 08:44,37947,0,131072,2,region3_0
2019-10-26 08:44,130710,0,262144,2,region3_0
2019-10-26 08:44,698,655360,786432,2,region3_8
2019-10-26 08:44,698,655360,786432,2,region3_8
2019-10-26 08:44,698,655360,786432,2,region3_8
2019-10-26 08:44,698,655360,786432,2,region3_8
2019-10-26 08:44,218821,0,8388608,4,region3_1
2019-10-26 08:44,78536,0,131072,2,region3_0
2019-10-26 08:44,78130,0,131072,2,region3_0
2019-10-26 08:44,698,655360,786432,2,region3_8
2019-10-26 08:44,698,655360,786432,2,region3_8
2019-10-26 08:44,698,655360,786432,2,region3_8
2019-10-26 08:44,21051,0,393216,2,region3_0
2019-10-26 08:44,698,655360,786432,2,region3_8
2019-10-26 08:44,20052,0,393216,2,region3_0
2019-10-26 08:44,132380,0,262144,2,region3_0
2019-10-26 08:44,80397,0,131072,2,region3_0
2019-10-26 08:44,39956,0,131072,2,region3_0
2019-10-26 08:44,698,655360,786432,2,region3_8
2019-10-26 08:44,698,655360,786432,2,region3_8
2019-10-26 08:44,219054,0,6684672,2,region3_7
2019-10-26 08:44,698,655360,786432,2,region3_8
2019-10-26 08:44,698,655360,786432,2,region3_8
2019-10-26 08:44,80459,0,131072,2,region3_0
2019-10-26 08:44,93459,12582912,2359296,1,region3_5
2019-10-26 08:44,37783,0,131072,2,region3_0
2019-10-26 08:44,79887,0,131072,2,region3_0
2019-10-26 08:44,13827,0,393216,2,region3_0
2019-10-26 08:44,698,655360,786432,2,region3_8
2019-10-26 08:44,219220,0,131072,2,region3_0
2019-10-26 08:44,23690,0,393216,2,region3_0
2019-10-26 08:44,219258,0,8388608,4,region3_1
2019-10-26 08:44,219285,0,131072,2,region3_0
2019-10-26 08:44,136933,0,655360,2,region3_0
2019-10-26 08:44,18512,0,393216,2,region3_0
2019-10-26 08:44,698,655360,786432,2,region3_8
2019-10-26 08:44,19431,0,393216,2,region3_0
2019-10-26 08:44,698,655360,786432,2,region3_8
2019-10-26 08:44,219523,0,3538944,3,region3_5
2019-10-26 08:44,698,655360,786432,2,region3_8
2019-10-26 08:44,23869,0,393216,2,region3_0
2019-10-26 08:44,698,655360,786432,2,region3_8
2019-10-26 08:44,24550,0,393216,2,region3_0
2019-10-26 08:44,23546,0,393216,2,region3_0
2019-10-26 08:44,219670,0,8388608,3,region3_5
2019-10-26 08:45,698,655360,786432,2,region3_8
2019-10-26 08:45,698,655360,786432,2,region3_8
2019-10-26 08:45,219769,0,8388608,4,region3_2
2019-10-26 08:45,219793,0,786432,2,region3_0
2019-10-26 08:45,698,655360,786432,2,region3_8
2019-10-26 08:45,698,655360,786432,2,region3_8
2019-10-26 08:45,698,655360,786432,2,region3_8
2019-10-26 08:45,138241,0,655360,2,region3_0
2019-10-26 08:45,29963,0,393216,2,region3_0
2019-10-26 08:45,219922,0,2621440,2,region3_7
2019-10-26 08:45,698,655360,786432,2,region3_8
2019-10-26 08:45,28310,0,393216,2,region3_0
2019-10-26 08:45,219955,0,1441792,5,region3_3
2019-10-26 08:45,169905,7864320,2752512,1,region3_5
2019-10-26 08:45,698,655360,786432,2,region3_8
2019-10-26 08:45,219922,2490368,4325376,2,region3_7
2019-10-26 08:45,698,655360,786432,2,region3_8
2019-10-26 08:45,698,655360,786432,2,region3_8
2019-10-26 08:45,138819,0,655360,2,region3_0
2019-10-26 08:45,698,655360,786432,2,region3_8
2019-10-26 08:45,698,655360,786432,2,region3_8
2019-10-26 08:45,85742,0,1966080,1,region3_5
2019-10-26 08:45,698,655360,786432,2,region3_8
2019-10-26 08:45,163422,0,1441792,1,region3_4
2019-10-26 08:45,139275,0,655360,2,region3_0
2019-10-26 08:45,59843,0,262144,2,region3_0
2019-10-26 08:45,220273,0,131072,2,region3_0
2019-10-26 08:45,63001,0,262144,2,region3_0
2019-10-26 08:45,698,655360,786432,2,region3_8
2019-10-26 08:45,698,655360,786432,2,region3_8
2019-10-26 08:45,61496,0,262144,2,region3_0
2019-10-26 08:45,698,655360,786432,2,region3_8
2019-10-26 08:45,160758,0,2097152,1,region3_4
2019-10-26 08:45,698,655360,786432,2,region3_8
2019-10-26 08:45,141600,0,1441792,1,region3_4
2019-10-26 08:45,698,655360,786432,2,region3_8
2019-10-26 08:45,165528,7864320,2621440,1,region3_5
2019-10-26 08:45,143801,7864320,2621440,1,region3_5
2019-10-26 08:45,160758,2097152,2097152,1,region3_4
2019-10-26 08:45,698,655360,786432,2,region3_8
2019-10-26 08:45,698,655360,786432,2,region3_8
2019-10-26 08:45,160758,4194304,2097152,1,region3_4
2019-10-26 08:45,698,655360,786432,2,region3_8
2019-10-26 08:45,146114,0,3276800,2,region3_0
2019-10-26 08:45,160758,6291456,2097152,1,region3_4
2019-10-26 08:45,698,655360,786432,2,region3_8
2019-10-26 08:45,220548,0,655360,3,region3_24
2019-10-26 08:45,220591,0,5898240,4,region3_31
2019-10-26 08:45,63286,0,262144,2,region3_0
2019-10-26 08:45,204544,0,655360,1,region3_5
2019-10-26 08:45,698,655360,786432,2,region3_8
2019-10-26 08:45,62519,0,262144,2,region3_0
2019-10-26 08:45,698,655360,786432,2,region3_8
2019-10-26 08:45,698,655360,786432,2,region3_8
2019-10-26 08:45,146092,0,1835008,2,region3_0
2019-10-26 08:45,698,655360,786432,2,region3_8
2019-10-26 08:45,220750,0,1966080,5,region3_3
2019-10-26 08:45,698,655360,786432,2,region3_8
2019-10-26 08:45,698,655360,786432,2,region3_8
2019-10-26 08:45,698,655360,786432,2,region3_8
2019-10-26 08:45,698,655360,786432,2,region3_8
2019-10-26 08:45,698,655360,786432,2,region3_8
2019-10-26 08:45,698,655360,786432,2,region3_8
2019-10-26 08:45,698,655360,786432,2,region3_8
2019-10-26 08:45,698,655360,786432,2,region3_8
2019-10-26 08:45,698,655360,786432,2,region3_8
2019-10-26 08:45,220971,0,131072,2,region3_0
2019-10-26 08:45,698,655360,786432,2,region3_8
2019-10-26 08:45,698,655360,786432,2,region3_8
2019-10-26 08:45,698,655360,786432,2,region3_8
2019-10-26 08:45,221098,0,8388608,4,region3_1
2019-10-26 08:45,221146,0,8388608,2,region3_7
2019-10-26 08:45,698,655360,786432,2,region3_8
2019-10-26 08:45,698,655360,786432,2,region3_8
2019-10-26 08:45,698,655360,786432,2,region3_8
2019-10-26 08:46,698,655360,786432,2,region3_8
2019-10-26 08:46,698,655360,786432,2,region3_8
2019-10-26 08:46,698,655360,786432,2,region3_8
2019-10-26 08:46,698,655360,786432,2,region3_8
2019-10-26 08:46,698,655360,786432,2,region3_8
2019-10-26 08:46,134182,5505024,262144,1,region3_4
2019-10-26 08:46,698,655360,786432,2,region3_8
2019-10-26 08:46,698,655360,786432,2,region3_8
2019-10-26 08:46,698,655360,786432,2,region3_8
2019-10-26 08:46,698,655360,786432,2,region3_8
2019-10-26 08:46,698,655360,786432,2,region3_8
2019-10-26 08:46,221383,0,6684672,4,region3_1
2019-10-26 08:46,698,655360,786432,2,region3_8
2019-10-26 08:46,221398,0,8388608,2,region3_7
2019-10-26 08:46,698,655360,786432,2,region3_8
2019-10-26 08:46,698,655360,786432,2,region3_8
2019-10-26 08:46,65260,0,262144,2,region3_0
2019-10-26 08:46,221502,0,3932160,4,region3_33
2019-10-26 08:46,698,655360,786432,2,region3_8
2019-10-26 08:46,169905,10485760,2752512,1,region3_5
2019-10-26 08:46,63919,0,262144,2,region3_0
2019-10-26 08:46,201919,0,1835008,2,region3_0
2019-10-26 08:46,698,655360,786432,2,region3_8
2019-10-26 08:46,221767,0,8388608,4,region3_11
2019-10-26 08:46,698,655360,786432,2,region3_8
2019-10-26 08:46,221798,0,8388608,3,region3_4
2019-10-26 08:46,698,655360,786432,2,region3_8
2019-10-26 08:46,698,655360,786432,2,region3_8
2019-10-26 08:46,698,655360,786432,2,region3_8
2019-10-26 08:46,165528,10485760,2621440,1,region3_5
2019-10-26 08:46,698,655360,786432,2,region3_8
2019-10-26 08:46,85742,1835008,4325376,1,region3_5
2019-10-26 08:46,698,655360,786432,2,region3_8
2019-10-26 08:46,698,655360,786432,2,region3_8
2019-10-26 08:46,222005,0,5111808,4,region3_6
2019-10-26 08:46,698,655360,786432,2,region3_8
2019-10-26 08:46,143801,10485760,2621440,1,region3_5
2019-10-26 08:46,698,655360,786432,2,region3_8
2019-10-26 08:46,698,655360,786432,2,region3_8
2019-10-26 08:46,698,655360,786432,2,region3_8
2019-10-26 08:46,698,655360,786432,2,region3_8
2019-10-26 08:46,698,655360,786432,2,region3_8
2019-10-26 08:46,698,655360,786432,2,region3_8
2019-10-26 08:46,698,655360,786432,2,region3_8
2019-10-26 08:46,698,655360,786432,2,region3_8
2019-10-26 08:46,698,655360,786432,2,region3_8
2019-10-26 08:46,698,655360,786432,2,region3_8
2019-10-26 08:46,698,655360,786432,2,region3_8
2019-10-26 08:46,698,655360,786432,2,region3_8
2019-10-26 08:46,698,655360,786432,2,region3_8
2019-10-26 08:46,698,655360,786432,2,region3_8
2019-10-26 08:46,698,655360,786432,2,region3_8
2019-10-26 08:46,698,655360,786432,2,region3_8
2019-10-26 08:46,222380,0,7077888,4,region3_0
2019-10-26 08:46,698,655360,786432,2,region3_8
2019-10-26 08:46,698,655360,786432,2,region3_8
2019-10-26 08:46,698,655360,786432,2,region3_8
2019-10-26 08:46,698,655360,786432,2,region3_8
2019-10-26 08:46,698,655360,786432,2,region3_8
2019-10-26 08:46,698,655360,786432,2,region3_8
2019-10-26 08:46,73497,0,1835008,2,region3_0
2019-10-26 08:46,698,655360,786432,2,region3_8
2019-10-26 08:46,698,655360,786432,2,region3_8
2019-10-26 08:46,698,655360,786432,2,region3_8
2019-10-26 08:46,698,655360,786432,2,region3_8
2019-10-26 08:47,698,655360,786432,2,region3_8
2019-10-26 08:47,698,655360,786432,2,region3_8
2019-10-26 08:47,698,655360,786432,2,region3_8
2019-10-26 08:47,698,655360,786432,2,region3_8
2019-10-26 08:47,698,655360,786432,2,region3_8
2019-10-26 08:47,143196,0,1835008,2,region3_0
2019-10-26 08:47,698,655360,786432,2,region3_8
2019-10-26 08:47,698,655360,786432,2,region3_8
2019-10-26 08:47,222751,0,3670016,2,region3_7
2019-10-26 08:47,698,655360,786432,2,region3_8
2019-10-26 08:47,222751,3538944,4849664,2,region3_7
2019-10-26 08:47,222803,0,524288,4,region3_2
2019-10-26 08:47,222832,0,262144,2,region3_4
2019-10-26 08:47,698,655360,786432,2,region3_8
2019-10-26 08:47,698,655360,786432,2,region3_8
2019-10-26 08:47,698,655360,786432,2,region3_8
2019-10-26 08:47,698,655360,786432,2,region3_8
2019-10-26 08:47,509,0,131072,2,region3_0
2019-10-26 08:47,169905,13107200,1703936,1,region3_5
2019-10-26 08:47,173001,0,131072,2,region3_0
2019-10-26 08:47,173875,0,131072,2,region3_0
2019-10-26 08:47,698,655360,786432,2,region3_8
2019-10-26 08:47,175168,0,131072,2,region3_0
2019-10-26 08:47,698,655360,786432,2,region3_8
2019-10-26 08:47,175705,0,131072,2,region3_0
2019-10-26 08:47,698,655360,786432,2,region3_8
2019-10-26 08:47,698,655360,786432,2,region3_8
2019-10-26 08:47,175534,0,131072,2,region3_0
2019-10-26 08:47,23151,0,131072,2,region3_0
2019-10-26 08:47,223317,0,1835008,4,region3_2
2019-10-26 08:47,698,655360,786432,2,region3_8
2019-10-26 08:47,223406,0,8388608,4,region3_2
2019-10-26 08:47,30724,0,131072,2,region3_0
2019-10-26 08:47,698,655360,786432,2,region3_8
2019-10-26 08:47,174406,0,131072,2,region3_0
2019-10-26 08:47,179105,0,131072,2,region3_0
2019-10-26 08:47,15994,0,131072,2,region3_0
2019-10-26 08:47,698,655360,786432,2,region3_8
2019-10-26 08:47,20347,0,131072,2,region3_0
2019-10-26 08:47,109290,0,131072,2,region3_0
2019-10-26 08:47,698,655360,786432,2,region3_8
2019-10-26 08:47,26842,0,131072,2,region3_0
2019-10-26 08:47,22736,0,131072,2,region3_0
2019-10-26 08:47,223596,0,8388608,3,region3_4
2019-10-26 08:47,698,655360,786432,2,region3_8
2019-10-26 08:47,4128,0,131072,2,region3_0
2019-10-26 08:47,165528,13107200,1835008,1,region3_5
2019-10-26 08:47,698,655360,786432,2,region3_8
2019-10-26 08:47,719,0,131072,2,region3_0
2019-10-26 08:47,12989,0,131072,2,region3_0
2019-10-26 08:47,223702,0,393216,4,region3_1
2019-10-26 08:47,223716,0,8388608,4,region3_21
2019-10-26 08:47,23653,0,131072,2,region3_0
2019-10-26 08:47,28068,0,131072,2,region3_0
2019-10-26 08:47,698,655360,786432,2,region3_8
2019-10-26 08:47,20059,0,131072,2,region3_0
2019-10-26 08:47,36664,0,131072,2,region3_0
2019-10-26 08:47,698,655360,786432,2,region3_8
2019-10-26 08:47,698,655360,786432,2,region3_8
2019-10-26 08:47,113593,0,131072,2,region3_0
2019-10-26 08:47,698,655360,786432,2,region3_8
2019-10-26 08:47,698,655360,786432,2,region3_8
2019-10-26 08:47,116234,0,131072,2,region3_0
2019-10-26 08:47,114995,0,131072,2,region3_0
2019-10-26 08:47,223880,0,8388608,4,region3_0
2019-10-26 08:47,115902,0,131072,2,region3_0
2019-10-26 08:47,32238,0,131072,2,region3_0
2019-10-26 08:47,143801,13107200,1966080,1,region3_5
2019-10-26 08:47,85742,6029312,4325376,1,region3_5
2019-10-26 08:47,698,655360,786432,2,region3_8
2019-10-26 08:47,23623,0,131072,2,region3_0
2019-10-26 08:47,1632,0,131072,2,region3_0
2019-10-26 08:47,698,655360,786432,2,region3_8
2019-10-26 08:47,113717,0,131072,2,region3_0
2019-10-26 08:47,181087,0,131072,2,region3_0
2019-10-26 08:48,698,655360,786432,2,region3_8
2019-10-26 08:48,7876,0,131072,2,region3_0
2019-10-26 08:48,120265,0,131072,2,region3_0
2019-10-26 08:48,698,655360,786432,2,region3_8
2019-10-26 08:48,28816,0,131072,2,region3_0
2019-10-26 08:48,114214,0,131072,2,region3_0
2019-10-26 08:48,224124,0,8388608,4,region3_2
2019-10-26 08:48,26523,0,131072,2,region3_0
2019-10-26 08:48,120759,0,131072,2,region3_0
2019-10-26 08:48,11993,0,131072,2,region3_0
2019-10-26 08:48,698,655360,786432,2,region3_8
2019-10-26 08:48,21789,0,131072,2,region3_0
2019-10-26 08:48,115840,0,131072,2,region3_0
2019-10-26 08:48,120273,0,131072,2,region3_0
2019-10-26 08:48,224211,0,8388608,4,region3_6
2019-10-26 08:48,25632,0,131072,2,region3_0
2019-10-26 08:48,124709,0,131072,2,region3_0
2019-10-26 08:48,224240,0,8388608,4,region3_1
2019-10-26 08:48,125847,0,131072,2,region3_0
2019-10-26 08:48,124829,0,131072,2,region3_0
2019-10-26 08:48,698,655360,786432,2,region3_8
2019-10-26 08:48,123381,0,131072,2,region3_0
2019-10-26 08:48,19764,0,131072,2,region3_0
2019-10-26 08:48,127204,0,131072,2,region3_0
2019-10-26 08:48,698,655360,786432,2,region3_8
2019-10-26 08:48,698,655360,786432,2,region3_8
2019-10-26 08:48,21014,0,131072,2,region3_0
2019-10-26 08:48,698,655360,786432,2,region3_8
2019-10-26 08:48,24854,0,131072,2,region3_0
2019-10-26 08:48,698,655360,786432,2,region3_8
2019-10-26 08:48,224572,0,8388608,4,region3_13
2019-10-26 08:48,23864,0,262144,2,region3_0
2019-10-26 08:48,698,655360,786432,2,region3_8
2019-10-26 08:48,20959,0,131072,2,region3_0
2019-10-26 08:48,698,655360,786432,2,region3_8
2019-10-26 08:48,698,655360,786432,2,region3_8
2019-10-26 08:48,698,655360,786432,2,region3_8
2019-10-26 08:48,698,655360,786432,2,region3_8
2019-10-26 08:48,698,655360,786432,2,region3_8
2019-10-26 08:48,698,655360,786432,2,region3_8
2019-10-26 08:48,224726,0,8388608,4,region3_13
2019-10-26 08:48,698,655360,786432,2,region3_8
2019-10-26 08:48,698,655360,786432,2,region3_8
2019-10-26 08:48,698,655360,786432,2,region3_8
2019-10-26 08:48,698,655360,786432,2,region3_8
2019-10-26 08:48,698,655360,786432,2,region3_8
2019-10-26 08:48,698,655360,786432,2,region3_8
2019-10-26 08:48,698,655360,786432,2,region3_8
2019-10-26 08:48,698,655360,786432,2,region3_8
2019-10-26 08:48,698,655360,786432,2,region3_8
2019-10-26 08:48,698,655360,786432,2,region3_8
2019-10-26 08:48,224853,0,8388608,3,region3_4
2019-10-26 08:48,698,655360,786432,2,region3_8
2019-10-26 08:48,698,655360,786432,2,region3_8
2019-10-26 08:48,698,655360,786432,2,region3_8
2019-10-26 08:48,698,655360,786432,2,region3_8
2019-10-26 08:48,698,655360,786432,2,region3_8
2019-10-26 08:48,223596,0,2097152,1,region3_4
2019-10-26 08:48,698,655360,786432,2,region3_8
2019-10-26 08:48,698,655360,786432,2,region3_8
2019-10-26 08:48,698,655360,786432,2,region3_8
2019-10-26 08:48,224943,0,1966080,4,region3_2
2019-10-26 08:48,82360,0,2359296,1,region3_4
2019-10-26 08:48,223596,2097152,2097152,1,region3_4
2019-10-26 08:48,698,655360,786432,2,region3_8
2019-10-26 08:48,82360,2228224,4325376,1,region3_4
2019-10-26 08:48,698,655360,786432,2,region3_8
2019-10-26 08:48,82360,6422528,4325376,1,region3_4
2019-10-26 08:48,698,655360,786432,2,region3_8
2019-10-26 08:48,82360,10616832,4325376,1,region3_4
2019-10-26 08:48,223596,4194304,2097152,1,region3_4
2019-10-26 08:48,698,655360,786432,2,region3_8
2019-10-26 08:48,698,655360,786432,2,region3_8
2019-10-26 08:48,82360,14811136,917504,1,region3_4
2019-10-26 08:48,223596,6291456,2097152,1,region3_4
2019-10-26 08:48,698,655360,786432,2,region3_8
2019-10-26 08:48,698,655360,786432,2,region3_8
2019-10-26 08:48,698,655360,786432,2,region3_8
2019-10-26 08:48,185266,0,131072,2,region3_0
2019-10-26 08:48,225208,524288,7864320,2,region3_7
2019-10-26 08:48,698,655360,786432,2,region3_8
2019-10-26 08:48,698,655360,786432,2,region3_8
2019-10-26 08:48,698,655360,786432,2,region3_8
2019-10-26 08:48,698,655360,786432,2,region3_8
2019-10-26 08:48,698,655360,786432,2,region3_8
2019-10-26 08:48,698,655360,786432,2,region3_8
2019-10-26 08:48,185290,0,131072,2,region3_0
2019-10-26 08:48,698,655360,786432,2,region3_8
2019-10-26 08:48,698,655360,786432,2,region3_8
2019-10-26 08:48,698,655360,786432,2,region3_8
2019-10-26 08:48,698,655360,786432,2,region3_8
2019-10-26 08:48,698,655360,786432,2,region3_8
2019-10-26 08:48,698,655360,786432,2,region3_8
2019-10-26 08:48,698,655360,786432,2,region3_8
2019-10-26 08:49,698,655360,786432,2,region3_8
2019-10-26 08:49,225768,0,1572864,3,region3_4
2019-10-26 08:49,225809,0,8388608,3,region3_5
2019-10-26 08:49,698,655360,786432,2,region3_8
2019-10-26 08:49,225835,0,8388608,4,region3_13
2019-10-26 08:49,698,655360,786432,2,region3_8
2019-10-26 08:49,698,655360,786432,2,region3_8
2019-10-26 08:49,85742,10223616,4325376,1,region3_5
2019-10-26 08:49,698,655360,786432,2,region3_8
2019-10-26 08:49,181572,0,2097152,1,region3_4
2019-10-26 08:49,698,655360,786432,2,region3_8
2019-10-26 08:49,698,655360,786432,2,region3_8
2019-10-26 08:49,698,655360,786432,2,region3_8
2019-10-26 08:49,226049,0,5373952,3,region3_4
2019-10-26 08:49,698,655360,786432,2,region3_8
2019-10-26 08:49,698,655360,786432,2,region3_8
2019-10-26 08:49,181572,2097152,2097152,1,region3_4
2019-10-26 08:49,698,655360,786432,2,region3_8
2019-10-26 08:49,185815,0,131072,2,region3_0
2019-10-26 08:49,698,655360,786432,2,region3_8
2019-10-26 08:49,226301,0,3801088,4,region3_33
2019-10-26 08:49,698,655360,786432,2,region3_8
2019-10-26 08:49,698,655360,786432,2,region3_8
2019-10-26 08:49,181572,4194304,2097152,1,region3_4
2019-10-26 08:49,698,655360,786432,2,region3_8
2019-10-26 08:49,226424,0,8126464,4,region3_0
2019-10-26 08:49,226536,0,6160384,4,region3_6
2019-10-26 08:49,698,655360,786432,2,region3_8
2019-10-26 08:49,698,655360,786432,2,region3_8
2019-10-26 08:49,698,655360,786432,2,region3_8
2019-10-26 08:49,698,655360,786432,2,region3_8
2019-10-26 08:49,181572,6291456,2097152,1,region3_4
2019-10-26 08:49,698,655360,786432,2,region3_8
2019-10-26 08:49,698,655360,786432,2,region3_8
2019-10-26 08:49,204544,524288,3407872,1,region3_5
2019-10-26 08:49,698,655360,786432,2,region3_8
2019-10-26 08:49,698,655360,786432,2,region3_8
2019-10-26 08:49,698,655360,786432,2,region3_8
2019-10-26 08:49,188454,0,131072,2,region3_0
2019-10-26 08:49,698,655360,786432,2,region3_8
2019-10-26 08:49,226902,0,1835008,2,region3_0
2019-10-26 08:49,226916,0,131072,2,region3_0
2019-10-26 08:49,76170,0,131072,2,region3_0
2019-10-26 08:49,698,655360,786432,2,region3_8
2019-10-26 08:49,148546,0,1835008,2,region3_0
2019-10-26 08:49,698,655360,786432,2,region3_8
2019-10-26 08:49,186730,0,131072,2,region3_0
2019-10-26 08:49,227134,0,8388608,4,region3_1
2019-10-26 08:49,698,655360,786432,2,region3_8
2019-10-26 08:49,698,655360,786432,2,region3_8
2019-10-26 08:49,188832,0,131072,2,region3_0
2019-10-26 08:49,227272,0,131072,4,region3_1
2019-10-26 08:49,698,655360,786432,2,region3_8
2019-10-26 08:49,698,655360,786432,2,region3_8
2019-10-26 08:49,698,655360,786432,2,region3_8
2019-10-26 08:49,698,655360,786432,2,region3_8
2019-10-26 08:49,698,655360,786432,2,region3_8
2019-10-26 08:49,225768,0,655360,1,region3_4
2019-10-26 08:49,698,655360,786432,2,region3_8
2019-10-26 08:50,225768,524288,1048576,1,region3_4
2019-10-26 08:50,227363,0,8388608,4,region3_2
2019-10-26 08:50,227400,0,4194304,4,region3_33
2019-10-26 08:50,698,655360,786432,2,region3_8
2019-10-26 08:50,698,655360,786432,2,region3_8
2019-10-26 08:50,698,655360,786432,2,region3_8
2019-10-26 08:50,227502,0,8388608,4,region3_13
2019-10-26 08:50,698,655360,786432,2,region3_8
2019-10-26 08:50,698,655360,786432,2,region3_8
2019-10-26 08:50,227566,0,8388608,4,region3_2
2019-10-26 08:50,76170,0,131072,2,region3_0
2019-10-26 08:50,166108,0,3801088,1,region3_5
2019-10-26 08:50,698,655360,786432,2,region3_8
2019-10-26 08:50,144464,0,3670016,2,region3_7
2019-10-26 08:50,206567,393216,7995392,2,region3_1
2019-10-26 08:50,698,655360,786432,2,region3_8
2019-10-26 08:50,144464,3538944,4849664,2,region3_7
2019-10-26 08:50,698,655360,786432,2,region3_8
2019-10-26 08:50,85742,14417920,524288,1,region3_5
2019-10-26 08:50,190344,0,131072,2,region3_0
2019-10-26 08:50,698,655360,786432,2,region3_8
2019-10-26 08:50,698,655360,786432,2,region3_8
2019-10-26 08:50,698,655360,786432,2,region3_8
2019-10-26 08:50,698,655360,786432,2,region3_8
2019-10-26 08:50,185121,0,2097152,1,region3_4
2019-10-26 08:50,698,655360,786432,2,region3_8
2019-10-26 08:50,190341,0,131072,2,region3_0
2019-10-26 08:50,698,655360,786432,2,region3_8
2019-10-26 08:50,698,655360,786432,2,region3_8
2019-10-26 08:50,698,655360,786432,2,region3_8
2019-10-26 08:50,698,655360,786432,2,region3_8
2019-10-26 08:50,228054,0,8388608,4,region3_2
2019-10-26 08:50,228060,0,8388608,4,region3_2
2019-10-26 08:50,698,655360,786432,2,region3_8
2019-10-26 08:50,698,655360,786432,2,region3_8
2019-10-26 08:50,228084,0,2359296,4,region3_1
2019-10-26 08:50,698,655360,786432,2,region3_8
2019-10-26 08:50,698,655360,786432,2,region3_8
2019-10-26 08:50,185121,2097152,2097152,1,region3_4
2019-10-26 08:50,698,655360,786432,2,region3_8
2019-10-26 08:50,698,655360,786432,2,region3_8
2019-10-26 08:50,698,655360,786432,2,region3_8
2019-10-26 08:50,698,655360,786432,2,region3_8
2019-10-26 08:50,698,655360,786432,2,region3_8
2019-10-26 08:50,698,655360,786432,2,region3_8
2019-10-26 08:50,698,655360,786432,2,region3_8
2019-10-26 08:50,228381,0,8388608,2,region3_7
2019-10-26 08:50,185121,4194304,2097152,1,region3_4
2019-10-26 08:50,228460,5636096,1179648,2,region3_1
2019-10-26 08:50,228507,0,8388608,4,region3_6
2019-10-26 08:50,228514,0,8388608,4,region3_2
2019-10-26 08:50,228518,0,8388608,2,region3_7
2019-10-26 08:50,698,655360,786432,2,region3_8
2019-10-26 08:50,185121,6291456,2097152,1,region3_4
2019-10-26 08:50,228559,0,8388608,4,region3_2
2019-10-26 08:50,698,655360,786432,2,region3_8
2019-10-26 08:50,698,655360,786432,2,region3_8
2019-10-26 08:50,698,655360,786432,2,region3_8
2019-10-26 08:50,698,655360,786432,2,region3_8
2019-10-26 08:50,228713,0,8388608,4,region3_2
2019-10-26 08:50,698,655360,786432,2,region3_8
2019-10-26 08:50,228735,0,3932160,4,region3_6
2019-10-26 08:50,228759,0,1966080,3,region3_5
2019-10-26 08:50,698,655360,786432,2,region3_8
2019-10-26 08:50,698,655360,786432,2,region3_8
2019-10-26 08:50,111542,0,131072,2,region3_0
2019-10-26 08:50,698,655360,786432,2,region3_8
2019-10-26 08:50,698,655360,786432,2,region3_8
2019-10-26 08:50,111794,0,131072,2,region3_0
2019-10-26 08:50,228866,0,8388608,2,region3_7
2019-10-26 08:50,228884,0,8388608,4,region3_13
2019-10-26 08:51,228460,0,6815744,2,region3_1
2019-10-26 08:51,698,655360,786432,2,region3_8
2019-10-26 08:51,698,655360,786432,2,region3_8
2019-10-26 08:51,229111,0,8388608,4,region3_13
2019-10-26 08:51,188903,0,131072,2,region3_4
2019-10-26 08:51,229179,0,8388608,3,region3_5
2019-10-26 08:51,698,655360,786432,2,region3_8
2019-10-26 08:51,698,655360,786432,2,region3_8
2019-10-26 08:51,226049,0,4194304,1,region3_4
2019-10-26 08:51,166108,3670016,4325376,1,region3_5
2019-10-26 08:51,229315,0,8388608,4,region3_13
2019-10-26 08:51,229319,0,8388608,4,region3_2
2019-10-26 08:51,698,655360,786432,2,region3_8
2019-10-26 08:51,698,655360,786432,2,region3_8
2019-10-26 08:51,698,655360,786432,2,region3_8
2019-10-26 08:51,226049,4194304,1179648,1,region3_4
2019-10-26 08:51,229403,0,8388608,4,region3_17
2019-10-26 08:51,698,655360,786432,2,region3_8
2019-10-26 08:51,229405,0,8388608,2,region3_7
2019-10-26 08:51,698,655360,786432,2,region3_8
2019-10-26 08:51,229463,0,8388608,4,region3_1
2019-10-26 08:51,698,655360,786432,2,region3_8
2019-10-26 08:51,698,655360,786432,2,region3_8
2019-10-26 08:51,698,655360,786432,2,region3_8
2019-10-26 08:51,38058,0,131072,2,region3_0
2019-10-26 08:51,698,655360,786432,2,region3_8
2019-10-26 08:51,229702,0,8388608,4,region3_22
2019-10-26 08:51,229734,0,8388608,4,region3_22
2019-10-26 08:51,698,655360,786432,2,region3_8
2019-10-26 08:51,698,655360,786432,2,region3_8
2019-10-26 08:51,698,655360,786432,2,region3_8
2019-10-26 08:51,698,655360,786432,2,region3_8
2019-10-26 08:51,698,655360,786432,2,region3_8
2019-10-26 08:51,698,655360,786432,2,region3_8
2019-10-26 08:51,698,655360,786432,2,region3_8
2019-10-26 08:51,698,655360,786432,2,region3_8
2019-10-26 08:51,698,655360,786432,2,region3_8
2019-10-26 08:51,698,655360,786432,2,region3_8
2019-10-26 08:51,698,655360,786432,2,region3_8
2019-10-26 08:51,39274,0,131072,2,region3_0
2019-10-26 08:51,229975,0,8388608,2,region3_7
2019-10-26 08:51,698,655360,786432,2,region3_8
2019-10-26 08:51,698,655360,786432,2,region3_8
2019-10-26 08:51,230023,0,7471104,5,region3_3
2019-10-26 08:51,188903,0,131072,2,region3_4
2019-10-26 08:51,43363,0,131072,2,region3_0
2019-10-26 08:51,230088,0,8388608,2,region3_7
2019-10-26 08:51,53535,0,655360,2,region3_4
2019-10-26 08:51,698,655360,786432,2,region3_8
2019-10-26 08:51,230181,0,8388608,2,region3_1
2019-10-26 08:51,20959,0,131072,2,region3_4
2019-10-26 08:51,698,655360,786432,2,region3_8
2019-10-26 08:51,230354,0,7602176,2,region3_7
2019-10-26 08:51,698,655360,786432,2,region3_8
2019-10-26 08:51,698,655360,786432,2,region3_8
2019-10-26 08:51,44513,0,131072,2,region3_0
2019-10-26 08:51,190713,0,262144,2,region3_4
2019-10-26 08:51,230455,0,6422528,4,region3_16
2019-10-26 08:51,698,655360,786432,2,region3_8
2019-10-26 08:51,46550,0,131072,2,region3_0
2019-10-26 08:51,698,655360,786432,2,region3_8
2019-10-26 08:52,150636,0,1703936,2,region3_0
2019-10-26 08:52,698,655360,786432,2,region3_8
2019-10-26 08:52,189753,0,262144,2,region3_4
2019-10-26 08:52,230560,0,131072,5,region3_3
2019-10-26 08:52,698,655360,786432,2,region3_8
2019-10-26 08:52,698,655360,786432,2,region3_8
2019-10-26 08:52,698,655360,786432,2,region3_8
2019-10-26 08:52,44671,0,131072,2,region3_0
2019-10-26 08:52,45037,0,131072,2,region3_0
2019-10-26 08:52,698,655360,786432,2,region3_8
2019-10-26 08:52,230769,0,8388608,4,region3_2
2019-10-26 08:52,122513,0,131072,2,region3_4
2019-10-26 08:52,230857,0,8388608,4,region3_17
2019-10-26 08:52,698,655360,786432,2,region3_8
2019-10-26 08:52,23869,0,393216,2,region3_4
2019-10-26 08:52,230913,0,1835008,2,region3_0
2019-10-26 08:52,50385,0,131072,2,region3_0
2019-10-26 08:52,698,655360,786432,2,region3_8
2019-10-26 08:52,698,655360,786432,2,region3_8
2019-10-26 08:52,47856,0,131072,2,region3_0
2019-10-26 08:52,231012,0,1179648,2,region3_7
2019-10-26 08:52,698,655360,786432,2,region3_8
2019-10-26 08:52,49844,0,131072,2,region3_0
2019-10-26 08:52,698,655360,786432,2,region3_8
2019-10-26 08:52,135813,0,131072,2,region3_4
2019-10-26 08:52,698,655360,786432,2,region3_8
2019-10-26 08:52,166108,7864320,4325376,1,region3_5
2019-10-26 08:52,51217,0,131072,2,region3_0
2019-10-26 08:52,698,655360,786432,2,region3_8
2019-10-26 08:52,698,655360,786432,2,region3_8
2019-10-26 08:52,231202,0,131072,4,region3_14
2019-10-26 08:52,698,655360,786432,2,region3_8
2019-10-26 08:52,698,655360,786432,2,region3_8
2019-10-26 08:52,231012,1048576,7340032,2,region3_7
2019-10-26 08:52,698,655360,786432,2,region3_8
2019-10-26 08:52,698,655360,786432,2,region3_8
2019-10-26 08:52,698,655360,786432,2,region3_8
2019-10-26 08:52,52630,0,131072,2,region3_0
2019-10-26 08:52,43359,0,131072,2,region3_4
2019-10-26 08:52,698,655360,786432,2,region3_8
2019-10-26 08:52,53916,0,131072,2,region3_0
2019-10-26 08:52,231450,0,8388608,4,region3_13
2019-10-26 08:52,698,655360,786432,2,region3_8
2019-10-26 08:52,698,655360,786432,2,region3_8
2019-10-26 08:52,231513,0,6553600,4,region3_1
2019-10-26 08:52,698,655360,786432,2,region3_8
2019-10-26 08:52,698,655360,786432,2,region3_8
2019-10-26 08:52,698,655360,786432,2,region3_8
2019-10-26 08:52,698,655360,786432,2,region3_8
2019-10-26 08:52,231566,0,8388608,4,region3_2
2019-10-26 08:52,231570,0,131072,2,region3_4
2019-10-26 08:52,698,655360,786432,2,region3_8
2019-10-26 08:52,698,655360,786432,2,region3_8
2019-10-26 08:52,698,655360,786432,2,region3_8
2019-10-26 08:52,231624,0,4063232,4,region3_33
2019-10-26 08:52,698,655360,786432,2,region3_8
2019-10-26 08:52,698,655360,786432,2,region3_8
2019-10-26 08:52,206713,0,7340032,2,region3_7
2019-10-26 08:52,65871,0,262144,2,region3_0
2019-10-26 08:52,698,655360,786432,2,region3_8
2019-10-26 08:52,231710,0,8388608,4,region3_0
2019-10-26 08:52,698,655360,786432,2,region3_8
2019-10-26 08:52,65136,0,262144,2,region3_0
2019-10-26 08:52,231764,0,8388608,4,region3_2
2019-10-26 08:52,698,655360,786432,2,region3_8
2019-10-26 08:52,44579,0,131072,2,region3_4
2019-10-26 08:52,698,655360,786432,2,region3_8
2019-10-26 08:52,231872,0,7602176,2,region3_7
2019-10-26 08:52,698,655360,786432,2,region3_8
2019-10-26 08:52,66155,0,262144,2,region3_0
2019-10-26 08:52,698,655360,786432,2,region3_8
2019-10-26 08:52,48270,0,131072,2,region3_0
2019-10-26 08:52,66725,0,262144,2,region3_0
2019-10-26 08:52,698,655360,786432,2,region3_8
2019-10-26 08:52,182958,0,2097152,1,region3_4
2019-10-26 08:52,698,655360,786432,2,region3_8
2019-10-26 08:52,698,655360,786432,2,region3_8
2019-10-26 08:52,67813,0,262144,2,region3_0
2019-10-26 08:52,698,655360,786432,2,region3_8
2019-10-26 08:52,698,655360,786432,2,region3_8
2019-10-26 08:52,698,655360,786432,2,region3_8
2019-10-26 08:52,232132,0,8388608,3,region3_4
2019-10-26 08:52,19968,0,131072,2,region3_4
2019-10-26 08:52,698,655360,786432,2,region3_8
2019-10-26 08:52,66593,0,262144,2,region3_0
2019-10-26 08:52,698,655360,786432,2,region3_8
2019-10-26 08:52,698,655360,786432,2,region3_8
2019-10-26 08:52,698,655360,786432,2,region3_8
2019-10-26 08:52,698,655360,786432,2,region3_8
2019-10-26 08:52,232270,0,917504,2,region3_4
2019-10-26 08:52,232335,0,1441792,3,region3_4
2019-10-26 08:52,232350,0,655360,2,region3_4
2019-10-26 08:52,232366,0,131072,2,region3_4
2019-10-26 08:52,2839,0,262144,2,region3_0
2019-10-26 08:52,232455,0,8388608,4,region3_13
2019-10-26 08:52,182958,2097152,2097152,1,region3_4
2019-10-26 08:52,43359,0,131072,2,region3_4
2019-10-26 08:52,20959,0,131072,2,region3_4
2019-10-26 08:52,44720,0,131072,2,region3_4
2019-10-26 08:52,232734,7208960,1179648,2,region3_4
2019-10-26 08:53,698,655360,786432,2,region3_8
2019-10-26 08:53,86642,0,262144,2,region3_0
2019-10-26 08:53,698,655360,786432,2,region3_8
2019-10-26 08:53,698,655360,786432,2,region3_8
2019-10-26 08:53,698,655360,786432,2,region3_8
2019-10-26 08:53,5653,0,262144,2,region3_0
2019-10-26 08:53,232889,0,8388608,4,region3_1
2019-10-26 08:53,232890,0,131072,2,region3_4
2019-10-26 08:53,10731,0,262144,2,region3_0
2019-10-26 08:53,698,655360,786432,2,region3_8
2019-10-26 08:53,232932,0,3145728,4,region3_2
2019-10-26 08:53,698,655360,786432,2,region3_8
2019-10-26 08:53,698,655360,786432,2,region3_8
2019-10-26 08:53,698,655360,786432,2,region3_8
2019-10-26 08:53,87083,0,262144,2,region3_0
2019-10-26 08:53,698,655360,786432,2,region3_8
2019-10-26 08:53,698,655360,786432,2,region3_8
2019-10-26 08:53,698,655360,786432,2,region3_8
2019-10-26 08:53,698,655360,786432,2,region3_8
2019-10-26 08:53,698,655360,786432,2,region3_8
2019-10-26 08:53,233029,0,4980736,3,region3_5
2019-10-26 08:53,698,655360,786432,2,region3_8
2019-10-26 08:53,233110,0,1966080,2,region3_7
2019-10-26 08:53,698,655360,786432,2,region3_8
2019-10-26 08:53,698,655360,786432,2,region3_8
2019-10-26 08:53,87404,0,262144,2,region3_0
2019-10-26 08:53,87099,0,262144,2,region3_0
2019-10-26 08:53,182958,4194304,2097152,1,region3_4
2019-10-26 08:53,698,655360,786432,2,region3_8
2019-10-26 08:53,13919,0,262144,2,region3_0
2019-10-26 08:53,233222,0,131072,2,region3_4
2019-10-26 08:53,233239,0,8388608,4,region3_13
2019-10-26 08:53,698,655360,786432,2,region3_8
2019-10-26 08:53,44579,0,131072,2,region3_4
2019-10-26 08:53,698,655360,786432,2,region3_8
2019-10-26 08:53,698,655360,786432,2,region3_8
2019-10-26 08:53,698,655360,786432,2,region3_8
2019-10-26 08:53,698,655360,786432,2,region3_8
2019-10-26 08:53,698,655360,786432,2,region3_8
2019-10-26 08:53,698,655360,786432,2,region3_8
2019-10-26 08:53,698,655360,786432,2,region3_8
2019-10-26 08:53,87656,0,262144,2,region3_0
2019-10-26 08:53,10365,0,131072,2,region3_4
2019-10-26 08:53,116011,0,131072,2,region3_4
2019-10-26 08:53,22046,0,262144,2,region3_0
2019-10-26 08:53,698,655360,786432,2,region3_8
2019-10-26 08:53,698,655360,786432,2,region3_8
2019-10-26 08:53,698,655360,786432,2,region3_8
2019-10-26 08:53,698,655360,786432,2,region3_8
2019-10-26 08:53,5063,0,262144,2,region3_0
2019-10-26 08:53,698,655360,786432,2,region3_8
2019-10-26 08:53,698,655360,786432,2,region3_8
2019-10-26 08:53,698,655360,786432,2,region3_8
2019-10-26 08:53,205290,0,1703936,2,region3_0
2019-10-26 08:53,10351,0,262144,2,region3_0
2019-10-26 08:53,14787,0,262144,2,region3_0
2019-10-26 08:53,31166,0,262144,2,region3_0
2019-10-26 08:53,698,655360,786432,2,region3_8
2019-10-26 08:53,182958,6291456,2097152,1,region3_4
2019-10-26 08:53,698,655360,786432,2,region3_8
2019-10-26 08:53,27163,0,262144,2,region3_0
2019-10-26 08:53,181453,0,131072,2,region3_4
2019-10-26 08:53,112397,0,131072,2,region3_0
2019-10-26 08:53,698,655360,786432,2,region3_8
2019-10-26 08:53,32292,0,262144,2,region3_0
2019-10-26 08:53,166108,12058624,2883584,1,region3_5
2019-10-26 08:53,21963,0,262144,2,region3_0
2019-10-26 08:53,698,655360,786432,2,region3_8
2019-10-26 08:53,112871,0,131072,2,region3_0
2019-10-26 08:53,9955,0,262144,2,region3_0
2019-10-26 08:53,698,655360,786432,2,region3_8
2019-10-26 08:53,698,655360,786432,2,region3_8
2019-10-26 08:53,233906,0,8388608,2,region3_1
2019-10-26 08:53,233912,0,4980736,2,region3_1
2019-10-26 08:53,233912,4849664,3538944,2,region3_1
2019-10-26 08:53,9760,0,262144,2,region3_0
2019-10-26 08:53,698,655360,786432,2,region3_8
2019-10-26 08:53,112765,0,131072,2,region3_0
2019-10-26 08:53,22610,0,262144,2,region3_0
2019-10-26 08:53,234024,0,8388608,3,region3_4
2019-10-26 08:53,234040,0,8388608,4,region3_1
2019-10-26 08:53,698,655360,786432,2,region3_8
2019-10-26 08:53,234069,0,8388608,2,region3_7
2019-10-26 08:53,28391,0,262144,2,region3_0
2019-10-26 08:53,117277,0,262144,2,region3_0
2019-10-26 08:53,158371,0,8388608,2,region3_7
2019-10-26 08:53,113583,0,131072,2,region3_0
2019-10-26 08:53,31255,0,262144,2,region3_0
2019-10-26 08:53,33723,0,262144,2,region3_0
2019-10-26 08:53,234227,0,8388608,2,region3_1
2019-10-26 08:53,30908,0,262144,2,region3_0
2019-10-26 08:53,34940,0,262144,2,region3_0
2019-10-26 08:53,698,655360,786432,2,region3_8
2019-10-26 08:53,698,655360,786432,2,region3_8
2019-10-26 08:53,117743,0,131072,2,region3_0
2019-10-26 08:53,117243,0,131072,2,region3_0
2019-10-26 08:53,116622,0,131072,2,region3_0
2019-10-26 08:53,698,655360,786432,2,region3_8
2019-10-26 08:53,698,655360,786432,2,region3_8
2019-10-26 08:53,59285,0,262144,2,region3_4
2019-10-26 08:53,698,655360,786432,2,region3_8
2019-10-26 08:53,118166,0,131072,2,region3_0
2019-10-26 08:53,698,655360,786432,2,region3_8
2019-10-26 08:53,234381,0,393216,2,region3_0
2019-10-26 08:53,698,655360,786432,2,region3_8
2019-10-26 08:53,117676,0,131072,2,region3_0
2019-10-26 08:53,180675,0,131072,2,region3_4
2019-10-26 08:53,124655,0,131072,2,region3_0
2019-10-26 08:53,698,655360,786432,2,region3_8
2019-10-26 08:53,171060,0,131072,2,region3_4
2019-10-26 08:53,698,655360,786432,2,region3_8
2019-10-26 08:53,698,655360,786432,2,region3_8
2019-10-26 08:53,122513,0,131072,2,region3_0
2019-10-26 08:53,234517,0,8388608,4,region3_2
2019-10-26 08:53,698,655360,786432,2,region3_8
2019-10-26 08:53,125321,0,131072,2,region3_0
2019-10-26 08:53,234605,0,8388608,3,region3_4
2019-10-26 08:53,119100,0,131072,2,region3_0
2019-10-26 08:53,124062,0,131072,2,region3_0
2019-10-26 08:53,234711,0,524288,2,region3_0
2019-10-26 08:53,125985,0,131072,2,region3_0
2019-10-26 08:53,698,655360,786432,2,region3_8
2019-10-26 08:54,124396,0,131072,2,region3_0
2019-10-26 08:54,127199,0,655360,2,region3_0
2019-10-26 08:54,234822,0,393216,2,region3_0
2019-10-26 08:54,698,655360,786432,2,region3_8
2019-10-26 08:54,122549,0,131072,2,region3_0
2019-10-26 08:54,127598,0,655360,2,region3_0
2019-10-26 08:54,188304,0,131072,2,region3_4
2019-10-26 08:54,234926,0,8388608,2,region3_0
2019-10-26 08:54,125511,0,131072,2,region3_0
2019-10-26 08:54,125908,0,131072,2,region3_0
2019-10-26 08:54,116011,0,131072,2,region3_4
2019-10-26 08:54,109290,0,131072,2,region3_0
2019-10-26 08:54,192092,0,262144,2,region3_4
2019-10-26 08:54,7417,0,393216,2,region3_0
2019-10-26 08:54,698,655360,786432,2,region3_8
2019-10-26 08:54,235135,0,393216,2,region3_0
2019-10-26 08:54,698,655360,786432,2,region3_8
2019-10-26 08:54,157890,0,131072,2,region3_4
2019-10-26 08:54,698,655360,786432,2,region3_8
2019-10-26 08:54,698,655360,786432,2,region3_8
2019-10-26 08:54,698,655360,786432,2,region3_8
2019-10-26 08:54,698,655360,786432,2,region3_8
2019-10-26 08:54,235298,0,8388608,4,region3_1
2019-10-26 08:54,698,655360,786432,2,region3_8
2019-10-26 08:54,29445,0,524288,2,region3_0
2019-10-26 08:54,698,655360,786432,2,region3_8
2019-10-26 08:54,698,655360,786432,2,region3_8
2019-10-26 08:54,698,655360,786432,2,region3_8
2019-10-26 08:54,698,655360,786432,2,region3_8
2019-10-26 08:54,698,655360,786432,2,region3_8
2019-10-26 08:54,698,655360,786432,2,region3_8
2019-10-26 08:54,698,655360,786432,2,region3_8
2019-10-26 08:54,698,655360,786432,2,region3_8
2019-10-26 08:54,698,655360,786432,2,region3_8
2019-10-26 08:54,215837,0,131072,2,region3_4
2019-10-26 08:54,235543,0,8388608,4,region3_22
2019-10-26 08:54,698,655360,786432,2,region3_8
2019-10-26 08:54,113593,0,131072,2,region3_0
2019-10-26 08:54,235577,0,524288,2,region3_0
2019-10-26 08:54,114995,0,131072,2,region3_0
2019-10-26 08:54,698,655360,786432,2,region3_8
2019-10-26 08:54,235600,0,393216,2,region3_0
2019-10-26 08:54,115902,0,131072,2,region3_0
2019-10-26 08:54,234024,0,2097152,1,region3_4
2019-10-26 08:54,108954,0,262144,2,region3_0
2019-10-26 08:54,698,655360,786432,2,region3_8
2019-10-26 08:54,24730,0,655360,2,region3_0
2019-10-26 08:54,234024,2097152,2097152,1,region3_4
2019-10-26 08:54,698,655360,786432,2,region3_8
2019-10-26 08:54,698,655360,786432,2,region3_8
2019-10-26 08:54,698,655360,786432,2,region3_8
2019-10-26 08:54,109917,0,262144,2,region3_0
2019-10-26 08:54,234024,4194304,2097152,1,region3_4
2019-10-26 08:54,235757,0,524288,2,region3_0
2019-10-26 08:54,698,655360,786432,2,region3_8
2019-10-26 08:54,698,655360,786432,2,region3_8
2019-10-26 08:54,113717,0,131072,2,region3_0
2019-10-26 08:54,114214,0,131072,2,region3_0
2019-10-26 08:54,698,655360,786432,2,region3_8
2019-10-26 08:54,234024,6291456,2097152,1,region3_4
2019-10-26 08:54,116234,0,131072,2,region3_0
2019-10-26 08:54,31402,0,655360,2,region3_0
2019-10-26 08:54,698,655360,786432,2,region3_8
2019-10-26 08:54,698,655360,786432,2,region3_8
2019-10-26 08:54,71626,0,131072,2,region3_4
2019-10-26 08:54,110803,0,262144,2,region3_0
2019-10-26 08:54,698,655360,786432,2,region3_8
2019-10-26 08:54,120265,0,131072,2,region3_0
2019-10-26 08:54,38871,0,655360,2,region3_0
2019-10-26 08:54,110893,0,262144,2,region3_0
2019-10-26 08:54,236046,0,7471104,2,region3_7
2019-10-26 08:54,236054,0,8388608,3,region3_3
2019-10-26 08:54,698,655360,786432,2,region3_8
2019-10-26 08:54,110833,0,262144,2,region3_0
2019-10-26 08:54,115840,0,131072,2,region3_0
2019-10-26 08:54,698,655360,786432,2,region3_8
2019-10-26 08:54,698,655360,786432,2,region3_8
2019-10-26 08:54,6265,0,262144,2,region3_0
2019-10-26 08:54,120273,0,131072,2,region3_0
2019-10-26 08:54,236152,0,2359296,4,region3_1
2019-10-26 08:54,698,655360,786432,2,region3_8
2019-10-26 08:54,60090,0,393216,2,region3_0
2019-10-26 08:54,236213,0,131072,2,region3_4
2019-10-26 08:54,698,655360,786432,2,region3_8
2019-10-26 08:54,698,655360,786432,2,region3_8
2019-10-26 08:54,111161,0,262144,2,region3_0
2019-10-26 08:54,111363,0,262144,2,region3_0
2019-10-26 08:54,59465,0,393216,2,region3_0
2019-10-26 08:54,2115,0,262144,2,region3_0
2019-10-26 08:54,698,655360,786432,2,region3_8
2019-10-26 08:54,698,655360,786432,2,region3_8
2019-10-26 08:54,124709,0,131072,2,region3_0
2019-10-26 08:54,698,655360,786432,2,region3_8
2019-10-26 08:54,5510,0,262144,2,region3_0
2019-10-26 08:54,45714,0,655360,2,region3_0
2019-10-26 08:54,698,655360,786432,2,region3_8
2019-10-26 08:54,698,655360,786432,2,region3_8
2019-10-26 08:54,698,655360,786432,2,region3_8
2019-10-26 08:54,698,655360,786432,2,region3_8
2019-10-26 08:54,698,655360,786432,2,region3_8
2019-10-26 08:54,698,655360,786432,2,region3_8
2019-10-26 08:54,125847,0,131072,2,region3_0
2019-10-26 08:54,698,655360,786432,2,region3_8
2019-10-26 08:54,698,655360,786432,2,region3_8
2019-10-26 08:54,127204,0,131072,2,region3_0
2019-10-26 08:54,108736,0,262144,2,region3_0
2019-10-26 08:54,236559,0,393216,2,region3_0
2019-10-26 08:54,7562,0,262144,2,region3_0
2019-10-26 08:54,3799,0,262144,2,region3_0
2019-10-26 08:55,123381,0,131072,2,region3_0
2019-10-26 08:55,698,655360,786432,2,region3_8
2019-10-26 08:55,188536,0,8388608,2,region3_7
2019-10-26 08:55,124829,0,131072,2,region3_0
2019-10-26 08:55,236856,0,786432,2,region3_0
2019-10-26 08:55,236900,0,131072,2,region3_4
2019-10-26 08:55,698,655360,786432,2,region3_8
2019-10-26 08:55,236983,0,8388608,3,region3_5
2019-10-26 08:55,698,655360,786432,2,region3_8
2019-10-26 08:55,698,655360,786432,2,region3_8
2019-10-26 08:55,237112,0,131072,2,region3_4
2019-10-26 08:55,698,655360,786432,2,region3_8
2019-10-26 08:55,698,655360,786432,2,region3_8
2019-10-26 08:55,698,655360,786432,2,region3_8
2019-10-26 08:55,237213,0,8388608,4,region3_0
2019-10-26 08:55,698,655360,786432,2,region3_8
2019-10-26 08:55,66187,0,393216,2,region3_0
2019-10-26 08:55,215837,0,131072,2,region3_4
2019-10-26 08:55,698,655360,786432,2,region3_8
2019-10-26 08:55,698,655360,786432,2,region3_8
2019-10-26 08:55,53535,0,655360,2,region3_0
2019-10-26 08:55,237278,0,8388608,3,region3_5
2019-10-26 08:55,698,655360,786432,2,region3_8
2019-10-26 08:55,698,655360,786432,2,region3_8
2019-10-26 08:55,698,655360,786432,2,region3_8
2019-10-26 08:55,237373,0,1048576,4,region3_1
2019-10-26 08:55,237461,0,131072,2,region3_4
2019-10-26 08:55,698,655360,786432,2,region3_8
2019-10-26 08:55,233029,0,3538944,1,region3_5
2019-10-26 08:55,233029,3407872,1572864,1,region3_5
2019-10-26 08:55,698,655360,786432,2,region3_8
2019-10-26 08:55,698,655360,786432,2,region3_8
2019-10-26 08:55,57301,0,655360,2,region3_0
2019-10-26 08:55,66277,0,393216,2,region3_0
2019-10-26 08:55,237691,0,786432,2,region3_0
2019-10-26 08:55,57717,0,655360,2,region3_0
2019-10-26 08:55,22889,0,262144,2,region3_0
2019-10-26 08:55,2435,0,393216,2,region3_0
2019-10-26 08:55,698,655360,786432,2,region3_8
2019-10-26 08:55,120759,0,131072,2,region3_0
2019-10-26 08:55,237907,0,8388608,3,region3_5
2019-10-26 08:55,698,655360,786432,2,region3_8
2019-10-26 08:55,698,655360,786432,2,region3_8
2019-10-26 08:55,12597,0,262144,2,region3_0
2019-10-26 08:55,675,0,393216,2,region3_4
2019-10-26 08:55,60714,0,655360,2,region3_0
2019-10-26 08:55,22579,0,262144,2,region3_0
2019-10-26 08:55,61128,0,655360,2,region3_0
2019-10-26 08:55,63528,0,655360,2,region3_0
2019-10-26 08:55,63297,0,655360,2,region3_0
2019-10-26 08:55,14080,0,393216,2,region3_0
2019-10-26 08:55,7737,0,393216,2,region3_0
2019-10-26 08:55,238448,0,8388608,4,region3_2
2019-10-26 08:55,698,655360,786432,2,region3_8
2019-10-26 08:55,238469,0,8388608,2,region3_7
2019-10-26 08:55,68365,0,1179648,2,region3_0
2019-10-26 08:55,20052,0,393216,2,region3_0
2019-10-26 08:55,698,655360,786432,2,region3_8
2019-10-26 08:55,238656,0,1966080,5,region3_3
2019-10-26 08:55,13827,0,393216,2,region3_0
2019-10-26 08:55,21051,0,393216,2,region3_0
2019-10-26 08:55,236559,0,393216,2,region3_4
2019-10-26 08:55,23690,0,393216,2,region3_0
2019-10-26 08:55,698,655360,786432,2,region3_8
2019-10-26 08:55,18512,0,393216,2,region3_0
2019-10-26 08:55,698,655360,786432,2,region3_8
2019-10-26 08:55,698,655360,786432,2,region3_8
2019-10-26 08:55,698,655360,786432,2,region3_8
2019-10-26 08:55,698,655360,786432,2,region3_8
2019-10-26 08:55,233222,0,131072,2,region3_4
2019-10-26 08:55,698,655360,786432,2,region3_8
2019-10-26 08:55,239055,0,131072,2,region3_4
2019-10-26 08:55,9954,0,393216,2,region3_0
2019-10-26 08:55,19431,0,393216,2,region3_0
2019-10-26 08:55,698,655360,786432,2,region3_8
2019-10-26 08:55,698,655360,786432,2,region3_8
2019-10-26 08:55,23869,0,393216,2,region3_0
2019-10-26 08:55,698,655360,786432,2,region3_8
2019-10-26 08:55,239155,0,131072,4,region3_1
2019-10-26 08:55,698,655360,786432,2,region3_8
2019-10-26 08:55,698,655360,786432,2,region3_8
2019-10-26 08:55,239193,0,393216,2,region3_4
2019-10-26 08:55,698,655360,786432,2,region3_8
2019-10-26 08:55,239237,0,6029312,4,region3_9
2019-10-26 08:56,24550,0,393216,2,region3_0
2019-10-26 08:56,230913,0,1835008,2,region3_4
2019-10-26 08:56,14078,0,393216,2,region3_4
2019-10-26 08:56,14472,0,393216,2,region3_0
2019-10-26 08:56,239383,0,8388608,2,region3_7
2019-10-26 08:56,23546,0,393216,2,region3_0
2019-10-26 08:56,24166,0,262144,2,region3_4
2019-10-26 08:56,29963,0,393216,2,region3_0
2019-10-26 08:56,14078,0,393216,2,region3_0
2019-10-26 08:56,239590,0,8388608,3,region3_3
2019-10-26 08:56,698,655360,786432,2,region3_8
2019-10-26 08:56,28310,0,393216,2,region3_0
2019-10-26 08:56,18665,0,393216,2,region3_0
2019-10-26 08:56,239193,0,393216,2,region3_4
2019-10-26 08:56,698,655360,786432,2,region3_8
2019-10-26 08:56,16480,0,393216,2,region3_0
2019-10-26 08:56,698,655360,786432,2,region3_8
2019-10-26 08:56,698,655360,786432,2,region3_8
2019-10-26 08:56,698,655360,786432,2,region3_8
2019-10-26 08:56,698,655360,786432,2,region3_8
2019-10-26 08:56,698,655360,786432,2,region3_8
2019-10-26 08:56,239804,0,4718592,3,region3_23
2019-10-26 08:56,132850,0,262144,2,region3_4
2019-10-26 08:56,698,655360,786432,2,region3_8
2019-10-26 08:56,240137,0,131072,4,region3_9
2019-10-26 08:56,16851,0,393216,2,region3_0
2019-10-26 08:56,698,655360,786432,2,region3_8
2019-10-26 08:56,240268,0,131072,2,region3_4
2019-10-26 08:56,138819,0,655360,2,region3_4
2019-10-26 08:56,698,655360,786432,2,region3_8
2019-10-26 08:56,698,655360,786432,2,region3_8
2019-10-26 08:56,168892,0,6291456,2,region3_7
2019-10-26 08:56,132850,0,262144,2,region3_4
2019-10-26 08:56,698,655360,786432,2,region3_8
2019-10-26 08:56,698,655360,786432,2,region3_8
2019-10-26 08:56,698,655360,786432,2,region3_8
2019-10-26 08:56,240596,0,8388608,2,region3_7
2019-10-26 08:56,698,655360,786432,2,region3_8
2019-10-26 08:56,698,655360,786432,2,region3_8
2019-10-26 08:56,698,655360,786432,2,region3_8
2019-10-26 08:56,698,655360,786432,2,region3_8
2019-10-26 08:56,698,655360,786432,2,region3_8
2019-10-26 08:56,135060,0,655360,2,region3_4
2019-10-26 08:56,22579,0,262144,2,region3_4
2019-10-26 08:56,133417,0,786432,2,region3_4
2019-10-26 08:56,24648,0,393216,2,region3_0
2019-10-26 08:56,124236,0,655360,2,region3_4
2019-10-26 08:56,698,655360,786432,2,region3_8
2019-10-26 08:56,240947,0,8388608,4,region3_13
2019-10-26 08:56,240995,0,8388608,4,region3_0
2019-10-26 08:56,698,655360,786432,2,region3_8
2019-10-26 08:56,209421,0,262144,2,region3_4
2019-10-26 08:56,241037,0,8388608,3,region3_5
2019-10-26 08:56,26391,0,393216,2,region3_0
2019-10-26 08:56,698,655360,786432,2,region3_8
2019-10-26 08:56,698,655360,786432,2,region3_8
2019-10-26 08:56,241244,0,2359296,4,region3_32
2019-10-26 08:56,241280,0,7340032,2,region3_7
2019-10-26 08:56,698,655360,786432,2,region3_8
2019-10-26 08:56,215296,0,131072,2,region3_4
2019-10-26 08:56,698,655360,786432,2,region3_8
2019-10-26 08:56,241332,0,131072,2,region3_4
2019-10-26 08:56,698,655360,786432,2,region3_8
2019-10-26 08:56,698,655360,786432,2,region3_8
2019-10-26 08:57,241466,0,8388608,3,region3_5
2019-10-26 08:57,232890,0,131072,2,region3_4
2019-10-26 08:57,698,655360,786432,2,region3_8
2019-10-26 08:57,698,655360,786432,2,region3_8
2019-10-26 08:57,241559,0,9306112,3,region3_4
2019-10-26 08:57,698,655360,786432,2,region3_8
2019-10-26 08:57,241635,0,131072,4,region3_1
2019-10-26 08:57,181538,0,393216,2,region3_4
2019-10-26 08:57,88400,0,131072,2,region3_4
2019-10-26 08:57,241702,0,131072,2,region3_4
2019-10-26 08:57,698,655360,786432,2,region3_8
2019-10-26 08:57,698,655360,786432,2,region3_8
2019-10-26 08:57,698,655360,786432,2,region3_8
2019-10-26 08:57,100536,0,131072,2,region3_4
2019-10-26 08:57,698,655360,786432,2,region3_8
2019-10-26 08:57,698,655360,786432,2,region3_8
2019-10-26 08:57,698,655360,786432,2,region3_8
2019-10-26 08:57,8872,0,131072,2,region3_4
2019-10-26 08:57,241977,0,13107200,4,region3_8
2019-10-26 08:57,698,655360,786432,2,region3_8
2019-10-26 08:57,102230,0,131072,2,region3_4
2019-10-26 08:57,217262,0,131072,2,region3_4
2019-10-26 08:57,233912,0,4980736,2,region3_1
2019-10-26 08:57,698,655360,786432,2,region3_8
2019-10-26 08:57,233912,4849664,3538944,2,region3_1
2019-10-26 08:57,242104,0,8388608,4,region3_13
2019-10-26 08:57,24166,0,262144,2,region3_4
2019-10-26 08:57,232350,0,655360,2,region3_4
2019-10-26 08:57,698,655360,786432,2,region3_8
2019-10-26 08:57,698,655360,786432,2,region3_8
2019-10-26 08:57,698,655360,786432,2,region3_8
2019-10-26 08:57,122513,0,131072,2,region3_4
2019-10-26 08:57,698,655360,786432,2,region3_8
2019-10-26 08:57,56538,0,131072,2,region3_4
2019-10-26 08:57,698,655360,786432,2,region3_8
2019-10-26 08:57,242453,0,8388608,4,region3_2
2019-10-26 08:57,188614,0,393216,2,region3_4
2019-10-26 08:57,22610,0,262144,2,region3_4
2019-10-26 08:57,698,655360,786432,2,region3_8
2019-10-26 08:57,31296,0,524288,2,region3_0
2019-10-26 08:57,698,655360,786432,2,region3_8
2019-10-26 08:57,698,655360,786432,2,region3_8
2019-10-26 08:57,242702,0,8388608,3,region3_5
2019-10-26 08:57,242715,0,8388608,3,region3_5
2019-10-26 08:57,242753,0,1966080,3,region3_4
2019-10-26 08:57,242886,0,8388608,4,region3_1
2019-10-26 08:57,242990,0,2883584,4,region3_41
2019-10-26 08:57,698,655360,786432,2,region3_8
2019-10-26 08:57,38370,0,131072,2,region3_4
2019-10-26 08:57,243196,0,131072,2,region3_4
2019-10-26 08:57,181453,0,131072,2,region3_4
2019-10-26 08:57,243220,0,3276800,4,region3_17
2019-10-26 08:57,233222,0,131072,2,region3_4
2019-10-26 08:57,698,655360,786432,2,region3_8
2019-10-26 08:57,243268,0,131072,2,region3_4
2019-10-26 08:57,243297,0,7340032,4,region3_13
2019-10-26 08:57,243326,0,8388608,3,region3_5
2019-10-26 08:57,243387,0,6553600,4,region3_1
2019-10-26 08:57,243392,0,2752512,4,region3_2
2019-10-26 08:57,23869,0,393216,2,region3_4
2019-10-26 08:57,243594,0,8388608,3,region3_4
2019-10-26 08:57,243645,0,131072,2,region3_4
2019-10-26 08:57,698,655360,786432,2,region3_8
2019-10-26 08:57,243695,0,2228224,4,region3_21
2019-10-26 08:57,698,655360,786432,2,region3_8
2019-10-26 08:57,698,655360,786432,2,region3_8
2019-10-26 08:57,28391,0,262144,2,region3_4
2019-10-26 08:57,698,655360,786432,2,region3_8
2019-10-26 08:57,698,655360,786432,2,region3_8
2019-10-26 08:57,698,655360,786432,2,region3_8
2019-10-26 08:57,698,655360,786432,2,region3_8
2019-10-26 08:57,177042,0,131072,2,region3_4
2019-10-26 08:57,698,655360,786432,2,region3_8
2019-10-26 08:57,698,655360,786432,2,region3_8
2019-10-26 08:57,206393,524288,1179648,2,region3_0
2019-10-26 08:57,244037,0,8388608,4,region3_13
2019-10-26 08:57,25619,0,262144,2,region3_4
2019-10-26 08:57,698,655360,786432,2,region3_8
2019-10-26 08:57,32385,0,131072,2,region3_4
2019-10-26 08:57,244197,0,131072,2,region3_4
2019-10-26 08:58,698,655360,786432,2,region3_8
2019-10-26 08:58,698,655360,786432,2,region3_8
2019-10-26 08:58,180675,0,131072,2,region3_4
2019-10-26 08:58,244294,0,8388608,3,region3_4
2019-10-26 08:58,244301,0,3014656,4,region3_1
2019-10-26 08:58,698,655360,786432,2,region3_8
2019-10-26 08:58,114995,0,131072,2,region3_4
2019-10-26 08:58,120265,0,131072,2,region3_4
2019-10-26 08:58,698,655360,786432,2,region3_8
2019-10-26 08:58,244570,0,3014656,4,region3_1
2019-10-26 08:58,244572,0,4718592,4,region3_17
2019-10-26 08:58,244582,0,6553600,4,region3_1
2019-10-26 08:58,698,655360,786432,2,region3_8
2019-10-26 08:58,244633,0,3538944,4,region3_17
2019-10-26 08:58,698,655360,786432,2,region3_8
2019-10-26 08:58,698,655360,786432,2,region3_8
2019-10-26 08:58,698,655360,786432,2,region3_8
2019-10-26 08:58,698,655360,786432,2,region3_8
2019-10-26 08:58,698,655360,786432,2,region3_8
2019-10-26 08:58,698,655360,786432,2,region3_8
2019-10-26 08:58,56701,0,262144,2,region3_4
2019-10-26 08:58,244949,0,8388608,3,region3_5
2019-10-26 08:58,244956,0,8388608,4,region3_1
2019-10-26 08:58,698,655360,786432,2,region3_8
2019-10-26 08:58,245034,0,131072,2,region3_4
2019-10-26 08:58,245142,0,8388608,4,region3_13
2019-10-26 08:58,698,655360,786432,2,region3_8
2019-10-26 08:58,698,655360,786432,2,region3_8
2019-10-26 08:58,698,655360,786432,2,region3_8
2019-10-26 08:58,698,655360,786432,2,region3_8
2019-10-26 08:58,698,655360,786432,2,region3_8
2019-10-26 08:58,61317,0,262144,2,region3_4
2019-10-26 08:58,698,655360,786432,2,region3_8
2019-10-26 08:58,245490,0,524288,2,region3_4
2019-10-26 08:58,698,655360,786432,2,region3_8
2019-10-26 08:58,245590,0,8388608,4,region3_1
2019-10-26 08:58,698,655360,786432,2,region3_8
2019-10-26 08:58,698,655360,786432,2,region3_8
2019-10-26 08:58,698,655360,786432,2,region3_8
2019-10-26 08:58,698,655360,786432,2,region3_8
2019-10-26 08:58,698,655360,786432,2,region3_8
2019-10-26 08:58,48270,0,131072,2,region3_4
2019-10-26 08:58,698,655360,786432,2,region3_8
2019-10-26 08:58,698,655360,786432,2,region3_8
2019-10-26 08:58,246224,0,8388608,4,region3_2
2019-10-26 08:58,239055,0,131072,2,region3_4
2019-10-26 08:58,154830,0,1835008,2,region3_0
2019-10-26 08:58,246244,0,8388608,4,region3_1
2019-10-26 08:58,698,655360,786432,2,region3_8
2019-10-26 08:58,698,655360,786432,2,region3_8
2019-10-26 08:58,698,655360,786432,2,region3_8
2019-10-26 08:58,246327,4587520,1966080,2,region3_1
2019-10-26 08:58,698,655360,786432,2,region3_8
2019-10-26 08:58,698,655360,786432,2,region3_8
2019-10-26 08:58,698,655360,786432,2,region3_8
2019-10-26 08:58,246444,0,786432,4,region3_1
2019-10-26 08:58,698,655360,786432,2,region3_8
2019-10-26 08:58,246728,0,8388608,2,region3_7
2019-10-26 08:58,30724,0,131072,2,region3_4
2019-10-26 08:58,698,655360,786432,2,region3_8
2019-10-26 08:58,246978,0,1966080,4,region3_13
2019-10-26 08:58,698,655360,786432,2,region3_8
2019-10-26 08:58,247004,0,131072,4,region3_1
2019-10-26 08:58,247032,0,8388608,2,region3_7
2019-10-26 08:58,247056,0,8388608,3,region3_3
2019-10-26 08:58,698,655360,786432,2,region3_8
2019-10-26 08:58,74684,0,131072,2,region3_4
2019-10-26 08:59,247145,0,131072,5,region3_3
2019-10-26 08:59,247203,0,8388608,2,region3_7
2019-10-26 08:59,247262,0,8388608,4,region3_13
2019-10-26 08:59,247272,0,8126464,4,region3_1
2019-10-26 08:59,698,655360,786432,2,region3_8
2019-10-26 08:59,698,655360,786432,2,region3_8
2019-10-26 08:59,698,655360,786432,2,region3_8
2019-10-26 08:59,247422,0,8388608,4,region3_13
2019-10-26 08:59,59285,0,262144,2,region3_4
2019-10-26 08:59,247661,0,8388608,4,region3_1
2019-10-26 08:59,698,655360,786432,2,region3_8
2019-10-26 08:59,236213,0,131072,2,region3_4
2019-10-26 08:59,698,655360,786432,2,region3_8
2019-10-26 08:59,247762,0,3145728,4,region3_12
2019-10-26 08:59,698,655360,786432,2,region3_8
2019-10-26 08:59,698,655360,786432,2,region3_8
2019-10-26 08:59,698,655360,786432,2,region3_8
2019-10-26 08:59,698,655360,786432,2,region3_8
2019-10-26 08:59,24694,0,262144,2,region3_4
2019-10-26 08:59,698,655360,786432,2,region3_8
2019-10-26 08:59,698,655360,786432,2,region3_8
2019-10-26 08:59,247932,0,8388608,3,region3_5
2019-10-26 08:59,698,655360,786432,2,region3_8
2019-10-26 08:59,247966,0,917504,4,region3_1
2019-10-26 08:59,698,655360,786432,2,region3_8
2019-10-26 08:59,698,655360,786432,2,region3_8
2019-10-26 08:59,698,655360,786432,2,region3_8
2019-10-26 08:59,248047,0,8388608,2,region3_1
2019-10-26 08:59,174507,0,131072,2,region3_0
2019-10-26 08:59,138819,0,655360,2,region3_4
2019-10-26 08:59,698,655360,786432,2,region3_8
2019-10-26 08:59,190713,0,262144,2,region3_4
2019-10-26 08:59,136781,0,131072,2,region3_0
2019-10-26 08:59,248139,0,786432,4,region3_1
2019-10-26 08:59,248162,0,8388608,4,region3_2
2019-10-26 08:59,248167,0,8388608,2,region3_7
2019-10-26 08:59,698,655360,786432,2,region3_8
2019-10-26 08:59,244949,0,4194304,1,region3_3
2019-10-26 08:59,244949,4194304,4194304,1,region3_3
2019-10-26 08:59,248234,0,8388608,4,region3_1
2019-10-26 08:59,173187,0,131072,2,region3_0
2019-10-26 08:59,698,655360,786432,2,region3_8
2019-10-26 08:59,698,655360,786432,2,region3_8
2019-10-26 08:59,248341,0,8388608,4,region3_13
2019-10-26 08:59,68473,0,1835008,2,region3_0
2019-10-26 08:59,698,655360,786432,2,region3_8
2019-10-26 08:59,698,655360,786432,2,region3_8
2019-10-26 08:59,248405,0,786432,3,region3_4
2019-10-26 08:59,19031,0,131072,2,region3_0
2019-10-26 08:59,6801,0,131072,2,region3_0
2019-10-26 08:59,189753,0,262144,2,region3_4
2019-10-26 08:59,19968,0,131072,2,region3_0
2019-10-26 08:59,5429,0,131072,2,region3_0
2019-10-26 08:59,248545,0,786432,4,region3_1
2019-10-26 08:59,248667,0,8388608,3,region3_5
2019-10-26 08:59,1663,0,131072,2,region3_0
2019-10-26 08:59,13193,0,131072,2,region3_0
2019-10-26 08:59,698,655360,786432,2,region3_8
2019-10-26 08:59,698,655360,786432,2,region3_8
2019-10-26 08:59,41729,0,8388608,2,region3_0
2019-10-26 08:59,29302,0,131072,2,region3_0
2019-10-26 08:59,698,655360,786432,2,region3_8
2019-10-26 08:59,195558,0,8388608,2,region3_1
2019-10-26 08:59,7672,0,131072,2,region3_0
2019-10-26 08:59,698,655360,786432,2,region3_8
2019-10-26 08:59,698,655360,786432,2,region3_8
2019-10-26 08:59,10084,0,131072,2,region3_0
2019-10-26 08:59,698,655360,786432,2,region3_8
2019-10-26 08:59,114668,0,262144,2,region3_0
2019-10-26 08:59,115736,0,262144,2,region3_0
2019-10-26 08:59,25990,0,131072,2,region3_0
2019-10-26 08:59,698,655360,786432,2,region3_8
2019-10-26 08:59,116625,0,262144,2,region3_0
2019-10-26 08:59,698,655360,786432,2,region3_8
2019-10-26 08:59,249086,0,8388608,4,region3_1
2019-10-26 08:59,10365,0,131072,2,region3_4
2019-10-26 08:59,698,655360,786432,2,region3_8
2019-10-26 08:59,244197,0,131072,2,region3_4
2019-10-26 08:59,698,655360,786432,2,region3_8
2019-10-26 08:59,171060,0,131072,2,region3_4
2019-10-26 09:00,698,655360,786432,2,region3_8
2019-10-26 09:00,698,655360,786432,2,region3_8
2019-10-26 09:00,698,655360,786432,2,region3_8
2019-10-26 09:00,698,655360,786432,2,region3_8
2019-10-26 09:00,249225,0,8388608,4,region3_2
2019-10-26 09:00,698,655360,786432,2,region3_8
2019-10-26 09:00,249254,0,1310720,5,region3_3
2019-10-26 09:00,249261,0,5898240,4,region3_2
2019-10-26 09:00,249322,0,5111808,2,region3_1
2019-10-26 09:00,188304,0,131072,2,region3_4
2019-10-26 09:00,249460,0,8388608,3,region3_4
2019-10-26 09:00,698,655360,786432,2,region3_8
2019-10-26 09:00,32608,0,131072,2,region3_0
2019-10-26 09:00,126694,0,262144,2,region3_0
2019-10-26 09:00,157890,0,131072,2,region3_4
2019-10-26 09:00,168799,0,1835008,2,region3_0
2019-10-26 09:00,127223,0,262144,2,region3_0
2019-10-26 09:00,249886,0,4325376,4,region3_6
2019-10-26 09:00,127394,0,262144,2,region3_0
2019-10-26 09:00,127542,0,262144,2,region3_0
2019-10-26 09:00,249964,0,8388608,4,region3_0
2019-10-26 09:00,129891,0,262144,2,region3_0
2019-10-26 09:00,127964,0,262144,2,region3_0
2019-10-26 09:00,41326,0,131072,2,region3_0
2019-10-26 09:00,53535,0,655360,2,region3_4
2019-10-26 09:00,44720,0,131072,2,region3_0
2019-10-26 09:00,130493,0,262144,2,region3_0
2019-10-26 09:00,242753,0,1966080,1,region3_4
2019-10-26 09:00,250335,0,8388608,4,region3_13
2019-10-26 09:00,130710,0,262144,2,region3_0
2019-10-26 09:00,181538,0,393216,2,region3_4
2019-10-26 09:00,132380,0,262144,2,region3_0
2019-10-26 09:00,42987,0,131072,2,region3_0
2019-10-26 09:00,250488,0,8388608,4,region3_13
2019-10-26 09:00,44061,0,131072,2,region3_0
2019-10-26 09:00,698,655360,786432,2,region3_8
2019-10-26 09:00,698,655360,786432,2,region3_8
2019-10-26 09:00,248405,0,786432,1,region3_4
2019-10-26 09:00,698,655360,786432,2,region3_8
2019-10-26 09:00,698,655360,786432,2,region3_8
2019-10-26 09:00,44443,0,131072,2,region3_0
2019-10-26 09:00,30724,0,131072,2,region3_4
2019-10-26 09:00,184169,0,2097152,1,region3_4
2019-10-26 09:00,250662,0,8388608,3,region3_5
2019-10-26 09:00,698,655360,786432,2,region3_8
2019-10-26 09:00,698,655360,786432,2,region3_8
2019-10-26 09:00,698,655360,786432,2,region3_8
2019-10-26 09:00,698,655360,786432,2,region3_8
2019-10-26 09:00,698,655360,786432,2,region3_8
2019-10-26 09:00,71626,0,131072,2,region3_4
2019-10-26 09:00,698,655360,786432,2,region3_8
2019-10-26 09:00,698,655360,786432,2,region3_8
2019-10-26 09:00,698,655360,786432,2,region3_8
2019-10-26 09:00,37761,0,131072,2,region3_0
2019-10-26 09:00,19968,0,131072,2,region3_4
2019-10-26 09:00,698,655360,786432,2,region3_8
2019-10-26 09:00,698,655360,786432,2,region3_8
2019-10-26 09:00,135060,0,655360,2,region3_4
2019-10-26 09:00,184169,2097152,2097152,1,region3_4
2019-10-26 09:00,250866,0,6815744,4,region3_1
2019-10-26 09:00,698,655360,786432,2,region3_8
2019-10-26 09:00,205867,0,4194304,1,region3_5
2019-10-26 09:00,205867,4194304,4194304,1,region3_5
2019-10-26 09:01,698,655360,786432,2,region3_8
2019-10-26 09:01,698,655360,786432,2,region3_8
2019-10-26 09:01,698,655360,786432,2,region3_8
2019-10-26 09:01,698,655360,786432,2,region3_8
2019-10-26 09:01,251048,0,8388608,2,region3_23
2019-10-26 09:01,251086,0,8388608,4,region3_1
2019-10-26 09:01,44720,0,131072,2,region3_4
2019-10-26 09:01,251098,0,6946816,2,region3_1
2019-10-26 09:01,698,655360,786432,2,region3_8
2019-10-26 09:01,243326,0,4194304,1,region3_5
2019-10-26 09:01,243326,4194304,4194304,1,region3_5
2019-10-26 09:01,698,655360,786432,2,region3_8
2019-10-26 09:01,22610,0,262144,2,region3_4
2019-10-26 09:01,698,655360,786432,2,region3_8
2019-10-26 09:01,698,655360,786432,2,region3_8
2019-10-26 09:01,184169,4194304,2097152,1,region3_4
2019-10-26 09:01,698,655360,786432,2,region3_8
2019-10-26 09:01,48552,0,131072,2,region3_0
2019-10-26 09:01,44674,0,131072,2,region3_0
2019-10-26 09:01,251424,0,1966080,4,region3_2
2019-10-26 09:01,48588,0,131072,2,region3_0
2019-10-26 09:01,251434,0,8388608,4,region3_6
2019-10-26 09:01,133417,0,786432,2,region3_4
2019-10-26 09:01,251460,0,8388608,2,region3_7
2019-10-26 09:01,251485,0,8388608,3,region3_4
2019-10-26 09:01,251488,0,8388608,4,region3_2
2019-10-26 09:01,28391,0,262144,2,region3_4
2019-10-26 09:01,698,655360,786432,2,region3_8
2019-10-26 09:01,184169,6291456,2097152,1,region3_4
2019-10-26 09:01,698,655360,786432,2,region3_8
2019-10-26 09:01,241332,0,131072,2,region3_4
2019-10-26 09:01,698,655360,786432,2,region3_8
2019-10-26 09:01,698,655360,786432,2,region3_8
2019-10-26 09:01,251688,0,8388608,2,region3_7
2019-10-26 09:01,50222,0,131072,2,region3_0
2019-10-26 09:01,698,655360,786432,2,region3_8
2019-10-26 09:01,188614,0,393216,2,region3_4
2019-10-26 09:01,251758,0,8388608,2,region3_7
2019-10-26 09:01,698,655360,786432,2,region3_8
2019-10-26 09:01,698,655360,786432,2,region3_8
2019-10-26 09:01,251785,0,8388608,4,region3_2
2019-10-26 09:01,251804,0,8388608,2,region3_7
2019-10-26 09:01,251815,0,8388608,3,region3_4
2019-10-26 09:01,124236,0,655360,2,region3_4
2019-10-26 09:01,698,655360,786432,2,region3_8
2019-10-26 09:01,698,655360,786432,2,region3_8
2019-10-26 09:01,245034,0,131072,2,region3_4
2019-10-26 09:01,698,655360,786432,2,region3_8
2019-10-26 09:01,236559,0,393216,2,region3_4
2019-10-26 09:01,698,655360,786432,2,region3_8
2019-10-26 09:01,698,655360,786432,2,region3_8
2019-10-26 09:01,698,655360,786432,2,region3_8
2019-10-26 09:01,69706,0,131072,2,region3_0
2019-10-26 09:02,698,655360,786432,2,region3_8
2019-10-26 09:02,698,655360,786432,2,region3_8
2019-10-26 09:02,698,655360,786432,2,region3_8
2019-10-26 09:02,698,655360,786432,2,region3_8
2019-10-26 09:02,698,655360,786432,2,region3_8
2019-10-26 09:02,698,655360,786432,2,region3_8
2019-10-26 09:02,61743,0,131072,2,region3_0
2019-10-26 09:02,698,655360,786432,2,region3_8
2019-10-26 09:02,252373,0,8388608,2,region3_7
2019-10-26 09:02,698,655360,786432,2,region3_8
2019-10-26 09:02,698,655360,786432,2,region3_8
2019-10-26 09:02,698,655360,786432,2,region3_8
2019-10-26 09:02,252398,0,8388608,3,region3_5
2019-10-26 09:02,698,655360,786432,2,region3_8
2019-10-26 09:02,698,655360,786432,2,region3_8
2019-10-26 09:02,698,655360,786432,2,region3_8
2019-10-26 09:02,698,655360,786432,2,region3_8
2019-10-26 09:02,60978,0,131072,2,region3_0
2019-10-26 09:02,698,655360,786432,2,region3_8
2019-10-26 09:02,698,655360,786432,2,region3_8
2019-10-26 09:02,698,655360,786432,2,region3_8
2019-10-26 09:02,22579,0,262144,2,region3_4
2019-10-26 09:02,698,655360,786432,2,region3_8
2019-10-26 09:02,698,655360,786432,2,region3_8
2019-10-26 09:02,698,655360,786432,2,region3_8
2019-10-26 09:02,252679,0,131072,2,region3_4
2019-10-26 09:02,698,655360,786432,2,region3_8
2019-10-26 09:02,252755,0,8388608,4,region3_2
2019-10-26 09:02,252855,0,7602176,4,region3_1
2019-10-26 09:02,698,655360,786432,2,region3_8
2019-10-26 09:02,236900,0,131072,2,region3_4
2019-10-26 09:02,698,655360,786432,2,region3_8
2019-10-26 09:02,698,655360,786432,2,region3_8
2019-10-26 09:02,253023,0,655360,4,region3_1
2019-10-26 09:02,237112,0,131072,2,region3_4
2019-10-26 09:02,64833,0,131072,2,region3_0
2019-10-26 09:02,253179,0,8388608,4,region3_0
2019-10-26 09:02,135813,0,131072,2,region3_4
2019-10-26 09:02,237461,0,131072,2,region3_4
2019-10-26 09:02,698,655360,786432,2,region3_8
2019-10-26 09:02,698,655360,786432,2,region3_8
2019-10-26 09:02,698,655360,786432,2,region3_8
2019-10-26 09:02,698,655360,786432,2,region3_8
2019-10-26 09:02,253395,0,262144,3,region3_4
2019-10-26 09:02,698,655360,786432,2,region3_8
2019-10-26 09:02,698,655360,786432,2,region3_8
2019-10-26 09:02,253496,0,9306112,3,region3_4
2019-10-26 09:02,698,655360,786432,2,region3_8
2019-10-26 09:02,127542,0,262144,2,region3_4
2019-10-26 09:02,112861,0,393216,2,region3_0
2019-10-26 09:02,113426,0,393216,2,region3_0
2019-10-26 09:02,113504,0,393216,2,region3_0
2019-10-26 09:02,698,655360,786432,2,region3_8
2019-10-26 09:02,115950,0,393216,2,region3_0
2019-10-26 09:02,253618,0,2228224,4,region3_1
2019-10-26 09:02,253395,0,262144,1,region3_4
2019-10-26 09:02,698,655360,786432,2,region3_8
2019-10-26 09:02,698,655360,786432,2,region3_8
2019-10-26 09:02,698,655360,786432,2,region3_8
2019-10-26 09:02,698,655360,786432,2,region3_8
2019-10-26 09:02,698,655360,786432,2,region3_8
2019-10-26 09:02,698,655360,786432,2,region3_8
2019-10-26 09:02,14078,0,393216,2,region3_4
2019-10-26 09:02,86786,0,1835008,2,region3_0
2019-10-26 09:02,698,655360,786432,2,region3_8
2019-10-26 09:02,172908,0,262144,2,region3_0
2019-10-26 09:02,698,655360,786432,2,region3_8
2019-10-26 09:02,698,655360,786432,2,region3_8
2019-10-26 09:02,698,655360,786432,2,region3_8
2019-10-26 09:03,698,655360,786432,2,region3_8
2019-10-26 09:03,253840,0,2490368,4,region3_1
2019-10-26 09:03,253841,0,131072,4,region3_1
2019-10-26 09:03,698,655360,786432,2,region3_8
2019-10-26 09:03,118727,0,393216,2,region3_0
2019-10-26 09:03,253920,0,6684672,2,region3_7
2019-10-26 09:03,253940,0,8388608,2,region3_7
2019-10-26 09:03,173899,0,131072,2,region3_0
2019-10-26 09:03,698,655360,786432,2,region3_8
2019-10-26 09:03,174637,0,262144,2,region3_0
2019-10-26 09:03,254028,0,131072,4,region3_1
2019-10-26 09:03,675,0,393216,2,region3_0
2019-10-26 09:03,254146,0,1966080,4,region3_2
2019-10-26 09:03,177042,0,131072,2,region3_0
2019-10-26 09:03,254162,0,524288,4,region3_1
2019-10-26 09:03,698,655360,786432,2,region3_8
2019-10-26 09:03,176281,0,262144,2,region3_0
2019-10-26 09:03,15713,0,393216,2,region3_0
2019-10-26 09:03,698,655360,786432,2,region3_8
2019-10-26 09:03,178386,0,131072,2,region3_0
2019-10-26 09:03,698,655360,786432,2,region3_8
2019-10-26 09:03,698,655360,786432,2,region3_8
2019-10-26 09:03,177399,0,131072,2,region3_0
2019-10-26 09:03,698,655360,786432,2,region3_8
2019-10-26 09:03,172908,0,262144,2,region3_0
2019-10-26 09:03,177820,0,131072,2,region3_0
2019-10-26 09:03,698,655360,786432,2,region3_8
2019-10-26 09:03,698,655360,786432,2,region3_8
2019-10-26 09:03,177769,0,262144,2,region3_0
2019-10-26 09:03,181709,0,131072,2,region3_0
2019-10-26 09:03,68408,0,131072,2,region3_0
2019-10-26 09:03,179351,0,262144,2,region3_0
2019-10-26 09:03,698,655360,786432,2,region3_8
2019-10-26 09:03,173899,0,131072,2,region3_0
2019-10-26 09:03,60090,0,393216,2,region3_0
2019-10-26 09:03,69047,0,131072,2,region3_0
2019-10-26 09:03,698,655360,786432,2,region3_8
2019-10-26 09:03,181553,0,131072,2,region3_0
2019-10-26 09:03,177443,0,262144,2,region3_0
2019-10-26 09:03,59465,0,393216,2,region3_0
2019-10-26 09:03,178782,0,131072,2,region3_0
2019-10-26 09:03,59465,0,393216,2,region3_0
2019-10-26 09:03,22577,0,393216,2,region3_0
2019-10-26 09:03,60090,0,393216,2,region3_0
2019-10-26 09:03,228759,0,1966080,1,region3_5
2019-10-26 09:03,254627,0,262144,4,region3_1
2019-10-26 09:03,178735,0,262144,2,region3_0
2019-10-26 09:03,28735,0,393216,2,region3_0
2019-10-26 09:03,180067,0,262144,2,region3_0
2019-10-26 09:03,68712,0,131072,2,region3_0
2019-10-26 09:03,180559,0,131072,2,region3_0
2019-10-26 09:03,177443,0,262144,2,region3_0
2019-10-26 09:03,177042,0,131072,2,region3_0
2019-10-26 09:03,180498,0,131072,2,region3_0
2019-10-26 09:03,176281,0,262144,2,region3_0
2019-10-26 09:03,698,655360,786432,2,region3_8
2019-10-26 09:03,71626,0,131072,2,region3_0
2019-10-26 09:03,181405,0,131072,2,region3_0
2019-10-26 09:03,698,655360,786432,2,region3_8
2019-10-26 09:03,177399,0,131072,2,region3_0
2019-10-26 09:03,698,655360,786432,2,region3_8
2019-10-26 09:03,68755,0,131072,2,region3_0
2019-10-26 09:03,177820,0,131072,2,region3_0
2019-10-26 09:03,177769,0,262144,2,region3_0
2019-10-26 09:03,180656,0,262144,2,region3_0
2019-10-26 09:03,181405,0,131072,2,region3_0
2019-10-26 09:03,66187,0,393216,2,region3_0
2019-10-26 09:03,698,655360,786432,2,region3_8
2019-10-26 09:03,698,655360,786432,2,region3_8
2019-10-26 09:03,100536,0,131072,2,region3_4
2019-10-26 09:03,30168,0,393216,2,region3_0
2019-10-26 09:03,698,655360,786432,2,region3_8
2019-10-26 09:03,254871,0,8388608,3,region3_5
2019-10-26 09:03,254886,0,917504,4,region3_1
2019-10-26 09:03,180764,0,262144,2,region3_0
2019-10-26 09:03,254912,0,8388608,4,region3_1
2019-10-26 09:03,179351,0,262144,2,region3_0
2019-10-26 09:03,181782,0,131072,2,region3_0
2019-10-26 09:03,698,655360,786432,2,region3_8
2019-10-26 09:03,67926,0,8388608,2,region3_0
2019-10-26 09:03,254948,0,8388608,3,region3_3
2019-10-26 09:03,178782,0,131072,2,region3_0
2019-10-26 09:03,698,655360,786432,2,region3_8
2019-10-26 09:03,234711,0,524288,2,region3_0
2019-10-26 09:03,182401,0,131072,2,region3_0
2019-10-26 09:03,32952,0,393216,2,region3_0
2019-10-26 09:03,178735,0,262144,2,region3_0
2019-10-26 09:03,698,655360,786432,2,region3_8
2019-10-26 09:03,178386,0,131072,2,region3_0
2019-10-26 09:03,698,655360,786432,2,region3_8
2019-10-26 09:03,235600,0,393216,2,region3_0
2019-10-26 09:03,34883,0,393216,2,region3_0
2019-10-26 09:03,182118,0,262144,2,region3_0
2019-10-26 09:03,236559,0,393216,2,region3_0
2019-10-26 09:03,234822,0,393216,2,region3_0
2019-10-26 09:03,255103,0,262144,4,region3_1
2019-10-26 09:03,66187,0,393216,2,region3_0
2019-10-26 09:03,72489,0,131072,2,region3_0
2019-10-26 09:03,180656,0,262144,2,region3_0
2019-10-26 09:03,71312,0,131072,2,region3_0
2019-10-26 09:03,102230,0,131072,2,region3_4
2019-10-26 09:03,180559,0,131072,2,region3_0
2019-10-26 09:03,32385,0,131072,2,region3_4
2019-10-26 09:03,698,655360,786432,2,region3_8
2019-10-26 09:03,698,655360,786432,2,region3_8
2019-10-26 09:03,235135,0,393216,2,region3_0
2019-10-26 09:03,66277,0,393216,2,region3_0
2019-10-26 09:03,181709,0,131072,2,region3_0
2019-10-26 09:03,180498,0,131072,2,region3_0
2019-10-26 09:03,236856,0,786432,2,region3_0
2019-10-26 09:03,66277,0,393216,2,region3_0
2019-10-26 09:03,2435,0,393216,2,region3_0
2019-10-26 09:03,237691,0,786432,2,region3_0
2019-10-26 09:03,231570,0,131072,2,region3_4
2019-10-26 09:03,2435,0,393216,2,region3_0
2019-10-26 09:03,180067,0,262144,2,region3_0
2019-10-26 09:03,181553,0,131072,2,region3_0
2019-10-26 09:03,181782,0,131072,2,region3_0
2019-10-26 09:03,182290,0,262144,2,region3_0
2019-10-26 09:03,698,655360,786432,2,region3_8
2019-10-26 09:03,180764,0,262144,2,region3_0
2019-10-26 09:03,698,655360,786432,2,region3_8
2019-10-26 09:03,234381,0,393216,2,region3_0
2019-10-26 09:03,698,655360,786432,2,region3_8
2019-10-26 09:03,235577,0,524288,2,region3_0
2019-10-26 09:03,182401,0,131072,2,region3_0
2019-10-26 09:03,698,655360,786432,2,region3_8
2019-10-26 09:03,698,655360,786432,2,region3_8
2019-10-26 09:03,255489,0,8388608,2,region3_7
2019-10-26 09:03,182118,0,262144,2,region3_0
2019-10-26 09:03,74793,0,131072,2,region3_0
2019-10-26 09:03,698,655360,786432,2,region3_8
2019-10-26 09:03,56538,0,131072,2,region3_4
2019-10-26 09:03,235757,0,524288,2,region3_0
2019-10-26 09:03,75728,0,131072,2,region3_0
2019-10-26 09:03,93605,0,4325376,2,region3_7
2019-10-26 09:03,71851,0,131072,2,region3_0
2019-10-26 09:03,93605,4194304,4194304,2,region3_7
2019-10-26 09:03,698,655360,786432,2,region3_8
2019-10-26 09:03,698,655360,786432,2,region3_8
2019-10-26 09:03,698,655360,786432,2,region3_8
2019-10-26 09:03,255737,0,8388608,4,region3_6
2019-10-26 09:03,182290,0,262144,2,region3_0
2019-10-26 09:03,255758,0,8388608,3,region3_5
2019-10-26 09:03,14080,0,393216,2,region3_0
2019-10-26 09:03,14080,0,393216,2,region3_0
2019-10-26 09:03,698,655360,786432,2,region3_8
2019-10-26 09:04,88452,0,131072,2,region3_0
2019-10-26 09:04,698,655360,786432,2,region3_8
2019-10-26 09:04,21051,0,393216,2,region3_0
2019-10-26 09:04,88400,0,131072,2,region3_0
2019-10-26 09:04,7737,0,393216,2,region3_0
2019-10-26 09:04,88422,0,131072,2,region3_0
2019-10-26 09:04,88141,0,131072,2,region3_0
2019-10-26 09:04,255950,0,131072,4,region3_1
2019-10-26 09:04,13827,0,393216,2,region3_0
2019-10-26 09:04,255994,0,8388608,2,region3_1
2019-10-26 09:04,21051,0,393216,2,region3_0
2019-10-26 09:04,20052,0,393216,2,region3_0
2019-10-26 09:04,58128,0,131072,2,region3_4
2019-10-26 09:04,42053,0,131072,2,region3_0
2019-10-26 09:04,73907,0,131072,2,region3_4
2019-10-26 09:04,89209,0,131072,2,region3_0
2019-10-26 09:04,88927,0,131072,2,region3_0
2019-10-26 09:04,20052,0,393216,2,region3_0
2019-10-26 09:04,698,655360,786432,2,region3_8
2019-10-26 09:04,698,655360,786432,2,region3_8
2019-10-26 09:04,698,655360,786432,2,region3_8
2019-10-26 09:04,88312,0,131072,2,region3_0
2019-10-26 09:04,13827,0,393216,2,region3_0
2019-10-26 09:04,7417,0,393216,2,region3_0
2019-10-26 09:04,65871,0,262144,2,region3_0
2019-10-26 09:04,23690,0,393216,2,region3_0
2019-10-26 09:04,65136,0,262144,2,region3_0
2019-10-26 09:04,127542,0,262144,2,region3_4
2019-10-26 09:04,698,655360,786432,2,region3_8
2019-10-26 09:04,23690,0,393216,2,region3_0
2019-10-26 09:04,698,655360,786432,2,region3_8
2019-10-26 09:04,9954,0,393216,2,region3_0
2019-10-26 09:04,18512,0,393216,2,region3_0
2019-10-26 09:04,66155,0,262144,2,region3_0
2019-10-26 09:04,88883,0,131072,2,region3_0
2019-10-26 09:04,698,655360,786432,2,region3_8
2019-10-26 09:04,18665,0,393216,2,region3_0
2019-10-26 09:04,698,655360,786432,2,region3_8
2019-10-26 09:04,23869,0,393216,2,region3_0
2019-10-26 09:04,14078,0,393216,2,region3_0
2019-10-26 09:04,698,655360,786432,2,region3_8
2019-10-26 09:04,14472,0,393216,2,region3_0
2019-10-26 09:04,256332,0,8388608,4,region3_1
2019-10-26 09:04,698,655360,786432,2,region3_8
2019-10-26 09:04,19431,0,393216,2,region3_0
2019-10-26 09:04,88923,0,131072,2,region3_0
2019-10-26 09:04,76360,0,131072,2,region3_0
2019-10-26 09:04,38370,0,131072,2,region3_4
2019-10-26 09:04,19431,0,393216,2,region3_0
2019-10-26 09:04,16480,0,393216,2,region3_0
2019-10-26 09:04,16851,0,393216,2,region3_0
2019-10-26 09:04,18512,0,393216,2,region3_0
2019-10-26 09:04,24550,0,393216,2,region3_0
2019-10-26 09:04,698,655360,786432,2,region3_8
2019-10-26 09:04,66725,0,262144,2,region3_0
2019-10-26 09:04,12428,0,131072,2,region3_0
2019-10-26 09:04,256526,0,262144,2,region3_0
2019-10-26 09:04,19612,0,131072,2,region3_0
2019-10-26 09:04,23869,0,393216,2,region3_0
2019-10-26 09:04,23546,0,393216,2,region3_0
2019-10-26 09:04,256629,0,8388608,3,region3_4
2019-10-26 09:04,24550,0,393216,2,region3_0
2019-10-26 09:04,24648,0,393216,2,region3_0
2019-10-26 09:04,67813,0,262144,2,region3_0
2019-10-26 09:04,256659,0,262144,2,region3_0
2019-10-26 09:04,698,655360,786432,2,region3_8
2019-10-26 09:04,256716,0,524288,2,region3_0
2019-10-26 09:04,698,655360,786432,2,region3_8
2019-10-26 09:04,23546,0,393216,2,region3_0
2019-10-26 09:04,23289,0,131072,2,region3_0
2019-10-26 09:04,2731,0,131072,2,region3_0
2019-10-26 09:04,29963,0,393216,2,region3_0
2019-10-26 09:04,222832,0,262144,2,region3_4
2019-10-26 09:04,28310,0,393216,2,region3_0
2019-10-26 09:04,9539,0,131072,2,region3_0
2019-10-26 09:04,2247,0,131072,2,region3_0
2019-10-26 09:04,256860,0,262144,2,region3_0
2019-10-26 09:04,698,655360,786432,2,region3_8
2019-10-26 09:04,698,655360,786432,2,region3_8
2019-10-26 09:04,66593,0,262144,2,region3_0
2019-10-26 09:04,43891,0,131072,2,region3_0
2019-10-26 09:04,698,655360,786432,2,region3_8
2019-10-26 09:04,28310,0,393216,2,region3_0
2019-10-26 09:04,26391,0,393216,2,region3_0
2019-10-26 09:04,17584,0,131072,2,region3_0
2019-10-26 09:04,76841,0,131072,2,region3_0
2019-10-26 09:04,2839,0,262144,2,region3_0
2019-10-26 09:04,698,655360,786432,2,region3_8
2019-10-26 09:04,29963,0,393216,2,region3_0
2019-10-26 09:04,7687,0,131072,2,region3_0
2019-10-26 09:04,698,655360,786432,2,region3_8
2019-10-26 09:04,20705,0,131072,2,region3_0
2019-10-26 09:04,257204,0,131072,2,region3_0
2019-10-26 09:04,112861,0,393216,2,region3_0
2019-10-26 09:04,257222,0,262144,2,region3_0
2019-10-26 09:04,698,655360,786432,2,region3_8
2019-10-26 09:04,113426,0,393216,2,region3_0
2019-10-26 09:04,698,655360,786432,2,region3_8
2019-10-26 09:04,698,655360,786432,2,region3_8
2019-10-26 09:04,698,655360,786432,2,region3_8
2019-10-26 09:04,29445,0,524288,2,region3_0
2019-10-26 09:04,34601,0,131072,2,region3_0
2019-10-26 09:04,257359,0,6553600,2,region3_7
2019-10-26 09:04,698,655360,786432,2,region3_8
2019-10-26 09:04,26530,0,131072,2,region3_0
2019-10-26 09:04,173187,0,131072,2,region3_0
2019-10-26 09:04,31296,0,524288,2,region3_0
2019-10-26 09:04,257441,0,131072,4,region3_2
2019-10-26 09:04,113504,0,393216,2,region3_0
2019-10-26 09:04,118727,0,393216,2,region3_0
2019-10-26 09:04,698,655360,786432,2,region3_8
2019-10-26 09:04,22823,0,131072,2,region3_0
2019-10-26 09:04,5653,0,262144,2,region3_0
2019-10-26 09:04,257476,0,2228224,5,region3_3
2019-10-26 09:04,115950,0,393216,2,region3_0
2019-10-26 09:04,698,655360,786432,2,region3_8
2019-10-26 09:04,698,655360,786432,2,region3_8
2019-10-26 09:04,10731,0,262144,2,region3_0
2019-10-26 09:04,698,655360,786432,2,region3_8
2019-10-26 09:04,698,655360,786432,2,region3_8
2019-10-26 09:04,698,655360,786432,2,region3_8
2019-10-26 09:04,13193,0,131072,2,region3_0
2019-10-26 09:04,257749,0,6553600,4,region3_20
2019-10-26 09:04,174507,0,131072,2,region3_0
2019-10-26 09:04,698,655360,786432,2,region3_8
2019-10-26 09:04,257754,0,8388608,4,region3_18
2019-10-26 09:04,24431,0,262144,2,region3_0
2019-10-26 09:04,698,655360,786432,2,region3_8
2019-10-26 09:04,698,655360,786432,2,region3_8
2019-10-26 09:04,209421,0,262144,2,region3_0
2019-10-26 09:04,698,655360,786432,2,region3_8
2019-10-26 09:04,31879,0,131072,2,region3_0
2019-10-26 09:04,13919,0,262144,2,region3_0
2019-10-26 09:04,698,655360,786432,2,region3_8
2019-10-26 09:04,31462,0,262144,2,region3_0
2019-10-26 09:04,698,655360,786432,2,region3_8
2019-10-26 09:04,25619,0,262144,2,region3_0
2019-10-26 09:04,22046,0,262144,2,region3_0
2019-10-26 09:04,698,655360,786432,2,region3_8
2019-10-26 09:04,43278,0,131072,2,region3_0
2019-10-26 09:04,114995,0,131072,2,region3_4
2019-10-26 09:04,120265,0,131072,2,region3_4
2019-10-26 09:04,698,655360,786432,2,region3_8
2019-10-26 09:04,53467,0,131072,2,region3_0
2019-10-26 09:04,54566,0,131072,2,region3_0
2019-10-26 09:04,16194,0,262144,2,region3_0
2019-10-26 09:04,18435,0,262144,2,region3_0
2019-10-26 09:04,52134,0,262144,2,region3_0
2019-10-26 09:04,257953,0,1441792,4,region3_14
2019-10-26 09:04,8872,0,131072,2,region3_0
2019-10-26 09:04,6801,0,131072,2,region3_0
2019-10-26 09:04,39956,0,131072,2,region3_0
2019-10-26 09:04,257974,0,2621440,4,region3_20
2019-10-26 09:04,2290,0,131072,2,region3_0
2019-10-26 09:04,37783,0,131072,2,region3_0
2019-10-26 09:04,675,0,393216,2,region3_0
2019-10-26 09:04,1587,0,131072,2,region3_0
2019-10-26 09:04,29302,0,131072,2,region3_0
2019-10-26 09:04,31166,0,262144,2,region3_0
2019-10-26 09:04,32164,0,131072,2,region3_0
2019-10-26 09:04,10703,0,262144,2,region3_0
2019-10-26 09:04,258050,0,8388608,3,region3_5
2019-10-26 09:04,25990,0,131072,2,region3_0
2019-10-26 09:04,7672,0,131072,2,region3_0
2019-10-26 09:04,27163,0,262144,2,region3_0
2019-10-26 09:04,698,655360,786432,2,region3_8
2019-10-26 09:04,258093,0,8388608,4,region3_30
2019-10-26 09:04,26588,0,262144,2,region3_0
2019-10-26 09:04,37947,0,131072,2,region3_0
2019-10-26 09:04,22410,0,131072,2,region3_0
2019-10-26 09:04,698,655360,786432,2,region3_8
2019-10-26 09:04,1663,0,131072,2,region3_0
2019-10-26 09:04,32292,0,262144,2,region3_0
2019-10-26 09:05,16386,0,262144,2,region3_0
2019-10-26 09:05,108954,0,262144,2,region3_0
2019-10-26 09:05,7085,0,262144,2,region3_0
2019-10-26 09:05,698,655360,786432,2,region3_8
2019-10-26 09:05,16858,0,262144,2,region3_0
2019-10-26 09:05,109917,0,262144,2,region3_0
2019-10-26 09:05,10084,0,131072,2,region3_0
2019-10-26 09:05,15713,0,393216,2,region3_0
2019-10-26 09:05,24694,0,262144,2,region3_0
2019-10-26 09:05,698,655360,786432,2,region3_8
2019-10-26 09:05,28771,0,131072,2,region3_0
2019-10-26 09:05,34432,0,131072,2,region3_0
2019-10-26 09:05,110803,0,262144,2,region3_0
2019-10-26 09:05,38370,0,131072,2,region3_0
2019-10-26 09:05,59465,0,393216,2,region3_0
2019-10-26 09:05,110893,0,262144,2,region3_0
2019-10-26 09:05,10434,0,262144,2,region3_0
2019-10-26 09:05,60090,0,393216,2,region3_0
2019-10-26 09:05,111363,0,262144,2,region3_0
2019-10-26 09:05,698,655360,786432,2,region3_8
2019-10-26 09:05,110833,0,262144,2,region3_0
2019-10-26 09:05,698,655360,786432,2,region3_8
2019-10-26 09:05,108736,0,262144,2,region3_0
2019-10-26 09:05,698,655360,786432,2,region3_8
2019-10-26 09:05,48807,0,131072,2,region3_0
2019-10-26 09:05,698,655360,786432,2,region3_8
2019-10-26 09:05,698,655360,786432,2,region3_8
2019-10-26 09:05,698,655360,786432,2,region3_8
2019-10-26 09:05,34120,0,131072,2,region3_0
2019-10-26 09:05,698,655360,786432,2,region3_8
2019-10-26 09:05,12528,0,262144,2,region3_0
2019-10-26 09:05,6265,0,262144,2,region3_0
2019-10-26 09:05,74684,0,131072,2,region3_4
2019-10-26 09:05,38836,0,131072,2,region3_0
2019-10-26 09:05,14049,0,262144,2,region3_0
2019-10-26 09:05,14711,0,262144,2,region3_0
2019-10-26 09:05,13795,0,262144,2,region3_0
2019-10-26 09:05,12606,0,262144,2,region3_0
2019-10-26 09:05,15898,0,262144,2,region3_0
2019-10-26 09:05,27850,0,262144,2,region3_0
2019-10-26 09:05,49782,0,131072,2,region3_0
2019-10-26 09:05,698,655360,786432,2,region3_8
2019-10-26 09:05,22577,0,393216,2,region3_0
2019-10-26 09:05,60488,0,262144,2,region3_0
2019-10-26 09:05,32608,0,131072,2,region3_0
2019-10-26 09:05,19031,0,131072,2,region3_0
2019-10-26 09:05,7562,0,262144,2,region3_0
2019-10-26 09:05,698,655360,786432,2,region3_8
2019-10-26 09:05,698,655360,786432,2,region3_8
2019-10-26 09:05,111161,0,262144,2,region3_0
2019-10-26 09:05,59285,0,262144,2,region3_0
2019-10-26 09:05,30107,0,131072,2,region3_0
2019-10-26 09:05,698,655360,786432,2,region3_8
2019-10-26 09:05,60904,0,262144,2,region3_0
2019-10-26 09:05,258620,0,1966080,2,region3_7
2019-10-26 09:05,698,655360,786432,2,region3_8
2019-10-26 09:05,698,655360,786432,2,region3_8
2019-10-26 09:05,698,655360,786432,2,region3_8
2019-10-26 09:05,2115,0,262144,2,region3_0
2019-10-26 09:05,58724,0,262144,2,region3_0
2019-10-26 09:05,25968,0,262144,2,region3_0
2019-10-26 09:05,698,655360,786432,2,region3_8
2019-10-26 09:05,66187,0,393216,2,region3_0
2019-10-26 09:05,698,655360,786432,2,region3_8
2019-10-26 09:05,698,655360,786432,2,region3_8
2019-10-26 09:05,258692,0,262144,4,region3_1
2019-10-26 09:05,675,0,393216,2,region3_4
2019-10-26 09:05,252679,0,131072,2,region3_4
2019-10-26 09:05,58128,0,131072,2,region3_4
2019-10-26 09:05,698,655360,786432,2,region3_8
2019-10-26 09:05,3799,0,262144,2,region3_0
2019-10-26 09:05,28735,0,393216,2,region3_0
2019-10-26 09:05,38146,0,131072,2,region3_0
2019-10-26 09:05,73907,0,131072,2,region3_4
2019-10-26 09:05,61910,0,262144,2,region3_0
2019-10-26 09:05,698,655360,786432,2,region3_8
2019-10-26 09:05,30168,0,393216,2,region3_0
2019-10-26 09:05,62534,0,262144,2,region3_0
2019-10-26 09:05,698,655360,786432,2,region3_8
2019-10-26 09:05,5510,0,262144,2,region3_0
2019-10-26 09:05,230913,0,1835008,2,region3_4
2019-10-26 09:05,37761,0,131072,2,region3_0
2019-10-26 09:05,12597,0,262144,2,region3_0
2019-10-26 09:05,698,655360,786432,2,region3_8
2019-10-26 09:05,55311,0,131072,2,region3_0
2019-10-26 09:05,259000,0,6553600,4,region3_1
2019-10-26 09:05,698,655360,786432,2,region3_8
2019-10-26 09:05,22579,0,262144,2,region3_0
2019-10-26 09:05,209747,0,131072,2,region3_0
2019-10-26 09:05,22889,0,262144,2,region3_0
2019-10-26 09:05,259036,0,8388608,2,region3_1
2019-10-26 09:05,259048,0,8388608,2,region3_7
2019-10-26 09:05,32952,0,393216,2,region3_0
2019-10-26 09:05,66277,0,393216,2,region3_0
2019-10-26 09:05,698,655360,786432,2,region3_8
2019-10-26 09:05,34883,0,393216,2,region3_0
2019-10-26 09:05,698,655360,786432,2,region3_8
2019-10-26 09:05,259154,0,1179648,4,region3_1
2019-10-26 09:05,59293,0,262144,2,region3_0
2019-10-26 09:05,259169,0,8388608,4,region3_1
2019-10-26 09:05,698,655360,786432,2,region3_8
2019-10-26 09:05,2435,0,393216,2,region3_0
2019-10-26 09:05,698,655360,786432,2,region3_8
2019-10-26 09:05,698,655360,786432,2,region3_8
2019-10-26 09:05,698,655360,786432,2,region3_8
2019-10-26 09:05,259201,0,8388608,4,region3_20
2019-10-26 09:05,8270,0,262144,2,region3_0
2019-10-26 09:05,259208,0,1048576,3,region3_4
2019-10-26 09:05,698,655360,786432,2,region3_8
2019-10-26 09:05,698,655360,786432,2,region3_8
2019-10-26 09:05,698,655360,786432,2,region3_8
2019-10-26 09:05,56399,0,131072,2,region3_0
2019-10-26 09:05,65148,0,262144,2,region3_0
2019-10-26 09:05,698,655360,786432,2,region3_8
2019-10-26 09:05,698,655360,786432,2,region3_8
2019-10-26 09:05,698,655360,786432,2,region3_8
2019-10-26 09:05,698,655360,786432,2,region3_8
2019-10-26 09:05,259426,0,8388608,4,region3_1
2019-10-26 09:05,698,655360,786432,2,region3_8
2019-10-26 09:05,259464,0,131072,4,region3_1
2019-10-26 09:05,14080,0,393216,2,region3_0
2019-10-26 09:05,698,655360,786432,2,region3_8
2019-10-26 09:05,698,655360,786432,2,region3_8
2019-10-26 09:05,9067,0,262144,2,region3_0
2019-10-26 09:05,698,655360,786432,2,region3_8
2019-10-26 09:05,51805,0,5505024,2,region3_0
2019-10-26 09:05,51805,5373952,3014656,2,region3_0
2019-10-26 09:05,698,655360,786432,2,region3_8
2019-10-26 09:05,987,0,262144,2,region3_0
2019-10-26 09:05,698,655360,786432,2,region3_8
2019-10-26 09:05,4773,0,262144,2,region3_0
2019-10-26 09:05,56331,0,131072,2,region3_0
2019-10-26 09:05,13827,0,393216,2,region3_0
2019-10-26 09:05,23690,0,393216,2,region3_0
2019-10-26 09:05,49885,0,131072,2,region3_0
2019-10-26 09:05,13771,0,262144,2,region3_0
2019-10-26 09:05,7556,0,262144,2,region3_0
2019-10-26 09:05,698,655360,786432,2,region3_8
2019-10-26 09:05,21051,0,393216,2,region3_0
2019-10-26 09:05,698,655360,786432,2,region3_8
2019-10-26 09:05,20052,0,393216,2,region3_0
2019-10-26 09:05,57326,0,131072,2,region3_0
2019-10-26 09:05,13175,0,262144,2,region3_0
2019-10-26 09:05,698,655360,786432,2,region3_8
2019-10-26 09:05,698,655360,786432,2,region3_8
2019-10-26 09:05,10604,0,262144,2,region3_0
2019-10-26 09:05,14600,0,262144,2,region3_0
2019-10-26 09:05,698,655360,786432,2,region3_8
2019-10-26 09:06,698,655360,786432,2,region3_8
2019-10-26 09:06,698,655360,786432,2,region3_8
2019-10-26 09:06,18512,0,393216,2,region3_0
2019-10-26 09:06,698,655360,786432,2,region3_8
2019-10-26 09:06,698,655360,786432,2,region3_8
2019-10-26 09:06,698,655360,786432,2,region3_8
2019-10-26 09:06,698,655360,786432,2,region3_8
2019-10-26 09:06,24743,0,262144,2,region3_0
2019-10-26 09:06,19431,0,393216,2,region3_0
2019-10-26 09:06,20024,0,262144,2,region3_0
2019-10-26 09:06,18616,0,262144,2,region3_0
2019-10-26 09:06,23869,0,393216,2,region3_0
2019-10-26 09:06,698,655360,786432,2,region3_8
2019-10-26 09:06,20657,0,262144,2,region3_0
2019-10-26 09:06,698,655360,786432,2,region3_8
2019-10-26 09:06,47587,0,131072,2,region3_0
2019-10-26 09:06,260113,0,8388608,3,region3_5
2019-10-26 09:06,24550,0,393216,2,region3_0
2019-10-26 09:06,23546,0,393216,2,region3_0
2019-10-26 09:06,698,655360,786432,2,region3_8
2019-10-26 09:06,10365,0,131072,2,region3_4
2019-10-26 09:06,260300,0,8388608,4,region3_1
2019-10-26 09:06,698,655360,786432,2,region3_8
2019-10-26 09:06,698,655360,786432,2,region3_8
2019-10-26 09:06,698,655360,786432,2,region3_8
2019-10-26 09:06,698,655360,786432,2,region3_8
2019-10-26 09:06,67008,0,131072,2,region3_0
2019-10-26 09:06,260370,0,655360,4,region3_17
2019-10-26 09:06,28310,0,393216,2,region3_0
2019-10-26 09:06,29963,0,393216,2,region3_0
2019-10-26 09:06,260423,0,6684672,2,region3_1
2019-10-26 09:06,56538,0,131072,2,region3_0
2019-10-26 09:06,698,655360,786432,2,region3_8
2019-10-26 09:06,213824,0,131072,2,region3_0
2019-10-26 09:06,698,655360,786432,2,region3_8
2019-10-26 09:06,698,655360,786432,2,region3_8
2019-10-26 09:06,698,655360,786432,2,region3_8
2019-10-26 09:06,698,655360,786432,2,region3_8
2019-10-26 09:06,698,655360,786432,2,region3_8
2019-10-26 09:06,260561,0,2621440,1,region3_5
2019-10-26 09:06,212408,0,131072,2,region3_0
2019-10-26 09:06,192092,0,262144,2,region3_4
2019-10-26 09:06,260615,0,4194304,4,region3_1
2019-10-26 09:06,260423,6553600,1835008,2,region3_1
2019-10-26 09:06,698,655360,786432,2,region3_8
2019-10-26 09:06,207516,0,2621440,1,region3_5
2019-10-26 09:06,698,655360,786432,2,region3_8
2019-10-26 09:06,211568,0,131072,2,region3_0
2019-10-26 09:06,698,655360,786432,2,region3_8
2019-10-26 09:06,260804,0,8388608,4,region3_6
2019-10-26 09:06,698,655360,786432,2,region3_8
2019-10-26 09:06,698,655360,786432,2,region3_8
2019-10-26 09:06,698,655360,786432,2,region3_8
2019-10-26 09:06,260921,0,8388608,2,region3_7
2019-10-26 09:06,698,655360,786432,2,region3_8
2019-10-26 09:06,260953,0,8388608,3,region3_5
2019-10-26 09:06,88400,0,131072,2,region3_4
2019-10-26 09:06,698,655360,786432,2,region3_8
2019-10-26 09:06,698,655360,786432,2,region3_8
2019-10-26 09:06,214500,0,131072,2,region3_0
2019-10-26 09:06,698,655360,786432,2,region3_8
2019-10-26 09:06,698,655360,786432,2,region3_8
2019-10-26 09:06,698,655360,786432,2,region3_8
2019-10-26 09:06,698,655360,786432,2,region3_8
2019-10-26 09:06,698,655360,786432,2,region3_8
2019-10-26 09:06,70979,0,131072,2,region3_0
2019-10-26 09:06,70179,0,131072,2,region3_0
2019-10-26 09:06,698,655360,786432,2,region3_8
2019-10-26 09:06,698,655360,786432,2,region3_8
2019-10-26 09:06,261337,0,6553600,4,region3_1
2019-10-26 09:06,698,655360,786432,2,region3_8
2019-10-26 09:06,698,655360,786432,2,region3_8
2019-10-26 09:06,698,655360,786432,2,region3_8
2019-10-26 09:06,698,655360,786432,2,region3_8
2019-10-26 09:06,698,655360,786432,2,region3_8
2019-10-26 09:06,698,655360,786432,2,region3_8
2019-10-26 09:06,698,655360,786432,2,region3_8
2019-10-26 09:06,219523,0,786432,1,region3_5
2019-10-26 09:06,219523,655360,2883584,1,region3_5
2019-10-26 09:06,698,655360,786432,2,region3_8
2019-10-26 09:06,698,655360,786432,2,region3_8
2019-10-26 09:06,261565,0,6553600,4,region3_11
2019-10-26 09:06,698,655360,786432,2,region3_8
2019-10-26 09:06,698,655360,786432,2,region3_8
2019-10-26 09:06,698,655360,786432,2,region3_8
2019-10-26 09:06,261626,0,3801088,4,region3_6
2019-10-26 09:06,217669,0,131072,2,region3_0
2019-10-26 09:06,698,655360,786432,2,region3_8
2019-10-26 09:06,698,655360,786432,2,region3_8
2019-10-26 09:06,698,655360,786432,2,region3_8
2019-10-26 09:07,698,655360,786432,2,region3_8
2019-10-26 09:07,698,655360,786432,2,region3_8
2019-10-26 09:07,698,655360,786432,2,region3_8
2019-10-26 09:07,698,655360,786432,2,region3_8
2019-10-26 09:07,698,655360,786432,2,region3_8
2019-10-26 09:07,261842,0,8388608,2,region3_7
2019-10-26 09:07,698,655360,786432,2,region3_8
2019-10-26 09:07,698,655360,786432,2,region3_8
2019-10-26 09:07,698,655360,786432,2,region3_8
2019-10-26 09:07,213545,0,131072,2,region3_0
2019-10-26 09:07,698,655360,786432,2,region3_8
2019-10-26 09:07,698,655360,786432,2,region3_8
2019-10-26 09:07,698,655360,786432,2,region3_8
2019-10-26 09:07,698,655360,786432,2,region3_8
2019-10-26 09:07,698,655360,786432,2,region3_8
2019-10-26 09:07,698,655360,786432,2,region3_8
2019-10-26 09:07,698,655360,786432,2,region3_8
2019-10-26 09:07,698,655360,786432,2,region3_8
2019-10-26 09:07,698,655360,786432,2,region3_8
2019-10-26 09:07,698,655360,786432,2,region3_8
2019-10-26 09:07,64666,0,131072,2,region3_0
2019-10-26 09:07,249460,0,2097152,1,region3_4
2019-10-26 09:07,698,655360,786432,2,region3_8
2019-10-26 09:07,698,655360,786432,2,region3_8
2019-10-26 09:07,217086,0,131072,2,region3_0
2019-10-26 09:07,698,655360,786432,2,region3_8
2019-10-26 09:07,698,655360,786432,2,region3_8
2019-10-26 09:07,240268,0,131072,2,region3_4
2019-10-26 09:07,262241,0,8388608,2,region3_7
2019-10-26 09:07,26899,0,131072,2,region3_0
2019-10-26 09:07,698,655360,786432,2,region3_8
2019-10-26 09:07,698,655360,786432,2,region3_8
2019-10-26 09:07,698,655360,786432,2,region3_8
2019-10-26 09:07,698,655360,786432,2,region3_8
2019-10-26 09:07,698,655360,786432,2,region3_8
2019-10-26 09:07,262536,0,8388608,4,region3_1
2019-10-26 09:07,698,655360,786432,2,region3_8
2019-10-26 09:07,698,655360,786432,2,region3_8
2019-10-26 09:07,698,655360,786432,2,region3_8
2019-10-26 09:07,217532,0,131072,2,region3_0
2019-10-26 09:07,249460,2097152,2097152,1,region3_4
2019-10-26 09:07,262620,0,8388608,2,region3_1
2019-10-26 09:07,181933,0,131072,2,region3_0
2019-10-26 09:07,35816,0,131072,2,region3_0
2019-10-26 09:07,698,655360,786432,2,region3_8
2019-10-26 09:07,698,655360,786432,2,region3_8
2019-10-26 09:07,181984,0,131072,2,region3_0
2019-10-26 09:07,260561,2621440,2621440,1,region3_5
2019-10-26 09:07,698,655360,786432,2,region3_8
2019-10-26 09:07,698,655360,786432,2,region3_8
2019-10-26 09:07,36839,0,131072,2,region3_0
2019-10-26 09:07,213452,0,131072,2,region3_0
2019-10-26 09:07,262749,0,3538944,4,region3_1
2019-10-26 09:07,698,655360,786432,2,region3_8
2019-10-26 09:07,698,655360,786432,2,region3_8
2019-10-26 09:07,698,655360,786432,2,region3_8
2019-10-26 09:07,262821,0,8388608,3,region3_3
2019-10-26 09:07,698,655360,786432,2,region3_8
2019-10-26 09:07,262839,0,8388608,2,region3_7
2019-10-26 09:07,39294,0,131072,2,region3_0
2019-10-26 09:07,86642,0,262144,2,region3_0
2019-10-26 09:07,698,655360,786432,2,region3_8
2019-10-26 09:07,249460,4194304,2097152,1,region3_4
2019-10-26 09:07,87656,0,262144,2,region3_0
2019-10-26 09:07,262987,0,6553600,4,region3_1
2019-10-26 09:07,698,655360,786432,2,region3_8
2019-10-26 09:07,40198,0,131072,2,region3_0
2019-10-26 09:07,698,655360,786432,2,region3_8
2019-10-26 09:07,241702,0,131072,2,region3_4
2019-10-26 09:07,263062,0,8388608,4,region3_1
2019-10-26 09:07,43359,0,131072,2,region3_0
2019-10-26 09:07,698,655360,786432,2,region3_8
2019-10-26 09:07,110486,0,131072,2,region3_0
2019-10-26 09:07,87404,0,262144,2,region3_0
2019-10-26 09:07,111114,0,131072,2,region3_0
2019-10-26 09:07,698,655360,786432,2,region3_8
2019-10-26 09:07,87099,0,262144,2,region3_0
2019-10-26 09:07,698,655360,786432,2,region3_8
2019-10-26 09:07,263156,0,8388608,4,region3_27
2019-10-26 09:07,698,655360,786432,2,region3_8
2019-10-26 09:07,698,655360,786432,2,region3_8
2019-10-26 09:07,87083,0,262144,2,region3_0
2019-10-26 09:07,112321,0,131072,2,region3_0
2019-10-26 09:07,44579,0,131072,2,region3_0
2019-10-26 09:07,698,655360,786432,2,region3_8
2019-10-26 09:07,5063,0,262144,2,region3_0
2019-10-26 09:07,263477,0,393216,3,region3_4
2019-10-26 09:07,249460,6291456,2097152,1,region3_4
2019-10-26 09:07,263548,0,8388608,4,region3_2
2019-10-26 09:07,263564,0,8388608,4,region3_1
2019-10-26 09:07,698,655360,786432,2,region3_8
2019-10-26 09:08,10351,0,262144,2,region3_0
2019-10-26 09:08,9760,0,262144,2,region3_0
2019-10-26 09:08,698,655360,786432,2,region3_8
2019-10-26 09:08,209421,0,262144,2,region3_4
2019-10-26 09:08,698,655360,786432,2,region3_8
2019-10-26 09:08,42753,0,131072,2,region3_0
2019-10-26 09:08,698,655360,786432,2,region3_8
2019-10-26 09:08,698,655360,786432,2,region3_8
2019-10-26 09:08,211578,0,2097152,1,region3_4
2019-10-26 09:08,698,655360,786432,2,region3_8
2019-10-26 09:08,43072,0,131072,2,region3_0
2019-10-26 09:08,698,655360,786432,2,region3_8
2019-10-26 09:08,9955,0,262144,2,region3_0
2019-10-26 09:08,114649,0,131072,2,region3_0
2019-10-26 09:08,14787,0,262144,2,region3_0
2019-10-26 09:08,698,655360,786432,2,region3_8
2019-10-26 09:08,21963,0,262144,2,region3_0
2019-10-26 09:08,698,655360,786432,2,region3_8
2019-10-26 09:08,263990,0,8388608,4,region3_1
2019-10-26 09:08,45074,0,131072,2,region3_0
2019-10-26 09:08,264001,0,8388608,2,region3_1
2019-10-26 09:08,22610,0,262144,2,region3_0
2019-10-26 09:08,698,655360,786432,2,region3_8
2019-10-26 09:08,314,0,131072,2,region3_0
2019-10-26 09:08,215296,0,131072,2,region3_4
2019-10-26 09:08,698,655360,786432,2,region3_8
2019-10-26 09:08,46236,0,131072,2,region3_0
2019-10-26 09:08,698,655360,786432,2,region3_8
2019-10-26 09:08,31255,0,262144,2,region3_0
2019-10-26 09:08,28391,0,262144,2,region3_0
2019-10-26 09:08,219285,0,131072,2,region3_0
2019-10-26 09:08,118800,0,131072,2,region3_0
2019-10-26 09:08,264177,0,8388608,4,region3_1
2019-10-26 09:08,698,655360,786432,2,region3_8
2019-10-26 09:08,10937,0,131072,2,region3_0
2019-10-26 09:08,211578,2097152,2097152,1,region3_4
2019-10-26 09:08,698,655360,786432,2,region3_8
2019-10-26 09:08,33723,0,262144,2,region3_0
2019-10-26 09:08,220273,0,131072,2,region3_0
2019-10-26 09:08,698,655360,786432,2,region3_8
2019-10-26 09:08,34940,0,262144,2,region3_0
2019-10-26 09:08,698,655360,786432,2,region3_8
2019-10-26 09:08,45976,0,131072,2,region3_0
2019-10-26 09:08,698,655360,786432,2,region3_8
2019-10-26 09:08,30908,0,262144,2,region3_0
2019-10-26 09:08,698,655360,786432,2,region3_8
2019-10-26 09:08,219220,0,131072,2,region3_0
2019-10-26 09:08,698,655360,786432,2,region3_8
2019-10-26 09:08,698,655360,786432,2,region3_8
2019-10-26 09:08,264489,0,131072,4,region3_20
2019-10-26 09:08,698,655360,786432,2,region3_8
2019-10-26 09:08,698,655360,786432,2,region3_8
2019-10-26 09:08,264554,0,8388608,3,region3_5
2019-10-26 09:08,217262,0,131072,2,region3_4
2019-10-26 09:08,698,655360,786432,2,region3_8
2019-10-26 09:08,698,655360,786432,2,region3_8
2019-10-26 09:08,698,655360,786432,2,region3_8
2019-10-26 09:08,698,655360,786432,2,region3_8
2019-10-26 09:08,211578,4194304,2097152,1,region3_4
2019-10-26 09:08,698,655360,786432,2,region3_8
2019-10-26 09:08,260561,5242880,2621440,1,region3_5
2019-10-26 09:08,698,655360,786432,2,region3_8
2019-10-26 09:08,698,655360,786432,2,region3_8
2019-10-26 09:08,207516,2490368,2752512,1,region3_5
2019-10-26 09:08,698,655360,786432,2,region3_8
2019-10-26 09:08,698,655360,786432,2,region3_8
2019-10-26 09:08,698,655360,786432,2,region3_8
2019-10-26 09:08,698,655360,786432,2,region3_8
2019-10-26 09:08,698,655360,786432,2,region3_8
2019-10-26 09:08,698,655360,786432,2,region3_8
2019-10-26 09:08,698,655360,786432,2,region3_8
2019-10-26 09:08,698,655360,786432,2,region3_8
2019-10-26 09:08,264784,0,6946816,5,region3_3
2019-10-26 09:08,698,655360,786432,2,region3_8
2019-10-26 09:08,264897,0,8388608,4,region3_1
2019-10-26 09:08,698,655360,786432,2,region3_8
2019-10-26 09:08,211578,6291456,917504,1,region3_4
2019-10-26 09:08,243196,0,131072,2,region3_4
2019-10-26 09:08,698,655360,786432,2,region3_8
2019-10-26 09:08,698,655360,786432,2,region3_8
2019-10-26 09:08,698,655360,786432,2,region3_8
2019-10-26 09:08,265116,0,8388608,2,region3_7
2019-10-26 09:08,698,655360,786432,2,region3_8
2019-10-26 09:08,698,655360,786432,2,region3_8
2019-10-26 09:08,698,655360,786432,2,region3_8
2019-10-26 09:08,698,655360,786432,2,region3_8
2019-10-26 09:08,698,655360,786432,2,region3_8
2019-10-26 09:08,698,655360,786432,2,region3_8
2019-10-26 09:08,698,655360,786432,2,region3_8
2019-10-26 09:08,127598,0,655360,2,region3_0
2019-10-26 09:08,265497,0,8388608,2,region3_7
2019-10-26 09:08,698,655360,786432,2,region3_8
2019-10-26 09:08,265609,0,7208960,4,region3_1
2019-10-26 09:08,265621,0,3932160,4,region3_1
2019-10-26 09:08,265622,0,8388608,4,region3_1
2019-10-26 09:08,265646,0,8388608,4,region3_1
2019-10-26 09:08,251485,0,2097152,1,region3_4
2019-10-26 09:08,265733,0,131072,4,region3_1
2019-10-26 09:08,698,655360,786432,2,region3_8
2019-10-26 09:08,127199,0,655360,2,region3_0
2019-10-26 09:08,698,655360,786432,2,region3_8
2019-10-26 09:08,265922,0,131072,2,region3_0
2019-10-26 09:08,265939,0,8388608,3,region3_3
2019-10-26 09:08,265960,0,8388608,4,region3_1
2019-10-26 09:08,265962,0,131072,4,region3_14
2019-10-26 09:08,265970,0,131072,4,region3_14
2019-10-26 09:08,265984,0,131072,4,region3_14
2019-10-26 09:08,73832,0,131072,2,region3_0
2019-10-26 09:08,698,655360,786432,2,region3_8
2019-10-26 09:08,266047,0,262144,4,region3_30
2019-10-26 09:08,266078,0,8388608,3,region3_5
2019-10-26 09:09,266111,0,8388608,4,region3_1
2019-10-26 09:09,698,655360,786432,2,region3_8
2019-10-26 09:09,243268,0,131072,2,region3_4
2019-10-26 09:09,698,655360,786432,2,region3_8
2019-10-26 09:09,698,655360,786432,2,region3_8
2019-10-26 09:09,698,655360,786432,2,region3_8
2019-10-26 09:09,266209,0,131072,2,region3_0
2019-10-26 09:09,47746,0,131072,2,region3_0
2019-10-26 09:09,266287,0,131072,2,region3_0
2019-10-26 09:09,698,655360,786432,2,region3_8
2019-10-26 09:09,251485,2097152,2097152,1,region3_4
2019-10-26 09:09,266309,0,8388608,3,region3_5
2019-10-26 09:09,266313,0,1966080,2,region3_1
2019-10-26 09:09,698,655360,786432,2,region3_8
2019-10-26 09:09,24730,0,655360,2,region3_0
2019-10-26 09:09,266393,0,131072,2,region3_0
2019-10-26 09:09,266411,0,131072,2,region3_0
2019-10-26 09:09,698,655360,786432,2,region3_8
2019-10-26 09:09,266470,5111808,3276800,2,region3_4
2019-10-26 09:09,266470,11403264,917504,2,region3_4
2019-10-26 09:09,266498,0,8388608,4,region3_1
2019-10-26 09:09,266538,0,8388608,4,region3_1
2019-10-26 09:09,266542,0,6684672,4,region3_1
2019-10-26 09:09,698,655360,786432,2,region3_8
2019-10-26 09:09,698,655360,786432,2,region3_8
2019-10-26 09:09,186709,0,131072,2,region3_0
2019-10-26 09:09,698,655360,786432,2,region3_8
2019-10-26 09:09,31402,0,655360,2,region3_0
2019-10-26 09:09,698,655360,786432,2,region3_8
2019-10-26 09:09,245490,0,524288,2,region3_4
2019-10-26 09:09,698,655360,786432,2,region3_8
2019-10-26 09:09,38871,0,655360,2,region3_0
2019-10-26 09:09,9733,0,131072,2,region3_0
2019-10-26 09:09,243645,0,131072,2,region3_4
2019-10-26 09:09,266861,0,8388608,4,region3_1
2019-10-26 09:09,33346,0,131072,2,region3_0
2019-10-26 09:09,698,655360,786432,2,region3_8
2019-10-26 09:09,28714,0,131072,2,region3_0
2019-10-26 09:09,31922,0,131072,2,region3_0
2019-10-26 09:09,45714,0,655360,2,region3_0
2019-10-26 09:09,260561,7864320,2621440,1,region3_5
2019-10-26 09:09,698,655360,786432,2,region3_8
2019-10-26 09:09,251485,4194304,2097152,1,region3_4
2019-10-26 09:09,698,655360,786432,2,region3_8
2019-10-26 09:09,698,655360,786432,2,region3_8
2019-10-26 09:09,698,655360,786432,2,region3_8
2019-10-26 09:09,698,655360,786432,2,region3_8
2019-10-26 09:09,37099,0,131072,2,region3_0
2019-10-26 09:09,698,655360,786432,2,region3_8
2019-10-26 09:09,698,655360,786432,2,region3_8
2019-10-26 09:09,38214,0,131072,2,region3_0
2019-10-26 09:09,38917,0,131072,2,region3_0
2019-10-26 09:09,267287,0,917504,1,region3_5
2019-10-26 09:09,267308,0,6684672,2,region3_1
2019-10-26 09:09,40494,0,131072,2,region3_0
2019-10-26 09:09,251485,6291456,2097152,1,region3_4
2019-10-26 09:09,60500,0,131072,2,region3_0
2019-10-26 09:09,53535,0,655360,2,region3_0
2019-10-26 09:09,698,655360,786432,2,region3_8
2019-10-26 09:09,267384,0,8388608,5,region3_3
2019-10-26 09:09,35042,0,131072,2,region3_0
2019-10-26 09:09,57301,0,655360,2,region3_0
2019-10-26 09:09,698,655360,786432,2,region3_8
2019-10-26 09:09,267450,0,8388608,3,region3_5
2019-10-26 09:09,31214,0,131072,2,region3_0
2019-10-26 09:09,267504,0,8388608,4,region3_1
2019-10-26 09:09,40742,0,131072,2,region3_0
2019-10-26 09:09,267517,0,8388608,2,region3_1
2019-10-26 09:09,57717,0,655360,2,region3_0
2019-10-26 09:09,60714,0,655360,2,region3_0
2019-10-26 09:09,61128,0,655360,2,region3_0
2019-10-26 09:09,698,655360,786432,2,region3_8
2019-10-26 09:09,49194,0,131072,2,region3_0
2019-10-26 09:09,220971,0,131072,2,region3_0
2019-10-26 09:09,698,655360,786432,2,region3_8
2019-10-26 09:09,698,655360,786432,2,region3_8
2019-10-26 09:09,59681,0,131072,2,region3_0
2019-10-26 09:09,63297,0,655360,2,region3_0
2019-10-26 09:09,698,655360,786432,2,region3_8
2019-10-26 09:09,63528,0,655360,2,region3_0
2019-10-26 09:09,267715,0,8388608,4,region3_1
2019-10-26 09:09,68365,0,1179648,2,region3_0
2019-10-26 09:09,698,655360,786432,2,region3_8
2019-10-26 09:09,698,655360,786432,2,region3_8
2019-10-26 09:09,698,655360,786432,2,region3_8
2019-10-26 09:09,698,655360,786432,2,region3_8
2019-10-26 09:09,37762,0,131072,2,region3_0
2019-10-26 09:09,25619,0,262144,2,region3_4
2019-10-26 09:09,62690,0,131072,2,region3_0
2019-10-26 09:09,267906,0,8388608,3,region3_5
2019-10-26 09:09,61478,0,131072,2,region3_0
2019-10-26 09:09,698,655360,786432,2,region3_8
2019-10-26 09:09,698,655360,786432,2,region3_8
2019-10-26 09:09,190859,0,131072,2,region3_0
2019-10-26 09:09,698,655360,786432,2,region3_8
2019-10-26 09:09,698,655360,786432,2,region3_8
2019-10-26 09:09,698,655360,786432,2,region3_8
2019-10-26 09:09,111275,0,131072,2,region3_0
2019-10-26 09:09,268101,0,393216,4,region3_1
2019-10-26 09:09,268118,0,8388608,4,region3_1
2019-10-26 09:09,182856,0,8388608,2,region3_7
2019-10-26 09:09,268134,0,8388608,4,region3_2
2019-10-26 09:09,698,655360,786432,2,region3_8
2019-10-26 09:09,698,655360,786432,2,region3_8
2019-10-26 09:09,698,655360,786432,2,region3_8
2019-10-26 09:09,260561,10485760,2621440,1,region3_5
2019-10-26 09:09,698,655360,786432,2,region3_8
2019-10-26 09:09,52406,0,131072,2,region3_0
2019-10-26 09:10,117074,0,262144,2,region3_0
2019-10-26 09:10,698,655360,786432,2,region3_8
2019-10-26 09:10,117861,0,262144,2,region3_0
2019-10-26 09:10,698,655360,786432,2,region3_8
2019-10-26 09:10,112817,0,131072,2,region3_0
2019-10-26 09:10,110445,0,131072,2,region3_0
2019-10-26 09:10,119830,0,262144,2,region3_0
2019-10-26 09:10,122350,0,262144,2,region3_0
2019-10-26 09:10,48509,0,131072,2,region3_0
2019-10-26 09:10,114316,0,131072,2,region3_0
2019-10-26 09:10,268569,0,8388608,5,region3_3
2019-10-26 09:10,121571,0,262144,2,region3_0
2019-10-26 09:10,188078,0,4194304,1,region3_5
2019-10-26 09:10,188078,4194304,4194304,1,region3_5
2019-10-26 09:10,52102,0,131072,2,region3_0
2019-10-26 09:10,123016,0,262144,2,region3_0
2019-10-26 09:10,121453,0,262144,2,region3_0
2019-10-26 09:10,268684,0,8388608,4,region3_11
2019-10-26 09:10,122562,0,262144,2,region3_0
2019-10-26 09:10,116011,0,131072,2,region3_0
2019-10-26 09:10,268811,0,8388608,4,region3_16
2019-10-26 09:10,116431,0,131072,2,region3_0
2019-10-26 09:10,207516,5111808,2228224,1,region3_5
2019-10-26 09:10,268897,0,8388608,4,region3_2
2019-10-26 09:10,126507,0,262144,2,region3_0
2019-10-26 09:10,698,655360,786432,2,region3_8
2019-10-26 09:10,698,655360,786432,2,region3_8
2019-10-26 09:10,126386,0,262144,2,region3_0
2019-10-26 09:10,50327,0,131072,2,region3_0
2019-10-26 09:10,698,655360,786432,2,region3_8
2019-10-26 09:10,191602,0,131072,2,region3_0
2019-10-26 09:10,129081,0,262144,2,region3_0
2019-10-26 09:10,698,655360,786432,2,region3_8
2019-10-26 09:10,698,655360,786432,2,region3_8
2019-10-26 09:10,269263,0,8388608,3,region3_5
2019-10-26 09:10,124169,0,262144,2,region3_0
2019-10-26 09:10,126599,0,262144,2,region3_0
2019-10-26 09:10,698,655360,786432,2,region3_8
2019-10-26 09:10,698,655360,786432,2,region3_8
2019-10-26 09:10,698,655360,786432,2,region3_8
2019-10-26 09:10,698,655360,786432,2,region3_8
2019-10-26 09:10,698,655360,786432,2,region3_8
2019-10-26 09:10,698,655360,786432,2,region3_8
2019-10-26 09:10,698,655360,786432,2,region3_8
2019-10-26 09:10,269441,0,8388608,4,region3_33
2019-10-26 09:10,193481,0,131072,2,region3_0
2019-10-26 09:10,127791,0,262144,2,region3_0
2019-10-26 09:10,698,655360,786432,2,region3_8
2019-10-26 09:10,698,655360,786432,2,region3_8
2019-10-26 09:10,132850,0,262144,2,region3_0
2019-10-26 09:10,130910,0,262144,2,region3_0
2019-10-26 09:10,132124,0,262144,2,region3_0
2019-10-26 09:10,127274,0,262144,2,region3_0
2019-10-26 09:10,698,655360,786432,2,region3_8
2019-10-26 09:10,132679,0,262144,2,region3_0
2019-10-26 09:10,269651,0,131072,4,region3_1
2019-10-26 09:10,269657,0,131072,4,region3_1
2019-10-26 09:10,88400,0,131072,2,region3_4
2019-10-26 09:10,698,655360,786432,2,region3_8
2019-10-26 09:10,177042,0,131072,2,region3_4
2019-10-26 09:10,698,655360,786432,2,region3_8
2019-10-26 09:10,267287,786432,2752512,1,region3_5
2019-10-26 09:10,698,655360,786432,2,region3_8
2019-10-26 09:10,125001,0,131072,2,region3_0
2019-10-26 09:10,269771,0,8388608,4,region3_1
2019-10-26 09:10,698,655360,786432,2,region3_8
2019-10-26 09:10,698,655360,786432,2,region3_8
2019-10-26 09:10,698,655360,786432,2,region3_8
2019-10-26 09:10,698,655360,786432,2,region3_8
2019-10-26 09:10,698,655360,786432,2,region3_8
2019-10-26 09:10,698,655360,786432,2,region3_8
2019-10-26 09:10,698,655360,786432,2,region3_8
2019-10-26 09:10,698,655360,786432,2,region3_8
2019-10-26 09:10,698,655360,786432,2,region3_8
2019-10-26 09:10,698,655360,786432,2,region3_8
2019-10-26 09:11,260561,13107200,1835008,1,region3_5
2019-10-26 09:11,698,655360,786432,2,region3_8
2019-10-26 09:11,698,655360,786432,2,region3_8
2019-10-26 09:11,256629,0,2097152,1,region3_4
2019-10-26 09:11,698,655360,786432,2,region3_8
2019-10-26 09:11,194403,0,131072,2,region3_0
2019-10-26 09:11,698,655360,786432,2,region3_8
2019-10-26 09:11,270614,0,4456448,4,region3_1
2019-10-26 09:11,266309,0,4194304,1,region3_5
2019-10-26 09:11,266309,4194304,4194304,1,region3_5
2019-10-26 09:11,86409,0,131072,2,region3_23
2019-10-26 09:11,270830,393216,7995392,2,region3_7
2019-10-26 09:11,256629,2097152,2097152,1,region3_4
2019-10-26 09:11,698,655360,786432,2,region3_8
2019-10-26 09:11,698,655360,786432,2,region3_8
2019-10-26 09:11,698,655360,786432,2,region3_8
2019-10-26 09:11,698,655360,786432,2,region3_8
2019-10-26 09:11,698,655360,786432,2,region3_8
2019-10-26 09:11,698,655360,786432,2,region3_8
2019-10-26 09:11,698,655360,786432,2,region3_8
2019-10-26 09:11,698,655360,786432,2,region3_8
2019-10-26 09:11,698,655360,786432,2,region3_8
2019-10-26 09:11,698,655360,786432,2,region3_8
2019-10-26 09:11,698,655360,786432,2,region3_8
2019-10-26 09:11,256629,4194304,2097152,1,region3_4
2019-10-26 09:11,698,655360,786432,2,region3_8
2019-10-26 09:11,698,655360,786432,2,region3_8
2019-10-26 09:11,271266,0,8388608,4,region3_0
2019-10-26 09:11,698,655360,786432,2,region3_8
2019-10-26 09:11,698,655360,786432,2,region3_8
2019-10-26 09:11,271390,0,8388608,3,region3_3
2019-10-26 09:11,47406,0,131072,2,region3_4
2019-10-26 09:11,267287,3407872,2752512,1,region3_5
2019-10-26 09:11,698,655360,786432,2,region3_8
2019-10-26 09:11,271483,0,8388608,4,region3_1
2019-10-26 09:11,256629,6291456,2097152,1,region3_4
2019-10-26 09:11,698,655360,786432,2,region3_8
2019-10-26 09:11,698,655360,786432,2,region3_8
2019-10-26 09:11,271738,0,8388608,2,region3_7
2019-10-26 09:11,698,655360,786432,2,region3_8
2019-10-26 09:11,698,655360,786432,2,region3_8
2019-10-26 09:11,698,655360,786432,2,region3_8
2019-10-26 09:11,698,655360,786432,2,region3_8
2019-10-26 09:11,191132,0,8388608,2,region3_7
2019-10-26 09:11,698,655360,786432,2,region3_8
2019-10-26 09:11,698,655360,786432,2,region3_8
2019-10-26 09:11,272006,0,8388608,2,region3_7
2019-10-26 09:11,24694,0,262144,2,region3_4
2019-10-26 09:11,272031,12058624,131072,2,region3_4
2019-10-26 09:11,698,655360,786432,2,region3_8
2019-10-26 09:11,272049,0,8388608,2,region3_7
2019-10-26 09:11,698,655360,786432,2,region3_8
2019-10-26 09:11,272031,12058624,131072,2,region3_4
2019-10-26 09:11,698,655360,786432,2,region3_8
2019-10-26 09:11,201465,0,131072,2,region3_0
2019-10-26 09:11,698,655360,786432,2,region3_8
2019-10-26 09:12,272031,12058624,131072,2,region3_4
2019-10-26 09:12,698,655360,786432,2,region3_8
2019-10-26 09:12,698,655360,786432,2,region3_8
2019-10-26 09:12,698,655360,786432,2,region3_8
2019-10-26 09:12,698,655360,786432,2,region3_8
2019-10-26 09:12,272031,12058624,131072,2,region3_4
2019-10-26 09:12,272031,12058624,131072,2,region3_4
2019-10-26 09:12,272031,0,3407872,2,region3_4
2019-10-26 09:12,272280,0,8388608,4,region3_1
2019-10-26 09:12,698,655360,786432,2,region3_8
2019-10-26 09:12,698,655360,786432,2,region3_8
2019-10-26 09:12,272031,3276800,8519680,2,region3_4
2019-10-26 09:12,272031,12058624,131072,2,region3_4
2019-10-26 09:12,272380,0,8388608,4,region3_11
2019-10-26 09:12,698,655360,786432,2,region3_8
2019-10-26 09:12,272031,12058624,131072,2,region3_4
2019-10-26 09:12,272031,11665408,524288,2,region3_4
2019-10-26 09:12,698,655360,786432,2,region3_8
2019-10-26 09:12,272031,12058624,131072,2,region3_4
2019-10-26 09:12,698,655360,786432,2,region3_8
2019-10-26 09:12,272610,0,8388608,4,region3_2
2019-10-26 09:12,272623,0,6684672,2,region3_7
2019-10-26 09:12,197079,0,131072,2,region3_0
2019-10-26 09:12,272880,0,8388608,4,region3_1
2019-10-26 09:12,698,655360,786432,2,region3_8
2019-10-26 09:12,272919,0,8388608,2,region3_7
2019-10-26 09:12,698,655360,786432,2,region3_8
2019-10-26 09:12,273018,0,262144,4,region3_30
2019-10-26 09:12,698,655360,786432,2,region3_8
2019-10-26 09:12,231872,0,7602176,2,region3_7
2019-10-26 09:12,99686,0,524288,1,region3_5
2019-10-26 09:12,698,655360,786432,2,region3_8
2019-10-26 09:12,698,655360,786432,2,region3_8
2019-10-26 09:12,273240,0,5767168,2,region3_1
2019-10-26 09:12,119128,0,131072,2,region3_0
2019-10-26 09:12,273240,5636096,1048576,2,region3_1
2019-10-26 09:12,698,655360,786432,2,region3_8
2019-10-26 09:12,121522,0,131072,2,region3_0
2019-10-26 09:12,698,655360,786432,2,region3_8
2019-10-26 09:12,273396,0,8388608,3,region3_5
2019-10-26 09:12,698,655360,786432,2,region3_8
2019-10-26 09:12,698,655360,786432,2,region3_8
2019-10-26 09:12,273408,0,8388608,4,region3_1
2019-10-26 09:12,273437,0,8388608,4,region3_2
2019-10-26 09:12,273438,0,8388608,4,region3_0
2019-10-26 09:12,698,655360,786432,2,region3_8
2019-10-26 09:12,122740,0,131072,2,region3_0
2019-10-26 09:12,698,655360,786432,2,region3_8
2019-10-26 09:12,267287,6029312,2752512,1,region3_5
2019-10-26 09:12,273576,0,13107200,4,region3_8
2019-10-26 09:12,124826,0,131072,2,region3_0
2019-10-26 09:12,698,655360,786432,2,region3_8
2019-10-26 09:12,213682,0,262144,2,region3_0
2019-10-26 09:12,273636,0,8388608,4,region3_16
2019-10-26 09:12,698,655360,786432,2,region3_8
2019-10-26 09:12,698,655360,786432,2,region3_8
2019-10-26 09:12,698,655360,786432,2,region3_8
2019-10-26 09:12,122917,0,131072,2,region3_0
2019-10-26 09:12,698,655360,786432,2,region3_8
2019-10-26 09:12,698,655360,786432,2,region3_8
2019-10-26 09:12,214356,0,393216,2,region3_0
2019-10-26 09:12,125895,0,131072,2,region3_0
2019-10-26 09:12,122984,0,131072,2,region3_0
2019-10-26 09:12,698,655360,786432,2,region3_8
2019-10-26 09:12,698,655360,786432,2,region3_8
2019-10-26 09:12,273803,0,8388608,4,region3_0
2019-10-26 09:12,698,655360,786432,2,region3_8
2019-10-26 09:12,214549,0,262144,2,region3_0
2019-10-26 09:12,273888,0,8388608,4,region3_2
2019-10-26 09:12,273989,0,8388608,4,region3_16
2019-10-26 09:12,50272,0,262144,2,region3_0
2019-10-26 09:12,126044,0,131072,2,region3_0
2019-10-26 09:12,698,655360,786432,2,region3_8
2019-10-26 09:12,214623,0,262144,2,region3_0
2019-10-26 09:12,274081,0,8388608,2,region3_7
2019-10-26 09:12,52398,0,262144,2,region3_0
2019-10-26 09:12,698,655360,786432,2,region3_8
2019-10-26 09:13,274138,0,8388608,2,region3_7
2019-10-26 09:13,52453,0,262144,2,region3_0
2019-10-26 09:13,274141,0,393216,5,region3_3
2019-10-26 09:13,274144,0,8388608,4,region3_41
2019-10-26 09:13,127156,0,131072,2,region3_0
2019-10-26 09:13,274164,0,8388608,4,region3_2
2019-10-26 09:13,128644,0,131072,2,region3_0
2019-10-26 09:13,698,655360,786432,2,region3_8
2019-10-26 09:13,128022,0,131072,2,region3_0
2019-10-26 09:13,274194,0,655360,4,region3_2
2019-10-26 09:13,698,655360,786432,2,region3_8
2019-10-26 09:13,698,655360,786432,2,region3_8
2019-10-26 09:13,698,655360,786432,2,region3_8
2019-10-26 09:13,274253,0,8388608,4,region3_41
2019-10-26 09:13,698,655360,786432,2,region3_8
2019-10-26 09:13,24166,0,262144,2,region3_4
2019-10-26 09:13,52449,0,262144,2,region3_0
2019-10-26 09:13,274327,0,8388608,3,region3_3
2019-10-26 09:13,698,655360,786432,2,region3_8
2019-10-26 09:13,698,655360,786432,2,region3_8
2019-10-26 09:13,274413,0,131072,4,region3_1
2019-10-26 09:13,131177,0,131072,2,region3_0
2019-10-26 09:13,215779,0,262144,2,region3_0
2019-10-26 09:13,273396,0,4194304,1,region3_3
2019-10-26 09:13,698,655360,786432,2,region3_8
2019-10-26 09:13,274464,0,8388608,4,region3_16
2019-10-26 09:13,273396,4194304,4194304,1,region3_3
2019-10-26 09:13,131187,0,131072,2,region3_0
2019-10-26 09:13,55856,0,262144,2,region3_0
2019-10-26 09:13,274534,0,8388608,4,region3_2
2019-10-26 09:13,130461,0,131072,2,region3_0
2019-10-26 09:13,698,655360,786432,2,region3_8
2019-10-26 09:13,274621,0,6291456,3,region3_4
2019-10-26 09:13,698,655360,786432,2,region3_8
2019-10-26 09:13,274641,6815744,1572864,2,region3_1
2019-10-26 09:13,55439,0,262144,2,region3_0
2019-10-26 09:13,698,655360,786432,2,region3_8
2019-10-26 09:13,698,655360,786432,2,region3_8
2019-10-26 09:13,130473,0,131072,2,region3_0
2019-10-26 09:13,56196,0,262144,2,region3_0
2019-10-26 09:13,216975,0,262144,2,region3_0
2019-10-26 09:13,698,655360,786432,2,region3_8
2019-10-26 09:13,698,655360,786432,2,region3_8
2019-10-26 09:13,217173,0,262144,2,region3_0
2019-10-26 09:13,698,655360,786432,2,region3_8
2019-10-26 09:13,56519,0,262144,2,region3_0
2019-10-26 09:13,698,655360,786432,2,region3_8
2019-10-26 09:13,217107,0,262144,2,region3_0
2019-10-26 09:13,698,655360,786432,2,region3_8
2019-10-26 09:13,698,655360,786432,2,region3_8
2019-10-26 09:13,698,655360,786432,2,region3_8
2019-10-26 09:13,698,655360,786432,2,region3_8
2019-10-26 09:13,698,655360,786432,2,region3_8
2019-10-26 09:13,698,655360,786432,2,region3_8
2019-10-26 09:13,698,655360,786432,2,region3_8
2019-10-26 09:13,53591,0,262144,2,region3_0
2019-10-26 09:13,698,655360,786432,2,region3_8
2019-10-26 09:13,57015,0,262144,2,region3_0
2019-10-26 09:13,238469,0,8388608,2,region3_1
2019-10-26 09:13,698,655360,786432,2,region3_8
2019-10-26 09:13,698,655360,786432,2,region3_8
2019-10-26 09:13,698,655360,786432,2,region3_8
2019-10-26 09:13,698,655360,786432,2,region3_8
2019-10-26 09:13,698,655360,786432,2,region3_8
2019-10-26 09:13,698,655360,786432,2,region3_8
2019-10-26 09:13,275099,0,8388608,3,region3_5
2019-10-26 09:13,698,655360,786432,2,region3_8
2019-10-26 09:13,698,655360,786432,2,region3_8
2019-10-26 09:13,56701,0,262144,2,region3_0
2019-10-26 09:13,698,655360,786432,2,region3_8
2019-10-26 09:13,201100,0,131072,2,region3_0
2019-10-26 09:13,58149,0,262144,2,region3_0
2019-10-26 09:13,698,655360,786432,2,region3_8
2019-10-26 09:13,698,655360,786432,2,region3_8
2019-10-26 09:13,698,655360,786432,2,region3_8
2019-10-26 09:13,275380,0,8388608,4,region3_1
2019-10-26 09:13,275385,0,8388608,5,region3_3
2019-10-26 09:13,99686,393216,2752512,1,region3_5
2019-10-26 09:13,202700,0,131072,2,region3_0
2019-10-26 09:13,275483,0,1048576,4,region3_9
2019-10-26 09:13,698,655360,786432,2,region3_8
2019-10-26 09:13,267287,8650752,2752512,1,region3_5
2019-10-26 09:13,698,655360,786432,2,region3_8
2019-10-26 09:13,698,655360,786432,2,region3_8
2019-10-26 09:13,58629,0,262144,2,region3_0
2019-10-26 09:13,698,655360,786432,2,region3_8
2019-10-26 09:13,74793,0,131072,2,region3_0
2019-10-26 09:14,59843,0,262144,2,region3_0
2019-10-26 09:14,276039,0,8388608,4,region3_2
2019-10-26 09:14,244197,0,131072,2,region3_4
2019-10-26 09:14,127598,0,655360,2,region3_0
2019-10-26 09:14,276067,0,8388608,4,region3_2
2019-10-26 09:14,276085,0,8388608,3,region3_5
2019-10-26 09:14,698,655360,786432,2,region3_8
2019-10-26 09:14,75728,0,131072,2,region3_0
2019-10-26 09:14,61496,0,262144,2,region3_0
2019-10-26 09:14,61317,0,262144,2,region3_0
2019-10-26 09:14,698,655360,786432,2,region3_8
2019-10-26 09:14,209421,0,262144,2,region3_0
2019-10-26 09:14,276425,0,8388608,4,region3_2
2019-10-26 09:14,698,655360,786432,2,region3_8
2019-10-26 09:14,23289,0,131072,2,region3_0
2019-10-26 09:14,698,655360,786432,2,region3_8
2019-10-26 09:14,698,655360,786432,2,region3_8
2019-10-26 09:14,698,655360,786432,2,region3_8
2019-10-26 09:14,276476,0,6553600,2,region3_7
2019-10-26 09:14,62519,0,262144,2,region3_0
2019-10-26 09:14,251815,0,2097152,1,region3_4
2019-10-26 09:14,127199,0,655360,2,region3_0
2019-10-26 09:14,698,655360,786432,2,region3_8
2019-10-26 09:14,276565,0,8388608,4,region3_1
2019-10-26 09:14,698,655360,786432,2,region3_8
2019-10-26 09:14,63286,0,262144,2,region3_0
2019-10-26 09:14,698,655360,786432,2,region3_8
2019-10-26 09:14,63001,0,262144,2,region3_0
2019-10-26 09:14,698,655360,786432,2,region3_8
2019-10-26 09:14,251815,2097152,2097152,1,region3_4
2019-10-26 09:14,65260,0,262144,2,region3_0
2019-10-26 09:14,698,655360,786432,2,region3_8
2019-10-26 09:14,25619,0,262144,2,region3_0
2019-10-26 09:14,698,655360,786432,2,region3_8
2019-10-26 09:14,698,655360,786432,2,region3_8
2019-10-26 09:14,24431,0,262144,2,region3_0
2019-10-26 09:14,31462,0,262144,2,region3_0
2019-10-26 09:14,34601,0,131072,2,region3_0
2019-10-26 09:14,698,655360,786432,2,region3_8
2019-10-26 09:14,276829,0,262144,4,region3_1
2019-10-26 09:14,276850,0,8388608,4,region3_2
2019-10-26 09:14,698,655360,786432,2,region3_8
2019-10-26 09:14,698,655360,786432,2,region3_8
2019-10-26 09:14,276876,0,1835008,4,region3_1
2019-10-26 09:14,202971,0,131072,2,region3_0
2019-10-26 09:14,251815,4194304,2097152,1,region3_4
2019-10-26 09:14,698,655360,786432,2,region3_8
2019-10-26 09:14,698,655360,786432,2,region3_8
2019-10-26 09:14,63919,0,262144,2,region3_0
2019-10-26 09:14,698,655360,786432,2,region3_8
2019-10-26 09:14,698,655360,786432,2,region3_8
2019-10-26 09:14,698,655360,786432,2,region3_8
2019-10-26 09:14,698,655360,786432,2,region3_8
2019-10-26 09:14,251815,6291456,2097152,1,region3_4
2019-10-26 09:14,277098,0,8388608,3,region3_5
2019-10-26 09:14,698,655360,786432,2,region3_8
2019-10-26 09:14,698,655360,786432,2,region3_8
2019-10-26 09:14,698,655360,786432,2,region3_8
2019-10-26 09:14,698,655360,786432,2,region3_8
2019-10-26 09:14,698,655360,786432,2,region3_8
2019-10-26 09:14,37947,0,131072,2,region3_0
2019-10-26 09:14,698,655360,786432,2,region3_8
2019-10-26 09:14,698,655360,786432,2,region3_8
2019-10-26 09:14,37783,0,131072,2,region3_0
2019-10-26 09:14,698,655360,786432,2,region3_8
2019-10-26 09:14,698,655360,786432,2,region3_8
2019-10-26 09:14,277229,0,3932160,4,region3_33
2019-10-26 09:14,277288,0,8388608,4,region3_1
2019-10-26 09:14,698,655360,786432,2,region3_8
2019-10-26 09:14,39956,0,131072,2,region3_0
2019-10-26 09:14,277332,0,8388608,4,region3_16
2019-10-26 09:14,698,655360,786432,2,region3_8
2019-10-26 09:14,277345,0,8388608,4,region3_2
2019-10-26 09:14,698,655360,786432,2,region3_8
2019-10-26 09:14,698,655360,786432,2,region3_8
2019-10-26 09:14,99686,3014656,2752512,1,region3_5
2019-10-26 09:14,698,655360,786432,2,region3_8
2019-10-26 09:14,277561,0,7471104,2,region3_7
2019-10-26 09:14,698,655360,786432,2,region3_8
2019-10-26 09:15,10703,0,262144,2,region3_0
2019-10-26 09:15,52134,0,262144,2,region3_0
2019-10-26 09:15,277620,0,524288,4,region3_0
2019-10-26 09:15,277621,0,6553600,5,region3_3
2019-10-26 09:15,698,655360,786432,2,region3_8
2019-10-26 09:15,698,655360,786432,2,region3_8
2019-10-26 09:15,698,655360,786432,2,region3_8
2019-10-26 09:15,698,655360,786432,2,region3_8
2019-10-26 09:15,698,655360,786432,2,region3_8
2019-10-26 09:15,698,655360,786432,2,region3_8
2019-10-26 09:15,698,655360,786432,2,region3_8
2019-10-26 09:15,698,655360,786432,2,region3_8
2019-10-26 09:15,24730,0,655360,2,region3_0
2019-10-26 09:15,698,655360,786432,2,region3_8
2019-10-26 09:15,698,655360,786432,2,region3_8
2019-10-26 09:15,698,655360,786432,2,region3_8
2019-10-26 09:15,698,655360,786432,2,region3_8
2019-10-26 09:15,698,655360,786432,2,region3_8
2019-10-26 09:15,267287,11272192,2752512,1,region3_5
2019-10-26 09:15,698,655360,786432,2,region3_8
2019-10-26 09:15,698,655360,786432,2,region3_8
2019-10-26 09:15,278070,0,8388608,4,region3_1
2019-10-26 09:15,248167,0,8388608,2,region3_7
2019-10-26 09:15,698,655360,786432,2,region3_8
2019-10-26 09:15,698,655360,786432,2,region3_8
2019-10-26 09:15,41729,0,8388608,2,region3_0
2019-10-26 09:15,698,655360,786432,2,region3_8
2019-10-26 09:15,16386,0,262144,2,region3_0
2019-10-26 09:15,16858,0,262144,2,region3_0
2019-10-26 09:15,698,655360,786432,2,region3_8
2019-10-26 09:15,57542,0,131072,2,region3_0
2019-10-26 09:15,58790,0,131072,2,region3_0
2019-10-26 09:15,57784,0,131072,2,region3_0
2019-10-26 09:15,698,655360,786432,2,region3_8
2019-10-26 09:15,7085,0,262144,2,region3_0
2019-10-26 09:15,698,655360,786432,2,region3_8
2019-10-26 09:15,698,655360,786432,2,region3_8
2019-10-26 09:15,207494,0,131072,2,region3_0
2019-10-26 09:15,38871,0,655360,2,region3_0
2019-10-26 09:15,58184,0,131072,2,region3_0
2019-10-26 09:15,698,655360,786432,2,region3_8
2019-10-26 09:15,31402,0,655360,2,region3_0
2019-10-26 09:15,698,655360,786432,2,region3_8
2019-10-26 09:15,278377,0,8388608,2,region3_7
2019-10-26 09:15,698,655360,786432,2,region3_8
2019-10-26 09:15,698,655360,786432,2,region3_8
2019-10-26 09:15,59966,0,131072,2,region3_0
2019-10-26 09:15,698,655360,786432,2,region3_8
2019-10-26 09:15,698,655360,786432,2,region3_8
2019-10-26 09:15,59743,0,131072,2,region3_0
2019-10-26 09:15,60971,0,131072,2,region3_0
2019-10-26 09:15,59629,0,131072,2,region3_0
2019-10-26 09:15,698,655360,786432,2,region3_8
2019-10-26 09:15,61403,0,131072,2,region3_0
2019-10-26 09:15,278579,0,3014656,4,region3_1
2019-10-26 09:15,278587,0,4325376,4,region3_1
2019-10-26 09:15,64015,0,131072,2,region3_0
2019-10-26 09:15,698,655360,786432,2,region3_8
2019-10-26 09:15,270830,393216,7995392,2,region3_7
2019-10-26 09:15,698,655360,786432,2,region3_8
2019-10-26 09:15,241702,0,131072,2,region3_4
2019-10-26 09:15,61991,0,131072,2,region3_0
2019-10-26 09:15,698,655360,786432,2,region3_8
2019-10-26 09:15,64545,0,131072,2,region3_0
2019-10-26 09:15,698,655360,786432,2,region3_8
2019-10-26 09:15,10434,0,262144,2,region3_0
2019-10-26 09:15,278739,0,8388608,4,region3_34
2019-10-26 09:15,278753,0,6946816,2,region3_1
2019-10-26 09:15,240995,0,8388608,2,region3_5
2019-10-26 09:15,698,655360,786432,2,region3_8
2019-10-26 09:15,698,655360,786432,2,region3_8
2019-10-26 09:15,64660,0,131072,2,region3_0
2019-10-26 09:15,698,655360,786432,2,region3_8
2019-10-26 09:15,206742,0,131072,2,region3_0
2019-10-26 09:15,698,655360,786432,2,region3_8
2019-10-26 09:15,698,655360,786432,2,region3_8
2019-10-26 09:15,698,655360,786432,2,region3_8
2019-10-26 09:15,698,655360,786432,2,region3_8
2019-10-26 09:15,698,655360,786432,2,region3_8
2019-10-26 09:15,698,655360,786432,2,region3_8
2019-10-26 09:15,698,655360,786432,2,region3_8
2019-10-26 09:15,65334,0,131072,2,region3_0
2019-10-26 09:15,698,655360,786432,2,region3_8
2019-10-26 09:15,698,655360,786432,2,region3_8
2019-10-26 09:16,698,655360,786432,2,region3_8
2019-10-26 09:16,698,655360,786432,2,region3_8
2019-10-26 09:16,698,655360,786432,2,region3_8
2019-10-26 09:16,698,655360,786432,2,region3_8
2019-10-26 09:16,698,655360,786432,2,region3_8
2019-10-26 09:16,698,655360,786432,2,region3_8
2019-10-26 09:16,698,655360,786432,2,region3_8
2019-10-26 09:16,99686,5636096,2752512,1,region3_5
2019-10-26 09:16,698,655360,786432,2,region3_8
2019-10-26 09:16,698,655360,786432,2,region3_8
2019-10-26 09:16,698,655360,786432,2,region3_8
2019-10-26 09:16,698,655360,786432,2,region3_8
2019-10-26 09:16,14711,0,262144,2,region3_0
2019-10-26 09:16,12606,0,262144,2,region3_0
2019-10-26 09:16,12528,0,262144,2,region3_0
2019-10-26 09:16,208341,0,131072,2,region3_0
2019-10-26 09:16,698,655360,786432,2,region3_8
2019-10-26 09:16,279159,0,8388608,4,region3_30
2019-10-26 09:16,279197,0,8388608,4,region3_2
2019-10-26 09:16,264001,0,8388608,2,region3_1
2019-10-26 09:16,698,655360,786432,2,region3_8
2019-10-26 09:16,14049,0,262144,2,region3_0
2019-10-26 09:16,698,655360,786432,2,region3_8
2019-10-26 09:16,223880,0,8388608,2,region3_5
2019-10-26 09:16,279365,0,524288,4,region3_9
2019-10-26 09:16,264001,0,8388608,2,region3_1
2019-10-26 09:16,13795,0,262144,2,region3_0
2019-10-26 09:16,698,655360,786432,2,region3_8
2019-10-26 09:16,267287,13893632,917504,1,region3_5
2019-10-26 09:16,231710,0,8388608,2,region3_5
2019-10-26 09:16,45714,0,655360,2,region3_0
2019-10-26 09:16,15898,0,262144,2,region3_0
2019-10-26 09:16,698,655360,786432,2,region3_8
2019-10-26 09:16,279530,0,8388608,4,region3_9
2019-10-26 09:16,698,655360,786432,2,region3_8
2019-10-26 09:16,698,655360,786432,2,region3_8
2019-10-26 09:16,229975,0,8388608,2,region3_7
2019-10-26 09:16,698,655360,786432,2,region3_8
2019-10-26 09:16,698,655360,786432,2,region3_8
2019-10-26 09:16,698,655360,786432,2,region3_8
2019-10-26 09:16,698,655360,786432,2,region3_8
2019-10-26 09:16,277620,0,524288,2,region3_0
2019-10-26 09:16,698,655360,786432,2,region3_8
2019-10-26 09:16,698,655360,786432,2,region3_8
2019-10-26 09:16,84972,0,131072,2,region3_23
2019-10-26 09:16,698,655360,786432,2,region3_8
2019-10-26 09:16,279790,0,131072,5,region3_3
2019-10-26 09:16,698,655360,786432,2,region3_8
2019-10-26 09:16,279806,0,131072,4,region3_41
2019-10-26 09:16,698,655360,786432,2,region3_8
2019-10-26 09:16,279818,0,8388608,4,region3_1
2019-10-26 09:16,85098,0,131072,2,region3_23
2019-10-26 09:16,62989,0,655360,2,region3_4
2019-10-26 09:16,698,655360,786432,2,region3_8
2019-10-26 09:16,698,655360,786432,2,region3_8
2019-10-26 09:16,698,655360,786432,2,region3_8
2019-10-26 09:16,698,655360,786432,2,region3_8
2019-10-26 09:16,279955,0,4325376,4,region3_33
2019-10-26 09:16,698,655360,786432,2,region3_8
2019-10-26 09:16,698,655360,786432,2,region3_8
2019-10-26 09:16,698,655360,786432,2,region3_8
2019-10-26 09:16,698,655360,786432,2,region3_8
2019-10-26 09:16,280068,0,8388608,3,region3_5
2019-10-26 09:16,698,655360,786432,2,region3_8
2019-10-26 09:16,698,655360,786432,2,region3_8
2019-10-26 09:16,698,655360,786432,2,region3_8
2019-10-26 09:16,698,655360,786432,2,region3_8
2019-10-26 09:16,698,655360,786432,2,region3_8
2019-10-26 09:16,25968,0,262144,2,region3_0
2019-10-26 09:16,698,655360,786432,2,region3_8
2019-10-26 09:16,698,655360,786432,2,region3_8
2019-10-26 09:17,280224,0,8388608,4,region3_0
2019-10-26 09:17,698,655360,786432,2,region3_8
2019-10-26 09:17,698,655360,786432,2,region3_8
2019-10-26 09:17,698,655360,786432,2,region3_8
2019-10-26 09:17,60090,0,393216,2,region3_0
2019-10-26 09:17,698,655360,786432,2,region3_8
2019-10-26 09:17,280358,0,8388608,5,region3_3
2019-10-26 09:17,53535,0,655360,2,region3_0
2019-10-26 09:17,698,655360,786432,2,region3_8
2019-10-26 09:17,280384,0,6160384,4,region3_6
2019-10-26 09:17,59465,0,393216,2,region3_0
2019-10-26 09:17,698,655360,786432,2,region3_8
2019-10-26 09:17,698,655360,786432,2,region3_8
2019-10-26 09:17,698,655360,786432,2,region3_8
2019-10-26 09:17,280455,0,8388608,4,region3_1
2019-10-26 09:17,698,655360,786432,2,region3_8
2019-10-26 09:17,698,655360,786432,2,region3_8
2019-10-26 09:17,277620,0,524288,2,region3_5
2019-10-26 09:17,86409,0,131072,2,region3_23
2019-10-26 09:17,698,655360,786432,2,region3_8
2019-10-26 09:17,244294,0,2097152,1,region3_4
2019-10-26 09:17,698,655360,786432,2,region3_8
2019-10-26 09:17,698,655360,786432,2,region3_8
2019-10-26 09:17,280592,0,2883584,4,region3_33
2019-10-26 09:17,86956,0,131072,2,region3_23
2019-10-26 09:17,698,655360,786432,2,region3_8
2019-10-26 09:17,698,655360,786432,2,region3_8
2019-10-26 09:17,698,655360,786432,2,region3_8
2019-10-26 09:17,66187,0,393216,2,region3_0
2019-10-26 09:17,698,655360,786432,2,region3_8
2019-10-26 09:17,258050,0,4194304,1,region3_5
2019-10-26 09:17,209330,0,131072,2,region3_0
2019-10-26 09:17,258050,4194304,4194304,1,region3_5
2019-10-26 09:17,244294,2097152,2097152,1,region3_4
2019-10-26 09:17,99686,8257536,2621440,1,region3_5
2019-10-26 09:17,698,655360,786432,2,region3_8
2019-10-26 09:17,698,655360,786432,2,region3_8
2019-10-26 09:17,698,655360,786432,2,region3_8
2019-10-26 09:17,66277,0,393216,2,region3_0
2019-10-26 09:17,2435,0,393216,2,region3_0
2019-10-26 09:17,87675,0,131072,2,region3_23
2019-10-26 09:17,244294,4194304,2097152,1,region3_4
2019-10-26 09:17,698,655360,786432,2,region3_8
2019-10-26 09:17,698,655360,786432,2,region3_8
2019-10-26 09:17,14080,0,393216,2,region3_0
2019-10-26 09:17,242702,0,4194304,1,region3_5
2019-10-26 09:17,698,655360,786432,2,region3_8
2019-10-26 09:17,242702,4194304,4194304,1,region3_5
2019-10-26 09:17,698,655360,786432,2,region3_8
2019-10-26 09:17,20052,0,393216,2,region3_0
2019-10-26 09:17,244294,6291456,2097152,1,region3_4
2019-10-26 09:17,280925,0,8388608,4,region3_1
2019-10-26 09:17,86409,0,131072,2,region3_23
2019-10-26 09:17,698,655360,786432,2,region3_8
2019-10-26 09:17,13827,0,393216,2,region3_0
2019-10-26 09:17,57301,0,655360,2,region3_0
2019-10-26 09:17,698,655360,786432,2,region3_8
2019-10-26 09:17,21051,0,393216,2,region3_0
2019-10-26 09:17,698,655360,786432,2,region3_8
2019-10-26 09:17,18512,0,393216,2,region3_0
2019-10-26 09:17,698,655360,786432,2,region3_8
2019-10-26 09:17,57717,0,655360,2,region3_0
2019-10-26 09:17,19431,0,393216,2,region3_0
2019-10-26 09:17,698,655360,786432,2,region3_8
2019-10-26 09:17,698,655360,786432,2,region3_8
2019-10-26 09:17,23690,0,393216,2,region3_0
2019-10-26 09:17,698,655360,786432,2,region3_8
2019-10-26 09:17,24550,0,393216,2,region3_0
2019-10-26 09:17,698,655360,786432,2,region3_8
2019-10-26 09:17,23546,0,393216,2,region3_0
2019-10-26 09:17,23869,0,393216,2,region3_0
2019-10-26 09:17,698,655360,786432,2,region3_8
2019-10-26 09:17,67557,7733248,524288,2,region3_4
2019-10-26 09:17,28310,0,393216,2,region3_0
2019-10-26 09:17,89032,0,131072,2,region3_23
2019-10-26 09:17,281250,0,6684672,2,region3_7
2019-10-26 09:17,29963,0,393216,2,region3_0
2019-10-26 09:17,698,655360,786432,2,region3_8
2019-10-26 09:17,61128,0,655360,2,region3_0
2019-10-26 09:17,67926,0,8388608,2,region3_0
2019-10-26 09:17,698,655360,786432,2,region3_8
2019-10-26 09:17,698,655360,786432,2,region3_8
2019-10-26 09:17,698,655360,786432,2,region3_8
2019-10-26 09:17,211651,3145728,5242880,2,region3_7
2019-10-26 09:17,698,655360,786432,2,region3_8
2019-10-26 09:17,211651,0,3276800,2,region3_7
2019-10-26 09:17,63528,0,655360,2,region3_0
2019-10-26 09:17,698,655360,786432,2,region3_8
2019-10-26 09:17,281386,0,8388608,3,region3_5
2019-10-26 09:18,698,655360,786432,2,region3_8
2019-10-26 09:18,698,655360,786432,2,region3_8
2019-10-26 09:18,698,655360,786432,2,region3_8
2019-10-26 09:18,698,655360,786432,2,region3_8
2019-10-26 09:18,60714,0,655360,2,region3_0
2019-10-26 09:18,63297,0,655360,2,region3_0
2019-10-26 09:18,698,655360,786432,2,region3_8
2019-10-26 09:18,90250,0,131072,2,region3_23
2019-10-26 09:18,698,655360,786432,2,region3_8
2019-10-26 09:18,698,655360,786432,2,region3_8
2019-10-26 09:18,698,655360,786432,2,region3_8
2019-10-26 09:18,698,655360,786432,2,region3_8
2019-10-26 09:18,698,655360,786432,2,region3_8
2019-10-26 09:18,698,655360,786432,2,region3_8
2019-10-26 09:18,698,655360,786432,2,region3_8
2019-10-26 09:18,698,655360,786432,2,region3_8
2019-10-26 09:18,698,655360,786432,2,region3_8
2019-10-26 09:18,698,655360,786432,2,region3_8
2019-10-26 09:18,281816,0,8388608,4,region3_2
2019-10-26 09:18,698,655360,786432,2,region3_8
2019-10-26 09:18,698,655360,786432,2,region3_8
2019-10-26 09:18,698,655360,786432,2,region3_8
2019-10-26 09:18,698,655360,786432,2,region3_8
2019-10-26 09:18,281867,0,8388608,2,region3_7
2019-10-26 09:18,698,655360,786432,2,region3_8
2019-10-26 09:18,281899,0,8388608,2,region3_0
2019-10-26 09:18,698,655360,786432,2,region3_8
2019-10-26 09:18,698,655360,786432,2,region3_8
2019-10-26 09:18,698,655360,786432,2,region3_8
2019-10-26 09:18,698,655360,786432,2,region3_8
2019-10-26 09:18,282044,0,7471104,2,region3_7
2019-10-26 09:18,99686,10747904,2752512,1,region3_5
2019-10-26 09:18,51805,0,5505024,2,region3_0
2019-10-26 09:18,51805,5373952,3014656,2,region3_0
2019-10-26 09:18,698,655360,786432,2,region3_8
2019-10-26 09:18,68365,0,1179648,2,region3_0
2019-10-26 09:18,698,655360,786432,2,region3_8
2019-10-26 09:18,282367,0,8388608,4,region3_2
2019-10-26 09:18,698,655360,786432,2,region3_8
2019-10-26 09:18,698,655360,786432,2,region3_8
2019-10-26 09:18,698,655360,786432,2,region3_8
2019-10-26 09:18,698,655360,786432,2,region3_8
2019-10-26 09:18,698,655360,786432,2,region3_8
2019-10-26 09:18,698,655360,786432,2,region3_8
2019-10-26 09:18,698,655360,786432,2,region3_8
2019-10-26 09:18,698,655360,786432,2,region3_8
2019-10-26 09:18,698,655360,786432,2,region3_8
2019-10-26 09:19,698,655360,786432,2,region3_8
2019-10-26 09:19,282616,0,15990784,3,region3_4
2019-10-26 09:19,698,655360,786432,2,region3_8
2019-10-26 09:19,698,655360,786432,2,region3_8
2019-10-26 09:19,698,655360,786432,2,region3_8
2019-10-26 09:19,698,655360,786432,2,region3_8
2019-10-26 09:19,698,655360,786432,2,region3_8
2019-10-26 09:19,210867,0,131072,2,region3_0
2019-10-26 09:19,698,655360,786432,2,region3_8
2019-10-26 09:19,698,655360,786432,2,region3_8
2019-10-26 09:19,698,655360,786432,2,region3_8
2019-10-26 09:19,201788,0,262144,5,region3_3
2019-10-26 09:19,74354,0,655360,2,region3_4
2019-10-26 09:19,698,655360,786432,2,region3_8
2019-10-26 09:19,698,655360,786432,2,region3_8
2019-10-26 09:19,698,655360,786432,2,region3_8
2019-10-26 09:19,698,655360,786432,2,region3_8
2019-10-26 09:19,698,655360,786432,2,region3_8
2019-10-26 09:19,698,655360,786432,2,region3_8
2019-10-26 09:19,698,655360,786432,2,region3_8
2019-10-26 09:19,282978,0,4849664,4,region3_30
2019-10-26 09:19,698,655360,786432,2,region3_8
2019-10-26 09:19,698,655360,786432,2,region3_8
2019-10-26 09:19,698,655360,786432,2,region3_8
2019-10-26 09:19,698,655360,786432,2,region3_8
2019-10-26 09:19,698,655360,786432,2,region3_8
2019-10-26 09:19,698,655360,786432,2,region3_8
2019-10-26 09:19,283053,0,8388608,4,region3_2
2019-10-26 09:19,698,655360,786432,2,region3_8
2019-10-26 09:19,217306,0,8388608,2,region3_7
2019-10-26 09:19,698,655360,786432,2,region3_8
2019-10-26 09:19,698,655360,786432,2,region3_8
2019-10-26 09:19,698,655360,786432,2,region3_8
2019-10-26 09:19,698,655360,786432,2,region3_8
2019-10-26 09:19,283177,0,8388608,4,region3_13
2019-10-26 09:19,698,655360,786432,2,region3_8
2019-10-26 09:19,698,655360,786432,2,region3_8
2019-10-26 09:19,698,655360,786432,2,region3_8
2019-10-26 09:19,698,655360,786432,2,region3_8
2019-10-26 09:19,698,655360,786432,2,region3_8
2019-10-26 09:19,698,655360,786432,2,region3_8
2019-10-26 09:19,698,655360,786432,2,region3_8
2019-10-26 09:19,283212,0,8388608,4,region3_2
2019-10-26 09:19,1328,6946816,524288,2,region3_4
2019-10-26 09:19,698,655360,786432,2,region3_8
2019-10-26 09:19,2121,4194304,131072,2,region3_4
2019-10-26 09:19,2121,3801088,131072,2,region3_4
2019-10-26 09:19,2121,4194304,131072,2,region3_4
2019-10-26 09:19,698,655360,786432,2,region3_8
2019-10-26 09:19,698,655360,786432,2,region3_8
2019-10-26 09:19,283294,0,8388608,2,region3_7
2019-10-26 09:19,698,655360,786432,2,region3_8
2019-10-26 09:19,698,655360,786432,2,region3_8
2019-10-26 09:19,698,655360,786432,2,region3_8
2019-10-26 09:19,698,655360,786432,2,region3_8
2019-10-26 09:19,283331,0,8388608,2,region3_7
2019-10-26 09:19,698,655360,786432,2,region3_8
2019-10-26 09:19,698,655360,786432,2,region3_8
2019-10-26 09:19,283365,0,8388608,3,region3_5
2019-10-26 09:19,5440,5373952,131072,2,region3_4
2019-10-26 09:19,5440,5373952,131072,2,region3_4
2019-10-26 09:19,5440,4980736,131072,2,region3_4
2019-10-26 09:19,283383,0,8388608,3,region3_5
2019-10-26 09:19,283406,0,2621440,4,region3_13
2019-10-26 09:19,283421,0,8388608,2,region3_0
2019-10-26 09:19,283461,0,2752512,4,region3_13
2019-10-26 09:19,698,655360,786432,2,region3_8
2019-10-26 09:19,698,655360,786432,2,region3_8
2019-10-26 09:19,283481,0,8388608,4,region3_1
2019-10-26 09:19,698,655360,786432,2,region3_8
2019-10-26 09:19,698,655360,786432,2,region3_8
2019-10-26 09:19,698,655360,786432,2,region3_8
2019-10-26 09:19,698,655360,786432,2,region3_8
2019-10-26 09:19,698,655360,786432,2,region3_8
2019-10-26 09:19,698,655360,786432,2,region3_8
2019-10-26 09:19,698,655360,786432,2,region3_8
2019-10-26 09:19,99686,13369344,1703936,1,region3_5
2019-10-26 09:19,283755,0,8388608,4,region3_1
2019-10-26 09:19,698,655360,786432,2,region3_8
2019-10-26 09:19,698,655360,786432,2,region3_8
2019-10-26 09:19,698,655360,786432,2,region3_8
2019-10-26 09:19,698,655360,786432,2,region3_8
2019-10-26 09:19,698,655360,786432,2,region3_8
2019-10-26 09:19,698,655360,786432,2,region3_8
2019-10-26 09:19,283792,0,8388608,2,region3_7
2019-10-26 09:19,283793,0,8388608,4,region3_13
2019-10-26 09:19,698,655360,786432,2,region3_8
2019-10-26 09:19,698,655360,786432,2,region3_8
2019-10-26 09:19,698,655360,786432,2,region3_8
2019-10-26 09:19,698,655360,786432,2,region3_8
2019-10-26 09:20,698,655360,786432,2,region3_8
2019-10-26 09:20,698,655360,786432,2,region3_8
2019-10-26 09:20,698,655360,786432,2,region3_8
2019-10-26 09:20,698,655360,786432,2,region3_8
2019-10-26 09:20,698,655360,786432,2,region3_8
2019-10-26 09:20,283996,0,8388608,4,region3_1
2019-10-26 09:20,698,655360,786432,2,region3_8
2019-10-26 09:20,284076,0,8388608,4,region3_1
2019-10-26 09:20,284077,0,3407872,4,region3_1
2019-10-26 09:20,698,655360,786432,2,region3_8
2019-10-26 09:20,698,655360,786432,2,region3_8
2019-10-26 09:20,698,655360,786432,2,region3_8
2019-10-26 09:20,698,655360,786432,2,region3_8
2019-10-26 09:20,698,655360,786432,2,region3_8
2019-10-26 09:20,284334,0,8388608,4,region3_6
2019-10-26 09:20,698,655360,786432,2,region3_8
2019-10-26 09:20,698,655360,786432,2,region3_8
2019-10-26 09:20,698,655360,786432,2,region3_8
2019-10-26 09:20,284533,0,8388608,4,region3_22
2019-10-26 09:20,208222,0,3407872,1,region3_4
2019-10-26 09:20,698,655360,786432,2,region3_8
2019-10-26 09:20,284629,0,8388608,4,region3_13
2019-10-26 09:20,698,655360,786432,2,region3_8
2019-10-26 09:20,284689,0,8388608,4,region3_13
2019-10-26 09:20,698,655360,786432,2,region3_8
2019-10-26 09:20,698,655360,786432,2,region3_8
2019-10-26 09:20,698,655360,786432,2,region3_8
2019-10-26 09:20,698,655360,786432,2,region3_8
2019-10-26 09:20,208222,3276800,4325376,1,region3_4
2019-10-26 09:20,698,655360,786432,2,region3_8
2019-10-26 09:20,698,655360,786432,2,region3_8
2019-10-26 09:20,208222,7471104,1835008,1,region3_4
2019-10-26 09:20,698,655360,786432,2,region3_8
2019-10-26 09:20,698,655360,786432,2,region3_8
2019-10-26 09:20,284904,0,8388608,4,region3_1
2019-10-26 09:20,698,655360,786432,2,region3_8
2019-10-26 09:20,698,655360,786432,2,region3_8
2019-10-26 09:20,284921,0,8388608,4,region3_13
2019-10-26 09:20,698,655360,786432,2,region3_8
2019-10-26 09:20,698,655360,786432,2,region3_8
2019-10-26 09:20,698,655360,786432,2,region3_8
2019-10-26 09:20,698,655360,786432,2,region3_8
2019-10-26 09:20,698,655360,786432,2,region3_8
2019-10-26 09:20,103821,0,7340032,2,region3_7
2019-10-26 09:20,285049,0,8388608,4,region3_22
2019-10-26 09:20,285059,0,8388608,2,region3_7
2019-10-26 09:20,698,655360,786432,2,region3_8
2019-10-26 09:20,698,655360,786432,2,region3_8
2019-10-26 09:20,698,655360,786432,2,region3_8
2019-10-26 09:20,698,655360,786432,2,region3_8
2019-10-26 09:20,698,655360,786432,2,region3_8
2019-10-26 09:21,698,655360,786432,2,region3_8
2019-10-26 09:21,698,655360,786432,2,region3_8
2019-10-26 09:21,698,655360,786432,2,region3_8
2019-10-26 09:21,698,655360,786432,2,region3_8
2019-10-26 09:21,285203,0,8388608,2,region3_7
2019-10-26 09:21,698,655360,786432,2,region3_8
2019-10-26 09:21,698,655360,786432,2,region3_8
2019-10-26 09:21,698,655360,786432,2,region3_8
2019-10-26 09:21,698,655360,786432,2,region3_8
2019-10-26 09:21,698,655360,786432,2,region3_8
2019-10-26 09:21,698,655360,786432,2,region3_8
2019-10-26 09:21,285288,0,655360,4,region3_2
2019-10-26 09:21,698,655360,786432,2,region3_8
2019-10-26 09:21,698,655360,786432,2,region3_8
2019-10-26 09:21,698,655360,786432,2,region3_8
2019-10-26 09:21,698,655360,786432,2,region3_8
2019-10-26 09:21,698,655360,786432,2,region3_8
2019-10-26 09:21,698,655360,786432,2,region3_8
2019-10-26 09:21,698,655360,786432,2,region3_8
2019-10-26 09:21,698,655360,786432,2,region3_8
2019-10-26 09:21,698,655360,786432,2,region3_8
2019-10-26 09:21,698,655360,786432,2,region3_8
2019-10-26 09:21,698,655360,786432,2,region3_8
2019-10-26 09:21,698,655360,786432,2,region3_8
2019-10-26 09:21,698,655360,786432,2,region3_8
2019-10-26 09:21,698,655360,786432,2,region3_8
2019-10-26 09:21,698,655360,786432,2,region3_8
2019-10-26 09:21,285519,0,8388608,2,region3_7
2019-10-26 09:21,698,655360,786432,2,region3_8
2019-10-26 09:21,285571,0,262144,5,region3_3
2019-10-26 09:21,698,655360,786432,2,region3_8
2019-10-26 09:21,285590,0,8388608,2,region3_7
2019-10-26 09:21,698,655360,786432,2,region3_8
2019-10-26 09:21,698,655360,786432,2,region3_8
2019-10-26 09:21,698,655360,786432,2,region3_8
2019-10-26 09:21,285732,0,8388608,3,region3_5
2019-10-26 09:21,698,655360,786432,2,region3_8
2019-10-26 09:21,698,655360,786432,2,region3_8
2019-10-26 09:21,285759,0,131072,4,region3_29
2019-10-26 09:21,698,655360,786432,2,region3_8
2019-10-26 09:21,285799,0,8388608,4,region3_22
2019-10-26 09:21,285800,0,655360,4,region3_0
2019-10-26 09:21,285816,0,4325376,4,region3_22
2019-10-26 09:21,698,655360,786432,2,region3_8
2019-10-26 09:21,698,655360,786432,2,region3_8
2019-10-26 09:21,62989,0,655360,2,region3_4
2019-10-26 09:21,698,655360,786432,2,region3_8
2019-10-26 09:21,698,655360,786432,2,region3_8
2019-10-26 09:21,285894,0,8388608,3,region3_5
2019-10-26 09:21,232366,0,131072,2,region3_4
2019-10-26 09:21,285955,0,131072,4,region3_0
2019-10-26 09:21,698,655360,786432,2,region3_8
2019-10-26 09:21,698,655360,786432,2,region3_8
2019-10-26 09:21,698,655360,786432,2,region3_8
2019-10-26 09:21,698,655360,786432,2,region3_8
2019-10-26 09:21,286105,0,393216,4,region3_0
2019-10-26 09:21,698,655360,786432,2,region3_8
2019-10-26 09:21,286126,0,131072,5,region3_3
2019-10-26 09:21,698,655360,786432,2,region3_8
2019-10-26 09:21,698,655360,786432,2,region3_8
2019-10-26 09:21,698,655360,786432,2,region3_8
2019-10-26 09:21,698,655360,786432,2,region3_8
2019-10-26 09:21,286211,0,2490368,4,region3_1
2019-10-26 09:21,698,655360,786432,2,region3_8
2019-10-26 09:21,286231,0,8388608,3,region3_5
2019-10-26 09:21,698,655360,786432,2,region3_8
2019-10-26 09:21,698,655360,786432,2,region3_8
2019-10-26 09:21,698,655360,786432,2,region3_8
2019-10-26 09:21,286262,0,8388608,4,region3_0
2019-10-26 09:21,698,655360,786432,2,region3_8
2019-10-26 09:21,698,655360,786432,2,region3_8
2019-10-26 09:21,698,655360,786432,2,region3_8
2019-10-26 09:21,698,655360,786432,2,region3_8
2019-10-26 09:21,698,655360,786432,2,region3_8
2019-10-26 09:21,698,655360,786432,2,region3_8
2019-10-26 09:21,698,655360,786432,2,region3_8
2019-10-26 09:21,698,655360,786432,2,region3_8
2019-10-26 09:22,67557,7733248,524288,2,region3_4
2019-10-26 09:22,698,655360,786432,2,region3_8
2019-10-26 09:22,698,655360,786432,2,region3_8
2019-10-26 09:22,698,655360,786432,2,region3_8
2019-10-26 09:22,698,655360,786432,2,region3_8
2019-10-26 09:22,698,655360,786432,2,region3_8
2019-10-26 09:22,698,655360,786432,2,region3_8
2019-10-26 09:22,698,655360,786432,2,region3_8
2019-10-26 09:22,286568,0,262144,4,region3_0
2019-10-26 09:22,698,655360,786432,2,region3_8
2019-10-26 09:22,698,655360,786432,2,region3_8
2019-10-26 09:22,698,655360,786432,2,region3_8
2019-10-26 09:22,286591,0,2228224,4,region3_35
2019-10-26 09:22,286600,0,2097152,4,region3_35
2019-10-26 09:22,698,655360,786432,2,region3_8
2019-10-26 09:22,698,655360,786432,2,region3_8
2019-10-26 09:22,698,655360,786432,2,region3_8
2019-10-26 09:22,272919,0,8388608,2,region3_7
2019-10-26 09:22,698,655360,786432,2,region3_8
2019-10-26 09:22,698,655360,786432,2,region3_8
2019-10-26 09:22,698,655360,786432,2,region3_8
2019-10-26 09:22,698,655360,786432,2,region3_8
2019-10-26 09:22,698,655360,786432,2,region3_8
2019-10-26 09:22,698,655360,786432,2,region3_8
2019-10-26 09:22,698,655360,786432,2,region3_8
2019-10-26 09:22,698,655360,786432,2,region3_8
2019-10-26 09:22,698,655360,786432,2,region3_8
2019-10-26 09:22,698,655360,786432,2,region3_8
2019-10-26 09:22,286851,0,262144,4,region3_0
2019-10-26 09:22,698,655360,786432,2,region3_8
2019-10-26 09:22,698,655360,786432,2,region3_8
2019-10-26 09:22,698,655360,786432,2,region3_8
2019-10-26 09:22,698,655360,786432,2,region3_8
2019-10-26 09:22,698,655360,786432,2,region3_8
2019-10-26 09:22,698,655360,786432,2,region3_8
2019-10-26 09:22,20807,0,10092544,2,region3_4
2019-10-26 09:22,285732,0,4194304,1,region3_3
2019-10-26 09:22,285732,4194304,4194304,1,region3_3
2019-10-26 09:22,698,655360,786432,2,region3_8
2019-10-26 09:22,287058,0,3670016,2,region3_1
2019-10-26 09:22,698,655360,786432,2,region3_8
2019-10-26 09:22,698,655360,786432,2,region3_8
2019-10-26 09:22,698,655360,786432,2,region3_8
2019-10-26 09:22,287058,3538944,4849664,2,region3_1
2019-10-26 09:22,698,655360,786432,2,region3_8
2019-10-26 09:22,287300,0,6553600,5,region3_3
2019-10-26 09:22,287449,0,8388608,4,region3_2
2019-10-26 09:22,698,655360,786432,2,region3_8
2019-10-26 09:22,698,655360,786432,2,region3_8
2019-10-26 09:22,698,655360,786432,2,region3_8
2019-10-26 09:22,698,655360,786432,2,region3_8
2019-10-26 09:22,698,655360,786432,2,region3_8
2019-10-26 09:22,698,655360,786432,2,region3_8
2019-10-26 09:22,698,655360,786432,2,region3_8
2019-10-26 09:22,698,655360,786432,2,region3_8
2019-10-26 09:22,698,655360,786432,2,region3_8
2019-10-26 09:22,698,655360,786432,2,region3_8
2019-10-26 09:22,698,655360,786432,2,region3_8
2019-10-26 09:22,698,655360,786432,2,region3_8
2019-10-26 09:22,287851,0,3014656,4,region3_25
2019-10-26 09:22,698,655360,786432,2,region3_8
2019-10-26 09:22,287865,0,8388608,2,region3_7
2019-10-26 09:22,74354,0,655360,2,region3_4
2019-10-26 09:22,698,655360,786432,2,region3_8
2019-10-26 09:22,698,655360,786432,2,region3_8
2019-10-26 09:22,698,655360,786432,2,region3_8
2019-10-26 09:23,81794,0,8388608,2,region3_7
2019-10-26 09:23,698,655360,786432,2,region3_8
2019-10-26 09:23,698,655360,786432,2,region3_8
2019-10-26 09:23,288363,0,131072,4,region3_0
2019-10-26 09:23,698,655360,786432,2,region3_8
2019-10-26 09:23,698,655360,786432,2,region3_8
2019-10-26 09:23,698,655360,786432,2,region3_8
2019-10-26 09:23,698,655360,786432,2,region3_8
2019-10-26 09:23,1328,6946816,524288,2,region3_4
2019-10-26 09:23,2121,4194304,131072,2,region3_4
2019-10-26 09:23,2121,3801088,131072,2,region3_4
2019-10-26 09:23,698,655360,786432,2,region3_8
2019-10-26 09:23,2121,4194304,131072,2,region3_4
2019-10-26 09:23,698,655360,786432,2,region3_8
2019-10-26 09:23,698,655360,786432,2,region3_8
2019-10-26 09:23,288699,0,131072,4,region3_0
2019-10-26 09:23,288702,0,8388608,4,region3_6
2019-10-26 09:23,5440,5373952,131072,2,region3_4
2019-10-26 09:23,5440,4980736,131072,2,region3_4
2019-10-26 09:23,698,655360,786432,2,region3_8
2019-10-26 09:23,5440,5373952,131072,2,region3_4
2019-10-26 09:23,698,655360,786432,2,region3_8
2019-10-26 09:23,698,655360,786432,2,region3_8
2019-10-26 09:23,82461,0,6684672,2,region3_7
2019-10-26 09:23,698,655360,786432,2,region3_8
2019-10-26 09:23,698,655360,786432,2,region3_8
2019-10-26 09:23,698,655360,786432,2,region3_8
2019-10-26 09:23,698,655360,786432,2,region3_8
2019-10-26 09:23,698,655360,786432,2,region3_8
2019-10-26 09:23,288985,0,8388608,4,region3_2
2019-10-26 09:23,698,655360,786432,2,region3_8
2019-10-26 09:23,698,655360,786432,2,region3_8
2019-10-26 09:23,698,655360,786432,2,region3_8
2019-10-26 09:23,698,655360,786432,2,region3_8
2019-10-26 09:23,698,655360,786432,2,region3_8
2019-10-26 09:23,698,655360,786432,2,region3_8
2019-10-26 09:23,698,655360,786432,2,region3_8
2019-10-26 09:23,289464,0,8388608,2,region3_7
2019-10-26 09:23,289559,0,3538944,5,region3_3
2019-10-26 09:23,289667,0,131072,4,region3_0
2019-10-26 09:23,698,655360,786432,2,region3_8
2019-10-26 09:23,698,655360,786432,2,region3_8
2019-10-26 09:23,289751,0,131072,4,region3_0
2019-10-26 09:23,289787,0,131072,4,region3_0
2019-10-26 09:23,698,655360,786432,2,region3_8
2019-10-26 09:23,698,655360,786432,2,region3_8
2019-10-26 09:23,698,655360,786432,2,region3_8
2019-10-26 09:23,289843,0,131072,4,region3_0
2019-10-26 09:23,698,655360,786432,2,region3_8
2019-10-26 09:23,289857,0,131072,4,region3_0
2019-10-26 09:23,698,655360,786432,2,region3_8
2019-10-26 09:23,698,655360,786432,2,region3_8
2019-10-26 09:23,290035,0,11927552,2,region3_4
2019-10-26 09:23,290035,11796480,2883584,2,region3_4
2019-10-26 09:23,290050,0,131072,4,region3_0
2019-10-26 09:23,698,655360,786432,2,region3_8
2019-10-26 09:23,290277,0,655360,4,region3_0
2019-10-26 09:23,698,655360,786432,2,region3_8
2019-10-26 09:23,698,655360,786432,2,region3_8
2019-10-26 09:23,290357,0,131072,4,region3_0
2019-10-26 09:23,698,655360,786432,2,region3_8
2019-10-26 09:23,290431,0,131072,4,region3_0
2019-10-26 09:23,698,655360,786432,2,region3_8
2019-10-26 09:23,698,655360,786432,2,region3_8
2019-10-26 09:23,698,655360,786432,2,region3_8
2019-10-26 09:23,698,655360,786432,2,region3_8
2019-10-26 09:23,698,655360,786432,2,region3_8
2019-10-26 09:23,290726,0,8388608,4,region3_1
2019-10-26 09:23,290735,0,262144,4,region3_0
2019-10-26 09:23,290751,0,655360,4,region3_0
2019-10-26 09:23,290788,0,131072,4,region3_0
2019-10-26 09:23,698,655360,786432,2,region3_8
2019-10-26 09:23,290840,0,131072,4,region3_0
2019-10-26 09:23,290917,0,131072,4,region3_0
2019-10-26 09:23,290943,0,524288,4,region3_1
2019-10-26 09:23,698,655360,786432,2,region3_8
2019-10-26 09:23,698,655360,786432,2,region3_8
2019-10-26 09:23,290991,0,131072,4,region3_0
2019-10-26 09:24,291055,0,262144,4,region3_0
2019-10-26 09:24,698,655360,786432,2,region3_8
2019-10-26 09:24,698,655360,786432,2,region3_8
2019-10-26 09:24,698,655360,786432,2,region3_8
2019-10-26 09:24,291179,0,8388608,3,region3_5
2019-10-26 09:24,698,655360,786432,2,region3_8
2019-10-26 09:24,698,655360,786432,2,region3_8
2019-10-26 09:24,698,655360,786432,2,region3_8
2019-10-26 09:24,291257,0,262144,4,region3_0
2019-10-26 09:24,698,655360,786432,2,region3_8
2019-10-26 09:24,698,655360,786432,2,region3_8
2019-10-26 09:24,698,655360,786432,2,region3_8
2019-10-26 09:24,698,655360,786432,2,region3_8
2019-10-26 09:24,698,655360,786432,2,region3_8
2019-10-26 09:24,698,655360,786432,2,region3_8
2019-10-26 09:24,698,655360,786432,2,region3_8
2019-10-26 09:24,291449,0,393216,4,region3_1
2019-10-26 09:24,291471,0,393216,4,region3_1
2019-10-26 09:24,698,655360,786432,2,region3_8
2019-10-26 09:24,698,655360,786432,2,region3_8
2019-10-26 09:24,698,655360,786432,2,region3_8
2019-10-26 09:24,698,655360,786432,2,region3_8
2019-10-26 09:24,291689,0,131072,4,region3_0
2019-10-26 09:24,698,655360,786432,2,region3_8
2019-10-26 09:24,698,655360,786432,2,region3_8
2019-10-26 09:24,698,655360,786432,2,region3_8
2019-10-26 09:24,698,655360,786432,2,region3_8
2019-10-26 09:24,698,655360,786432,2,region3_8
2019-10-26 09:24,698,655360,786432,2,region3_8
2019-10-26 09:24,698,655360,786432,2,region3_8
2019-10-26 09:24,291829,0,4194304,2,region3_4
2019-10-26 09:24,698,655360,786432,2,region3_8
2019-10-26 09:24,291829,4194304,4194304,2,region3_4
2019-10-26 09:24,291907,0,1310720,4,region3_2
2019-10-26 09:24,291925,0,8388608,2,region3_7
2019-10-26 09:24,698,655360,786432,2,region3_8
2019-10-26 09:24,698,655360,786432,2,region3_8
2019-10-26 09:24,698,655360,786432,2,region3_8
2019-10-26 09:24,698,655360,786432,2,region3_8
2019-10-26 09:24,698,655360,786432,2,region3_8
2019-10-26 09:24,698,655360,786432,2,region3_8
2019-10-26 09:24,292032,0,131072,4,region3_46
2019-10-26 09:24,292092,0,131072,4,region3_0
2019-10-26 09:24,698,655360,786432,2,region3_8
2019-10-26 09:24,241559,0,3407872,1,region3_4
2019-10-26 09:24,698,655360,786432,2,region3_8
2019-10-26 09:24,698,655360,786432,2,region3_8
2019-10-26 09:24,292380,0,131072,4,region3_46
2019-10-26 09:24,241559,3276800,4325376,1,region3_4
2019-10-26 09:24,292459,0,131072,4,region3_46
2019-10-26 09:24,698,655360,786432,2,region3_8
2019-10-26 09:24,698,655360,786432,2,region3_8
2019-10-26 09:24,241559,7471104,1835008,1,region3_4
2019-10-26 09:24,292691,0,131072,4,region3_0
2019-10-26 09:24,698,655360,786432,2,region3_8
2019-10-26 09:24,292710,393216,7995392,2,region3_7
2019-10-26 09:24,698,655360,786432,2,region3_8
2019-10-26 09:24,292924,0,131072,4,region3_46
2019-10-26 09:24,203093,0,8388608,2,region3_1
2019-10-26 09:24,293095,0,8388608,2,region3_7
2019-10-26 09:24,698,655360,786432,2,region3_8
2019-10-26 09:24,293125,0,131072,4,region3_0
2019-10-26 09:24,698,655360,786432,2,region3_8
2019-10-26 09:24,293162,0,8388608,2,region3_7
2019-10-26 09:24,698,655360,786432,2,region3_8
2019-10-26 09:24,698,655360,786432,2,region3_8
2019-10-26 09:24,698,655360,786432,2,region3_8
2019-10-26 09:24,698,655360,786432,2,region3_8
2019-10-26 09:24,698,655360,786432,2,region3_8
2019-10-26 09:24,698,655360,786432,2,region3_8
2019-10-26 09:24,698,655360,786432,2,region3_8
2019-10-26 09:24,293282,0,8388608,4,region3_6
2019-10-26 09:24,698,655360,786432,2,region3_8
2019-10-26 09:24,698,655360,786432,2,region3_8
2019-10-26 09:24,698,655360,786432,2,region3_8
2019-10-26 09:24,698,655360,786432,2,region3_8
2019-10-26 09:24,698,655360,786432,2,region3_8
2019-10-26 09:24,698,655360,786432,2,region3_8
2019-10-26 09:24,698,655360,786432,2,region3_8
2019-10-26 09:24,293424,0,8388608,4,region3_1
2019-10-26 09:24,698,655360,786432,2,region3_8
2019-10-26 09:24,698,655360,786432,2,region3_8
2019-10-26 09:24,698,655360,786432,2,region3_8
2019-10-26 09:25,293646,0,6684672,4,region3_11
2019-10-26 09:25,251098,0,6946816,2,region3_1
2019-10-26 09:25,698,655360,786432,2,region3_8
2019-10-26 09:25,698,655360,786432,2,region3_8
2019-10-26 09:25,698,655360,786432,2,region3_8
2019-10-26 09:25,698,655360,786432,2,region3_8
2019-10-26 09:25,698,655360,786432,2,region3_8
2019-10-26 09:25,698,655360,786432,2,region3_8
2019-10-26 09:25,698,655360,786432,2,region3_8
2019-10-26 09:25,698,655360,786432,2,region3_8
2019-10-26 09:25,293842,0,3538944,4,region3_1
2019-10-26 09:25,293847,0,8388608,4,region3_1
2019-10-26 09:25,698,655360,786432,2,region3_8
2019-10-26 09:25,698,655360,786432,2,region3_8
2019-10-26 09:25,698,655360,786432,2,region3_8
2019-10-26 09:25,698,655360,786432,2,region3_8
2019-10-26 09:25,698,655360,786432,2,region3_8
2019-10-26 09:25,236559,0,393216,2,region3_4
2019-10-26 09:25,698,655360,786432,2,region3_8
2019-10-26 09:25,698,655360,786432,2,region3_8
2019-10-26 09:25,698,655360,786432,2,region3_8
2019-10-26 09:25,698,655360,786432,2,region3_8
2019-10-26 09:25,294155,0,8388608,4,region3_1
2019-10-26 09:25,698,655360,786432,2,region3_8
2019-10-26 09:25,698,655360,786432,2,region3_8
2019-10-26 09:25,698,655360,786432,2,region3_8
2019-10-26 09:25,698,655360,786432,2,region3_8
2019-10-26 09:25,698,655360,786432,2,region3_8
2019-10-26 09:25,698,655360,786432,2,region3_8
2019-10-26 09:25,698,655360,786432,2,region3_8
2019-10-26 09:25,698,655360,786432,2,region3_8
2019-10-26 09:25,234069,0,8388608,2,region3_7
2019-10-26 09:25,294580,0,8388608,2,region3_7
2019-10-26 09:25,698,655360,786432,2,region3_8
2019-10-26 09:25,207949,0,6422528,2,region3_7
2019-10-26 09:25,698,655360,786432,2,region3_8
2019-10-26 09:25,208007,0,6553600,2,region3_7
2019-10-26 09:25,698,655360,786432,2,region3_8
2019-10-26 09:25,698,655360,786432,2,region3_8
2019-10-26 09:25,698,655360,786432,2,region3_8
2019-10-26 09:25,698,655360,786432,2,region3_8
2019-10-26 09:25,295038,0,131072,4,region3_0
2019-10-26 09:25,56701,0,262144,2,region3_4
2019-10-26 09:25,295100,0,3801088,4,region3_1
2019-10-26 09:25,698,655360,786432,2,region3_8
2019-10-26 09:25,698,655360,786432,2,region3_8
2019-10-26 09:25,698,655360,786432,2,region3_8
2019-10-26 09:26,698,655360,786432,2,region3_8
2019-10-26 09:26,698,655360,786432,2,region3_8
2019-10-26 09:26,698,655360,786432,2,region3_8
2019-10-26 09:26,698,655360,786432,2,region3_8
2019-10-26 09:26,295468,0,3014656,2,region3_7
2019-10-26 09:26,295484,0,393216,4,region3_0
2019-10-26 09:26,295489,0,655360,4,region3_0
2019-10-26 09:26,295514,0,8388608,4,region3_1
2019-10-26 09:26,698,655360,786432,2,region3_8
2019-10-26 09:26,698,655360,786432,2,region3_8
2019-10-26 09:26,295574,0,262144,4,region3_0
2019-10-26 09:26,698,655360,786432,2,region3_8
2019-10-26 09:26,295809,0,8388608,3,region3_5
2019-10-26 09:26,698,655360,786432,2,region3_8
2019-10-26 09:26,61317,0,262144,2,region3_4
2019-10-26 09:26,295874,0,8388608,4,region3_6
2019-10-26 09:26,698,655360,786432,2,region3_8
2019-10-26 09:26,698,655360,786432,2,region3_8
2019-10-26 09:26,14078,0,393216,2,region3_4
2019-10-26 09:26,698,655360,786432,2,region3_8
2019-10-26 09:26,698,655360,786432,2,region3_8
2019-10-26 09:26,698,655360,786432,2,region3_8
2019-10-26 09:26,296248,0,8388608,2,region3_7
2019-10-26 09:26,292710,393216,7995392,2,region3_7
2019-10-26 09:26,296360,0,8388608,4,region3_1
2019-10-26 09:26,698,655360,786432,2,region3_8
2019-10-26 09:26,698,655360,786432,2,region3_8
2019-10-26 09:26,296418,0,1835008,4,region3_0
2019-10-26 09:26,698,655360,786432,2,region3_8
2019-10-26 09:26,698,655360,786432,2,region3_8
2019-10-26 09:26,698,655360,786432,2,region3_8
2019-10-26 09:26,267450,0,4194304,1,region3_5
2019-10-26 09:26,267450,4194304,4194304,1,region3_5
2019-10-26 09:26,296533,0,8388608,4,region3_2
2019-10-26 09:26,296800,0,131072,4,region3_9
2019-10-26 09:26,698,655360,786432,2,region3_8
2019-10-26 09:26,297028,0,8388608,3,region3_5
2019-10-26 09:26,698,655360,786432,2,region3_8
2019-10-26 09:26,297123,0,8388608,4,region3_2
2019-10-26 09:26,698,655360,786432,2,region3_8
2019-10-26 09:26,297209,0,8388608,3,region3_5
2019-10-26 09:26,281899,0,8388608,2,region3_0
2019-10-26 09:26,295809,0,4194304,1,region3_3
2019-10-26 09:26,270830,393216,7995392,2,region3_7
2019-10-26 09:26,295809,4194304,4194304,1,region3_3
2019-10-26 09:27,297302,0,8388608,2,region3_4
2019-10-26 09:27,698,655360,786432,2,region3_8
2019-10-26 09:27,297397,0,8388608,3,region3_5
2019-10-26 09:27,297446,0,393216,4,region3_0
2019-10-26 09:27,297476,0,8388608,2,region3_1
2019-10-26 09:27,698,655360,786432,2,region3_8
2019-10-26 09:27,698,655360,786432,2,region3_8
2019-10-26 09:27,698,655360,786432,2,region3_8
2019-10-26 09:27,698,655360,786432,2,region3_8
2019-10-26 09:27,698,655360,786432,2,region3_8
2019-10-26 09:27,698,655360,786432,2,region3_8
2019-10-26 09:27,698,655360,786432,2,region3_8
2019-10-26 09:27,297776,0,393216,4,region3_0
2019-10-26 09:27,276476,0,6553600,2,region3_7
2019-10-26 09:27,698,655360,786432,2,region3_8
2019-10-26 09:27,698,655360,786432,2,region3_8
2019-10-26 09:27,297894,0,131072,4,region3_0
2019-10-26 09:27,297931,0,131072,4,region3_0
2019-10-26 09:27,48270,0,131072,2,region3_4
2019-10-26 09:27,698,655360,786432,2,region3_8
2019-10-26 09:27,298017,0,8388608,4,region3_41
2019-10-26 09:27,698,655360,786432,2,region3_8
2019-10-26 09:27,698,655360,786432,2,region3_8
2019-10-26 09:27,276476,0,6553600,2,region3_7
2019-10-26 09:27,698,655360,786432,2,region3_8
2019-10-26 09:27,698,655360,786432,2,region3_8
2019-10-26 09:27,298129,0,8388608,4,region3_1
2019-10-26 09:27,698,655360,786432,2,region3_8
2019-10-26 09:27,698,655360,786432,2,region3_8
2019-10-26 09:27,298246,0,131072,4,region3_0
2019-10-26 09:27,298272,0,131072,4,region3_6
2019-10-26 09:27,298283,0,393216,4,region3_0
2019-10-26 09:27,698,655360,786432,2,region3_8
2019-10-26 09:27,276476,0,6553600,2,region3_7
2019-10-26 09:27,698,655360,786432,2,region3_8
2019-10-26 09:27,698,655360,786432,2,region3_8
2019-10-26 09:27,698,655360,786432,2,region3_8
2019-10-26 09:27,698,655360,786432,2,region3_8
2019-10-26 09:27,298453,0,6684672,4,region3_11
2019-10-26 09:27,698,655360,786432,2,region3_8
2019-10-26 09:27,298551,0,8388608,4,region3_11
2019-10-26 09:27,298563,0,8388608,4,region3_9
2019-10-26 09:27,698,655360,786432,2,region3_8
2019-10-26 09:27,698,655360,786432,2,region3_8
2019-10-26 09:27,698,655360,786432,2,region3_8
2019-10-26 09:27,698,655360,786432,2,region3_8
2019-10-26 09:27,698,655360,786432,2,region3_8
2019-10-26 09:27,698,655360,786432,2,region3_8
2019-10-26 09:27,698,655360,786432,2,region3_8
2019-10-26 09:27,298762,0,262144,4,region3_0
2019-10-26 09:27,698,655360,786432,2,region3_8
2019-10-26 09:27,698,655360,786432,2,region3_8
2019-10-26 09:27,698,655360,786432,2,region3_8
2019-10-26 09:27,698,655360,786432,2,region3_8
2019-10-26 09:27,283421,0,8388608,2,region3_0
2019-10-26 09:27,698,655360,786432,2,region3_8
2019-10-26 09:27,698,655360,786432,2,region3_8
2019-10-26 09:27,698,655360,786432,2,region3_8
2019-10-26 09:27,698,655360,786432,2,region3_8
2019-10-26 09:27,298918,0,131072,4,region3_0
2019-10-26 09:27,299203,0,8388608,4,region3_1
2019-10-26 09:27,698,655360,786432,2,region3_8
2019-10-26 09:27,8872,0,131072,2,region3_4
2019-10-26 09:27,299447,0,1179648,4,region3_17
2019-10-26 09:27,299483,0,1966080,2,region3_7
2019-10-26 09:27,698,655360,786432,2,region3_8
2019-10-26 09:27,698,655360,786432,2,region3_8
2019-10-26 09:27,698,655360,786432,2,region3_8
2019-10-26 09:27,299574,0,1179648,4,region3_1
2019-10-26 09:27,698,655360,786432,2,region3_8
2019-10-26 09:27,698,655360,786432,2,region3_8
2019-10-26 09:27,299637,0,8388608,4,region3_6
2019-10-26 09:27,698,655360,786432,2,region3_8
2019-10-26 09:27,698,655360,786432,2,region3_8
2019-10-26 09:27,698,655360,786432,2,region3_8
2019-10-26 09:27,698,655360,786432,2,region3_8
2019-10-26 09:27,245034,0,131072,2,region3_4
2019-10-26 09:27,698,655360,786432,2,region3_8
2019-10-26 09:27,698,655360,786432,2,region3_8
2019-10-26 09:28,698,655360,786432,2,region3_8
2019-10-26 09:28,698,655360,786432,2,region3_8
2019-10-26 09:28,698,655360,786432,2,region3_8
2019-10-26 09:28,698,655360,786432,2,region3_8
2019-10-26 09:28,698,655360,786432,2,region3_8
2019-10-26 09:28,300194,0,393216,4,region3_0
2019-10-26 09:28,698,655360,786432,2,region3_8
2019-10-26 09:28,698,655360,786432,2,region3_8
2019-10-26 09:28,698,655360,786432,2,region3_8
2019-10-26 09:28,698,655360,786432,2,region3_8
2019-10-26 09:28,698,655360,786432,2,region3_8
2019-10-26 09:28,698,655360,786432,2,region3_8
2019-10-26 09:28,300536,0,131072,4,region3_0
2019-10-26 09:28,698,655360,786432,2,region3_8
2019-10-26 09:28,698,655360,786432,2,region3_8
2019-10-26 09:28,300671,0,131072,4,region3_0
2019-10-26 09:28,300702,0,8388608,4,region3_1
2019-10-26 09:28,300709,0,8388608,4,region3_1
2019-10-26 09:28,300728,0,524288,4,region3_0
2019-10-26 09:28,300782,0,8388608,4,region3_1
2019-10-26 09:28,300934,0,131072,4,region3_0
2019-10-26 09:28,698,655360,786432,2,region3_8
2019-10-26 09:28,301297,0,8388608,4,region3_1
2019-10-26 09:28,698,655360,786432,2,region3_8
2019-10-26 09:28,698,655360,786432,2,region3_8
2019-10-26 09:28,301373,0,8388608,3,region3_5
2019-10-26 09:28,698,655360,786432,2,region3_8
2019-10-26 09:28,698,655360,786432,2,region3_8
2019-10-26 09:28,698,655360,786432,2,region3_8
2019-10-26 09:28,698,655360,786432,2,region3_8
2019-10-26 09:28,301629,0,8388608,4,region3_0
2019-10-26 09:28,698,655360,786432,2,region3_8
2019-10-26 09:28,698,655360,786432,2,region3_8
2019-10-26 09:28,698,655360,786432,2,region3_8
2019-10-26 09:28,301868,0,131072,4,region3_0
2019-10-26 09:28,698,655360,786432,2,region3_8
2019-10-26 09:28,20807,0,10092544,2,region3_4
2019-10-26 09:28,698,655360,786432,2,region3_8
2019-10-26 09:28,698,655360,786432,2,region3_8
2019-10-26 09:28,302033,0,131072,4,region3_0
2019-10-26 09:28,698,655360,786432,2,region3_8
2019-10-26 09:28,698,655360,786432,2,region3_8
2019-10-26 09:28,302120,0,131072,4,region3_0
2019-10-26 09:28,698,655360,786432,2,region3_8
2019-10-26 09:28,698,655360,786432,2,region3_8
2019-10-26 09:28,698,655360,786432,2,region3_8
2019-10-26 09:28,302217,0,131072,4,region3_0
2019-10-26 09:28,698,655360,786432,2,region3_8
2019-10-26 09:28,302222,0,8388608,4,region3_1
2019-10-26 09:28,698,655360,786432,2,region3_8
2019-10-26 09:28,698,655360,786432,2,region3_8
2019-10-26 09:28,698,655360,786432,2,region3_8
2019-10-26 09:28,698,655360,786432,2,region3_8
2019-10-26 09:28,698,655360,786432,2,region3_8
2019-10-26 09:28,698,655360,786432,2,region3_8
2019-10-26 09:28,698,655360,786432,2,region3_8
2019-10-26 09:28,698,655360,786432,2,region3_8
2019-10-26 09:28,302465,0,131072,4,region3_0
2019-10-26 09:28,302486,0,262144,4,region3_0
2019-10-26 09:28,698,655360,786432,2,region3_8
2019-10-26 09:28,698,655360,786432,2,region3_8
2019-10-26 09:28,698,655360,786432,2,region3_8
2019-10-26 09:28,698,655360,786432,2,region3_8
2019-10-26 09:28,235600,0,393216,2,region3_0
2019-10-26 09:28,302692,0,131072,4,region3_0
2019-10-26 09:28,302706,0,131072,4,region3_0
2019-10-26 09:28,234711,0,524288,2,region3_0
2019-10-26 09:28,698,655360,786432,2,region3_8
2019-10-26 09:28,302739,0,8388608,3,region3_5
2019-10-26 09:28,302788,0,8388608,4,region3_1
2019-10-26 09:28,236559,0,393216,2,region3_0
2019-10-26 09:28,234822,0,393216,2,region3_0
2019-10-26 09:28,698,655360,786432,2,region3_8
2019-10-26 09:28,235135,0,393216,2,region3_0
2019-10-26 09:28,698,655360,786432,2,region3_8
2019-10-26 09:28,698,655360,786432,2,region3_8
2019-10-26 09:29,698,655360,786432,2,region3_8
2019-10-26 09:29,302977,0,131072,4,region3_0
2019-10-26 09:29,303010,0,131072,4,region3_0
2019-10-26 09:29,140508,0,262144,2,region3_4
2019-10-26 09:29,235757,0,524288,2,region3_0
2019-10-26 09:29,303092,0,131072,4,region3_14
2019-10-26 09:29,93605,0,4325376,2,region3_7
2019-10-26 09:29,236856,0,786432,2,region3_0
2019-10-26 09:29,93605,4194304,4194304,2,region3_7
2019-10-26 09:29,235577,0,524288,2,region3_0
2019-10-26 09:29,237691,0,786432,2,region3_0
2019-10-26 09:29,234381,0,393216,2,region3_0
2019-10-26 09:29,698,655360,786432,2,region3_8
2019-10-26 09:29,698,655360,786432,2,region3_8
2019-10-26 09:29,303340,0,131072,4,region3_0
2019-10-26 09:29,698,655360,786432,2,region3_8
2019-10-26 09:29,303427,0,131072,4,region3_0
2019-10-26 09:29,270830,393216,7995392,2,region3_7
2019-10-26 09:29,698,655360,786432,2,region3_8
2019-10-26 09:29,698,655360,786432,2,region3_8
2019-10-26 09:29,7737,0,393216,2,region3_0
2019-10-26 09:29,698,655360,786432,2,region3_8
2019-10-26 09:29,698,655360,786432,2,region3_8
2019-10-26 09:29,303634,0,131072,4,region3_0
2019-10-26 09:29,698,655360,786432,2,region3_8
2019-10-26 09:29,303721,0,393216,4,region3_0
2019-10-26 09:29,698,655360,786432,2,region3_8
2019-10-26 09:29,698,655360,786432,2,region3_8
2019-10-26 09:29,7417,0,393216,2,region3_0
2019-10-26 09:29,698,655360,786432,2,region3_8
2019-10-26 09:29,9954,0,393216,2,region3_0
2019-10-26 09:29,698,655360,786432,2,region3_8
2019-10-26 09:29,18665,0,393216,2,region3_0
2019-10-26 09:29,698,655360,786432,2,region3_8
2019-10-26 09:29,304015,0,524288,4,region3_0
2019-10-26 09:29,14472,0,393216,2,region3_0
2019-10-26 09:29,304119,0,8388608,4,region3_22
2019-10-26 09:29,14078,0,393216,2,region3_0
2019-10-26 09:29,16851,0,393216,2,region3_0
2019-10-26 09:29,16480,0,393216,2,region3_0
2019-10-26 09:29,698,655360,786432,2,region3_8
2019-10-26 09:29,698,655360,786432,2,region3_8
2019-10-26 09:29,698,655360,786432,2,region3_8
2019-10-26 09:29,24648,0,393216,2,region3_0
2019-10-26 09:29,304620,0,8388608,4,region3_21
2019-10-26 09:29,698,655360,786432,2,region3_8
2019-10-26 09:29,698,655360,786432,2,region3_8
2019-10-26 09:29,698,655360,786432,2,region3_8
2019-10-26 09:29,304670,0,8388608,4,region3_1
2019-10-26 09:29,26391,0,393216,2,region3_0
2019-10-26 09:29,698,655360,786432,2,region3_8
2019-10-26 09:29,698,655360,786432,2,region3_8
2019-10-26 09:29,698,655360,786432,2,region3_8
2019-10-26 09:29,698,655360,786432,2,region3_8
2019-10-26 09:29,698,655360,786432,2,region3_8
2019-10-26 09:29,698,655360,786432,2,region3_8
2019-10-26 09:29,698,655360,786432,2,region3_8
2019-10-26 09:29,304838,0,8388608,4,region3_2
2019-10-26 09:29,698,655360,786432,2,region3_8
2019-10-26 09:29,304910,0,8388608,4,region3_21
2019-10-26 09:29,304923,0,786432,4,region3_1
2019-10-26 09:29,304983,0,262144,4,region3_1
2019-10-26 09:29,698,655360,786432,2,region3_8
2019-10-26 09:29,29445,0,524288,2,region3_0
2019-10-26 09:29,698,655360,786432,2,region3_8
2019-10-26 09:29,305079,0,8388608,4,region3_1
2019-10-26 09:29,31296,0,524288,2,region3_0
2019-10-26 09:29,698,655360,786432,2,region3_8
2019-10-26 09:29,698,655360,786432,2,region3_8
2019-10-26 09:29,698,655360,786432,2,region3_8
2019-10-26 09:29,698,655360,786432,2,region3_8
2019-10-26 09:29,305382,0,4718592,4,region3_0
2019-10-26 09:29,698,655360,786432,2,region3_8
2019-10-26 09:29,158600,0,655360,2,region3_4
2019-10-26 09:29,698,655360,786432,2,region3_8
2019-10-26 09:29,698,655360,786432,2,region3_8
2019-10-26 09:29,698,655360,786432,2,region3_8
2019-10-26 09:29,698,655360,786432,2,region3_8
2019-10-26 09:29,698,655360,786432,2,region3_8
2019-10-26 09:29,698,655360,786432,2,region3_8
2019-10-26 09:29,305569,0,393216,4,region3_0
2019-10-26 09:29,698,655360,786432,2,region3_8
2019-10-26 09:29,698,655360,786432,2,region3_8
2019-10-26 09:29,698,655360,786432,2,region3_8
2019-10-26 09:30,698,655360,786432,2,region3_8
2019-10-26 09:30,698,655360,786432,2,region3_8
2019-10-26 09:30,698,655360,786432,2,region3_8
2019-10-26 09:30,305722,0,4194304,4,region3_22
2019-10-26 09:30,698,655360,786432,2,region3_8
2019-10-26 09:30,698,655360,786432,2,region3_8
2019-10-26 09:30,166268,0,131072,2,region3_4
2019-10-26 09:30,164231,0,131072,2,region3_4
2019-10-26 09:30,305798,0,8388608,4,region3_1
2019-10-26 09:30,163887,0,131072,2,region3_4
2019-10-26 09:30,698,655360,786432,2,region3_8
2019-10-26 09:30,698,655360,786432,2,region3_8
2019-10-26 09:30,698,655360,786432,2,region3_8
2019-10-26 09:30,305854,0,3014656,4,region3_17
2019-10-26 09:30,166268,0,131072,2,region3_4
2019-10-26 09:30,698,655360,786432,2,region3_8
2019-10-26 09:30,305863,0,8388608,3,region3_5
2019-10-26 09:30,698,655360,786432,2,region3_8
2019-10-26 09:30,164231,0,131072,2,region3_4
2019-10-26 09:30,305885,0,4063232,4,region3_1
2019-10-26 09:30,163887,0,131072,2,region3_4
2019-10-26 09:30,305901,0,6684672,4,region3_1
2019-10-26 09:30,698,655360,786432,2,region3_8
2019-10-26 09:30,698,655360,786432,2,region3_8
2019-10-26 09:30,698,655360,786432,2,region3_8
2019-10-26 09:30,698,655360,786432,2,region3_8
2019-10-26 09:30,698,655360,786432,2,region3_8
2019-10-26 09:30,698,655360,786432,2,region3_8
2019-10-26 09:30,698,655360,786432,2,region3_8
2019-10-26 09:30,698,655360,786432,2,region3_8
2019-10-26 09:30,698,655360,786432,2,region3_8
2019-10-26 09:30,698,655360,786432,2,region3_8
2019-10-26 09:30,698,655360,786432,2,region3_8
2019-10-26 09:30,698,655360,786432,2,region3_8
2019-10-26 09:30,698,655360,786432,2,region3_8
2019-10-26 09:30,698,655360,786432,2,region3_8
2019-10-26 09:30,698,655360,786432,2,region3_8
2019-10-26 09:30,306435,0,8388608,4,region3_21
2019-10-26 09:30,306512,0,131072,4,region3_0
2019-10-26 09:30,698,655360,786432,2,region3_8
2019-10-26 09:30,698,655360,786432,2,region3_8
2019-10-26 09:30,306564,0,8388608,4,region3_1
2019-10-26 09:30,306664,0,8388608,3,region3_5
2019-10-26 09:30,306769,0,131072,2,region3_4
2019-10-26 09:30,306777,0,8388608,4,region3_1
2019-10-26 09:30,306769,0,131072,2,region3_4
2019-10-26 09:30,306856,0,4587520,2,region3_1
2019-10-26 09:30,307000,0,131072,4,region3_0
2019-10-26 09:30,698,655360,786432,2,region3_8
2019-10-26 09:30,307069,0,131072,4,region3_0
2019-10-26 09:30,307079,0,131072,2,region3_4
2019-10-26 09:30,307104,0,8388608,4,region3_1
2019-10-26 09:30,307194,0,131072,4,region3_0
2019-10-26 09:30,698,655360,786432,2,region3_8
2019-10-26 09:30,698,655360,786432,2,region3_8
2019-10-26 09:30,307255,0,131072,2,region3_4
2019-10-26 09:30,307079,0,131072,2,region3_4
2019-10-26 09:30,307316,0,8388608,4,region3_21
2019-10-26 09:30,307332,0,8388608,4,region3_1
2019-10-26 09:30,698,655360,786432,2,region3_8
2019-10-26 09:30,307434,0,8388608,4,region3_17
2019-10-26 09:30,698,655360,786432,2,region3_8
2019-10-26 09:30,698,655360,786432,2,region3_8
2019-10-26 09:30,698,655360,786432,2,region3_8
2019-10-26 09:30,307587,0,393216,4,region3_0
2019-10-26 09:30,307255,0,131072,2,region3_4
2019-10-26 09:30,698,655360,786432,2,region3_8
2019-10-26 09:30,307670,0,131072,4,region3_0
2019-10-26 09:30,698,655360,786432,2,region3_8
2019-10-26 09:30,698,655360,786432,2,region3_8
2019-10-26 09:30,698,655360,786432,2,region3_8
2019-10-26 09:30,698,655360,786432,2,region3_8
2019-10-26 09:30,698,655360,786432,2,region3_8
2019-10-26 09:30,307938,0,131072,4,region3_0
2019-10-26 09:30,698,655360,786432,2,region3_8
2019-10-26 09:30,160662,0,131072,2,region3_4
2019-10-26 09:30,188428,0,131072,2,region3_4
2019-10-26 09:30,698,655360,786432,2,region3_8
2019-10-26 09:30,698,655360,786432,2,region3_8
2019-10-26 09:30,698,655360,786432,2,region3_8
2019-10-26 09:30,698,655360,786432,2,region3_8
2019-10-26 09:30,259208,0,1048576,1,region3_4
2019-10-26 09:30,698,655360,786432,2,region3_8
2019-10-26 09:30,698,655360,786432,2,region3_8
2019-10-26 09:31,308429,0,1966080,4,region3_1
2019-10-26 09:31,308457,0,8388608,3,region3_5
2019-10-26 09:31,698,655360,786432,2,region3_8
2019-10-26 09:31,698,655360,786432,2,region3_8
2019-10-26 09:31,308689,0,8388608,3,region3_5
2019-10-26 09:31,308732,0,8388608,4,region3_9
2019-10-26 09:31,698,655360,786432,2,region3_8
2019-10-26 09:31,698,655360,786432,2,region3_8
2019-10-26 09:31,308881,0,131072,4,region3_0
2019-10-26 09:31,308914,0,8388608,4,region3_1
2019-10-26 09:31,698,655360,786432,2,region3_8
2019-10-26 09:31,160662,0,131072,2,region3_4
2019-10-26 09:31,308965,0,262144,4,region3_0
2019-10-26 09:31,698,655360,786432,2,region3_8
2019-10-26 09:31,698,655360,786432,2,region3_8
2019-10-26 09:31,111905,0,655360,2,region3_4
2019-10-26 09:31,698,655360,786432,2,region3_8
2019-10-26 09:31,698,655360,786432,2,region3_8
2019-10-26 09:31,309221,0,8388608,4,region3_1
2019-10-26 09:31,698,655360,786432,2,region3_8
2019-10-26 09:31,698,655360,786432,2,region3_8
2019-10-26 09:31,188536,0,8388608,2,region3_7
2019-10-26 09:31,309375,0,8388608,4,region3_1
2019-10-26 09:31,309511,0,8388608,4,region3_41
2019-10-26 09:31,309597,0,6553600,4,region3_1
2019-10-26 09:31,309609,0,131072,2,region3_4
2019-10-26 09:31,698,655360,786432,2,region3_8
2019-10-26 09:31,698,655360,786432,2,region3_8
2019-10-26 09:31,309865,0,5111808,3,region3_5
2019-10-26 09:31,698,655360,786432,2,region3_8
2019-10-26 09:31,698,655360,786432,2,region3_8
2019-10-26 09:31,698,655360,786432,2,region3_8
2019-10-26 09:31,309993,0,131072,4,region3_14
2019-10-26 09:31,310339,0,262144,4,region3_0
2019-10-26 09:31,310397,0,8388608,4,region3_1
2019-10-26 09:31,310398,0,8388608,4,region3_1
2019-10-26 09:31,698,655360,786432,2,region3_8
2019-10-26 09:31,698,655360,786432,2,region3_8
2019-10-26 09:31,310584,0,8388608,4,region3_10
2019-10-26 09:31,698,655360,786432,2,region3_8
2019-10-26 09:31,310611,0,8388608,4,region3_1
2019-10-26 09:31,698,655360,786432,2,region3_8
2019-10-26 09:31,698,655360,786432,2,region3_8
2019-10-26 09:31,310785,0,8388608,4,region3_1
2019-10-26 09:31,310884,0,8388608,4,region3_2
2019-10-26 09:31,698,655360,786432,2,region3_8
2019-10-26 09:31,698,655360,786432,2,region3_8
2019-10-26 09:31,698,655360,786432,2,region3_8
2019-10-26 09:31,309609,0,131072,2,region3_4
2019-10-26 09:31,698,655360,786432,2,region3_8
2019-10-26 09:31,274641,6815744,1572864,2,region3_1
2019-10-26 09:31,698,655360,786432,2,region3_8
2019-10-26 09:31,311178,0,131072,4,region3_0
2019-10-26 09:31,698,655360,786432,2,region3_8
2019-10-26 09:31,698,655360,786432,2,region3_8
2019-10-26 09:31,311267,0,8388608,4,region3_1
2019-10-26 09:31,698,655360,786432,2,region3_8
2019-10-26 09:31,698,655360,786432,2,region3_8
2019-10-26 09:31,698,655360,786432,2,region3_8
2019-10-26 09:31,698,655360,786432,2,region3_8
2019-10-26 09:31,311369,0,6684672,2,region3_1
2019-10-26 09:31,698,655360,786432,2,region3_8
2019-10-26 09:31,698,655360,786432,2,region3_8
2019-10-26 09:31,698,655360,786432,2,region3_8
2019-10-26 09:31,698,655360,786432,2,region3_8
2019-10-26 09:31,698,655360,786432,2,region3_8
2019-10-26 09:31,311516,0,393216,4,region3_0
2019-10-26 09:31,698,655360,786432,2,region3_8
2019-10-26 09:31,698,655360,786432,2,region3_8
2019-10-26 09:31,698,655360,786432,2,region3_8
2019-10-26 09:31,698,655360,786432,2,region3_8
2019-10-26 09:31,698,655360,786432,2,region3_8
2019-10-26 09:31,698,655360,786432,2,region3_8
2019-10-26 09:31,311683,0,8388608,4,region3_1
2019-10-26 09:31,698,655360,786432,2,region3_8
2019-10-26 09:31,311701,0,8388608,4,region3_41
2019-10-26 09:32,698,655360,786432,2,region3_8
2019-10-26 09:32,311766,0,131072,4,region3_0
2019-10-26 09:32,698,655360,786432,2,region3_8
2019-10-26 09:32,698,655360,786432,2,region3_8
2019-10-26 09:32,311985,0,131072,4,region3_0
2019-10-26 09:32,144305,0,8388608,2,region3_7
2019-10-26 09:32,312023,0,131072,4,region3_0
2019-10-26 09:32,312142,0,8388608,4,region3_1
2019-10-26 09:32,312243,0,8388608,4,region3_6
2019-10-26 09:32,698,655360,786432,2,region3_8
2019-10-26 09:32,312341,0,8388608,2,region3_7
2019-10-26 09:32,698,655360,786432,2,region3_8
2019-10-26 09:32,312451,0,8388608,4,region3_6
2019-10-26 09:32,312472,0,262144,4,region3_0
2019-10-26 09:32,698,655360,786432,2,region3_8
2019-10-26 09:32,312507,0,8388608,4,region3_2
2019-10-26 09:32,312511,0,131072,4,region3_0
2019-10-26 09:32,312679,0,8388608,4,region3_2
2019-10-26 09:32,698,655360,786432,2,region3_8
2019-10-26 09:32,698,655360,786432,2,region3_8
2019-10-26 09:32,312805,0,8388608,2,region3_1
2019-10-26 09:32,698,655360,786432,2,region3_8
2019-10-26 09:32,698,655360,786432,2,region3_8
2019-10-26 09:32,698,655360,786432,2,region3_8
2019-10-26 09:32,698,655360,786432,2,region3_8
2019-10-26 09:32,313024,0,786432,4,region3_1
2019-10-26 09:32,313100,0,8388608,4,region3_1
2019-10-26 09:32,313105,0,8388608,4,region3_1
2019-10-26 09:32,698,655360,786432,2,region3_8
2019-10-26 09:32,698,655360,786432,2,region3_8
2019-10-26 09:32,698,655360,786432,2,region3_8
2019-10-26 09:32,698,655360,786432,2,region3_8
2019-10-26 09:32,313274,0,8388608,2,region3_7
2019-10-26 09:32,698,655360,786432,2,region3_8
2019-10-26 09:32,698,655360,786432,2,region3_8
2019-10-26 09:32,698,655360,786432,2,region3_8
2019-10-26 09:32,698,655360,786432,2,region3_8
2019-10-26 09:32,698,655360,786432,2,region3_8
2019-10-26 09:32,313539,0,917504,4,region3_1
2019-10-26 09:32,698,655360,786432,2,region3_8
2019-10-26 09:32,698,655360,786432,2,region3_8
2019-10-26 09:32,698,655360,786432,2,region3_8
2019-10-26 09:32,698,655360,786432,2,region3_8
2019-10-26 09:32,698,655360,786432,2,region3_8
2019-10-26 09:32,698,655360,786432,2,region3_8
2019-10-26 09:32,698,655360,786432,2,region3_8
2019-10-26 09:32,313936,0,8388608,4,region3_6
2019-10-26 09:32,313976,0,8388608,4,region3_1
2019-10-26 09:32,698,655360,786432,2,region3_8
2019-10-26 09:32,313982,0,131072,4,region3_0
2019-10-26 09:32,698,655360,786432,2,region3_8
2019-10-26 09:32,698,655360,786432,2,region3_8
2019-10-26 09:32,314172,0,131072,4,region3_0
2019-10-26 09:32,314195,0,8388608,4,region3_1
2019-10-26 09:32,314200,0,262144,4,region3_0
2019-10-26 09:32,314268,0,131072,4,region3_0
2019-10-26 09:32,698,655360,786432,2,region3_8
2019-10-26 09:32,698,655360,786432,2,region3_8
2019-10-26 09:32,698,655360,786432,2,region3_8
2019-10-26 09:32,698,655360,786432,2,region3_8
2019-10-26 09:32,698,655360,786432,2,region3_8
2019-10-26 09:32,314618,0,8388608,2,region3_7
2019-10-26 09:32,314621,0,8388608,4,region3_1
2019-10-26 09:32,698,655360,786432,2,region3_8
2019-10-26 09:32,314692,0,655360,4,region3_0
2019-10-26 09:32,698,655360,786432,2,region3_8
2019-10-26 09:32,314723,0,8388608,4,region3_1
2019-10-26 09:32,698,655360,786432,2,region3_8
2019-10-26 09:32,698,655360,786432,2,region3_8
2019-10-26 09:32,314832,0,262144,4,region3_0
2019-10-26 09:32,698,655360,786432,2,region3_8
2019-10-26 09:32,698,655360,786432,2,region3_8
2019-10-26 09:32,314944,0,8388608,4,region3_6
2019-10-26 09:32,698,655360,786432,2,region3_8
2019-10-26 09:32,314972,0,8388608,4,region3_1
2019-10-26 09:32,698,655360,786432,2,region3_8
2019-10-26 09:33,698,655360,786432,2,region3_8
2019-10-26 09:33,698,655360,786432,2,region3_8
2019-10-26 09:33,315062,0,8388608,4,region3_1
2019-10-26 09:33,315077,0,131072,4,region3_0
2019-10-26 09:33,315106,0,8388608,4,region3_1
2019-10-26 09:33,698,655360,786432,2,region3_8
2019-10-26 09:33,698,655360,786432,2,region3_8
2019-10-26 09:33,698,655360,786432,2,region3_8
2019-10-26 09:33,315372,0,131072,4,region3_0
2019-10-26 09:33,315385,0,8388608,4,region3_0
2019-10-26 09:33,698,655360,786432,2,region3_8
2019-10-26 09:33,698,655360,786432,2,region3_8
2019-10-26 09:33,698,655360,786432,2,region3_8
2019-10-26 09:33,315509,0,8388608,4,region3_1
2019-10-26 09:33,315536,0,8388608,4,region3_1
2019-10-26 09:33,315541,0,393216,4,region3_0
2019-10-26 09:33,315592,0,8388608,4,region3_1
2019-10-26 09:33,698,655360,786432,2,region3_8
2019-10-26 09:33,698,655360,786432,2,region3_8
2019-10-26 09:33,698,655360,786432,2,region3_8
2019-10-26 09:33,315705,0,8388608,4,region3_1
2019-10-26 09:33,315722,0,262144,4,region3_0
2019-10-26 09:33,698,655360,786432,2,region3_8
2019-10-26 09:33,698,655360,786432,2,region3_8
2019-10-26 09:33,698,655360,786432,2,region3_8
2019-10-26 09:33,698,655360,786432,2,region3_8
2019-10-26 09:33,240995,0,8388608,2,region3_0
2019-10-26 09:33,698,655360,786432,2,region3_8
2019-10-26 09:33,316107,0,131072,4,region3_0
2019-10-26 09:33,698,655360,786432,2,region3_8
2019-10-26 09:33,698,655360,786432,2,region3_8
2019-10-26 09:33,316153,0,8388608,2,region3_7
2019-10-26 09:33,316201,0,262144,4,region3_0
2019-10-26 09:33,316258,0,8388608,4,region3_1
2019-10-26 09:33,316332,0,8388608,4,region3_2
2019-10-26 09:33,698,655360,786432,2,region3_8
2019-10-26 09:33,698,655360,786432,2,region3_8
2019-10-26 09:33,316792,0,131072,4,region3_0
2019-10-26 09:33,698,655360,786432,2,region3_8
2019-10-26 09:33,698,655360,786432,2,region3_8
2019-10-26 09:33,698,655360,786432,2,region3_8
2019-10-26 09:33,316984,0,8388608,4,region3_1
2019-10-26 09:33,316985,0,131072,4,region3_0
2019-10-26 09:33,698,655360,786432,2,region3_8
2019-10-26 09:33,698,655360,786432,2,region3_8
2019-10-26 09:33,698,655360,786432,2,region3_8
2019-10-26 09:33,698,655360,786432,2,region3_8
2019-10-26 09:33,698,655360,786432,2,region3_8
2019-10-26 09:33,317153,0,131072,4,region3_0
2019-10-26 09:33,698,655360,786432,2,region3_8
2019-10-26 09:33,698,655360,786432,2,region3_8
2019-10-26 09:33,698,655360,786432,2,region3_8
2019-10-26 09:33,698,655360,786432,2,region3_8
2019-10-26 09:33,317309,0,131072,4,region3_14
2019-10-26 09:33,698,655360,786432,2,region3_8
2019-10-26 09:33,698,655360,786432,2,region3_8
2019-10-26 09:33,698,655360,786432,2,region3_8
2019-10-26 09:33,698,655360,786432,2,region3_8
2019-10-26 09:33,317540,0,6160384,4,region3_6
2019-10-26 09:33,698,655360,786432,2,region3_8
2019-10-26 09:33,317613,0,131072,4,region3_0
2019-10-26 09:33,698,655360,786432,2,region3_8
2019-10-26 09:33,698,655360,786432,2,region3_8
2019-10-26 09:33,317774,0,131072,4,region3_0
2019-10-26 09:33,698,655360,786432,2,region3_8
2019-10-26 09:33,698,655360,786432,2,region3_8
2019-10-26 09:33,317870,0,1703936,4,region3_16
2019-10-26 09:33,698,655360,786432,2,region3_8
2019-10-26 09:33,698,655360,786432,2,region3_8
2019-10-26 09:33,698,655360,786432,2,region3_8
2019-10-26 09:33,698,655360,786432,2,region3_8
2019-10-26 09:33,698,655360,786432,2,region3_8
2019-10-26 09:33,698,655360,786432,2,region3_8
2019-10-26 09:33,698,655360,786432,2,region3_8
2019-10-26 09:33,698,655360,786432,2,region3_8
2019-10-26 09:33,698,655360,786432,2,region3_8
2019-10-26 09:33,318330,0,393216,4,region3_0
2019-10-26 09:33,318335,0,131072,4,region3_0
2019-10-26 09:34,318400,0,8388608,4,region3_2
2019-10-26 09:34,698,655360,786432,2,region3_8
2019-10-26 09:34,318532,0,131072,4,region3_14
2019-10-26 09:34,698,655360,786432,2,region3_8
2019-10-26 09:34,698,655360,786432,2,region3_8
2019-10-26 09:34,698,655360,786432,2,region3_8
2019-10-26 09:34,319125,0,8388608,4,region3_1
2019-10-26 09:34,319203,0,5636096,4,region3_11
2019-10-26 09:34,698,655360,786432,2,region3_8
2019-10-26 09:34,698,655360,786432,2,region3_8
2019-10-26 09:34,319633,0,8388608,4,region3_0
2019-10-26 09:34,319689,0,7471104,4,region3_2
2019-10-26 09:34,319750,0,8388608,4,region3_1
2019-10-26 09:34,319764,0,131072,4,region3_0
2019-10-26 09:34,319900,0,131072,4,region3_10
2019-10-26 09:34,319934,0,8388608,4,region3_1
2019-10-26 09:34,319938,0,1048576,4,region3_11
2019-10-26 09:34,265939,5111808,2752512,1,region3_5
2019-10-26 09:34,319986,0,8388608,3,region3_5
2019-10-26 09:34,320014,0,1835008,4,region3_0
2019-10-26 09:34,320019,0,8388608,4,region3_2
2019-10-26 09:34,320051,0,8388608,2,region3_1
2019-10-26 09:34,320078,0,5767168,3,region3_4
2019-10-26 09:34,698,655360,786432,2,region3_8
2019-10-26 09:34,265939,2097152,1572864,1,region3_5
2019-10-26 09:34,265939,0,262144,1,region3_5
2019-10-26 09:34,265939,7733248,655360,1,region3_5
2019-10-26 09:34,320303,0,131072,4,region3_14
2019-10-26 09:34,698,655360,786432,2,region3_8
2019-10-26 09:34,265939,131072,2097152,1,region3_5
2019-10-26 09:34,320562,0,131072,4,region3_0
2019-10-26 09:34,320078,0,1310720,1,region3_4
2019-10-26 09:34,320635,0,131072,4,region3_0
2019-10-26 09:34,320664,0,262144,4,region3_14
2019-10-26 09:34,320078,1179648,2228224,1,region3_4
2019-10-26 09:34,320078,3276800,2228224,1,region3_4
2019-10-26 09:34,320870,0,8388608,4,region3_1
2019-10-26 09:34,320078,5373952,393216,1,region3_4
2019-10-26 09:34,320999,0,131072,4,region3_0
2019-10-26 09:34,321001,0,8388608,3,region3_5
2019-10-26 09:34,321042,0,524288,4,region3_0
2019-10-26 09:34,698,655360,786432,2,region3_8
2019-10-26 09:34,698,655360,786432,2,region3_8
2019-10-26 09:34,698,655360,786432,2,region3_8
2019-10-26 09:34,698,655360,786432,2,region3_8
2019-10-26 09:34,698,655360,786432,2,region3_8
2019-10-26 09:34,112397,0,131072,2,region3_0
2019-10-26 09:34,698,655360,786432,2,region3_8
2019-10-26 09:34,698,655360,786432,2,region3_8
2019-10-26 09:34,698,655360,786432,2,region3_8
2019-10-26 09:34,698,655360,786432,2,region3_8
2019-10-26 09:34,112871,0,131072,2,region3_0
2019-10-26 09:34,698,655360,786432,2,region3_8
2019-10-26 09:34,698,655360,786432,2,region3_8
2019-10-26 09:35,321637,0,262144,4,region3_0
2019-10-26 09:35,113583,0,131072,2,region3_0
2019-10-26 09:35,698,655360,786432,2,region3_8
2019-10-26 09:35,321734,0,131072,4,region3_0
2019-10-26 09:35,698,655360,786432,2,region3_8
2019-10-26 09:35,698,655360,786432,2,region3_8
2019-10-26 09:35,321846,0,524288,2,region3_0
2019-10-26 09:35,321857,0,8388608,4,region3_1
2019-10-26 09:35,321877,0,8388608,4,region3_1
2019-10-26 09:35,321889,0,131072,2,region3_0
2019-10-26 09:35,698,655360,786432,2,region3_8
2019-10-26 09:35,117277,0,262144,2,region3_0
2019-10-26 09:35,265939,3538944,1703936,1,region3_5
2019-10-26 09:35,112765,0,131072,2,region3_0
2019-10-26 09:35,698,655360,786432,2,region3_8
2019-10-26 09:35,698,655360,786432,2,region3_8
2019-10-26 09:35,116622,0,131072,2,region3_0
2019-10-26 09:35,322617,0,8388608,4,region3_1
2019-10-26 09:35,698,655360,786432,2,region3_8
2019-10-26 09:35,124396,0,131072,2,region3_0
2019-10-26 09:35,322717,0,262144,4,region3_0
2019-10-26 09:35,118166,0,131072,2,region3_0
2019-10-26 09:35,122513,0,131072,2,region3_0
2019-10-26 09:35,322807,0,8388608,2,region3_0
2019-10-26 09:35,117243,0,131072,2,region3_0
2019-10-26 09:35,322983,0,524288,2,region3_0
2019-10-26 09:35,322998,0,1966080,4,region3_1
2019-10-26 09:35,125321,0,131072,2,region3_0
2019-10-26 09:35,136781,0,131072,2,region3_0
2019-10-26 09:35,117676,0,131072,2,region3_0
2019-10-26 09:35,698,655360,786432,2,region3_8
2019-10-26 09:35,323196,0,393216,4,region3_0
2019-10-26 09:35,698,655360,786432,2,region3_8
2019-10-26 09:35,117743,0,131072,2,region3_0
2019-10-26 09:35,21895,0,131072,2,region3_0
2019-10-26 09:35,124062,0,131072,2,region3_0
2019-10-26 09:35,119100,0,131072,2,region3_0
2019-10-26 09:35,698,655360,786432,2,region3_8
2019-10-26 09:35,698,655360,786432,2,region3_8
2019-10-26 09:35,5429,0,131072,2,region3_0
2019-10-26 09:35,323455,0,8388608,4,region3_1
2019-10-26 09:35,124655,0,131072,2,region3_0
2019-10-26 09:35,698,655360,786432,2,region3_8
2019-10-26 09:35,323521,0,131072,2,region3_0
2019-10-26 09:35,323579,0,8388608,4,region3_1
2019-10-26 09:35,323683,0,8388608,4,region3_1
2019-10-26 09:35,323688,0,8388608,4,region3_2
2019-10-26 09:35,698,655360,786432,2,region3_8
2019-10-26 09:35,698,655360,786432,2,region3_8
2019-10-26 09:35,323853,0,524288,2,region3_0
2019-10-26 09:35,19968,0,131072,2,region3_0
2019-10-26 09:35,323967,0,131072,4,region3_0
2019-10-26 09:35,122549,0,131072,2,region3_0
2019-10-26 09:35,698,655360,786432,2,region3_8
2019-10-26 09:35,698,655360,786432,2,region3_8
2019-10-26 09:35,125511,0,131072,2,region3_0
2019-10-26 09:35,125985,0,131072,2,region3_0
2019-10-26 09:35,125908,0,131072,2,region3_0
2019-10-26 09:35,698,655360,786432,2,region3_8
2019-10-26 09:35,324304,0,5242880,2,region3_0
2019-10-26 09:35,698,655360,786432,2,region3_8
2019-10-26 09:35,324367,0,131072,4,region3_0
2019-10-26 09:35,31287,0,131072,2,region3_0
2019-10-26 09:35,698,655360,786432,2,region3_8
2019-10-26 09:35,324422,0,3538944,4,region3_1
2019-10-26 09:35,254948,3276800,1310720,1,region3_5
2019-10-26 09:35,698,655360,786432,2,region3_8
2019-10-26 09:35,254948,1835008,1572864,1,region3_5
2019-10-26 09:35,698,655360,786432,2,region3_8
2019-10-26 09:35,698,655360,786432,2,region3_8
2019-10-26 09:35,698,655360,786432,2,region3_8
2019-10-26 09:35,324589,0,131072,4,region3_0
2019-10-26 09:35,698,655360,786432,2,region3_8
2019-10-26 09:35,324671,0,8388608,4,region3_58
2019-10-26 09:35,7129,0,524288,2,region3_0
2019-10-26 09:35,9316,0,524288,2,region3_0
2019-10-26 09:35,321001,0,2097152,1,region3_5
2019-10-26 09:35,698,655360,786432,2,region3_8
2019-10-26 09:35,324882,0,131072,4,region3_0
2019-10-26 09:35,321001,2097152,2097152,1,region3_5
2019-10-26 09:35,324904,0,131072,4,region3_0
2019-10-26 09:35,324928,0,131072,4,region3_0
2019-10-26 09:35,324933,0,8388608,4,region3_1
2019-10-26 09:35,324304,0,5242880,2,region3_0
2019-10-26 09:35,14584,0,524288,2,region3_0
2019-10-26 09:35,324948,0,8388608,2,region3_7
2019-10-26 09:35,321001,4194304,2097152,1,region3_5
2019-10-26 09:35,698,655360,786432,2,region3_8
2019-10-26 09:35,321001,6291456,2097152,1,region3_5
2019-10-26 09:35,698,655360,786432,2,region3_8
2019-10-26 09:35,698,655360,786432,2,region3_8
2019-10-26 09:35,20787,0,524288,2,region3_0
2019-10-26 09:35,41326,0,131072,2,region3_0
2019-10-26 09:35,254948,655360,1310720,1,region3_5
2019-10-26 09:36,254948,7864320,524288,1,region3_5
2019-10-26 09:36,698,655360,786432,2,region3_8
2019-10-26 09:36,254948,5898240,1179648,1,region3_5
2019-10-26 09:36,23919,0,524288,2,region3_0
2019-10-26 09:36,254948,0,786432,1,region3_5
2019-10-26 09:36,325457,0,8388608,4,region3_1
2019-10-26 09:36,325484,0,8388608,2,region3_7
2019-10-26 09:36,41203,0,131072,2,region3_0
2019-10-26 09:36,325492,0,8388608,3,region3_5
2019-10-26 09:36,43785,0,131072,2,region3_0
2019-10-26 09:36,698,655360,786432,2,region3_8
2019-10-26 09:36,30177,0,524288,2,region3_0
2019-10-26 09:36,30921,0,524288,2,region3_0
2019-10-26 09:36,254948,6946816,1048576,1,region3_5
2019-10-26 09:36,30873,0,524288,2,region3_0
2019-10-26 09:36,326030,0,8388608,4,region3_0
2019-10-26 09:36,698,655360,786432,2,region3_8
2019-10-26 09:36,326058,0,786432,4,region3_0
2019-10-26 09:36,254948,4456448,1572864,1,region3_5
2019-10-26 09:36,33215,0,524288,2,region3_0
2019-10-26 09:36,326160,0,1310720,4,region3_22
2019-10-26 09:36,44061,0,131072,2,region3_0
2019-10-26 09:36,34727,0,524288,2,region3_0
2019-10-26 09:36,44720,0,131072,2,region3_0
2019-10-26 09:36,42987,0,131072,2,region3_0
2019-10-26 09:36,37063,0,524288,2,region3_0
2019-10-26 09:36,326425,0,131072,4,region3_0
2019-10-26 09:36,35291,0,524288,2,region3_0
2019-10-26 09:36,326530,0,917504,4,region3_0
2019-10-26 09:36,37624,0,524288,2,region3_0
2019-10-26 09:36,698,655360,786432,2,region3_8
2019-10-26 09:36,50222,0,131072,2,region3_0
2019-10-26 09:36,326637,0,8388608,4,region3_1
2019-10-26 09:36,325492,0,2097152,1,region3_5
2019-10-26 09:36,326710,0,131072,4,region3_14
2019-10-26 09:36,326747,0,8388608,2,region3_1
2019-10-26 09:36,325492,2097152,2097152,1,region3_5
2019-10-26 09:36,698,655360,786432,2,region3_8
2019-10-26 09:36,325492,4194304,2097152,1,region3_5
2019-10-26 09:36,326837,0,655360,4,region3_0
2019-10-26 09:36,698,655360,786432,2,region3_8
2019-10-26 09:36,326871,0,8388608,4,region3_1
2019-10-26 09:36,325492,6291456,2097152,1,region3_5
2019-10-26 09:36,48300,0,131072,2,region3_0
2019-10-26 09:36,48588,0,131072,2,region3_0
2019-10-26 09:36,44443,0,131072,2,region3_0
2019-10-26 09:36,326934,0,8388608,4,region3_1
2019-10-26 09:36,92670,0,7208960,2,region3_7
2019-10-26 09:36,327119,0,262144,4,region3_0
2019-10-26 09:36,698,655360,786432,2,region3_8
2019-10-26 09:36,49632,0,131072,2,region3_0
2019-10-26 09:36,327382,0,8388608,4,region3_1
2019-10-26 09:36,44674,0,131072,2,region3_0
2019-10-26 09:36,698,655360,786432,2,region3_8
2019-10-26 09:36,49019,0,131072,2,region3_0
2019-10-26 09:36,47619,0,131072,2,region3_0
2019-10-26 09:36,698,655360,786432,2,region3_8
2019-10-26 09:36,54522,0,131072,2,region3_0
2019-10-26 09:36,327864,0,131072,4,region3_0
2019-10-26 09:36,327892,0,8388608,4,region3_1
2019-10-26 09:37,247056,1441792,917504,1,region3_5
2019-10-26 09:37,698,655360,786432,2,region3_8
2019-10-26 09:37,698,655360,786432,2,region3_8
2019-10-26 09:37,328102,0,1179648,4,region3_1
2019-10-26 09:37,698,655360,786432,2,region3_8
2019-10-26 09:37,51011,0,131072,2,region3_0
2019-10-26 09:37,328141,0,8388608,4,region3_1
2019-10-26 09:37,328163,0,131072,4,region3_0
2019-10-26 09:37,698,655360,786432,2,region3_8
2019-10-26 09:37,328225,0,131072,4,region3_0
2019-10-26 09:37,698,655360,786432,2,region3_8
2019-10-26 09:37,48552,0,131072,2,region3_0
2019-10-26 09:37,328304,0,8388608,4,region3_1
2019-10-26 09:37,328307,0,8388608,4,region3_1
2019-10-26 09:37,698,655360,786432,2,region3_8
2019-10-26 09:37,698,655360,786432,2,region3_8
2019-10-26 09:37,698,655360,786432,2,region3_8
2019-10-26 09:37,698,655360,786432,2,region3_8
2019-10-26 09:37,698,655360,786432,2,region3_8
2019-10-26 09:37,328370,0,131072,4,region3_0
2019-10-26 09:37,698,655360,786432,2,region3_8
2019-10-26 09:37,698,655360,786432,2,region3_8
2019-10-26 09:37,247056,6946816,1441792,1,region3_5
2019-10-26 09:37,328456,0,8388608,4,region3_1
2019-10-26 09:37,698,655360,786432,2,region3_8
2019-10-26 09:37,328476,0,2490368,4,region3_37
2019-10-26 09:37,698,655360,786432,2,region3_8
2019-10-26 09:37,328494,0,8388608,4,region3_1
2019-10-26 09:37,698,655360,786432,2,region3_8
2019-10-26 09:37,698,655360,786432,2,region3_8
2019-10-26 09:37,698,655360,786432,2,region3_8
2019-10-26 09:37,247056,0,524288,1,region3_5
2019-10-26 09:37,328734,0,7864320,4,region3_6
2019-10-26 09:37,328739,0,3801088,4,region3_6
2019-10-26 09:37,247056,393216,1179648,1,region3_5
2019-10-26 09:37,328755,0,8257536,4,region3_6
2019-10-26 09:37,698,655360,786432,2,region3_8
2019-10-26 09:37,58128,0,131072,2,region3_0
2019-10-26 09:37,247056,2228224,2228224,1,region3_5
2019-10-26 09:37,698,655360,786432,2,region3_8
2019-10-26 09:37,329120,0,131072,4,region3_0
2019-10-26 09:37,698,655360,786432,2,region3_8
2019-10-26 09:37,698,655360,786432,2,region3_8
2019-10-26 09:37,329341,0,131072,4,region3_0
2019-10-26 09:37,329344,0,131072,4,region3_0
2019-10-26 09:37,329345,0,393216,4,region3_0
2019-10-26 09:37,73907,0,131072,2,region3_0
2019-10-26 09:37,247056,4325376,1310720,1,region3_5
2019-10-26 09:37,329562,0,7864320,4,region3_6
2019-10-26 09:37,698,655360,786432,2,region3_8
2019-10-26 09:37,329743,0,131072,4,region3_0
2019-10-26 09:37,698,655360,786432,2,region3_8
2019-10-26 09:37,329748,0,8388608,4,region3_1
2019-10-26 09:37,329754,0,8388608,4,region3_1
2019-10-26 09:37,329758,0,8388608,4,region3_1
2019-10-26 09:37,329772,0,131072,4,region3_0
2019-10-26 09:37,329877,0,131072,4,region3_0
2019-10-26 09:37,698,655360,786432,2,region3_8
2019-10-26 09:37,330183,0,7995392,4,region3_6
2019-10-26 09:37,61743,0,131072,2,region3_0
2019-10-26 09:37,330813,0,131072,4,region3_0
2019-10-26 09:37,57839,0,9175040,2,region3_4
2019-10-26 09:37,330895,0,8388608,3,region3_5
2019-10-26 09:37,698,655360,786432,2,region3_8
2019-10-26 09:37,60978,0,131072,2,region3_0
2019-10-26 09:38,247056,5505024,1572864,1,region3_5
2019-10-26 09:38,59851,0,131072,2,region3_0
2019-10-26 09:38,698,655360,786432,2,region3_8
2019-10-26 09:38,698,655360,786432,2,region3_8
2019-10-26 09:38,331424,0,393216,4,region3_0
2019-10-26 09:38,698,655360,786432,2,region3_8
2019-10-26 09:38,331630,0,131072,4,region3_0
2019-10-26 09:38,698,655360,786432,2,region3_8
2019-10-26 09:38,67313,0,131072,2,region3_0
2019-10-26 09:38,698,655360,786432,2,region3_8
2019-10-26 09:38,698,655360,786432,2,region3_8
2019-10-26 09:38,698,655360,786432,2,region3_8
2019-10-26 09:38,698,655360,786432,2,region3_8
2019-10-26 09:38,331990,0,262144,4,region3_14
2019-10-26 09:38,698,655360,786432,2,region3_8
2019-10-26 09:38,332114,0,8388608,4,region3_1
2019-10-26 09:38,57323,0,131072,2,region3_0
2019-10-26 09:38,698,655360,786432,2,region3_8
2019-10-26 09:38,698,655360,786432,2,region3_8
2019-10-26 09:38,698,655360,786432,2,region3_8
2019-10-26 09:38,64833,0,131072,2,region3_0
2019-10-26 09:38,698,655360,786432,2,region3_8
2019-10-26 09:38,332317,0,131072,4,region3_14
2019-10-26 09:38,698,655360,786432,2,region3_8
2019-10-26 09:38,332654,0,131072,4,region3_0
2019-10-26 09:38,332719,0,8388608,3,region3_5
2019-10-26 09:38,698,655360,786432,2,region3_8
2019-10-26 09:38,69706,0,131072,2,region3_0
2019-10-26 09:38,292710,393216,7995392,2,region3_7
2019-10-26 09:38,698,655360,786432,2,region3_8
2019-10-26 09:38,333038,0,5242880,4,region3_1
2019-10-26 09:38,698,655360,786432,2,region3_8
2019-10-26 09:38,333160,0,131072,4,region3_0
2019-10-26 09:38,698,655360,786432,2,region3_8
2019-10-26 09:38,698,655360,786432,2,region3_8
2019-10-26 09:38,333377,0,131072,4,region3_0
2019-10-26 09:38,333544,0,8388608,4,region3_1
2019-10-26 09:38,114995,0,131072,2,region3_4
2019-10-26 09:38,333668,0,262144,4,region3_0
2019-10-26 09:38,144305,0,8388608,2,region3_7
2019-10-26 09:38,698,655360,786432,2,region3_8
2019-10-26 09:38,698,655360,786432,2,region3_8
2019-10-26 09:38,120265,0,131072,2,region3_4
2019-10-26 09:38,333805,0,131072,4,region3_0
2019-10-26 09:38,698,655360,786432,2,region3_8
2019-10-26 09:38,334186,0,393216,4,region3_0
2019-10-26 09:38,276476,0,6553600,2,region3_7
2019-10-26 09:38,698,655360,786432,2,region3_8
2019-10-26 09:38,698,655360,786432,2,region3_8
2019-10-26 09:38,698,655360,786432,2,region3_8
2019-10-26 09:38,698,655360,786432,2,region3_8
2019-10-26 09:38,334400,0,131072,4,region3_0
2019-10-26 09:38,698,655360,786432,2,region3_8
2019-10-26 09:39,66347,0,131072,2,region3_0
2019-10-26 09:39,71851,0,131072,2,region3_0
2019-10-26 09:39,698,655360,786432,2,region3_8
2019-10-26 09:39,334913,0,131072,4,region3_0
2019-10-26 09:39,698,655360,786432,2,region3_8
2019-10-26 09:39,334922,7077888,1310720,2,region3_7
2019-10-26 09:39,698,655360,786432,2,region3_8
2019-10-26 09:39,334922,0,7208960,2,region3_7
2019-10-26 09:39,335093,0,8388608,4,region3_1
2019-10-26 09:39,698,655360,786432,2,region3_8
2019-10-26 09:39,332719,0,2097152,1,region3_5
2019-10-26 09:39,335237,0,8388608,4,region3_11
2019-10-26 09:39,332719,2097152,2097152,1,region3_5
2019-10-26 09:39,335349,0,8388608,2,region3_7
2019-10-26 09:39,698,655360,786432,2,region3_8
2019-10-26 09:39,332719,4194304,2097152,1,region3_5
2019-10-26 09:39,335407,0,3145728,4,region3_1
2019-10-26 09:39,335440,0,5505024,4,region3_1
2019-10-26 09:39,332719,6291456,2097152,1,region3_5
2019-10-26 09:39,255994,0,8388608,2,region3_1
2019-10-26 09:39,698,655360,786432,2,region3_8
2019-10-26 09:39,335544,0,8388608,2,region3_7
2019-10-26 09:39,335577,0,131072,4,region3_0
2019-10-26 09:39,698,655360,786432,2,region3_8
2019-10-26 09:39,698,655360,786432,2,region3_8
2019-10-26 09:39,698,655360,786432,2,region3_8
2019-10-26 09:39,698,655360,786432,2,region3_8
2019-10-26 09:39,335892,0,131072,4,region3_0
2019-10-26 09:39,698,655360,786432,2,region3_8
2019-10-26 09:39,698,655360,786432,2,region3_8
2019-10-26 09:39,336006,0,8388608,4,region3_1
2019-10-26 09:39,698,655360,786432,2,region3_8
2019-10-26 09:39,698,655360,786432,2,region3_8
2019-10-26 09:39,336322,0,262144,4,region3_0
2019-10-26 09:39,336391,0,8388608,2,region3_1
2019-10-26 09:39,336414,0,8388608,4,region3_1
2019-10-26 09:39,285894,0,4194304,1,region3_5
2019-10-26 09:39,285894,4194304,4194304,1,region3_5
2019-10-26 09:39,336610,0,8388608,4,region3_1
2019-10-26 09:39,144305,0,8388608,2,region3_7
2019-10-26 09:39,336762,0,8126464,3,region3_4
2019-10-26 09:39,301373,0,4194304,1,region3_5
2019-10-26 09:39,301373,4194304,4194304,1,region3_5
2019-10-26 09:39,336860,0,8388608,4,region3_2
2019-10-26 09:39,698,655360,786432,2,region3_8
2019-10-26 09:39,336937,0,131072,4,region3_0
2019-10-26 09:39,698,655360,786432,2,region3_8
2019-10-26 09:39,698,655360,786432,2,region3_8
2019-10-26 09:39,698,655360,786432,2,region3_8
2019-10-26 09:39,698,655360,786432,2,region3_8
2019-10-26 09:39,698,655360,786432,2,region3_8
2019-10-26 09:39,698,655360,786432,2,region3_8
2019-10-26 09:39,337381,0,8388608,4,region3_1
2019-10-26 09:39,337418,0,8388608,4,region3_1
2019-10-26 09:39,698,655360,786432,2,region3_8
2019-10-26 09:39,337469,0,8388608,2,region3_7
2019-10-26 09:39,308689,0,4194304,1,region3_5
2019-10-26 09:39,308689,4194304,4194304,1,region3_5
2019-10-26 09:39,337575,0,131072,4,region3_0
2019-10-26 09:39,337589,0,3276800,2,region3_1
2019-10-26 09:39,337655,0,8388608,4,region3_1
2019-10-26 09:39,337589,3145728,5242880,2,region3_1
2019-10-26 09:40,337888,0,8388608,4,region3_0
2019-10-26 09:40,338095,0,1179648,3,region3_4
2019-10-26 09:40,338097,0,8388608,3,region3_5
2019-10-26 09:40,698,655360,786432,2,region3_8
2019-10-26 09:40,698,655360,786432,2,region3_8
2019-10-26 09:40,338275,0,5111808,4,region3_20
2019-10-26 09:40,139055,0,1835008,2,region3_0
2019-10-26 09:40,698,655360,786432,2,region3_8
2019-10-26 09:40,698,655360,786432,2,region3_8
2019-10-26 09:40,698,655360,786432,2,region3_8
2019-10-26 09:40,338463,0,8388608,4,region3_1
2019-10-26 09:40,698,655360,786432,2,region3_8
2019-10-26 09:40,338508,0,8388608,4,region3_1
2019-10-26 09:40,698,655360,786432,2,region3_8
2019-10-26 09:40,698,655360,786432,2,region3_8
2019-10-26 09:40,338567,0,8388608,2,region3_7
2019-10-26 09:40,698,655360,786432,2,region3_8
2019-10-26 09:40,698,655360,786432,2,region3_8
2019-10-26 09:40,338648,0,8388608,4,region3_1
2019-10-26 09:40,338685,0,262144,4,region3_0
2019-10-26 09:40,698,655360,786432,2,region3_8
2019-10-26 09:40,338729,0,8388608,4,region3_2
2019-10-26 09:40,698,655360,786432,2,region3_8
2019-10-26 09:40,698,655360,786432,2,region3_8
2019-10-26 09:40,698,655360,786432,2,region3_8
2019-10-26 09:40,338996,0,917504,4,region3_20
2019-10-26 09:40,698,655360,786432,2,region3_8
2019-10-26 09:40,698,655360,786432,2,region3_8
2019-10-26 09:40,698,655360,786432,2,region3_8
2019-10-26 09:40,339139,0,131072,4,region3_0
2019-10-26 09:40,339225,0,8388608,4,region3_20
2019-10-26 09:40,339279,0,131072,4,region3_0
2019-10-26 09:40,339477,0,8388608,2,region3_1
2019-10-26 09:40,698,655360,786432,2,region3_8
2019-10-26 09:40,336762,0,2097152,1,region3_4
2019-10-26 09:40,339521,0,8388608,2,region3_7
2019-10-26 09:40,239590,1572864,1179648,1,region3_5
2019-10-26 09:40,698,655360,786432,2,region3_8
2019-10-26 09:40,239590,3538944,1835008,1,region3_5
2019-10-26 09:40,698,655360,786432,2,region3_8
2019-10-26 09:40,698,655360,786432,2,region3_8
2019-10-26 09:40,239590,2621440,1048576,1,region3_5
2019-10-26 09:40,698,655360,786432,2,region3_8
2019-10-26 09:40,698,655360,786432,2,region3_8
2019-10-26 09:40,698,655360,786432,2,region3_8
2019-10-26 09:40,281386,0,4194304,1,region3_5
2019-10-26 09:40,281386,4194304,4194304,1,region3_5
2019-10-26 09:40,698,655360,786432,2,region3_8
2019-10-26 09:40,698,655360,786432,2,region3_8
2019-10-26 09:40,340086,0,262144,2,region3_23
2019-10-26 09:40,340125,0,131072,4,region3_0
2019-10-26 09:40,340136,0,8388608,4,region3_2
2019-10-26 09:40,336762,2097152,2097152,1,region3_4
2019-10-26 09:40,698,655360,786432,2,region3_8
2019-10-26 09:40,340184,0,8388608,4,region3_2
2019-10-26 09:40,698,655360,786432,2,region3_8
2019-10-26 09:40,239590,5242880,1310720,1,region3_5
2019-10-26 09:40,239590,0,1703936,1,region3_5
2019-10-26 09:40,340349,0,1048576,4,region3_1
2019-10-26 09:40,340372,0,393216,4,region3_0
2019-10-26 09:40,340392,0,131072,4,region3_0
2019-10-26 09:40,340411,0,1572864,4,region3_1
2019-10-26 09:40,336762,4194304,2097152,1,region3_4
2019-10-26 09:40,698,655360,786432,2,region3_8
2019-10-26 09:40,340463,0,262144,4,region3_2
2019-10-26 09:40,698,655360,786432,2,region3_8
2019-10-26 09:40,698,655360,786432,2,region3_8
2019-10-26 09:40,698,655360,786432,2,region3_8
2019-10-26 09:40,698,655360,786432,2,region3_8
2019-10-26 09:40,698,655360,786432,2,region3_8
2019-10-26 09:41,698,655360,786432,2,region3_8
2019-10-26 09:41,698,655360,786432,2,region3_8
2019-10-26 09:41,336762,6291456,1835008,1,region3_4
2019-10-26 09:41,698,655360,786432,2,region3_8
2019-10-26 09:41,698,655360,786432,2,region3_8
2019-10-26 09:41,698,655360,786432,2,region3_8
2019-10-26 09:41,698,655360,786432,2,region3_8
2019-10-26 09:41,341026,0,131072,4,region3_0
2019-10-26 09:41,341129,0,131072,4,region3_0
2019-10-26 09:41,698,655360,786432,2,region3_8
2019-10-26 09:41,698,655360,786432,2,region3_8
2019-10-26 09:41,698,655360,786432,2,region3_8
2019-10-26 09:41,698,655360,786432,2,region3_8
2019-10-26 09:41,698,655360,786432,2,region3_8
2019-10-26 09:41,698,655360,786432,2,region3_8
2019-10-26 09:41,698,655360,786432,2,region3_8
2019-10-26 09:41,341458,0,131072,4,region3_0
2019-10-26 09:41,698,655360,786432,2,region3_8
2019-10-26 09:41,698,655360,786432,2,region3_8
2019-10-26 09:41,698,655360,786432,2,region3_8
2019-10-26 09:41,239590,7864320,524288,1,region3_5
2019-10-26 09:41,341544,0,262144,4,region3_0
2019-10-26 09:41,341613,0,6684672,4,region3_1
2019-10-26 09:41,341614,0,8388608,3,region3_5
2019-10-26 09:41,698,655360,786432,2,region3_8
2019-10-26 09:41,245490,0,524288,2,region3_4
2019-10-26 09:41,698,655360,786432,2,region3_8
2019-10-26 09:41,342043,0,8388608,4,region3_1
2019-10-26 09:41,340086,0,4194304,2,region3_23
2019-10-26 09:41,340086,0,8388608,2,region3_23
2019-10-26 09:41,342390,0,131072,4,region3_0
2019-10-26 09:41,239590,6422528,1572864,1,region3_5
2019-10-26 09:41,342497,0,262144,4,region3_0
2019-10-26 09:41,48270,0,131072,2,region3_4
2019-10-26 09:41,342553,0,131072,4,region3_14
2019-10-26 09:41,234069,0,8388608,2,region3_7
2019-10-26 09:41,98934,0,655360,2,region3_4
2019-10-26 09:41,341614,0,2097152,1,region3_5
2019-10-26 09:41,341614,2097152,2097152,1,region3_5
2019-10-26 09:41,698,655360,786432,2,region3_8
2019-10-26 09:42,343012,0,131072,4,region3_0
2019-10-26 09:42,343017,0,131072,4,region3_0
2019-10-26 09:42,341614,4194304,2097152,1,region3_5
2019-10-26 09:42,698,655360,786432,2,region3_8
2019-10-26 09:42,698,655360,786432,2,region3_8
2019-10-26 09:42,698,655360,786432,2,region3_8
2019-10-26 09:42,698,655360,786432,2,region3_8
2019-10-26 09:42,698,655360,786432,2,region3_8
2019-10-26 09:42,343126,0,8388608,3,region3_5
2019-10-26 09:42,343129,0,6291456,4,region3_31
2019-10-26 09:42,341614,6291456,2097152,1,region3_5
2019-10-26 09:42,343228,0,262144,4,region3_0
2019-10-26 09:42,698,655360,786432,2,region3_8
2019-10-26 09:42,698,655360,786432,2,region3_8
2019-10-26 09:42,698,655360,786432,2,region3_8
2019-10-26 09:42,343452,0,131072,4,region3_0
2019-10-26 09:42,343513,0,131072,4,region3_0
2019-10-26 09:42,343560,0,8388608,4,region3_2
2019-10-26 09:42,343592,0,131072,4,region3_0
2019-10-26 09:42,343663,0,131072,4,region3_0
2019-10-26 09:42,343679,0,8388608,4,region3_1
2019-10-26 09:42,698,655360,786432,2,region3_8
2019-10-26 09:42,698,655360,786432,2,region3_8
2019-10-26 09:42,698,655360,786432,2,region3_8
2019-10-26 09:42,343775,0,131072,4,region3_0
2019-10-26 09:42,252679,0,131072,2,region3_4
2019-10-26 09:42,698,655360,786432,2,region3_8
2019-10-26 09:42,698,655360,786432,2,region3_8
2019-10-26 09:42,343898,0,131072,4,region3_0
2019-10-26 09:42,698,655360,786432,2,region3_8
2019-10-26 09:42,343918,0,8388608,4,region3_1
2019-10-26 09:42,698,655360,786432,2,region3_8
2019-10-26 09:42,698,655360,786432,2,region3_8
2019-10-26 09:42,698,655360,786432,2,region3_8
2019-10-26 09:42,239193,0,393216,2,region3_4
2019-10-26 09:42,74684,0,131072,2,region3_4
2019-10-26 09:42,344157,0,8388608,4,region3_1
2019-10-26 09:42,698,655360,786432,2,region3_8
2019-10-26 09:42,698,655360,786432,2,region3_8
2019-10-26 09:42,698,655360,786432,2,region3_8
2019-10-26 09:42,698,655360,786432,2,region3_8
2019-10-26 09:42,344458,0,7602176,2,region3_7
2019-10-26 09:42,698,655360,786432,2,region3_8
2019-10-26 09:42,122513,0,131072,2,region3_4
2019-10-26 09:42,344622,0,131072,4,region3_0
2019-10-26 09:42,344639,0,8388608,2,region3_7
2019-10-26 09:42,698,655360,786432,2,region3_8
2019-10-26 09:42,344679,0,8388608,2,region3_7
2019-10-26 09:42,698,655360,786432,2,region3_8
2019-10-26 09:42,344986,0,8388608,4,region3_1
2019-10-26 09:42,698,655360,786432,2,region3_8
2019-10-26 09:42,698,655360,786432,2,region3_8
2019-10-26 09:42,345131,0,8388608,3,region3_5
2019-10-26 09:43,698,655360,786432,2,region3_8
2019-10-26 09:43,345375,0,8388608,4,region3_2
2019-10-26 09:43,345383,0,8388608,4,region3_1
2019-10-26 09:43,345504,0,131072,4,region3_20
2019-10-26 09:43,345520,0,8388608,4,region3_2
2019-10-26 09:43,698,655360,786432,2,region3_8
2019-10-26 09:43,345636,0,8388608,4,region3_1
2019-10-26 09:43,698,655360,786432,2,region3_8
2019-10-26 09:43,698,655360,786432,2,region3_8
2019-10-26 09:43,698,655360,786432,2,region3_8
2019-10-26 09:43,698,655360,786432,2,region3_8
2019-10-26 09:43,698,655360,786432,2,region3_8
2019-10-26 09:43,143196,0,1835008,2,region3_0
2019-10-26 09:43,698,655360,786432,2,region3_8
2019-10-26 09:43,698,655360,786432,2,region3_8
2019-10-26 09:43,345991,0,8388608,4,region3_2
2019-10-26 09:43,698,655360,786432,2,region3_8
2019-10-26 09:43,698,655360,786432,2,region3_8
2019-10-26 09:43,346108,0,8388608,2,region3_1
2019-10-26 09:43,346149,0,8388608,4,region3_2
2019-10-26 09:43,346196,0,131072,3,region3_24
2019-10-26 09:43,346368,0,131072,4,region3_0
2019-10-26 09:43,346514,0,7602176,4,region3_11
2019-10-26 09:43,698,655360,786432,2,region3_8
2019-10-26 09:43,346647,0,8388608,4,region3_1
2019-10-26 09:43,698,655360,786432,2,region3_8
2019-10-26 09:43,698,655360,786432,2,region3_8
2019-10-26 09:43,346762,0,1966080,4,region3_1
2019-10-26 09:43,346949,0,8388608,3,region3_5
2019-10-26 09:43,346995,0,8388608,4,region3_2
2019-10-26 09:44,347381,0,8388608,4,region3_1
2019-10-26 09:44,143529,0,3276800,2,region3_0
2019-10-26 09:44,347585,0,131072,4,region3_31
2019-10-26 09:44,347633,0,8388608,4,region3_33
2019-10-26 09:44,347662,0,6815744,4,region3_11
2019-10-26 09:44,347800,0,8388608,4,region3_2
2019-10-26 09:44,698,655360,786432,2,region3_8
2019-10-26 09:44,698,655360,786432,2,region3_8
2019-10-26 09:44,698,655360,786432,2,region3_8
2019-10-26 09:44,698,655360,786432,2,region3_8
2019-10-26 09:44,698,655360,786432,2,region3_8
2019-10-26 09:44,698,655360,786432,2,region3_8
2019-10-26 09:44,348237,0,8388608,4,region3_31
2019-10-26 09:44,348332,0,131072,4,region3_31
2019-10-26 09:44,698,655360,786432,2,region3_8
2019-10-26 09:44,348420,0,8388608,4,region3_1
2019-10-26 09:44,348557,0,8388608,4,region3_0
2019-10-26 09:44,348926,0,8388608,4,region3_1
2019-10-26 09:44,348966,0,8388608,3,region3_5
2019-10-26 09:44,698,655360,786432,2,region3_8
2019-10-26 09:44,349018,0,6422528,2,region3_7
2019-10-26 09:44,698,655360,786432,2,region3_8
2019-10-26 09:44,206713,0,7340032,2,region3_7
2019-10-26 09:44,349285,0,8388608,4,region3_2
2019-10-26 09:44,349314,0,6422528,2,region3_7
2019-10-26 09:44,283365,0,4194304,1,region3_5
2019-10-26 09:44,283365,4194304,4194304,1,region3_5
2019-10-26 09:44,349368,0,8388608,2,region3_1
2019-10-26 09:45,349452,0,8388608,4,region3_1
2019-10-26 09:45,349507,0,8388608,4,region3_1
2019-10-26 09:45,698,655360,786432,2,region3_8
2019-10-26 09:45,349529,0,8388608,2,region3_1
2019-10-26 09:45,698,655360,786432,2,region3_8
2019-10-26 09:45,349736,0,8388608,4,region3_2
2019-10-26 09:45,698,655360,786432,2,region3_8
2019-10-26 09:45,698,655360,786432,2,region3_8
2019-10-26 09:45,698,655360,786432,2,region3_8
2019-10-26 09:45,698,655360,786432,2,region3_8
2019-10-26 09:45,698,655360,786432,2,region3_8
2019-10-26 09:45,698,655360,786432,2,region3_8
2019-10-26 09:45,349873,0,8388608,4,region3_1
2019-10-26 09:45,349926,0,8388608,4,region3_0
2019-10-26 09:45,349941,0,393216,2,region3_23
2019-10-26 09:45,349960,0,8388608,2,region3_1
2019-10-26 09:45,698,655360,786432,2,region3_8
2019-10-26 09:45,698,655360,786432,2,region3_8
2019-10-26 09:45,698,655360,786432,2,region3_8
2019-10-26 09:45,698,655360,786432,2,region3_8
2019-10-26 09:45,698,655360,786432,2,region3_8
2019-10-26 09:45,350112,0,8388608,4,region3_1
2019-10-26 09:45,145762,0,1835008,2,region3_0
2019-10-26 09:45,219793,0,786432,2,region3_0
2019-10-26 09:45,219793,655360,1179648,2,region3_0
2019-10-26 09:45,350215,0,8388608,4,region3_2
2019-10-26 09:45,698,655360,786432,2,region3_8
2019-10-26 09:45,350370,0,8388608,4,region3_1
2019-10-26 09:45,698,655360,786432,2,region3_8
2019-10-26 09:45,350413,0,131072,4,region3_6
2019-10-26 09:45,698,655360,786432,2,region3_8
2019-10-26 09:45,698,655360,786432,2,region3_8
2019-10-26 09:45,698,655360,786432,2,region3_8
2019-10-26 09:45,350451,0,8388608,4,region3_1
2019-10-26 09:45,350467,0,131072,2,region3_0
2019-10-26 09:45,350562,0,8388608,2,region3_1
2019-10-26 09:45,698,655360,786432,2,region3_8
2019-10-26 09:45,346949,0,2097152,1,region3_5
2019-10-26 09:45,350597,0,8388608,4,region3_1
2019-10-26 09:45,698,655360,786432,2,region3_8
2019-10-26 09:45,698,655360,786432,2,region3_8
2019-10-26 09:45,346949,2097152,2097152,1,region3_5
2019-10-26 09:45,350635,0,8388608,4,region3_1
2019-10-26 09:45,698,655360,786432,2,region3_8
2019-10-26 09:45,346949,4194304,2097152,1,region3_5
2019-10-26 09:45,698,655360,786432,2,region3_8
2019-10-26 09:45,346949,6291456,2097152,1,region3_5
2019-10-26 09:45,698,655360,786432,2,region3_8
2019-10-26 09:45,698,655360,786432,2,region3_8
2019-10-26 09:45,350813,0,8388608,4,region3_2
2019-10-26 09:45,698,655360,786432,2,region3_8
2019-10-26 09:45,698,655360,786432,2,region3_8
2019-10-26 09:45,201770,0,3670016,2,region3_0
2019-10-26 09:45,698,655360,786432,2,region3_8
2019-10-26 09:45,698,655360,786432,2,region3_8
2019-10-26 09:45,698,655360,786432,2,region3_8
2019-10-26 09:45,698,655360,786432,2,region3_8
2019-10-26 09:45,698,655360,786432,2,region3_8
2019-10-26 09:45,351040,0,8388608,4,region3_1
2019-10-26 09:45,698,655360,786432,2,region3_8
2019-10-26 09:46,351112,0,8388608,4,region3_19
2019-10-26 09:46,698,655360,786432,2,region3_8
2019-10-26 09:46,351336,0,8388608,4,region3_1
2019-10-26 09:46,351372,0,8388608,4,region3_33
2019-10-26 09:46,351380,0,917504,4,region3_16
2019-10-26 09:46,201919,0,1835008,2,region3_0
2019-10-26 09:46,146092,0,1835008,2,region3_0
2019-10-26 09:46,351445,0,8388608,3,region3_5
2019-10-26 09:46,351504,0,8388608,4,region3_1
2019-10-26 09:46,698,655360,786432,2,region3_8
2019-10-26 09:46,351775,0,5636096,4,region3_1
2019-10-26 09:46,698,655360,786432,2,region3_8
2019-10-26 09:46,351833,0,8388608,2,region3_1
2019-10-26 09:46,698,655360,786432,2,region3_8
2019-10-26 09:46,351917,0,8388608,2,region3_7
2019-10-26 09:46,351920,0,8388608,4,region3_1
2019-10-26 09:46,351965,0,8388608,4,region3_1
2019-10-26 09:46,351971,0,8388608,3,region3_5
2019-10-26 09:46,352052,0,131072,4,region3_14
2019-10-26 09:46,698,655360,786432,2,region3_8
2019-10-26 09:46,698,655360,786432,2,region3_8
2019-10-26 09:46,698,655360,786432,2,region3_8
2019-10-26 09:46,698,655360,786432,2,region3_8
2019-10-26 09:46,698,655360,786432,2,region3_8
2019-10-26 09:46,698,655360,786432,2,region3_8
2019-10-26 09:46,698,655360,786432,2,region3_8
2019-10-26 09:46,352362,0,786432,4,region3_16
2019-10-26 09:46,352381,0,8388608,4,region3_1
2019-10-26 09:46,146114,0,3276800,2,region3_0
2019-10-26 09:46,698,655360,786432,2,region3_8
2019-10-26 09:46,698,655360,786432,2,region3_8
2019-10-26 09:46,698,655360,786432,2,region3_8
2019-10-26 09:46,698,655360,786432,2,region3_8
2019-10-26 09:46,698,655360,786432,2,region3_8
2019-10-26 09:46,698,655360,786432,2,region3_8
2019-10-26 09:46,352658,0,8388608,2,region3_7
2019-10-26 09:46,352735,0,131072,4,region3_14
2019-10-26 09:46,698,655360,786432,2,region3_8
2019-10-26 09:46,698,655360,786432,2,region3_8
2019-10-26 09:46,698,655360,786432,2,region3_8
2019-10-26 09:46,230913,0,1835008,2,region3_4
2019-10-26 09:47,698,655360,786432,2,region3_8
2019-10-26 09:47,698,655360,786432,2,region3_8
2019-10-26 09:47,698,655360,786432,2,region3_8
2019-10-26 09:47,698,655360,786432,2,region3_8
2019-10-26 09:47,698,655360,786432,2,region3_8
2019-10-26 09:47,698,655360,786432,2,region3_8
2019-10-26 09:47,698,655360,786432,2,region3_8
2019-10-26 09:47,698,655360,786432,2,region3_8
2019-10-26 09:47,698,655360,786432,2,region3_8
2019-10-26 09:47,698,655360,786432,2,region3_8
2019-10-26 09:47,353404,0,8388608,4,region3_1
2019-10-26 09:47,698,655360,786432,2,region3_8
2019-10-26 09:47,353475,0,8388608,4,region3_11
2019-10-26 09:47,698,655360,786432,2,region3_8
2019-10-26 09:47,353524,0,8388608,4,region3_1
2019-10-26 09:47,353551,0,8388608,4,region3_1
2019-10-26 09:47,698,655360,786432,2,region3_8
2019-10-26 09:47,698,655360,786432,2,region3_8
2019-10-26 09:47,698,655360,786432,2,region3_8
2019-10-26 09:47,698,655360,786432,2,region3_8
2019-10-26 09:47,698,655360,786432,2,region3_8
2019-10-26 09:47,353737,0,4325376,4,region3_33
2019-10-26 09:47,698,655360,786432,2,region3_8
2019-10-26 09:47,698,655360,786432,2,region3_8
2019-10-26 09:47,353837,0,8388608,4,region3_1
2019-10-26 09:47,698,655360,786432,2,region3_8
2019-10-26 09:47,203090,0,1835008,2,region3_0
2019-10-26 09:47,698,655360,786432,2,region3_8
2019-10-26 09:47,698,655360,786432,2,region3_8
2019-10-26 09:47,698,655360,786432,2,region3_8
2019-10-26 09:47,698,655360,786432,2,region3_8
2019-10-26 09:47,698,655360,786432,2,region3_8
2019-10-26 09:47,354515,0,8388608,4,region3_2
2019-10-26 09:47,698,655360,786432,2,region3_8
2019-10-26 09:47,698,655360,786432,2,region3_8
2019-10-26 09:47,698,655360,786432,2,region3_8
2019-10-26 09:47,354574,0,5242880,4,region3_16
2019-10-26 09:47,698,655360,786432,2,region3_8
2019-10-26 09:47,148546,0,1835008,2,region3_0
2019-10-26 09:47,698,655360,786432,2,region3_8
2019-10-26 09:47,354737,0,8388608,4,region3_1
2019-10-26 09:47,354792,0,8388608,4,region3_16
2019-10-26 09:48,354843,0,131072,4,region3_14
2019-10-26 09:48,354844,0,6946816,2,region3_1
2019-10-26 09:48,233906,0,8388608,2,region3_1
2019-10-26 09:48,698,655360,786432,2,region3_8
2019-10-26 09:48,698,655360,786432,2,region3_8
2019-10-26 09:48,355143,0,8388608,3,region3_5
2019-10-26 09:48,355166,0,8388608,4,region3_16
2019-10-26 09:48,355440,0,8388608,3,region3_5
2019-10-26 09:48,239055,0,131072,2,region3_4
2019-10-26 09:48,698,655360,786432,2,region3_8
2019-10-26 09:48,355717,0,8388608,3,region3_5
2019-10-26 09:48,355791,0,8388608,4,region3_2
2019-10-26 09:48,698,655360,786432,2,region3_8
2019-10-26 09:48,355821,0,8388608,4,region3_2
2019-10-26 09:48,355964,0,131072,4,region3_14
2019-10-26 09:48,355984,0,8388608,5,region3_3
2019-10-26 09:48,236900,0,131072,2,region3_4
2019-10-26 09:48,356103,0,8388608,4,region3_1
2019-10-26 09:48,237461,0,131072,2,region3_4
2019-10-26 09:48,356296,0,8388608,4,region3_1
2019-10-26 09:48,356338,0,8388608,4,region3_1
2019-10-26 09:49,698,655360,786432,2,region3_8
2019-10-26 09:49,356497,0,8388608,4,region3_16
2019-10-26 09:49,698,655360,786432,2,region3_8
2019-10-26 09:49,150636,0,1703936,2,region3_0
2019-10-26 09:49,237112,0,131072,2,region3_4
2019-10-26 09:49,698,655360,786432,2,region3_8
2019-10-26 09:49,698,655360,786432,2,region3_8
2019-10-26 09:49,698,655360,786432,2,region3_8
2019-10-26 09:49,698,655360,786432,2,region3_8
2019-10-26 09:49,698,655360,786432,2,region3_8
2019-10-26 09:49,698,655360,786432,2,region3_8
2019-10-26 09:49,698,655360,786432,2,region3_8
2019-10-26 09:49,356774,0,2359296,4,region3_33
2019-10-26 09:49,248167,0,8388608,2,region3_7
2019-10-26 09:49,698,655360,786432,2,region3_8
2019-10-26 09:49,356881,0,8388608,4,region3_16
2019-10-26 09:49,356936,0,8388608,3,region3_5
2019-10-26 09:49,698,655360,786432,2,region3_8
2019-10-26 09:49,698,655360,786432,2,region3_8
2019-10-26 09:49,357046,6291456,131072,2,region3_4
2019-10-26 09:49,357046,6422528,655360,2,region3_4
2019-10-26 09:49,357046,7995392,393216,2,region3_4
2019-10-26 09:49,698,655360,786432,2,region3_8
2019-10-26 09:49,698,655360,786432,2,region3_8
2019-10-26 09:49,698,655360,786432,2,region3_8
2019-10-26 09:49,357208,0,8388608,4,region3_2
2019-10-26 09:49,357242,0,3932160,2,region3_4
2019-10-26 09:49,357242,3801088,4587520,2,region3_4
2019-10-26 09:49,698,655360,786432,2,region3_8
2019-10-26 09:49,357307,0,8388608,4,region3_1
2019-10-26 09:49,698,655360,786432,2,region3_8
2019-10-26 09:49,698,655360,786432,2,region3_8
2019-10-26 09:49,698,655360,786432,2,region3_8
2019-10-26 09:49,698,655360,786432,2,region3_8
2019-10-26 09:49,698,655360,786432,2,region3_8
2019-10-26 09:49,698,655360,786432,2,region3_8
2019-10-26 09:49,698,655360,786432,2,region3_8
2019-10-26 09:49,698,655360,786432,2,region3_8
2019-10-26 09:49,357687,0,8388608,4,region3_2
2019-10-26 09:49,357697,0,8388608,4,region3_16
2019-10-26 09:49,357757,0,8388608,4,region3_11
2019-10-26 09:49,357242,0,3932160,2,region3_4
2019-10-26 09:49,357866,0,8388608,4,region3_1
2019-10-26 09:49,357242,3801088,4587520,2,region3_4
2019-10-26 09:49,357990,0,8388608,2,region3_7
2019-10-26 09:49,698,655360,786432,2,region3_8
2019-10-26 09:50,358185,0,5767168,2,region3_4
2019-10-26 09:50,358185,5636096,2752512,2,region3_4
2019-10-26 09:50,698,655360,786432,2,region3_8
2019-10-26 09:50,698,655360,786432,2,region3_8
2019-10-26 09:50,698,655360,786432,2,region3_8
2019-10-26 09:50,698,655360,786432,2,region3_8
2019-10-26 09:50,358403,0,131072,4,region3_14
2019-10-26 09:50,358415,0,8388608,4,region3_1
2019-10-26 09:50,205290,0,1703936,2,region3_0
2019-10-26 09:50,698,655360,786432,2,region3_8
2019-10-26 09:50,358499,0,8388608,3,region3_5
2019-10-26 09:50,698,655360,786432,2,region3_8
2019-10-26 09:50,698,655360,786432,2,region3_8
2019-10-26 09:50,358579,0,131072,5,region3_3
2019-10-26 09:50,358625,0,8388608,4,region3_1
2019-10-26 09:50,698,655360,786432,2,region3_8
2019-10-26 09:50,358803,0,8388608,4,region3_2
2019-10-26 09:50,698,655360,786432,2,region3_8
2019-10-26 09:50,698,655360,786432,2,region3_8
2019-10-26 09:50,698,655360,786432,2,region3_8
2019-10-26 09:50,698,655360,786432,2,region3_8
2019-10-26 09:50,698,655360,786432,2,region3_8
2019-10-26 09:50,698,655360,786432,2,region3_8
2019-10-26 09:50,698,655360,786432,2,region3_8
2019-10-26 09:50,22579,0,262144,2,region3_4
2019-10-26 09:50,358185,0,5767168,2,region3_4
2019-10-26 09:50,358185,5636096,2752512,2,region3_4
2019-10-26 09:50,698,655360,786432,2,region3_8
2019-10-26 09:50,698,655360,786432,2,region3_8
2019-10-26 09:50,698,655360,786432,2,region3_8
2019-10-26 09:50,231570,0,131072,2,region3_4
2019-10-26 09:50,698,655360,786432,2,region3_8
2019-10-26 09:50,698,655360,786432,2,region3_8
2019-10-26 09:50,232890,0,131072,2,region3_4
2019-10-26 09:50,698,655360,786432,2,region3_8
2019-10-26 09:50,359345,0,8388608,4,region3_2
2019-10-26 09:50,698,655360,786432,2,region3_8
2019-10-26 09:50,698,655360,786432,2,region3_8
2019-10-26 09:50,698,655360,786432,2,region3_8
2019-10-26 09:50,698,655360,786432,2,region3_8
2019-10-26 09:50,359455,0,3932160,4,region3_1
2019-10-26 09:50,698,655360,786432,2,region3_8
2019-10-26 09:50,698,655360,786432,2,region3_8
2019-10-26 09:50,359622,0,8388608,4,region3_2
2019-10-26 09:50,698,655360,786432,2,region3_8
2019-10-26 09:50,698,655360,786432,2,region3_8
2019-10-26 09:50,359798,0,8388608,4,region3_34
2019-10-26 09:51,698,655360,786432,2,region3_8
2019-10-26 09:51,359873,0,2097152,2,region3_4
2019-10-26 09:51,359873,1966080,6422528,2,region3_4
2019-10-26 09:51,698,655360,786432,2,region3_8
2019-10-26 09:51,359922,0,8388608,4,region3_1
2019-10-26 09:51,698,655360,786432,2,region3_8
2019-10-26 09:51,698,655360,786432,2,region3_8
2019-10-26 09:51,359983,0,8388608,4,region3_2
2019-10-26 09:51,177042,0,131072,2,region3_4
2019-10-26 09:51,698,655360,786432,2,region3_8
2019-10-26 09:51,698,655360,786432,2,region3_8
2019-10-26 09:51,698,655360,786432,2,region3_8
2019-10-26 09:51,698,655360,786432,2,region3_8
2019-10-26 09:51,698,655360,786432,2,region3_8
2019-10-26 09:51,339477,0,8388608,2,region3_1
2019-10-26 09:51,698,655360,786432,2,region3_8
2019-10-26 09:51,359873,0,2097152,2,region3_4
2019-10-26 09:51,359873,1966080,6422528,2,region3_4
2019-10-26 09:51,698,655360,786432,2,region3_8
2019-10-26 09:51,698,655360,786432,2,region3_8
2019-10-26 09:51,698,655360,786432,2,region3_8
2019-10-26 09:51,698,655360,786432,2,region3_8
2019-10-26 09:51,698,655360,786432,2,region3_8
2019-10-26 09:51,698,655360,786432,2,region3_8
2019-10-26 09:51,698,655360,786432,2,region3_8
2019-10-26 09:51,360428,0,8388608,4,region3_2
2019-10-26 09:51,360485,0,8388608,4,region3_2
2019-10-26 09:51,207949,0,6422528,2,region3_7
2019-10-26 09:51,360589,0,7077888,4,region3_17
2019-10-26 09:51,208007,0,6553600,2,region3_7
2019-10-26 09:51,206393,524288,1179648,2,region3_0
2019-10-26 09:51,698,655360,786432,2,region3_8
2019-10-26 09:51,698,655360,786432,2,region3_8
2019-10-26 09:51,698,655360,786432,2,region3_8
2019-10-26 09:51,360764,0,8388608,2,region3_7
2019-10-26 09:51,698,655360,786432,2,region3_8
2019-10-26 09:51,360787,0,393216,4,region3_1
2019-10-26 09:51,360802,0,8388608,4,region3_1
2019-10-26 09:51,698,655360,786432,2,region3_8
2019-10-26 09:51,698,655360,786432,2,region3_8
2019-10-26 09:51,698,655360,786432,2,region3_8
2019-10-26 09:51,698,655360,786432,2,region3_8
2019-10-26 09:51,698,655360,786432,2,region3_8
2019-10-26 09:51,698,655360,786432,2,region3_8
2019-10-26 09:51,361127,0,6684672,4,region3_1
2019-10-26 09:51,698,655360,786432,2,region3_8
2019-10-26 09:51,361135,0,131072,4,region3_14
2019-10-26 09:51,698,655360,786432,2,region3_8
2019-10-26 09:51,361335,0,8388608,4,region3_1
2019-10-26 09:51,361339,0,8388608,4,region3_1
2019-10-26 09:51,698,655360,786432,2,region3_8
2019-10-26 09:51,698,655360,786432,2,region3_8
2019-10-26 09:51,361408,0,8388608,4,region3_1
2019-10-26 09:51,698,655360,786432,2,region3_8
2019-10-26 09:51,698,655360,786432,2,region3_8
2019-10-26 09:51,698,655360,786432,2,region3_8
2019-10-26 09:51,698,655360,786432,2,region3_8
2019-10-26 09:52,361646,0,8388608,4,region3_2
2019-10-26 09:52,698,655360,786432,2,region3_8
2019-10-26 09:52,698,655360,786432,2,region3_8
2019-10-26 09:52,698,655360,786432,2,region3_8
2019-10-26 09:52,698,655360,786432,2,region3_8
2019-10-26 09:52,232350,0,655360,2,region3_4
2019-10-26 09:52,698,655360,786432,2,region3_8
2019-10-26 09:52,698,655360,786432,2,region3_8
2019-10-26 09:52,698,655360,786432,2,region3_8
2019-10-26 09:52,698,655360,786432,2,region3_8
2019-10-26 09:52,698,655360,786432,2,region3_8
2019-10-26 09:52,357242,0,3932160,2,region3_4
2019-10-26 09:52,698,655360,786432,2,region3_8
2019-10-26 09:52,698,655360,786432,2,region3_8
2019-10-26 09:52,357242,3801088,4587520,2,region3_4
2019-10-26 09:52,698,655360,786432,2,region3_8
2019-10-26 09:52,698,655360,786432,2,region3_8
2019-10-26 09:52,698,655360,786432,2,region3_8
2019-10-26 09:52,206764,0,1703936,2,region3_0
2019-10-26 09:52,362068,0,8388608,4,region3_1
2019-10-26 09:52,357242,0,3932160,2,region3_4
2019-10-26 09:52,357242,3801088,4587520,2,region3_4
2019-10-26 09:52,698,655360,786432,2,region3_8
2019-10-26 09:52,357242,0,3932160,2,region3_4
2019-10-26 09:52,357242,3801088,4587520,2,region3_4
2019-10-26 09:52,698,655360,786432,2,region3_8
2019-10-26 09:52,698,655360,786432,2,region3_8
2019-10-26 09:52,362231,0,8388608,4,region3_2
2019-10-26 09:52,362268,0,6553600,3,region3_5
2019-10-26 09:52,698,655360,786432,2,region3_8
2019-10-26 09:52,362316,0,8388608,4,region3_1
2019-10-26 09:52,698,655360,786432,2,region3_8
2019-10-26 09:52,362506,0,8388608,4,region3_2
2019-10-26 09:52,698,655360,786432,2,region3_8
2019-10-26 09:52,698,655360,786432,2,region3_8
2019-10-26 09:52,698,655360,786432,2,region3_8
2019-10-26 09:52,362794,0,8388608,4,region3_1
2019-10-26 09:52,698,655360,786432,2,region3_8
2019-10-26 09:52,698,655360,786432,2,region3_8
2019-10-26 09:52,698,655360,786432,2,region3_8
2019-10-26 09:52,698,655360,786432,2,region3_8
2019-10-26 09:52,698,655360,786432,2,region3_8
2019-10-26 09:52,362874,0,8388608,4,region3_1
2019-10-26 09:52,698,655360,786432,2,region3_8
2019-10-26 09:52,698,655360,786432,2,region3_8
2019-10-26 09:52,698,655360,786432,2,region3_8
2019-10-26 09:52,698,655360,786432,2,region3_8
2019-10-26 09:52,698,655360,786432,2,region3_8
2019-10-26 09:52,362981,0,8388608,4,region3_1
2019-10-26 09:52,698,655360,786432,2,region3_8
2019-10-26 09:52,698,655360,786432,2,region3_8
2019-10-26 09:52,698,655360,786432,2,region3_8
2019-10-26 09:52,698,655360,786432,2,region3_8
2019-10-26 09:52,698,655360,786432,2,region3_8
2019-10-26 09:52,363126,0,8388608,4,region3_1
2019-10-26 09:52,698,655360,786432,2,region3_8
2019-10-26 09:52,698,655360,786432,2,region3_8
2019-10-26 09:52,698,655360,786432,2,region3_8
2019-10-26 09:52,698,655360,786432,2,region3_8
2019-10-26 09:52,698,655360,786432,2,region3_8
2019-10-26 09:52,698,655360,786432,2,region3_8
2019-10-26 09:52,698,655360,786432,2,region3_8
2019-10-26 09:52,698,655360,786432,2,region3_8
2019-10-26 09:52,363328,0,8388608,4,region3_2
2019-10-26 09:52,698,655360,786432,2,region3_8
2019-10-26 09:52,698,655360,786432,2,region3_8
2019-10-26 09:52,698,655360,786432,2,region3_8
2019-10-26 09:52,698,655360,786432,2,region3_8
2019-10-26 09:52,698,655360,786432,2,region3_8
2019-10-26 09:52,698,655360,786432,2,region3_8
2019-10-26 09:52,698,655360,786432,2,region3_8
2019-10-26 09:52,363517,0,131072,4,region3_14
2019-10-26 09:52,363528,0,8388608,2,region3_7
2019-10-26 09:52,232270,0,917504,2,region3_4
2019-10-26 09:52,698,655360,786432,2,region3_8
2019-10-26 09:53,363673,0,6684672,4,region3_1
2019-10-26 09:53,363724,0,8388608,4,region3_1
2019-10-26 09:53,24694,0,262144,2,region3_4
2019-10-26 09:53,363802,0,8388608,4,region3_1
2019-10-26 09:53,698,655360,786432,2,region3_8
2019-10-26 09:53,232734,7208960,1179648,2,region3_4
2019-10-26 09:53,363894,0,1703936,2,region3_0
2019-10-26 09:53,233906,0,8388608,2,region3_1
2019-10-26 09:53,698,655360,786432,2,region3_8
2019-10-26 09:53,698,655360,786432,2,region3_8
2019-10-26 09:53,698,655360,786432,2,region3_8
2019-10-26 09:53,698,655360,786432,2,region3_8
2019-10-26 09:53,698,655360,786432,2,region3_8
2019-10-26 09:53,364136,0,1966080,4,region3_1
2019-10-26 09:53,698,655360,786432,2,region3_8
2019-10-26 09:53,698,655360,786432,2,region3_8
2019-10-26 09:53,698,655360,786432,2,region3_8
2019-10-26 09:53,181453,0,131072,2,region3_4
2019-10-26 09:53,359873,0,2097152,2,region3_4
2019-10-26 09:53,359873,1966080,6422528,2,region3_4
2019-10-26 09:53,698,655360,786432,2,region3_8
2019-10-26 09:53,364269,0,8388608,4,region3_2
2019-10-26 09:53,698,655360,786432,2,region3_8
2019-10-26 09:53,308457,0,4194304,1,region3_5
2019-10-26 09:53,364347,0,131072,4,region3_14
2019-10-26 09:53,698,655360,786432,2,region3_8
2019-10-26 09:53,358185,0,5767168,2,region3_4
2019-10-26 09:53,358185,5636096,2752512,2,region3_4
2019-10-26 09:53,698,655360,786432,2,region3_8
2019-10-26 09:53,698,655360,786432,2,region3_8
2019-10-26 09:53,358185,0,5767168,2,region3_4
2019-10-26 09:53,358185,5636096,2752512,2,region3_4
2019-10-26 09:53,698,655360,786432,2,region3_8
2019-10-26 09:53,308457,4194304,4194304,1,region3_5
2019-10-26 09:53,698,655360,786432,2,region3_8
2019-10-26 09:53,698,655360,786432,2,region3_8
2019-10-26 09:53,241332,0,131072,2,region3_4
2019-10-26 09:53,698,655360,786432,2,region3_8
2019-10-26 09:53,698,655360,786432,2,region3_8
2019-10-26 09:53,364634,0,8388608,4,region3_1
2019-10-26 09:53,698,655360,786432,2,region3_8
2019-10-26 09:53,698,655360,786432,2,region3_8
2019-10-26 09:53,698,655360,786432,2,region3_8
2019-10-26 09:53,364719,0,8388608,4,region3_1
2019-10-26 09:53,698,655360,786432,2,region3_8
2019-10-26 09:53,364757,0,8388608,3,region3_5
2019-10-26 09:53,698,655360,786432,2,region3_8
2019-10-26 09:53,698,655360,786432,2,region3_8
2019-10-26 09:53,359873,0,2097152,2,region3_4
2019-10-26 09:53,359873,1966080,6422528,2,region3_4
2019-10-26 09:53,698,655360,786432,2,region3_8
2019-10-26 09:53,359873,0,2097152,2,region3_4
2019-10-26 09:53,698,655360,786432,2,region3_8
2019-10-26 09:53,359873,1966080,6422528,2,region3_4
2019-10-26 09:53,180675,0,131072,2,region3_4
2019-10-26 09:53,241280,0,7340032,2,region3_7
2019-10-26 09:53,698,655360,786432,2,region3_8
2019-10-26 09:53,364973,0,3145728,4,region3_17
2019-10-26 09:53,364982,0,1179648,4,region3_1
2019-10-26 09:53,698,655360,786432,2,region3_8
2019-10-26 09:53,358185,0,5767168,2,region3_4
2019-10-26 09:53,358185,5636096,2752512,2,region3_4
2019-10-26 09:53,698,655360,786432,2,region3_8
2019-10-26 09:53,365064,0,1966080,4,region3_1
2019-10-26 09:53,183069,0,7602176,2,region3_7
2019-10-26 09:53,698,655360,786432,2,region3_8
2019-10-26 09:53,698,655360,786432,2,region3_8
2019-10-26 09:53,365170,0,8388608,4,region3_1
2019-10-26 09:53,365172,6291456,131072,2,region3_4
2019-10-26 09:53,365172,6291456,2097152,2,region3_4
2019-10-26 09:53,698,655360,786432,2,region3_8
2019-10-26 09:53,698,655360,786432,2,region3_8
2019-10-26 09:53,698,655360,786432,2,region3_8
2019-10-26 09:53,698,655360,786432,2,region3_8
2019-10-26 09:53,698,655360,786432,2,region3_8
2019-10-26 09:53,698,655360,786432,2,region3_8
2019-10-26 09:53,365441,0,393216,4,region3_14
2019-10-26 09:53,698,655360,786432,2,region3_8
2019-10-26 09:53,698,655360,786432,2,region3_8
2019-10-26 09:54,698,655360,786432,2,region3_8
2019-10-26 09:54,698,655360,786432,2,region3_8
2019-10-26 09:54,698,655360,786432,2,region3_8
2019-10-26 09:54,698,655360,786432,2,region3_8
2019-10-26 09:54,698,655360,786432,2,region3_8
2019-10-26 09:54,365757,6815744,131072,2,region3_4
2019-10-26 09:54,698,655360,786432,2,region3_8
2019-10-26 09:54,365757,6815744,131072,2,region3_4
2019-10-26 09:54,365757,6815744,131072,2,region3_4
2019-10-26 09:54,365757,6815744,131072,2,region3_4
2019-10-26 09:54,365757,6553600,131072,2,region3_4
2019-10-26 09:54,365757,6815744,131072,2,region3_4
2019-10-26 09:54,365757,6815744,131072,2,region3_4
2019-10-26 09:54,698,655360,786432,2,region3_8
2019-10-26 09:54,365757,6815744,131072,2,region3_4
2019-10-26 09:54,698,655360,786432,2,region3_8
2019-10-26 09:54,365757,6815744,131072,2,region3_4
2019-10-26 09:54,365874,0,8388608,2,region3_7
2019-10-26 09:54,365879,0,8388608,4,region3_1
2019-10-26 09:54,357242,0,3932160,2,region3_4
2019-10-26 09:54,357242,3801088,4587520,2,region3_4
2019-10-26 09:54,698,655360,786432,2,region3_8
2019-10-26 09:54,698,655360,786432,2,region3_8
2019-10-26 09:54,698,655360,786432,2,region3_8
2019-10-26 09:54,698,655360,786432,2,region3_8
2019-10-26 09:54,698,655360,786432,2,region3_8
2019-10-26 09:54,698,655360,786432,2,region3_8
2019-10-26 09:54,366144,0,262144,4,region3_14
2019-10-26 09:54,698,655360,786432,2,region3_8
2019-10-26 09:54,698,655360,786432,2,region3_8
2019-10-26 09:54,366235,0,8388608,4,region3_1
2019-10-26 09:54,698,655360,786432,2,region3_8
2019-10-26 09:54,698,655360,786432,2,region3_8
2019-10-26 09:54,698,655360,786432,2,region3_8
2019-10-26 09:54,698,655360,786432,2,region3_8
2019-10-26 09:54,698,655360,786432,2,region3_8
2019-10-26 09:54,240268,0,131072,2,region3_4
2019-10-26 09:54,698,655360,786432,2,region3_8
2019-10-26 09:54,366452,5636096,2752512,2,region3_1
2019-10-26 09:54,366452,0,5767168,2,region3_1
2019-10-26 09:54,698,655360,786432,2,region3_8
2019-10-26 09:54,698,655360,786432,2,region3_8
2019-10-26 09:54,698,655360,786432,2,region3_8
2019-10-26 09:54,698,655360,786432,2,region3_8
2019-10-26 09:54,366592,0,8388608,2,region3_1
2019-10-26 09:54,698,655360,786432,2,region3_8
2019-10-26 09:54,366652,0,8388608,4,region3_1
2019-10-26 09:54,698,655360,786432,2,region3_8
2019-10-26 09:54,698,655360,786432,2,region3_8
2019-10-26 09:54,698,655360,786432,2,region3_8
2019-10-26 09:54,698,655360,786432,2,region3_8
2019-10-26 09:54,698,655360,786432,2,region3_8
2019-10-26 09:54,358185,0,5767168,2,region3_4
2019-10-26 09:54,358185,5636096,2752512,2,region3_4
2019-10-26 09:54,698,655360,786432,2,region3_8
2019-10-26 09:54,698,655360,786432,2,region3_8
2019-10-26 09:54,698,655360,786432,2,region3_8
2019-10-26 09:54,243268,0,131072,2,region3_4
2019-10-26 09:54,698,655360,786432,2,region3_8
2019-10-26 09:54,698,655360,786432,2,region3_8
2019-10-26 09:54,675,0,393216,2,region3_4
2019-10-26 09:54,698,655360,786432,2,region3_8
2019-10-26 09:54,698,655360,786432,2,region3_8
2019-10-26 09:54,698,655360,786432,2,region3_8
2019-10-26 09:54,698,655360,786432,2,region3_8
2019-10-26 09:54,698,655360,786432,2,region3_8
2019-10-26 09:54,698,655360,786432,2,region3_8
2019-10-26 09:54,698,655360,786432,2,region3_8
2019-10-26 09:54,698,655360,786432,2,region3_8
2019-10-26 09:54,698,655360,786432,2,region3_8
2019-10-26 09:54,698,655360,786432,2,region3_8
2019-10-26 09:54,243645,0,131072,2,region3_4
2019-10-26 09:54,367016,0,8388608,2,region3_7
2019-10-26 09:54,698,655360,786432,2,region3_8
2019-10-26 09:54,367030,0,8388608,2,region3_7
2019-10-26 09:54,698,655360,786432,2,region3_8
2019-10-26 09:54,698,655360,786432,2,region3_8
2019-10-26 09:54,698,655360,786432,2,region3_8
2019-10-26 09:54,698,655360,786432,2,region3_8
2019-10-26 09:54,698,655360,786432,2,region3_8
2019-10-26 09:54,698,655360,786432,2,region3_8
2019-10-26 09:54,367105,0,8388608,4,region3_1
2019-10-26 09:54,698,655360,786432,2,region3_8
2019-10-26 09:54,698,655360,786432,2,region3_8
2019-10-26 09:54,698,655360,786432,2,region3_8
2019-10-26 09:54,698,655360,786432,2,region3_8
2019-10-26 09:54,698,655360,786432,2,region3_8
2019-10-26 09:54,698,655360,786432,2,region3_8
2019-10-26 09:54,698,655360,786432,2,region3_8
2019-10-26 09:54,698,655360,786432,2,region3_8
2019-10-26 09:54,698,655360,786432,2,region3_8
2019-10-26 09:54,367177,0,8388608,2,region3_7
2019-10-26 09:55,698,655360,786432,2,region3_8
2019-10-26 09:55,698,655360,786432,2,region3_8
2019-10-26 09:55,698,655360,786432,2,region3_8
2019-10-26 09:55,698,655360,786432,2,region3_8
2019-10-26 09:55,698,655360,786432,2,region3_8
2019-10-26 09:55,698,655360,786432,2,region3_8
2019-10-26 09:55,698,655360,786432,2,region3_8
2019-10-26 09:55,367308,0,131072,5,region3_3
2019-10-26 09:55,698,655360,786432,2,region3_8
2019-10-26 09:55,698,655360,786432,2,region3_8
2019-10-26 09:55,698,655360,786432,2,region3_8
2019-10-26 09:55,698,655360,786432,2,region3_8
2019-10-26 09:55,698,655360,786432,2,region3_8
2019-10-26 09:55,698,655360,786432,2,region3_8
2019-10-26 09:55,698,655360,786432,2,region3_8
2019-10-26 09:55,698,655360,786432,2,region3_8
2019-10-26 09:55,698,655360,786432,2,region3_8
2019-10-26 09:55,698,655360,786432,2,region3_8
2019-10-26 09:55,698,655360,786432,2,region3_8
2019-10-26 09:55,698,655360,786432,2,region3_8
2019-10-26 09:55,698,655360,786432,2,region3_8
2019-10-26 09:55,367423,0,3014656,4,region3_1
2019-10-26 09:55,698,655360,786432,2,region3_8
2019-10-26 09:55,698,655360,786432,2,region3_8
2019-10-26 09:55,698,655360,786432,2,region3_8
2019-10-26 09:55,698,655360,786432,2,region3_8
2019-10-26 09:55,698,655360,786432,2,region3_8
2019-10-26 09:55,698,655360,786432,2,region3_8
2019-10-26 09:55,283792,0,8388608,2,region3_7
2019-10-26 09:55,698,655360,786432,2,region3_8
2019-10-26 09:55,698,655360,786432,2,region3_8
2019-10-26 09:55,367587,0,8388608,4,region3_0
2019-10-26 09:55,698,655360,786432,2,region3_8
2019-10-26 09:55,698,655360,786432,2,region3_8
2019-10-26 09:55,698,655360,786432,2,region3_8
2019-10-26 09:55,357242,0,3932160,2,region3_4
2019-10-26 09:55,357242,3801088,4587520,2,region3_4
2019-10-26 09:55,698,655360,786432,2,region3_8
2019-10-26 09:55,698,655360,786432,2,region3_8
2019-10-26 09:55,698,655360,786432,2,region3_8
2019-10-26 09:55,698,655360,786432,2,region3_8
2019-10-26 09:55,698,655360,786432,2,region3_8
2019-10-26 09:55,698,655360,786432,2,region3_8
2019-10-26 09:55,698,655360,786432,2,region3_8
2019-10-26 09:55,698,655360,786432,2,region3_8
2019-10-26 09:55,698,655360,786432,2,region3_8
2019-10-26 09:55,698,655360,786432,2,region3_8
2019-10-26 09:55,367757,0,6684672,2,region3_1
2019-10-26 09:55,698,655360,786432,2,region3_8
2019-10-26 09:55,698,655360,786432,2,region3_8
2019-10-26 09:55,698,655360,786432,2,region3_8
2019-10-26 09:55,698,655360,786432,2,region3_8
2019-10-26 09:55,367816,0,8388608,3,region3_5
2019-10-26 09:55,698,655360,786432,2,region3_8
2019-10-26 09:55,698,655360,786432,2,region3_8
2019-10-26 09:55,698,655360,786432,2,region3_8
2019-10-26 09:55,698,655360,786432,2,region3_8
2019-10-26 09:55,698,655360,786432,2,region3_8
2019-10-26 09:55,698,655360,786432,2,region3_8
2019-10-26 09:55,698,655360,786432,2,region3_8
2019-10-26 09:55,698,655360,786432,2,region3_8
2019-10-26 09:55,698,655360,786432,2,region3_8
2019-10-26 09:55,248167,0,8388608,2,region3_7
2019-10-26 09:55,698,655360,786432,2,region3_8
2019-10-26 09:55,698,655360,786432,2,region3_8
2019-10-26 09:55,359873,0,2097152,2,region3_4
2019-10-26 09:55,359873,1966080,6422528,2,region3_4
2019-10-26 09:55,698,655360,786432,2,region3_8
2019-10-26 09:55,698,655360,786432,2,region3_8
2019-10-26 09:55,698,655360,786432,2,region3_8
2019-10-26 09:55,698,655360,786432,2,region3_8
2019-10-26 09:55,698,655360,786432,2,region3_8
2019-10-26 09:55,698,655360,786432,2,region3_8
2019-10-26 09:55,698,655360,786432,2,region3_8
2019-10-26 09:55,698,655360,786432,2,region3_8
2019-10-26 09:55,698,655360,786432,2,region3_8
2019-10-26 09:55,368508,0,8388608,4,region3_1
2019-10-26 09:55,698,655360,786432,2,region3_8
2019-10-26 09:55,698,655360,786432,2,region3_8
2019-10-26 09:55,698,655360,786432,2,region3_8
2019-10-26 09:55,698,655360,786432,2,region3_8
2019-10-26 09:55,698,655360,786432,2,region3_8
2019-10-26 09:55,698,655360,786432,2,region3_8
2019-10-26 09:55,698,655360,786432,2,region3_8
2019-10-26 09:55,368710,0,8388608,4,region3_1
2019-10-26 09:55,698,655360,786432,2,region3_8
2019-10-26 09:55,698,655360,786432,2,region3_8
2019-10-26 09:55,698,655360,786432,2,region3_8
2019-10-26 09:55,698,655360,786432,2,region3_8
2019-10-26 09:55,368915,0,131072,4,region3_1
2019-10-26 09:55,698,655360,786432,2,region3_8
2019-10-26 09:55,698,655360,786432,2,region3_8
2019-10-26 09:55,698,655360,786432,2,region3_8
2019-10-26 09:55,698,655360,786432,2,region3_8
2019-10-26 09:55,698,655360,786432,2,region3_8
2019-10-26 09:55,698,655360,786432,2,region3_8
2019-10-26 09:55,369060,0,131072,4,region3_31
2019-10-26 09:55,698,655360,786432,2,region3_8
2019-10-26 09:55,369077,0,8388608,4,region3_1
2019-10-26 09:55,698,655360,786432,2,region3_8
2019-10-26 09:55,698,655360,786432,2,region3_8
2019-10-26 09:55,698,655360,786432,2,region3_8
2019-10-26 09:56,698,655360,786432,2,region3_8
2019-10-26 09:56,698,655360,786432,2,region3_8
2019-10-26 09:56,698,655360,786432,2,region3_8
2019-10-26 09:56,698,655360,786432,2,region3_8
2019-10-26 09:56,698,655360,786432,2,region3_8
2019-10-26 09:56,369279,0,131072,2,region3_4
2019-10-26 09:56,698,655360,786432,2,region3_8
2019-10-26 09:56,698,655360,786432,2,region3_8
2019-10-26 09:56,698,655360,786432,2,region3_8
2019-10-26 09:56,698,655360,786432,2,region3_8
2019-10-26 09:56,698,655360,786432,2,region3_8
2019-10-26 09:56,698,655360,786432,2,region3_8
2019-10-26 09:56,698,655360,786432,2,region3_8
2019-10-26 09:56,369373,0,131072,2,region3_4
2019-10-26 09:56,698,655360,786432,2,region3_8
2019-10-26 09:56,698,655360,786432,2,region3_8
2019-10-26 09:56,698,655360,786432,2,region3_8
2019-10-26 09:56,698,655360,786432,2,region3_8
2019-10-26 09:56,698,655360,786432,2,region3_8
2019-10-26 09:56,369493,0,6946816,4,region3_31
2019-10-26 09:56,369514,2883584,5505024,2,region3_4
2019-10-26 09:56,369514,0,3014656,2,region3_4
2019-10-26 09:56,698,655360,786432,2,region3_8
2019-10-26 09:56,698,655360,786432,2,region3_8
2019-10-26 09:56,698,655360,786432,2,region3_8
2019-10-26 09:56,698,655360,786432,2,region3_8
2019-10-26 09:56,698,655360,786432,2,region3_8
2019-10-26 09:56,369750,0,8388608,2,region3_7
2019-10-26 09:56,698,655360,786432,2,region3_8
2019-10-26 09:56,698,655360,786432,2,region3_8
2019-10-26 09:56,698,655360,786432,2,region3_8
2019-10-26 09:56,369845,0,8388608,4,region3_2
2019-10-26 09:56,698,655360,786432,2,region3_8
2019-10-26 09:56,698,655360,786432,2,region3_8
2019-10-26 09:56,698,655360,786432,2,region3_8
2019-10-26 09:56,698,655360,786432,2,region3_8
2019-10-26 09:56,698,655360,786432,2,region3_8
2019-10-26 09:56,698,655360,786432,2,region3_8
2019-10-26 09:56,698,655360,786432,2,region3_8
2019-10-26 09:56,698,655360,786432,2,region3_8
2019-10-26 09:56,698,655360,786432,2,region3_8
2019-10-26 09:56,698,655360,786432,2,region3_8
2019-10-26 09:56,370206,0,8388608,4,region3_1
2019-10-26 09:56,698,655360,786432,2,region3_8
2019-10-26 09:56,698,655360,786432,2,region3_8
2019-10-26 09:56,698,655360,786432,2,region3_8
2019-10-26 09:56,698,655360,786432,2,region3_8
2019-10-26 09:56,698,655360,786432,2,region3_8
2019-10-26 09:56,698,655360,786432,2,region3_8
2019-10-26 09:56,698,655360,786432,2,region3_8
2019-10-26 09:56,698,655360,786432,2,region3_8
2019-10-26 09:56,698,655360,786432,2,region3_8
2019-10-26 09:56,698,655360,786432,2,region3_8
2019-10-26 09:56,698,655360,786432,2,region3_8
2019-10-26 09:56,698,655360,786432,2,region3_8
2019-10-26 09:56,698,655360,786432,2,region3_8
2019-10-26 09:56,698,655360,786432,2,region3_8
2019-10-26 09:56,698,655360,786432,2,region3_8
2019-10-26 09:56,370572,0,8388608,3,region3_5
2019-10-26 09:56,698,655360,786432,2,region3_8
2019-10-26 09:56,698,655360,786432,2,region3_8
2019-10-26 09:56,698,655360,786432,2,region3_8
2019-10-26 09:56,370711,0,8388608,4,region3_1
2019-10-26 09:56,698,655360,786432,2,region3_8
2019-10-26 09:56,698,655360,786432,2,region3_8
2019-10-26 09:56,698,655360,786432,2,region3_8
2019-10-26 09:56,698,655360,786432,2,region3_8
2019-10-26 09:56,370847,0,8388608,4,region3_1
2019-10-26 09:56,698,655360,786432,2,region3_8
2019-10-26 09:56,698,655360,786432,2,region3_8
2019-10-26 09:56,209421,0,262144,2,region3_4
2019-10-26 09:56,370904,0,8388608,5,region3_3
2019-10-26 09:56,698,655360,786432,2,region3_8
2019-10-26 09:56,370988,0,8388608,4,region3_1
2019-10-26 09:56,369514,2883584,5505024,2,region3_4
2019-10-26 09:56,369514,0,3014656,2,region3_4
2019-10-26 09:56,698,655360,786432,2,region3_8
2019-10-26 09:56,698,655360,786432,2,region3_8
2019-10-26 09:56,371065,0,7340032,4,region3_6
2019-10-26 09:56,698,655360,786432,2,region3_8
2019-10-26 09:56,698,655360,786432,2,region3_8
2019-10-26 09:57,698,655360,786432,2,region3_8
2019-10-26 09:57,698,655360,786432,2,region3_8
2019-10-26 09:57,698,655360,786432,2,region3_8
2019-10-26 09:57,371258,0,7471104,4,region3_6
2019-10-26 09:57,371315,0,131072,4,region3_14
2019-10-26 09:57,371320,0,6029312,4,region3_1
2019-10-26 09:57,698,655360,786432,2,region3_8
2019-10-26 09:57,359873,0,2097152,2,region3_4
2019-10-26 09:57,359873,1966080,6422528,2,region3_4
2019-10-26 09:57,349529,0,8388608,2,region3_1
2019-10-26 09:57,371398,0,8388608,4,region3_1
2019-10-26 09:57,698,655360,786432,2,region3_8
2019-10-26 09:57,698,655360,786432,2,region3_8
2019-10-26 09:57,698,655360,786432,2,region3_8
2019-10-26 09:57,698,655360,786432,2,region3_8
2019-10-26 09:57,358185,0,5767168,2,region3_4
2019-10-26 09:57,358185,5636096,2752512,2,region3_4
2019-10-26 09:57,25619,0,262144,2,region3_4
2019-10-26 09:57,371642,0,8388608,4,region3_1
2019-10-26 09:57,698,655360,786432,2,region3_8
2019-10-26 09:57,371721,0,8388608,4,region3_1
2019-10-26 09:57,698,655360,786432,2,region3_8
2019-10-26 09:57,698,655360,786432,2,region3_8
2019-10-26 09:57,698,655360,786432,2,region3_8
2019-10-26 09:57,698,655360,786432,2,region3_8
2019-10-26 09:57,698,655360,786432,2,region3_8
2019-10-26 09:57,698,655360,786432,2,region3_8
2019-10-26 09:57,698,655360,786432,2,region3_8
2019-10-26 09:57,698,655360,786432,2,region3_8
2019-10-26 09:57,698,655360,786432,2,region3_8
2019-10-26 09:57,698,655360,786432,2,region3_8
2019-10-26 09:57,372039,0,7340032,4,region3_6
2019-10-26 09:57,372042,0,131072,4,region3_39
2019-10-26 09:57,372049,0,8388608,4,region3_1
2019-10-26 09:57,698,655360,786432,2,region3_8
2019-10-26 09:57,698,655360,786432,2,region3_8
2019-10-26 09:57,698,655360,786432,2,region3_8
2019-10-26 09:57,698,655360,786432,2,region3_8
2019-10-26 09:57,698,655360,786432,2,region3_8
2019-10-26 09:57,698,655360,786432,2,region3_8
2019-10-26 09:57,698,655360,786432,2,region3_8
2019-10-26 09:57,231872,0,7602176,2,region3_7
2019-10-26 09:57,698,655360,786432,2,region3_8
2019-10-26 09:57,698,655360,786432,2,region3_8
2019-10-26 09:57,698,655360,786432,2,region3_8
2019-10-26 09:57,698,655360,786432,2,region3_8
2019-10-26 09:57,698,655360,786432,2,region3_8
2019-10-26 09:57,372414,0,8388608,4,region3_1
2019-10-26 09:57,357990,0,8388608,2,region3_7
2019-10-26 09:57,698,655360,786432,2,region3_8
2019-10-26 09:57,698,655360,786432,2,region3_8
2019-10-26 09:57,372502,0,7471104,2,region3_7
2019-10-26 09:57,698,655360,786432,2,region3_8
2019-10-26 09:57,698,655360,786432,2,region3_8
2019-10-26 09:57,698,655360,786432,2,region3_8
2019-10-26 09:57,698,655360,786432,2,region3_8
2019-10-26 09:57,698,655360,786432,2,region3_8
2019-10-26 09:57,372709,0,8388608,2,region3_7
2019-10-26 09:57,698,655360,786432,2,region3_8
2019-10-26 09:57,698,655360,786432,2,region3_8
2019-10-26 09:57,372827,0,8388608,4,region3_1
2019-10-26 09:57,698,655360,786432,2,region3_8
2019-10-26 09:57,698,655360,786432,2,region3_8
2019-10-26 09:57,277620,0,524288,2,region3_0
2019-10-26 09:57,372880,0,8388608,4,region3_1
2019-10-26 09:57,698,655360,786432,2,region3_8
2019-10-26 09:57,698,655360,786432,2,region3_8
2019-10-26 09:57,698,655360,786432,2,region3_8
2019-10-26 09:57,698,655360,786432,2,region3_8
2019-10-26 09:57,373120,0,8388608,5,region3_3
2019-10-26 09:57,698,655360,786432,2,region3_8
2019-10-26 09:57,698,655360,786432,2,region3_8
2019-10-26 09:57,698,655360,786432,2,region3_8
2019-10-26 09:57,698,655360,786432,2,region3_8
2019-10-26 09:57,292710,393216,7995392,2,region3_7
2019-10-26 09:57,373205,0,1966080,4,region3_1
2019-10-26 09:57,698,655360,786432,2,region3_8
2019-10-26 09:57,698,655360,786432,2,region3_8
2019-10-26 09:57,698,655360,786432,2,region3_8
2019-10-26 09:57,698,655360,786432,2,region3_8
2019-10-26 09:57,698,655360,786432,2,region3_8
2019-10-26 09:57,698,655360,786432,2,region3_8
2019-10-26 09:57,698,655360,786432,2,region3_8
2019-10-26 09:57,698,655360,786432,2,region3_8
2019-10-26 09:57,698,655360,786432,2,region3_8
2019-10-26 09:57,373522,0,8388608,4,region3_2
2019-10-26 09:57,698,655360,786432,2,region3_8
2019-10-26 09:57,698,655360,786432,2,region3_8
2019-10-26 09:58,373588,0,8388608,4,region3_1
2019-10-26 09:58,698,655360,786432,2,region3_8
2019-10-26 09:58,698,655360,786432,2,region3_8
2019-10-26 09:58,698,655360,786432,2,region3_8
2019-10-26 09:58,698,655360,786432,2,region3_8
2019-10-26 09:58,373660,0,8388608,4,region3_1
2019-10-26 09:58,698,655360,786432,2,region3_8
2019-10-26 09:58,373670,0,8388608,4,region3_1
2019-10-26 09:58,698,655360,786432,2,region3_8
2019-10-26 09:58,373688,0,5898240,4,region3_1
2019-10-26 09:58,698,655360,786432,2,region3_8
2019-10-26 09:58,698,655360,786432,2,region3_8
2019-10-26 09:58,32385,0,131072,2,region3_4
2019-10-26 09:58,373922,0,8388608,4,region3_1
2019-10-26 09:58,373981,0,8388608,4,region3_1
2019-10-26 09:58,698,655360,786432,2,region3_8
2019-10-26 09:58,698,655360,786432,2,region3_8
2019-10-26 09:58,698,655360,786432,2,region3_8
2019-10-26 09:58,20959,0,131072,2,region3_4
2019-10-26 09:58,357990,0,8388608,2,region3_7
2019-10-26 09:58,698,655360,786432,2,region3_8
2019-10-26 09:58,374204,0,1966080,4,region3_1
2019-10-26 09:58,374234,0,8388608,4,region3_2
2019-10-26 09:58,698,655360,786432,2,region3_8
2019-10-26 09:58,698,655360,786432,2,region3_8
2019-10-26 09:58,698,655360,786432,2,region3_8
2019-10-26 09:58,698,655360,786432,2,region3_8
2019-10-26 09:58,698,655360,786432,2,region3_8
2019-10-26 09:58,374336,0,8388608,4,region3_1
2019-10-26 09:58,698,655360,786432,2,region3_8
2019-10-26 09:58,698,655360,786432,2,region3_8
2019-10-26 09:58,374417,0,1966080,4,region3_1
2019-10-26 09:58,698,655360,786432,2,region3_8
2019-10-26 09:58,698,655360,786432,2,region3_8
2019-10-26 09:58,698,655360,786432,2,region3_8
2019-10-26 09:58,698,655360,786432,2,region3_8
2019-10-26 09:58,698,655360,786432,2,region3_8
2019-10-26 09:58,698,655360,786432,2,region3_8
2019-10-26 09:58,698,655360,786432,2,region3_8
2019-10-26 09:58,698,655360,786432,2,region3_8
2019-10-26 09:58,374623,0,393216,4,region3_14
2019-10-26 09:58,374646,0,8388608,2,region3_7
2019-10-26 09:58,698,655360,786432,2,region3_8
2019-10-26 09:58,698,655360,786432,2,region3_8
2019-10-26 09:58,698,655360,786432,2,region3_8
2019-10-26 09:58,374852,0,8388608,4,region3_1
2019-10-26 09:58,698,655360,786432,2,region3_8
2019-10-26 09:58,698,655360,786432,2,region3_8
2019-10-26 09:58,698,655360,786432,2,region3_8
2019-10-26 09:58,698,655360,786432,2,region3_8
2019-10-26 09:58,374956,0,8388608,4,region3_1
2019-10-26 09:58,374998,0,1572864,4,region3_21
2019-10-26 09:58,357990,0,8388608,2,region3_7
2019-10-26 09:58,698,655360,786432,2,region3_8
2019-10-26 09:58,375016,0,8388608,4,region3_1
2019-10-26 09:58,698,655360,786432,2,region3_8
2019-10-26 09:58,698,655360,786432,2,region3_8
2019-10-26 09:58,698,655360,786432,2,region3_8
2019-10-26 09:58,698,655360,786432,2,region3_8
2019-10-26 09:58,698,655360,786432,2,region3_8
2019-10-26 09:58,698,655360,786432,2,region3_8
2019-10-26 09:58,698,655360,786432,2,region3_8
2019-10-26 09:58,375321,0,8388608,4,region3_1
2019-10-26 09:58,375346,0,8388608,4,region3_6
2019-10-26 09:58,698,655360,786432,2,region3_8
2019-10-26 09:58,698,655360,786432,2,region3_8
2019-10-26 09:58,698,655360,786432,2,region3_8
2019-10-26 09:58,698,655360,786432,2,region3_8
2019-10-26 09:58,698,655360,786432,2,region3_8
2019-10-26 09:58,698,655360,786432,2,region3_8
2019-10-26 09:58,698,655360,786432,2,region3_8
2019-10-26 09:58,698,655360,786432,2,region3_8
2019-10-26 09:58,375476,0,917504,4,region3_0
2019-10-26 09:59,698,655360,786432,2,region3_8
2019-10-26 09:59,698,655360,786432,2,region3_8
2019-10-26 09:59,291829,0,8388608,2,region3_0
2019-10-26 09:59,698,655360,786432,2,region3_8
2019-10-26 09:59,698,655360,786432,2,region3_8
2019-10-26 09:59,698,655360,786432,2,region3_8
2019-10-26 09:59,698,655360,786432,2,region3_8
2019-10-26 09:59,698,655360,786432,2,region3_8
2019-10-26 09:59,698,655360,786432,2,region3_8
2019-10-26 09:59,698,655360,786432,2,region3_8
2019-10-26 09:59,698,655360,786432,2,region3_8
2019-10-26 09:59,698,655360,786432,2,region3_8
2019-10-26 09:59,698,655360,786432,2,region3_8
2019-10-26 09:59,698,655360,786432,2,region3_8
2019-10-26 09:59,698,655360,786432,2,region3_8
2019-10-26 09:59,698,655360,786432,2,region3_8
2019-10-26 09:59,698,655360,786432,2,region3_8
2019-10-26 09:59,698,655360,786432,2,region3_8
2019-10-26 09:59,698,655360,786432,2,region3_8
2019-10-26 09:59,698,655360,786432,2,region3_8
2019-10-26 09:59,698,655360,786432,2,region3_8
2019-10-26 09:59,698,655360,786432,2,region3_8
2019-10-26 09:59,376007,0,8388608,4,region3_1
2019-10-26 09:59,698,655360,786432,2,region3_8
2019-10-26 09:59,698,655360,786432,2,region3_8
2019-10-26 09:59,376044,0,393216,4,region3_2
2019-10-26 09:59,698,655360,786432,2,region3_8
2019-10-26 09:59,698,655360,786432,2,region3_8
2019-10-26 09:59,698,655360,786432,2,region3_8
2019-10-26 09:59,698,655360,786432,2,region3_8
2019-10-26 09:59,698,655360,786432,2,region3_8
2019-10-26 09:59,376163,0,8388608,4,region3_1
2019-10-26 09:59,376185,0,8388608,4,region3_2
2019-10-26 09:59,376309,0,8388608,4,region3_16
2019-10-26 09:59,376384,0,1966080,4,region3_20
2019-10-26 09:59,698,655360,786432,2,region3_8
2019-10-26 09:59,698,655360,786432,2,region3_8
2019-10-26 09:59,698,655360,786432,2,region3_8
2019-10-26 09:59,698,655360,786432,2,region3_8
2019-10-26 09:59,376477,0,8388608,2,region3_7
2019-10-26 09:59,376505,0,2097152,5,region3_3
2019-10-26 09:59,698,655360,786432,2,region3_8
2019-10-26 09:59,698,655360,786432,2,region3_8
2019-10-26 09:59,698,655360,786432,2,region3_8
2019-10-26 09:59,698,655360,786432,2,region3_8
2019-10-26 09:59,698,655360,786432,2,region3_8
2019-10-26 09:59,698,655360,786432,2,region3_8
2019-10-26 09:59,698,655360,786432,2,region3_8
2019-10-26 09:59,698,655360,786432,2,region3_8
2019-10-26 09:59,698,655360,786432,2,region3_8
2019-10-26 09:59,698,655360,786432,2,region3_8
2019-10-26 09:59,698,655360,786432,2,region3_8
2019-10-26 09:59,698,655360,786432,2,region3_8
2019-10-26 09:59,698,655360,786432,2,region3_8
2019-10-26 09:59,698,655360,786432,2,region3_8
2019-10-26 09:59,698,655360,786432,2,region3_8
2019-10-26 09:59,376869,0,8388608,4,region3_1
2019-10-26 09:59,698,655360,786432,2,region3_8
2019-10-26 09:59,698,655360,786432,2,region3_8
2019-10-26 09:59,376968,0,8388608,4,region3_0
2019-10-26 09:59,698,655360,786432,2,region3_8
2019-10-26 09:59,698,655360,786432,2,region3_8
2019-10-26 09:59,377015,0,8388608,2,region3_1
2019-10-26 09:59,698,655360,786432,2,region3_8
2019-10-26 09:59,698,655360,786432,2,region3_8
2019-10-26 09:59,698,655360,786432,2,region3_8
2019-10-26 09:59,377109,0,8388608,4,region3_1
2019-10-26 09:59,698,655360,786432,2,region3_8
2019-10-26 09:59,698,655360,786432,2,region3_8
2019-10-26 09:59,698,655360,786432,2,region3_8
2019-10-26 09:59,698,655360,786432,2,region3_8
2019-10-26 09:59,293162,0,8388608,2,region3_7
2019-10-26 09:59,146243,0,7602176,2,region3_7
2019-10-26 10:00,377214,0,8388608,4,region3_2
2019-10-26 10:00,698,655360,786432,2,region3_8
2019-10-26 10:00,698,655360,786432,2,region3_8
2019-10-26 10:00,698,655360,786432,2,region3_8
2019-10-26 10:00,377320,0,8388608,3,region3_5
2019-10-26 10:00,698,655360,786432,2,region3_8
2019-10-26 10:00,698,655360,786432,2,region3_8
2019-10-26 10:00,53535,0,655360,2,region3_4
2019-10-26 10:00,369514,2883584,5505024,2,region3_4
2019-10-26 10:00,369514,0,3014656,2,region3_4
2019-10-26 10:00,377506,0,8388608,4,region3_1
2019-10-26 10:00,357242,0,3932160,2,region3_4
2019-10-26 10:00,357242,3801088,4587520,2,region3_4
2019-10-26 10:00,377587,0,8388608,2,region3_7
2019-10-26 10:00,369514,2883584,5505024,2,region3_4
2019-10-26 10:00,369514,0,3014656,2,region3_4
2019-10-26 10:00,358185,0,5767168,2,region3_4
2019-10-26 10:00,358185,5636096,2752512,2,region3_4
2019-10-26 10:00,698,655360,786432,2,region3_8
2019-10-26 10:00,698,655360,786432,2,region3_8
2019-10-26 10:00,698,655360,786432,2,region3_8
2019-10-26 10:00,698,655360,786432,2,region3_8
2019-10-26 10:00,377899,0,131072,4,region3_1
2019-10-26 10:00,377975,0,1966080,4,region3_1
2019-10-26 10:00,369514,2883584,5505024,2,region3_4
2019-10-26 10:00,369514,0,3014656,2,region3_4
2019-10-26 10:00,369514,2883584,5505024,2,region3_4
2019-10-26 10:00,369514,0,3014656,2,region3_4
2019-10-26 10:00,378040,0,8388608,4,region3_1
2019-10-26 10:00,378059,0,8388608,4,region3_2
2019-10-26 10:00,698,655360,786432,2,region3_8
2019-10-26 10:00,378188,0,524288,4,region3_14
2019-10-26 10:00,698,655360,786432,2,region3_8
2019-10-26 10:00,378251,0,8388608,4,region3_1
2019-10-26 10:00,378274,0,8388608,3,region3_5
2019-10-26 10:00,698,655360,786432,2,region3_8
2019-10-26 10:00,698,655360,786432,2,region3_8
2019-10-26 10:00,698,655360,786432,2,region3_8
2019-10-26 10:00,698,655360,786432,2,region3_8
2019-10-26 10:00,698,655360,786432,2,region3_8
2019-10-26 10:00,378511,0,8388608,2,region3_7
2019-10-26 10:00,698,655360,786432,2,region3_8
2019-10-26 10:00,698,655360,786432,2,region3_8
2019-10-26 10:00,698,655360,786432,2,region3_8
2019-10-26 10:00,698,655360,786432,2,region3_8
2019-10-26 10:00,378674,0,8388608,4,region3_1
2019-10-26 10:00,698,655360,786432,2,region3_8
2019-10-26 10:00,698,655360,786432,2,region3_8
2019-10-26 10:00,378917,0,8388608,4,region3_2
2019-10-26 10:01,379086,0,131072,4,region3_21
2019-10-26 10:01,379132,0,131072,4,region3_21
2019-10-26 10:01,379153,0,8388608,3,region3_5
2019-10-26 10:01,379168,0,8388608,4,region3_1
2019-10-26 10:01,698,655360,786432,2,region3_8
2019-10-26 10:01,698,655360,786432,2,region3_8
2019-10-26 10:01,698,655360,786432,2,region3_8
2019-10-26 10:01,698,655360,786432,2,region3_8
2019-10-26 10:01,698,655360,786432,2,region3_8
2019-10-26 10:01,698,655360,786432,2,region3_8
2019-10-26 10:01,698,655360,786432,2,region3_8
2019-10-26 10:01,137689,0,131072,2,region3_0
2019-10-26 10:01,379538,0,8388608,2,region3_7
2019-10-26 10:01,379642,0,1310720,4,region3_0
2019-10-26 10:01,379681,0,131072,4,region3_14
2019-10-26 10:01,698,655360,786432,2,region3_8
2019-10-26 10:01,698,655360,786432,2,region3_8
2019-10-26 10:01,698,655360,786432,2,region3_8
2019-10-26 10:01,379829,0,1966080,4,region3_1
2019-10-26 10:01,698,655360,786432,2,region3_8
2019-10-26 10:01,698,655360,786432,2,region3_8
2019-10-26 10:01,698,655360,786432,2,region3_8
2019-10-26 10:01,380045,0,131072,4,region3_21
2019-10-26 10:01,698,655360,786432,2,region3_8
2019-10-26 10:01,698,655360,786432,2,region3_8
2019-10-26 10:01,380197,0,131072,4,region3_14
2019-10-26 10:01,698,655360,786432,2,region3_8
2019-10-26 10:01,380264,0,8388608,3,region3_5
2019-10-26 10:01,698,655360,786432,2,region3_8
2019-10-26 10:01,698,655360,786432,2,region3_8
2019-10-26 10:01,281250,0,6684672,2,region3_7
2019-10-26 10:01,698,655360,786432,2,region3_8
2019-10-26 10:01,380437,0,8388608,4,region3_0
2019-10-26 10:01,380478,0,8388608,4,region3_1
2019-10-26 10:01,380514,0,8388608,4,region3_11
2019-10-26 10:01,698,655360,786432,2,region3_8
2019-10-26 10:01,380596,0,8388608,2,region3_7
2019-10-26 10:01,698,655360,786432,2,region3_8
2019-10-26 10:01,698,655360,786432,2,region3_8
2019-10-26 10:01,380679,0,8388608,2,region3_7
2019-10-26 10:01,698,655360,786432,2,region3_8
2019-10-26 10:01,698,655360,786432,2,region3_8
2019-10-26 10:01,698,655360,786432,2,region3_8
2019-10-26 10:01,380903,0,8388608,4,region3_1
2019-10-26 10:01,380913,0,8388608,2,region3_7
2019-10-26 10:01,698,655360,786432,2,region3_8
2019-10-26 10:02,698,655360,786432,2,region3_8
2019-10-26 10:02,380990,0,8388608,4,region3_2
2019-10-26 10:02,698,655360,786432,2,region3_8
2019-10-26 10:02,698,655360,786432,2,region3_8
2019-10-26 10:02,698,655360,786432,2,region3_8
2019-10-26 10:02,698,655360,786432,2,region3_8
2019-10-26 10:02,201255,0,131072,2,region3_4
2019-10-26 10:02,698,655360,786432,2,region3_8
2019-10-26 10:02,698,655360,786432,2,region3_8
2019-10-26 10:02,698,655360,786432,2,region3_8
2019-10-26 10:02,698,655360,786432,2,region3_8
2019-10-26 10:02,381271,0,8388608,4,region3_1
2019-10-26 10:02,698,655360,786432,2,region3_8
2019-10-26 10:02,698,655360,786432,2,region3_8
2019-10-26 10:02,698,655360,786432,2,region3_8
2019-10-26 10:02,698,655360,786432,2,region3_8
2019-10-26 10:02,698,655360,786432,2,region3_8
2019-10-26 10:02,698,655360,786432,2,region3_8
2019-10-26 10:02,698,655360,786432,2,region3_8
2019-10-26 10:02,698,655360,786432,2,region3_8
2019-10-26 10:02,698,655360,786432,2,region3_8
2019-10-26 10:02,698,655360,786432,2,region3_8
2019-10-26 10:02,698,655360,786432,2,region3_8
2019-10-26 10:02,698,655360,786432,2,region3_8
2019-10-26 10:02,698,655360,786432,2,region3_8
2019-10-26 10:02,381512,0,1966080,2,region3_7
2019-10-26 10:02,381519,0,8388608,4,region3_1
2019-10-26 10:02,698,655360,786432,2,region3_8
2019-10-26 10:02,698,655360,786432,2,region3_8
2019-10-26 10:02,698,655360,786432,2,region3_8
2019-10-26 10:02,381559,0,8388608,5,region3_3
2019-10-26 10:02,698,655360,786432,2,region3_8
2019-10-26 10:02,698,655360,786432,2,region3_8
2019-10-26 10:02,698,655360,786432,2,region3_8
2019-10-26 10:02,698,655360,786432,2,region3_8
2019-10-26 10:02,698,655360,786432,2,region3_8
2019-10-26 10:02,141890,0,131072,2,region3_0
2019-10-26 10:02,135947,0,393216,2,region3_4
2019-10-26 10:02,698,655360,786432,2,region3_8
2019-10-26 10:02,698,655360,786432,2,region3_8
2019-10-26 10:02,698,655360,786432,2,region3_8
2019-10-26 10:02,698,655360,786432,2,region3_8
2019-10-26 10:02,381739,0,8388608,4,region3_1
2019-10-26 10:02,698,655360,786432,2,region3_8
2019-10-26 10:02,144466,0,131072,2,region3_0
2019-10-26 10:02,169425,0,8388608,2,region3_7
2019-10-26 10:02,698,655360,786432,2,region3_8
2019-10-26 10:02,381793,6553600,1835008,2,region3_7
2019-10-26 10:02,381793,0,6684672,2,region3_7
2019-10-26 10:02,381863,0,5898240,4,region3_1
2019-10-26 10:02,698,655360,786432,2,region3_8
2019-10-26 10:02,359873,1966080,6422528,2,region3_4
2019-10-26 10:02,359873,0,2097152,2,region3_4
2019-10-26 10:02,698,655360,786432,2,region3_8
2019-10-26 10:02,382031,0,1179648,4,region3_0
2019-10-26 10:02,698,655360,786432,2,region3_8
2019-10-26 10:02,382120,0,131072,4,region3_14
