Session_ID,Block_ID,IO_Offset,IO_Size,Op_Name,User
2021-10-05 06:57,706169177,7736922,651686,2,region4_1646037697
2021-10-05 06:57,706169177,8292,2730377,2,region4_1646037697
2021-10-05 06:57,706169177,7736922,651686,2,region4_1646037697
2021-10-05 06:57,706169177,8292,2730377,2,region4_1646037697
2021-10-05 06:58,706169177,7736922,651686,2,region4_1646037697
2021-10-05 06:58,706169177,8292,2730377,2,region4_1646037697
2021-10-05 06:58,706169177,8292,2730377,2,region4_1646037697
2021-10-05 06:58,706169177,7736922,651686,2,region4_1646037697
2021-10-05 06:58,706315387,361715,8026893,2,region4_1646037701
2021-10-05 06:58,706169177,8055257,333351,2,region4_1646037697
2021-10-05 06:58,706209848,0,20137,2,region4_1646037703
2021-10-05 06:58,706333553,0,14766096,4,region4_1646037697
2021-10-05 06:58,706316528,0,1048576,5,region4_1646037700
2021-10-05 06:58,706316528,5242880,1048576,5,region4_1646037700
2021-10-05 06:58,706316528,3145728,1048576,5,region4_1646037700
2021-10-05 06:58,706316528,7340032,1048576,5,region4_1646037700
2021-10-05 06:58,706316528,6291456,1048576,5,region4_1646037700
2021-10-05 06:58,706316528,4194304,1048576,5,region4_1646037700
2021-10-05 06:58,706316528,2097152,1048576,5,region4_1646037700
2021-10-05 06:58,706316528,1048576,1048576,5,region4_1646037700
2021-10-05 06:58,706338515,6806503,1582105,2,region4_1646037697
2021-10-05 06:58,706307302,0,57992,2,region4_1646037697
2021-10-05 06:58,706307302,7536061,852547,2,region4_1646037697
2021-10-05 06:58,706307302,7534619,561,2,region4_1646037697
2021-10-05 06:58,706311823,0,14632933,2,region4_1646037701
2021-10-05 06:58,706314340,0,6688532,3,region4_1646037699
2021-10-05 06:58,706229773,595507,1749497,2,region4_1646037697
2021-10-05 06:58,706229773,8072002,316606,2,region4_1646037697
2021-10-05 06:58,706229773,0,709059,2,region4_1646037697
2021-10-05 06:58,706229773,8070571,569,2,region4_1646037697
2021-10-05 06:58,706317408,0,8996,5,region4_1646037700
2021-10-05 06:58,706358764,3145728,84305,5,region4_1646037700
2021-10-05 06:58,706358764,2097152,1048576,5,region4_1646037700
2021-10-05 06:58,706358764,1048576,1048576,5,region4_1646037700
2021-10-05 06:58,706358764,0,1048576,5,region4_1646037700
2021-10-05 06:59,706335420,2097152,1048576,5,region4_1646037700
2021-10-05 06:59,706335420,1048576,1048576,5,region4_1646037700
2021-10-05 06:59,706335420,0,1048576,5,region4_1646037700
2021-10-05 06:59,706364020,0,14829666,2,region4_1646037701
2021-10-05 06:59,706335420,4194304,1048576,5,region4_1646037700
2021-10-05 06:59,706335420,7340032,1048576,5,region4_1646037700
2021-10-05 06:59,706335420,6291456,1048576,5,region4_1646037700
2021-10-05 06:59,706335420,5242880,1048576,5,region4_1646037700
2021-10-05 06:59,706335420,3145728,1048576,5,region4_1646037700
2021-10-05 06:59,706343509,0,21072,5,region4_1646037700
2021-10-05 06:59,706319501,0,221,5,region4_1646037700
2021-10-05 06:59,706318495,0,4194304,1,region4_1646037696
2021-10-05 06:59,706245316,3395601,568,2,region4_1646037697
2021-10-05 06:59,706245316,3397033,3573812,2,region4_1646037697
2021-10-05 06:59,706330012,0,1366943,1,region4_1646037696
2021-10-05 06:59,706319213,0,1312,2,region4_1646037703
2021-10-05 06:59,706319213,0,1312,2,region4_1646037703
2021-10-05 06:59,706330012,1366943,1366943,1,region4_1646037696
2021-10-05 06:59,706330012,2733886,1366943,1,region4_1646037696
2021-10-05 06:59,706317545,0,8388608,5,region4_1646037700
2021-10-05 06:59,706190847,2691918,802,2,region4_1646037703
2021-10-05 06:59,706190847,2677777,16384,2,region4_1646037703
2021-10-05 06:59,706411352,0,8388608,2,region4_1646037701
2021-10-05 06:59,706330012,4100829,1366943,1,region4_1646037696
2021-10-05 06:59,706344393,0,8388608,4,region4_1646037702
2021-10-05 06:59,706190847,2691918,802,2,region4_1646037697
2021-10-05 06:59,706190847,2677777,16384,2,region4_1646037697
2021-10-05 06:59,706330012,5467772,812698,1,region4_1646037696
2021-10-05 06:59,706177303,2338,47236,2,region4_1646037703
2021-10-05 06:59,706318495,4194304,4194304,1,region4_1646037696
2021-10-05 06:59,706357779,2786832,1783612,2,region4_1646037697
2021-10-05 06:59,706376172,7340032,1048576,5,region4_1646037700
2021-10-05 06:59,706376172,6291456,1048576,5,region4_1646037700
2021-10-05 06:59,706376172,5242880,1048576,5,region4_1646037700
2021-10-05 06:59,706376172,4194304,1048576,5,region4_1646037700
2021-10-05 06:59,706376172,3145728,1048576,5,region4_1646037700
2021-10-05 06:59,706376172,2097152,1048576,5,region4_1646037700
2021-10-05 06:59,706376172,1048576,1048576,5,region4_1646037700
2021-10-05 06:59,706376172,0,1048576,5,region4_1646037700
2021-10-05 06:59,706412369,0,1144,2,region4_1646037703
2021-10-05 06:59,706412369,0,1144,2,region4_1646037703
2021-10-05 06:59,706315449,0,1048576,5,region4_1646037700
2021-10-05 06:59,706315449,1048576,1048576,5,region4_1646037700
2021-10-05 06:59,706229705,0,8388608,2,region4_1646037698
2021-10-05 06:59,706245265,0,8388608,2,region4_1646037698
2021-10-05 06:59,706315449,2097152,1048576,5,region4_1646037700
2021-10-05 06:59,706190847,2677777,16384,2,region4_1646037697
2021-10-05 06:59,706190847,2691918,802,2,region4_1646037697
2021-10-05 06:59,706315449,5242880,1048576,5,region4_1646037700
2021-10-05 06:59,706315449,3145728,1048576,5,region4_1646037700
2021-10-05 06:59,706315449,4194304,1048576,5,region4_1646037700
2021-10-05 06:59,706355691,0,6814446,5,region4_1646037700
2021-10-05 06:59,706310556,0,248624,5,region4_1646037700
2021-10-05 06:59,706315449,6291456,949131,5,region4_1646037700
2021-10-05 06:59,706327895,0,8388608,5,region4_1646037700
2021-10-05 06:59,706404429,0,1585216,4,region4_1646037698
2021-10-05 06:59,706321980,0,1270,2,region4_1646037703
2021-10-05 06:59,706321980,0,1270,2,region4_1646037703
2021-10-05 06:59,706177303,710,1040312,2,region4_1646037697
2021-10-05 06:59,706229705,3674833,3633461,2,region4_1646037697
2021-10-05 06:59,706229705,3673356,569,2,region4_1646037697
2021-10-05 06:59,706375353,0,8388608,4,region4_1646037702
2021-10-05 06:59,706163427,0,14604593,2,region4_1646037701
2021-10-05 06:59,706343680,0,1268,2,region4_1646037703
2021-10-05 06:59,706343680,0,1268,2,region4_1646037703
2021-10-05 06:59,706333704,0,2677,2,region4_1646037703
2021-10-05 06:59,706333704,0,2677,2,region4_1646037703
2021-10-05 06:59,706331315,0,4667442,2,region4_1646037698
2021-10-05 06:59,706405424,0,4194304,1,region4_1646037696
2021-10-05 06:59,706435664,0,8388608,2,region4_1646037698
2021-10-05 06:59,706347721,0,8388608,5,region4_1646037700
2021-10-05 06:59,706259246,3327831,3533543,2,region4_1646037697
2021-10-05 06:59,706421665,0,2445,2,region4_1646037703
2021-10-05 06:59,706421665,0,2445,2,region4_1646037703
2021-10-05 06:59,706315366,0,640840,2,region4_1646037698
2021-10-05 06:59,706177303,128,730222,2,region4_1646037697
2021-10-05 06:59,706177303,1442,728908,2,region4_1646037697
2021-10-05 06:59,706177303,1026,729324,2,region4_1646037697
2021-10-05 06:59,706420761,0,8388608,2,region4_1646037698
2021-10-05 06:59,706177303,1491,728859,2,region4_1646037697
2021-10-05 06:59,706177303,1329,729021,2,region4_1646037697
2021-10-05 06:59,706177303,1751,728599,2,region4_1646037697
2021-10-05 06:59,706177303,1241,729109,2,region4_1646037697
2021-10-05 06:59,706177303,291,730059,2,region4_1646037697
2021-10-05 06:59,706177303,847,729503,2,region4_1646037697
2021-10-05 06:59,706177303,710,1040312,2,region4_1646037697
2021-10-05 06:59,706177303,1154,729196,2,region4_1646037697
2021-10-05 06:59,706270804,1129854,575,2,region4_1646037697
2021-10-05 06:59,706293626,0,4663458,2,region4_1646037698
2021-10-05 06:59,706310654,1985602,467,2,region4_1646037697
2021-10-05 06:59,706177303,3,730347,2,region4_1646037697
2021-10-05 06:59,706177303,1618,728732,2,region4_1646037697
2021-10-05 06:59,706177303,468,983946,2,region4_1646037697
2021-10-05 06:59,706270804,7260665,1127943,2,region4_1646037697
2021-10-05 06:59,706270804,1131275,3374306,2,region4_1646037697
2021-10-05 06:59,706177303,934,729416,2,region4_1646037697
2021-10-05 06:59,706453354,0,8388608,2,region4_1646037698
2021-10-05 06:59,706310654,1986279,686,2,region4_1646037697
2021-10-05 06:59,706310654,5054002,751323,2,region4_1646037697
2021-10-05 06:59,706261840,4637714,16384,2,region4_1646037697
2021-10-05 06:59,706382062,0,5908,5,region4_1646037700
2021-10-05 06:59,706461584,0,8388608,5,region4_1646037700
2021-10-05 06:59,706355733,5242880,1048576,5,region4_1646037700
2021-10-05 06:59,706355733,3145728,1048576,5,region4_1646037700
2021-10-05 06:59,706355733,1048576,1048576,5,region4_1646037700
2021-10-05 06:59,706355733,7340032,916181,5,region4_1646037700
2021-10-05 06:59,706355733,2097152,1048576,5,region4_1646037700
2021-10-05 06:59,706355733,0,1048576,5,region4_1646037700
2021-10-05 06:59,706355733,6291456,1048576,5,region4_1646037700
2021-10-05 06:59,706355733,4194304,1048576,5,region4_1646037700
2021-10-05 06:59,706281963,0,8388608,2,region4_1646037698
2021-10-05 06:59,706169177,7736922,651686,2,region4_1646037697
2021-10-05 06:59,706169177,8292,2730377,2,region4_1646037697
2021-10-05 06:59,706256718,1276958,3875051,2,region4_1646037701
2021-10-05 06:59,706169177,7736922,651686,2,region4_1646037697
2021-10-05 07:00,706333553,0,14766096,2,region4_1646037698
2021-10-05 07:00,706256718,5240626,1977746,2,region4_1646037701
2021-10-05 07:00,706169177,8292,2730377,2,region4_1646037697
2021-10-05 07:00,706169177,7736922,651686,2,region4_1646037697
2021-10-05 07:00,706169177,6484974,1903634,2,region4_1646037697
2021-10-05 07:00,706383870,0,8388608,2,region4_1646037701
2021-10-05 07:00,706169177,8292,2730377,2,region4_1646037697
2021-10-05 07:00,706346626,1550963,13257486,2,region4_1646037701
2021-10-05 07:00,706402618,0,3533390,3,region4_1646037699
2021-10-05 07:00,706405424,4194304,4194304,1,region4_1646037696
2021-10-05 07:00,706456839,0,14846282,2,region4_1646037701
2021-10-05 07:00,706169177,8292,2730377,2,region4_1646037697
2021-10-05 07:00,706355574,0,560,5,region4_1646037700
2021-10-05 07:00,706398693,0,393999,2,region4_1646037697
2021-10-05 07:00,706426160,0,8388608,2,region4_1646037698
2021-10-05 07:00,706423659,0,378021,2,region4_1646037697
2021-10-05 07:00,706421309,0,421000,2,region4_1646037697
2021-10-05 07:00,706169177,7736922,651686,2,region4_1646037697
2021-10-05 07:00,706340507,0,8388608,3,region4_1646037696
2021-10-05 07:00,706424671,0,4156330,5,region4_1646037700
2021-10-05 07:00,706421627,0,8388608,2,region4_1646037698
2021-10-05 07:00,706476983,0,2741793,5,region4_1646037700
2021-10-05 07:00,706283160,0,652822,2,region4_1646037697
2021-10-05 07:00,706283160,3449869,1730507,2,region4_1646037697
2021-10-05 07:00,706243215,0,8388608,2,region4_1646037701
2021-10-05 07:00,706434834,0,7004931,3,region4_1646037699
2021-10-05 07:00,706380091,0,8388608,2,region4_1646037698
2021-10-05 07:00,706467144,0,8388608,4,region4_1646037696
2021-10-05 07:00,706251937,0,8388608,2,region4_1646037701
2021-10-05 07:00,706414989,0,419756,4,region4_1646037698
2021-10-05 07:00,706283160,0,8388608,2,region4_1646037698
2021-10-05 07:00,706453430,0,1048576,5,region4_1646037700
2021-10-05 07:00,706464235,0,617917,4,region4_1646037698
2021-10-05 07:00,706468793,0,8388608,2,region4_1646037698
2021-10-05 07:00,706453430,4194304,216155,5,region4_1646037700
2021-10-05 07:00,706453430,3145728,1048576,5,region4_1646037700
2021-10-05 07:00,706453430,2097152,1048576,5,region4_1646037700
2021-10-05 07:00,706453430,1048576,1048576,5,region4_1646037700
2021-10-05 07:00,706230918,0,1349226,2,region4_1646037697
2021-10-05 07:00,706230918,0,50048,2,region4_1646037697
2021-10-05 07:00,706230918,7516275,872333,2,region4_1646037697
2021-10-05 07:00,706230918,7514841,565,2,region4_1646037697
2021-10-05 07:00,706399968,0,901,5,region4_1646037700
2021-10-05 07:00,706261840,4637714,16384,2,region4_1646037697
2021-10-05 07:00,706464290,0,8388608,4,region4_1646037702
2021-10-05 07:00,706467126,1048576,1048576,5,region4_1646037700
2021-10-05 07:00,706467126,2097152,384370,5,region4_1646037700
2021-10-05 07:00,706467126,0,1048576,5,region4_1646037700
2021-10-05 07:00,706482604,0,8388608,2,region4_1646037701
2021-10-05 07:00,706400047,3174,8385434,2,region4_1646037696
2021-10-05 07:00,706462392,0,8388608,2,region4_1646037698
2021-10-05 07:00,706338515,0,8388608,2,region4_1646037698
2021-10-05 07:00,706511151,0,4321904,3,region4_1646037699
2021-10-05 07:00,706414119,2051745,4285118,2,region4_1646037698
2021-10-05 07:00,706414119,0,2051745,2,region4_1646037698
2021-10-05 07:00,706440458,0,4114,5,region4_1646037700
2021-10-05 07:00,706322659,0,8388608,2,region4_1646037698
2021-10-05 07:00,706508258,0,36093,3,region4_1646037699
2021-10-05 07:00,706276325,1181333,1817,2,region4_1646037697
2021-10-05 07:00,706276325,1300493,16384,2,region4_1646037697
2021-10-05 07:00,706488878,0,8388608,2,region4_1646037698
2021-10-05 07:00,706510057,6291456,1048576,5,region4_1646037700
2021-10-05 07:00,706510057,3145728,1048576,5,region4_1646037700
2021-10-05 07:00,706510057,1048576,1048576,5,region4_1646037700
2021-10-05 07:00,706510057,7340032,1048576,5,region4_1646037700
2021-10-05 07:00,706510057,5242880,1048576,5,region4_1646037700
2021-10-05 07:00,706510057,4194304,1048576,5,region4_1646037700
2021-10-05 07:00,706510057,2097152,1048576,5,region4_1646037700
2021-10-05 07:00,706510057,0,1048576,5,region4_1646037700
2021-10-05 07:00,706479736,0,431329,4,region4_1646037698
2021-10-05 07:00,706402720,3459797,1671010,2,region4_1646037701
2021-10-05 07:00,706402720,0,1349793,2,region4_1646037701
2021-10-05 07:00,706402720,3510664,449634,2,region4_1646037701
2021-10-05 07:01,706169209,0,8388608,2,region4_1646037701
2021-10-05 07:01,706404574,5083551,16384,2,region4_1646037697
2021-10-05 07:01,706404574,5096379,1484,2,region4_1646037697
2021-10-05 07:01,706467140,2097152,1048576,5,region4_1646037700
2021-10-05 07:01,706467140,1048576,1048576,5,region4_1646037700
2021-10-05 07:01,706467140,0,1048576,5,region4_1646037700
2021-10-05 07:01,706467140,3145728,1048576,5,region4_1646037700
2021-10-05 07:01,706389476,0,8388608,2,region4_1646037698
2021-10-05 07:01,706245265,7236810,559,2,region4_1646037697
2021-10-05 07:01,706467140,5242880,1048576,5,region4_1646037700
2021-10-05 07:01,706467140,4194304,1048576,5,region4_1646037700
2021-10-05 07:01,706503025,0,1250313,5,region4_1646037700
2021-10-05 07:01,706245265,7238239,1150369,2,region4_1646037697
2021-10-05 07:01,706270623,0,1891733,2,region4_1646037697
2021-10-05 07:01,706467140,7340032,1048576,5,region4_1646037700
2021-10-05 07:01,706467140,6291456,1048576,5,region4_1646037700
2021-10-05 07:01,706524362,0,2492285,4,region4_1646037702
2021-10-05 07:01,706545074,0,7500017,2,region4_1646037701
2021-10-05 07:01,706407268,0,8388608,5,region4_1646037700
2021-10-05 07:01,706310654,1985602,467,2,region4_1646037697
2021-10-05 07:01,706322659,4515379,563,2,region4_1646037697
2021-10-05 07:01,706322659,4516795,3391064,2,region4_1646037697
2021-10-05 07:01,706256951,5969956,1784317,2,region4_1646037697
2021-10-05 07:01,706256951,0,3109218,2,region4_1646037697
2021-10-05 07:01,706469645,2097152,1048576,5,region4_1646037700
2021-10-05 07:01,706469645,1048576,1048576,5,region4_1646037700
2021-10-05 07:01,706469645,0,1048576,5,region4_1646037700
2021-10-05 07:01,706551203,0,8388608,2,region4_1646037698
2021-10-05 07:01,706469645,7340032,1048576,5,region4_1646037700
2021-10-05 07:01,706469645,6291456,1048576,5,region4_1646037700
2021-10-05 07:01,706469645,5242880,1048576,5,region4_1646037700
2021-10-05 07:01,706469645,4194304,1048576,5,region4_1646037700
2021-10-05 07:01,706469645,3145728,1048576,5,region4_1646037700
2021-10-05 07:01,706256951,0,8388608,2,region4_1646037698
2021-10-05 07:01,706272350,0,394334,2,region4_1646037697
2021-10-05 07:01,706272350,7964928,566,2,region4_1646037697
2021-10-05 07:01,706272350,7966365,422243,2,region4_1646037697
2021-10-05 07:01,706310654,1986279,3819046,2,region4_1646037697
2021-10-05 07:01,706485183,0,174,5,region4_1646037700
2021-10-05 07:01,706513754,0,8388608,2,region4_1646037701
2021-10-05 07:01,706450571,0,27,5,region4_1646037700
2021-10-05 07:01,706529432,0,9469374,2,region4_1646037698
2021-10-05 07:01,706307240,0,760788,2,region4_1646037703
2021-10-05 07:01,706529432,9469374,5378130,2,region4_1646037698
2021-10-05 07:01,706431725,0,10881186,2,region4_1646037698
2021-10-05 07:01,706165036,0,44,2,region4_1646037703
2021-10-05 07:01,706261840,4637714,16384,2,region4_1646037697
2021-10-05 07:01,706165036,0,44,2,region4_1646037697
2021-10-05 07:01,706165036,0,44,2,region4_1646037703
2021-10-05 07:01,706297487,0,13410374,4,region4_1646037697
2021-10-05 07:01,706165036,0,44,2,region4_1646037703
2021-10-05 07:01,706165036,0,44,2,region4_1646037697
2021-10-05 07:01,706460591,0,8388608,4,region4_1646037698
2021-10-05 07:01,706530410,0,8388608,5,region4_1646037700
2021-10-05 07:01,706560804,0,8388608,5,region4_1646037700
2021-10-05 07:01,706562721,0,8388608,5,region4_1646037700
2021-10-05 07:01,706465129,0,3427422,1,region4_1646037696
2021-10-05 07:01,706548527,0,8388608,3,region4_1646037696
2021-10-05 07:01,706389476,108255,575,2,region4_1646037697
2021-10-05 07:01,706533038,0,14632966,2,region4_1646037701
2021-10-05 07:01,706389476,109679,3384460,2,region4_1646037697
2021-10-05 07:01,706389476,6245918,1706188,2,region4_1646037697
2021-10-05 07:01,706588240,0,8388608,4,region4_1646037698
2021-10-05 07:01,706519964,0,8388608,2,region4_1646037701
2021-10-05 07:01,706500606,0,8388608,2,region4_1646037701
2021-10-05 07:01,706513744,0,444017,2,region4_1646037697
2021-10-05 07:01,706497065,0,738403,5,region4_1646037700
2021-10-05 07:01,706562600,1463813,13375871,2,region4_1646037701
2021-10-05 07:01,706479827,0,8388608,4,region4_1646037698
2021-10-05 07:01,706463338,0,3683292,2,region4_1646037703
2021-10-05 07:01,706463338,0,3683292,2,region4_1646037703
2021-10-05 07:01,706463338,0,3683292,2,region4_1646037703
2021-10-05 07:01,706475196,0,8014040,2,region4_1646037698
2021-10-05 07:01,706477831,2097152,1031205,5,region4_1646037700
2021-10-05 07:01,706477831,0,1048576,5,region4_1646037700
2021-10-05 07:01,706477831,1048576,1048576,5,region4_1646037700
2021-10-05 07:01,706261316,0,8088976,2,region4_1646037701
2021-10-05 07:01,706351376,1852012,1653994,2,region4_1646037697
2021-10-05 07:01,706593475,0,8388608,2,region4_1646037701
2021-10-05 07:01,706169177,7736922,651686,2,region4_1646037697
2021-10-05 07:01,706169177,8292,2730377,2,region4_1646037697
2021-10-05 07:01,706261840,3948852,540,2,region4_1646037697
2021-10-05 07:01,706169177,8292,2730377,2,region4_1646037697
2021-10-05 07:01,706169177,7736922,651686,2,region4_1646037697
2021-10-05 07:02,706261840,3949451,66140,2,region4_1646037697
2021-10-05 07:02,706261840,4082732,475,2,region4_1646037697
2021-10-05 07:02,706169177,7736922,651686,2,region4_1646037697
2021-10-05 07:02,706169177,8292,2730377,2,region4_1646037697
2021-10-05 07:02,706169177,7736922,651686,2,region4_1646037697
2021-10-05 07:02,706460899,1539833,3115247,2,region4_1646037697
2021-10-05 07:02,706460899,1538419,543,2,region4_1646037697
2021-10-05 07:02,706169177,8292,2730377,2,region4_1646037697
2021-10-05 07:02,706205291,7889243,211019,2,region4_1646037697
2021-10-05 07:02,706205291,1004,1829976,2,region4_1646037697
2021-10-05 07:02,706488076,0,4194304,2,region4_1646037698
2021-10-05 07:02,706205291,1004,1829976,2,region4_1646037697
2021-10-05 07:02,706488076,4194304,4194304,2,region4_1646037698
2021-10-05 07:02,706555645,0,9763352,2,region4_1646037698
2021-10-05 07:02,706576514,0,33979,5,region4_1646037700
2021-10-05 07:02,706293626,4315104,348354,2,region4_1646037697
2021-10-05 07:02,706293626,4313722,543,2,region4_1646037697
2021-10-05 07:02,706589083,0,5367445,4,region4_1646037698
2021-10-05 07:02,706174696,3715902,14752,2,region4_1646037697
2021-10-05 07:02,706174696,4692496,16384,2,region4_1646037697
2021-10-05 07:02,706174696,4687815,4681,2,region4_1646037697
2021-10-05 07:02,706174696,4692496,16384,2,region4_1646037697
2021-10-05 07:02,706508339,2097152,1048576,5,region4_1646037700
2021-10-05 07:02,706508339,1048576,1048576,5,region4_1646037700
2021-10-05 07:02,706508339,5242880,1048576,5,region4_1646037700
2021-10-05 07:02,706508339,4194304,1048576,5,region4_1646037700
2021-10-05 07:02,706508339,3145728,1048576,5,region4_1646037700
2021-10-05 07:02,706508339,0,1048576,5,region4_1646037700
2021-10-05 07:02,706508339,7340032,1048576,5,region4_1646037700
2021-10-05 07:02,706508339,6291456,1048576,5,region4_1646037700
2021-10-05 07:02,706574185,0,6647712,3,region4_1646037699
2021-10-05 07:02,706559021,0,7498239,2,region4_1646037701
2021-10-05 07:02,706533882,0,10079,5,region4_1646037700
2021-10-05 07:02,706174696,3715902,14752,2,region4_1646037697
2021-10-05 07:02,706573091,7371782,607680,2,region4_1646037701
2021-10-05 07:02,706573091,0,4251801,2,region4_1646037701
2021-10-05 07:02,706607957,0,13271095,2,region4_1646037698
2021-10-05 07:02,706607957,13271095,1539468,2,region4_1646037698
2021-10-05 07:02,706623155,1048576,185717,5,region4_1646037700
2021-10-05 07:02,706623155,0,1048576,5,region4_1646037700
2021-10-05 07:02,706556505,0,8388608,2,region4_1646037698
2021-10-05 07:02,706582393,0,14826088,2,region4_1646037701
2021-10-05 07:02,706612819,3145728,1048576,5,region4_1646037700
2021-10-05 07:02,706612819,1048576,1048576,5,region4_1646037700
2021-10-05 07:02,706612819,2097152,1048576,5,region4_1646037700
2021-10-05 07:02,706612819,0,1048576,5,region4_1646037700
2021-10-05 07:02,706618998,0,14497923,2,region4_1646037698
2021-10-05 07:02,706612819,7340032,1048576,5,region4_1646037700
2021-10-05 07:02,706612819,6291456,1048576,5,region4_1646037700
2021-10-05 07:02,706612819,5242880,1048576,5,region4_1646037700
2021-10-05 07:02,706612819,4194304,1048576,5,region4_1646037700
2021-10-05 07:02,706604577,4194304,1048576,5,region4_1646037700
2021-10-05 07:02,706604577,3145728,1048576,5,region4_1646037700
2021-10-05 07:02,706604577,2097152,1048576,5,region4_1646037700
2021-10-05 07:02,706604577,1048576,1048576,5,region4_1646037700
2021-10-05 07:02,706604577,0,1048576,5,region4_1646037700
2021-10-05 07:02,706548496,0,8388608,2,region4_1646037698
2021-10-05 07:02,706604577,7340032,447009,5,region4_1646037700
2021-10-05 07:02,706604577,5242880,1048576,5,region4_1646037700
2021-10-05 07:02,706604577,6291456,1048576,5,region4_1646037700
2021-10-05 07:02,706624194,0,5353960,2,region4_1646037701
2021-10-05 07:02,706576504,0,8388608,4,region4_1646037698
2021-10-05 07:02,706269803,0,1556230,2,region4_1646037697
2021-10-05 07:02,706404863,0,14629485,2,region4_1646037701
2021-10-05 07:02,706558046,0,2109957,5,region4_1646037700
2021-10-05 07:02,706616439,0,8388608,3,region4_1646037696
2021-10-05 07:02,706603838,0,8388608,2,region4_1646037701
2021-10-05 07:02,706523377,0,1048576,5,region4_1646037700
2021-10-05 07:02,706523377,1048576,13147,5,region4_1646037700
2021-10-05 07:02,706269803,0,1556230,2,region4_1646037703
2021-10-05 07:02,706580565,0,1048576,5,region4_1646037700
2021-10-05 07:02,706647912,0,8388608,2,region4_1646037698
2021-10-05 07:02,706638973,0,8388608,3,region4_1646037696
2021-10-05 07:02,706269803,0,1556230,2,region4_1646037703
2021-10-05 07:02,706580565,1048576,82159,5,region4_1646037700
2021-10-05 07:02,706612998,0,8388608,3,region4_1646037696
2021-10-05 07:02,706655814,0,8388608,2,region4_1646037698
2021-10-05 07:02,706552211,0,15374,1,region4_1646037696
2021-10-05 07:02,706623049,0,7799584,2,region4_1646037701
2021-10-05 07:02,706605472,0,8388608,2,region4_1646037701
2021-10-05 07:02,706634840,0,651624,2,region4_1646037697
2021-10-05 07:02,706552211,15374,8365547,1,region4_1646037696
2021-10-05 07:02,706570453,0,698837,2,region4_1646037697
2021-10-05 07:02,706287153,0,8388608,3,region4_1646037696
2021-10-05 07:02,706654922,0,2667583,3,region4_1646037696
2021-10-05 07:02,706578327,3145728,995089,5,region4_1646037700
2021-10-05 07:02,706578327,2097152,1048576,5,region4_1646037700
2021-10-05 07:02,706578327,0,1048576,5,region4_1646037700
2021-10-05 07:02,706578327,1048576,1048576,5,region4_1646037700
2021-10-05 07:02,706612990,0,8388608,5,region4_1646037700
2021-10-05 07:02,706653446,0,1048576,5,region4_1646037700
2021-10-05 07:02,706669090,0,2301893,2,region4_1646037698
2021-10-05 07:02,706653446,1048576,1048576,5,region4_1646037700
2021-10-05 07:03,706653446,2097152,1048576,5,region4_1646037700
2021-10-05 07:03,706573259,0,5735354,2,region4_1646037701
2021-10-05 07:03,706629159,0,8388608,2,region4_1646037701
2021-10-05 07:03,706653446,3145728,1048576,5,region4_1646037700
2021-10-05 07:03,706653446,5242880,1048576,5,region4_1646037700
2021-10-05 07:03,706653446,4194304,1048576,5,region4_1646037700
2021-10-05 07:03,706653446,6291456,1048576,5,region4_1646037700
2021-10-05 07:03,706653446,8388608,1048576,5,region4_1646037700
2021-10-05 07:03,706653446,7340032,1048576,5,region4_1646037700
2021-10-05 07:03,706653446,9437184,420182,5,region4_1646037700
2021-10-05 07:03,706596104,0,10485760,5,region4_1646037700
2021-10-05 07:03,706603946,7515797,872811,2,region4_1646037701
2021-10-05 07:03,706603946,0,4113880,2,region4_1646037701
2021-10-05 07:03,706609500,0,8388608,2,region4_1646037698
2021-10-05 07:03,706664866,0,1048576,5,region4_1646037700
2021-10-05 07:03,706664866,1048576,1048576,5,region4_1646037700
2021-10-05 07:03,706596104,10485760,4171274,5,region4_1646037700
2021-10-05 07:03,706664866,3145728,1048576,5,region4_1646037700
2021-10-05 07:03,706664866,2097152,1048576,5,region4_1646037700
2021-10-05 07:03,706664866,5242880,219776,5,region4_1646037700
2021-10-05 07:03,706664866,4194304,1048576,5,region4_1646037700
2021-10-05 07:03,706609478,0,2482889,5,region4_1646037700
2021-10-05 07:03,706665581,6291456,1048576,5,region4_1646037700
2021-10-05 07:03,706665581,5242880,1048576,5,region4_1646037700
2021-10-05 07:03,706665581,3145728,1048576,5,region4_1646037700
2021-10-05 07:03,706665581,2097152,1048576,5,region4_1646037700
2021-10-05 07:03,706665581,1048576,1048576,5,region4_1646037700
2021-10-05 07:03,706665581,0,1048576,5,region4_1646037700
2021-10-05 07:03,706665581,4194304,1048576,5,region4_1646037700
2021-10-05 07:03,706665581,7340032,1048576,5,region4_1646037700
2021-10-05 07:03,706652701,0,1409765,4,region4_1646037698
2021-10-05 07:03,706676252,0,6712589,3,region4_1646037699
2021-10-05 07:03,706628184,0,10485760,5,region4_1646037700
2021-10-05 07:03,706574037,0,19378,5,region4_1646037700
2021-10-05 07:03,706599826,664,7530234,2,region4_1646037701
2021-10-05 07:03,706669159,0,8388608,5,region4_1646037700
2021-10-05 07:03,706656581,0,8388608,2,region4_1646037698
2021-10-05 07:03,706579849,0,1865947,2,region4_1646037698
2021-10-05 07:03,706628184,10485760,4294116,5,region4_1646037700
2021-10-05 07:03,706669070,0,1238,5,region4_1646037700
2021-10-05 07:03,706245711,584082,829722,2,region4_1646037703
2021-10-05 07:03,706619984,0,3671331,4,region4_1646037702
2021-10-05 07:03,706245711,584082,829722,2,region4_1646037703
2021-10-05 07:03,706580584,4245799,874513,2,region4_1646037697
2021-10-05 07:03,706181155,1606203,846522,2,region4_1646037703
2021-10-05 07:03,706181155,1606203,846522,2,region4_1646037703
2021-10-05 07:03,706673099,2994635,286956,2,region4_1646037703
2021-10-05 07:03,706643923,0,7744060,2,region4_1646037698
2021-10-05 07:03,706600584,0,3412282,5,region4_1646037700
2021-10-05 07:03,706227741,8363881,24727,2,region4_1646037703
2021-10-05 07:03,706227741,3516719,11504,2,region4_1646037703
2021-10-05 07:03,706227741,4734775,119575,2,region4_1646037703
2021-10-05 07:03,706227741,3470133,2076,2,region4_1646037703
2021-10-05 07:03,706596293,0,384099,2,region4_1646037697
2021-10-05 07:03,706678604,710641,765900,2,region4_1646037701
2021-10-05 07:03,706678604,3017877,3563616,2,region4_1646037701
2021-10-05 07:03,706726793,2097152,1048576,5,region4_1646037700
2021-10-05 07:03,706726793,0,1048576,5,region4_1646037700
2021-10-05 07:03,706726793,3145728,223397,5,region4_1646037700
2021-10-05 07:03,706726793,1048576,1048576,5,region4_1646037700
2021-10-05 07:03,706682604,0,14838736,2,region4_1646037701
2021-10-05 07:03,706208277,1295218,804455,2,region4_1646037703
2021-10-05 07:03,706721104,0,18632,1,region4_1646037696
2021-10-05 07:03,706682533,0,14816138,2,region4_1646037701
2021-10-05 07:03,706721104,18632,8360660,1,region4_1646037696
2021-10-05 07:03,706633320,6291456,1048576,5,region4_1646037700
2021-10-05 07:03,706633320,4194304,1048576,5,region4_1646037700
2021-10-05 07:03,706633320,3145728,1048576,5,region4_1646037700
2021-10-05 07:03,706633320,2097152,1048576,5,region4_1646037700
2021-10-05 07:03,706633320,7340032,162139,5,region4_1646037700
2021-10-05 07:03,706633320,5242880,1048576,5,region4_1646037700
2021-10-05 07:03,706633320,1048576,1048576,5,region4_1646037700
2021-10-05 07:03,706633320,0,1048576,5,region4_1646037700
2021-10-05 07:03,706725110,13961680,705,2,region4_1646037697
2021-10-05 07:03,706727425,0,8388608,2,region4_1646037701
2021-10-05 07:03,706725110,0,2858570,2,region4_1646037697
2021-10-05 07:03,706189798,8378366,10242,2,region4_1646037703
2021-10-05 07:03,706725110,2858570,8388608,2,region4_1646037697
2021-10-05 07:03,706169177,7736922,651686,2,region4_1646037697
2021-10-05 07:03,706169177,8292,2730377,2,region4_1646037697
2021-10-05 07:04,706300094,180,153922,2,region4_1646037697
2021-10-05 07:04,706300094,4491335,51380,2,region4_1646037697
2021-10-05 07:04,706169177,8292,2730377,2,region4_1646037697
2021-10-05 07:04,706245711,584082,829722,2,region4_1646037703
2021-10-05 07:04,706169177,7736922,651686,2,region4_1646037697
2021-10-05 07:04,706511151,0,4321904,1,region4_1646037696
2021-10-05 07:04,706675490,1004844,833939,2,region4_1646037697
2021-10-05 07:04,706725110,11247178,2714502,2,region4_1646037697
2021-10-05 07:04,706660235,0,8388608,2,region4_1646037698
2021-10-05 07:04,706169177,8292,2730377,2,region4_1646037697
2021-10-05 07:04,706245711,5425575,1071646,2,region4_1646037703
2021-10-05 07:04,706181155,1606203,846522,2,region4_1646037703
2021-10-05 07:04,706169177,7736922,651686,2,region4_1646037697
2021-10-05 07:04,706181155,6540545,222167,2,region4_1646037703
2021-10-05 07:04,706181155,1766067,1311057,2,region4_1646037703
2021-10-05 07:04,706169177,8292,2730377,2,region4_1646037697
2021-10-05 07:04,706245711,584082,829722,2,region4_1646037703
2021-10-05 07:04,706676280,5242880,1048576,5,region4_1646037700
2021-10-05 07:04,706676280,3145728,1048576,5,region4_1646037700
2021-10-05 07:04,706676280,2097152,1048576,5,region4_1646037700
2021-10-05 07:04,706676280,0,1048576,5,region4_1646037700
2021-10-05 07:04,706676280,6291456,147399,5,region4_1646037700
2021-10-05 07:04,706676280,4194304,1048576,5,region4_1646037700
2021-10-05 07:04,706676280,1048576,1048576,5,region4_1646037700
2021-10-05 07:04,706620767,0,11048967,2,region4_1646037698
2021-10-05 07:04,706245711,584082,829722,2,region4_1646037703
2021-10-05 07:04,706684891,1837275,840840,2,region4_1646037701
2021-10-05 07:04,706684891,0,217972,2,region4_1646037701
2021-10-05 07:04,706245711,0,584082,2,region4_1646037703
2021-10-05 07:04,706181155,1606203,846522,2,region4_1646037703
2021-10-05 07:04,706181155,6552450,1091303,2,region4_1646037703
2021-10-05 07:04,706627474,0,7377217,4,region4_1646037702
2021-10-05 07:04,706666844,1213363,2794700,2,region4_1646037697
2021-10-05 07:04,706169177,7736922,651686,2,region4_1646037697
2021-10-05 07:04,706254683,1636488,1354538,2,region4_1646037697
2021-10-05 07:04,706254683,1631424,554,2,region4_1646037697
2021-10-05 07:04,706254683,4050735,1352105,2,region4_1646037697
2021-10-05 07:04,706717950,0,3611333,3,region4_1646037699
2021-10-05 07:04,706295764,3261,2314363,2,region4_1646037697
2021-10-05 07:04,706261840,4637714,16384,2,region4_1646037697
2021-10-05 07:04,706181155,0,791192,2,region4_1646037703
2021-10-05 07:04,706760949,0,711272,5,region4_1646037700
2021-10-05 07:04,706167935,0,910304,2,region4_1646037703
2021-10-05 07:04,706227741,6351868,155943,2,region4_1646037703
2021-10-05 07:04,706227741,3526785,3064,2,region4_1646037703
2021-10-05 07:04,706721725,0,7653909,2,region4_1646037701
2021-10-05 07:04,706202255,0,14597493,2,region4_1646037701
2021-10-05 07:04,706753155,0,8388608,4,region4_1646037702
2021-10-05 07:04,706227741,3470133,2076,2,region4_1646037703
2021-10-05 07:04,706227741,3492874,1361476,2,region4_1646037703
2021-10-05 07:04,706227741,3523755,1092836,2,region4_1646037703
2021-10-05 07:04,706767466,0,1415891,2,region4_1646037696
2021-10-05 07:04,706208277,1295218,804455,2,region4_1646037703
2021-10-05 07:04,706208277,5988360,1038274,2,region4_1646037703
2021-10-05 07:04,706423158,0,8388608,2,region4_1646037701
2021-10-05 07:04,706774560,4194304,1048576,5,region4_1646037700
2021-10-05 07:04,706774560,3145728,1048576,5,region4_1646037700
2021-10-05 07:04,706774560,2097152,1048576,5,region4_1646037700
2021-10-05 07:04,706774560,1048576,1048576,5,region4_1646037700
2021-10-05 07:04,706774560,0,1048576,5,region4_1646037700
2021-10-05 07:04,706462773,0,8388608,2,region4_1646037701
2021-10-05 07:04,706774560,12582912,1048576,5,region4_1646037700
2021-10-05 07:04,706774560,10485760,1048576,5,region4_1646037700
2021-10-05 07:04,706774560,14680064,125488,5,region4_1646037700
2021-10-05 07:04,706774560,13631488,1048576,5,region4_1646037700
2021-10-05 07:04,706774560,11534336,1048576,5,region4_1646037700
2021-10-05 07:04,706774560,9437184,1048576,5,region4_1646037700
2021-10-05 07:04,706774560,8388608,1048576,5,region4_1646037700
2021-10-05 07:04,706774560,7340032,1048576,5,region4_1646037700
2021-10-05 07:04,706774560,6291456,1048576,5,region4_1646037700
2021-10-05 07:04,706774560,5242880,1048576,5,region4_1646037700
2021-10-05 07:04,706261840,4637714,16384,2,region4_1646037697
2021-10-05 07:04,706656605,0,8388608,5,region4_1646037700
2021-10-05 07:04,706733282,0,14834901,2,region4_1646037701
2021-10-05 07:04,706189798,8378366,10242,2,region4_1646037703
2021-10-05 07:04,706156065,150,2529832,2,region4_1646037703
2021-10-05 07:04,706269803,0,1556230,2,region4_1646037703
2021-10-05 07:04,706708348,0,99038,5,region4_1646037700
2021-10-05 07:04,706435664,3142570,3563341,2,region4_1646037697
2021-10-05 07:04,706435664,3137753,566,2,region4_1646037697
2021-10-05 07:04,706468793,0,215007,2,region4_1646037697
2021-10-05 07:04,706189798,6700498,835206,2,region4_1646037703
2021-10-05 07:04,706189798,4533235,649481,2,region4_1646037703
2021-10-05 07:04,706616439,0,2097152,1,region4_1646037696
2021-10-05 07:04,706656616,0,5052390,2,region4_1646037701
2021-10-05 07:04,706714320,0,8388608,5,region4_1646037700
2021-10-05 07:04,706165511,150,2815698,2,region4_1646037703
2021-10-05 07:04,706737858,882265,7506343,2,region4_1646037701
2021-10-05 07:04,706741791,0,7704428,4,region4_1646037702
2021-10-05 07:04,706763415,0,14098097,2,region4_1646037698
2021-10-05 07:04,706743379,0,5429857,2,region4_1646037696
2021-10-05 07:04,706767466,1420514,6968094,2,region4_1646037696
2021-10-05 07:04,706775841,0,2377903,4,region4_1646037702
2021-10-05 07:04,706170776,1134620,540760,2,region4_1646037703
2021-10-05 07:04,706170776,32085,7800,2,region4_1646037703
2021-10-05 07:04,706769103,0,973632,5,region4_1646037700
2021-10-05 07:04,706208277,1295218,804455,2,region4_1646037703
2021-10-05 07:04,706156325,2655599,210407,2,region4_1646037703
2021-10-05 07:04,706230280,5422976,1324444,2,region4_1646037703
2021-10-05 07:04,706731423,0,4528,1,region4_1646037696
2021-10-05 07:04,706667649,1048576,1048576,5,region4_1646037700
2021-10-05 07:04,706667649,0,1048576,5,region4_1646037700
2021-10-05 07:04,706667649,3145728,1048576,5,region4_1646037700
2021-10-05 07:04,706667649,2097152,1048576,5,region4_1646037700
2021-10-05 07:04,706261840,4637714,16384,2,region4_1646037697
2021-10-05 07:04,706731423,4528,8381816,1,region4_1646037696
2021-10-05 07:04,706187792,3769580,150189,2,region4_1646037703
2021-10-05 07:04,706187792,1628185,114943,2,region4_1646037703
2021-10-05 07:04,706187792,427478,9631,2,region4_1646037703
2021-10-05 07:04,706667649,4194304,1048576,5,region4_1646037700
2021-10-05 07:04,706667649,7340032,1048576,5,region4_1646037700
2021-10-05 07:04,706667649,6291456,1048576,5,region4_1646037700
2021-10-05 07:04,706667649,5242880,1048576,5,region4_1646037700
2021-10-05 07:04,706187792,388595,2061,2,region4_1646037703
2021-10-05 07:04,706186404,6974613,113560,2,region4_1646037703
2021-10-05 07:04,706186404,5574920,9331,2,region4_1646037703
2021-10-05 07:04,706186404,5536979,2023,2,region4_1646037703
2021-10-05 07:04,706165509,150,2951451,2,region4_1646037703
2021-10-05 07:04,706188224,3593757,715752,2,region4_1646037703
2021-10-05 07:04,706313367,854478,7534130,2,region4_1646037701
2021-10-05 07:04,706675389,0,7373708,2,region4_1646037701
2021-10-05 07:04,706616439,2097152,2097152,1,region4_1646037696
2021-10-05 07:04,706722556,0,8388608,4,region4_1646037698
2021-10-05 07:05,706246569,0,5622444,4,region4_1646037698
2021-10-05 07:05,706776934,0,3005890,2,region4_1646037698
2021-10-05 07:05,706421627,0,3287120,2,region4_1646037697
2021-10-05 07:05,706228379,2097152,797019,5,region4_1646037700
2021-10-05 07:05,706228379,1048576,1048576,5,region4_1646037700
2021-10-05 07:05,706228379,0,1048576,5,region4_1646037700
2021-10-05 07:05,706690527,0,4409606,4,region4_1646037698
2021-10-05 07:05,706733707,0,203,5,region4_1646037700
2021-10-05 07:05,706733782,0,8388608,4,region4_1646037698
2021-10-05 07:05,706765743,0,7886385,2,region4_1646037698
2021-10-05 07:05,706234379,0,4668532,4,region4_1646037698
2021-10-05 07:05,706737855,0,8388608,4,region4_1646037702
2021-10-05 07:05,706188283,1186985,165986,2,region4_1646037703
2021-10-05 07:05,706317290,0,2097152,1,region4_1646037696
2021-10-05 07:05,706220522,3871863,2053,2,region4_1646037703
2021-10-05 07:05,706188283,8361522,27086,2,region4_1646037703
2021-10-05 07:05,706706812,0,456154,5,region4_1646037700
2021-10-05 07:05,706220522,7524555,164516,2,region4_1646037703
2021-10-05 07:05,706220522,5028052,116122,2,region4_1646037703
2021-10-05 07:05,706220522,3912899,10160,2,region4_1646037703
2021-10-05 07:05,706187372,666591,117863,2,region4_1646037703
2021-10-05 07:05,706187372,2723365,193242,2,region4_1646037703
2021-10-05 07:05,706187372,3659575,195908,2,region4_1646037703
2021-10-05 07:05,706746677,0,8388608,2,region4_1646037701
2021-10-05 07:05,706245711,584082,829722,2,region4_1646037703
2021-10-05 07:05,706156065,150,2529832,2,region4_1646037703
2021-10-05 07:05,706616439,4194304,2097152,1,region4_1646037696
2021-10-05 07:05,706699170,0,11410782,2,region4_1646037698
2021-10-05 07:05,706707595,0,7997153,2,region4_1646037698
2021-10-05 07:05,706205291,86,328247,2,region4_1646037703
2021-10-05 07:05,706205291,7889243,211019,2,region4_1646037703
2021-10-05 07:05,706205291,1813843,17137,2,region4_1646037703
2021-10-05 07:05,706230480,0,8388608,4,region4_1646037698
2021-10-05 07:05,706245083,3145728,1048576,5,region4_1646037700
2021-10-05 07:05,706245083,1048576,1048576,5,region4_1646037700
2021-10-05 07:05,706245083,2097152,1048576,5,region4_1646037700
2021-10-05 07:05,706245083,0,1048576,5,region4_1646037700
2021-10-05 07:05,706245083,4194304,1048576,5,region4_1646037700
2021-10-05 07:05,706245711,584082,829722,2,region4_1646037703
2021-10-05 07:05,706165511,150,2815698,2,region4_1646037703
2021-10-05 07:05,706205291,7889243,211019,2,region4_1646037703
2021-10-05 07:05,706205291,1813843,17137,2,region4_1646037703
2021-10-05 07:05,706245083,7340032,1048576,5,region4_1646037700
2021-10-05 07:05,706245083,5242880,1048576,5,region4_1646037700
2021-10-05 07:05,706245083,6291456,1048576,5,region4_1646037700
2021-10-05 07:05,706205291,86,328247,2,region4_1646037703
2021-10-05 07:05,706205291,7889243,211019,2,region4_1646037703
2021-10-05 07:05,706205291,1813843,17137,2,region4_1646037703
2021-10-05 07:05,706205291,86,328247,2,region4_1646037703
2021-10-05 07:05,706338515,6805034,566,2,region4_1646037697
2021-10-05 07:05,706771733,0,8388608,2,region4_1646037701
2021-10-05 07:05,706231895,0,8388608,2,region4_1646037698
2021-10-05 07:05,706189798,5936427,764071,2,region4_1646037703
2021-10-05 07:05,706775120,0,8388608,2,region4_1646037698
2021-10-05 07:05,706156325,2655599,210407,2,region4_1646037703
2021-10-05 07:05,706167935,3092470,1142415,2,region4_1646037703
2021-10-05 07:05,706399660,0,14603576,2,region4_1646037701
2021-10-05 07:05,706244857,3785282,3442128,2,region4_1646037697
2021-10-05 07:05,706244857,3780453,560,2,region4_1646037697
2021-10-05 07:05,706258031,0,10485760,5,region4_1646037700
2021-10-05 07:05,706261840,4637714,16384,2,region4_1646037697
2021-10-05 07:05,706718823,0,14842421,2,region4_1646037701
2021-10-05 07:05,706718823,14842421,303,2,region4_1646037701
2021-10-05 07:05,706725661,0,160,5,region4_1646037700
2021-10-05 07:05,706266642,4036227,3463567,2,region4_1646037697
2021-10-05 07:05,706266642,4031364,570,2,region4_1646037697
2021-10-05 07:05,706616439,6291456,2097152,1,region4_1646037696
2021-10-05 07:05,706317290,2097152,2097152,1,region4_1646037696
2021-10-05 07:05,706243716,2478331,566,2,region4_1646037697
2021-10-05 07:05,706258031,10485760,2717080,5,region4_1646037700
2021-10-05 07:05,706258867,0,14660547,2,region4_1646037701
2021-10-05 07:05,706729250,0,14832162,2,region4_1646037701
2021-10-05 07:05,706242750,0,14826516,2,region4_1646037701
2021-10-05 07:05,706242750,14826516,317,2,region4_1646037701
2021-10-05 07:05,706174696,3715902,14752,2,region4_1646037703
2021-10-05 07:05,706174696,4692496,16384,2,region4_1646037703
2021-10-05 07:05,706174696,4687815,4681,2,region4_1646037703
2021-10-05 07:05,706174696,4692496,16384,2,region4_1646037703
2021-10-05 07:05,706174696,3715902,14752,2,region4_1646037703
2021-10-05 07:05,706174696,4687815,4681,2,region4_1646037703
2021-10-05 07:05,706754253,1048576,1048576,5,region4_1646037700
2021-10-05 07:05,706754253,3145728,1048576,5,region4_1646037700
2021-10-05 07:05,706754253,2097152,1048576,5,region4_1646037700
2021-10-05 07:05,706754253,0,1048576,5,region4_1646037700
2021-10-05 07:05,706174696,4692496,16384,2,region4_1646037703
2021-10-05 07:05,706174696,4687815,4681,2,region4_1646037703
2021-10-05 07:05,706766785,0,3733616,4,region4_1646037698
2021-10-05 07:05,706230327,0,8388608,4,region4_1646037698
2021-10-05 07:05,706729767,0,2946702,2,region4_1646037698
2021-10-05 07:05,706754253,7340032,1048576,5,region4_1646037700
2021-10-05 07:05,706754253,5242880,1048576,5,region4_1646037700
2021-10-05 07:05,706754253,6291456,1048576,5,region4_1646037700
2021-10-05 07:05,706754253,4194304,1048576,5,region4_1646037700
2021-10-05 07:05,706441920,0,14792728,2,region4_1646037701
2021-10-05 07:05,706338515,6810025,1578583,2,region4_1646037697
2021-10-05 07:05,706205291,7889243,211019,2,region4_1646037697
2021-10-05 07:05,706205291,86,328247,2,region4_1646037697
2021-10-05 07:05,706205291,1813843,17137,2,region4_1646037697
2021-10-05 07:05,706170776,7536669,585444,2,region4_1646037703
2021-10-05 07:05,706170776,36738,1010934,2,region4_1646037703
2021-10-05 07:05,706307302,7534619,561,2,region4_1646037697
2021-10-05 07:05,706307302,7539397,849211,2,region4_1646037697
2021-10-05 07:05,706170776,38883,1636497,2,region4_1646037703
2021-10-05 07:05,706763361,0,8388608,5,region4_1646037700
2021-10-05 07:05,706229773,8075318,313290,2,region4_1646037697
2021-10-05 07:05,706229773,8070571,569,2,region4_1646037697
2021-10-05 07:05,706177303,710,1040312,2,region4_1646037697
2021-10-05 07:05,706260444,0,8388608,2,region4_1646037698
2021-10-05 07:05,706187792,433309,1080987,2,region4_1646037703
2021-10-05 07:05,706738990,0,2536297,4,region4_1646037702
2021-10-05 07:05,706245711,7635224,753384,2,region4_1646037703
2021-10-05 07:05,706245711,1413804,883458,2,region4_1646037703
2021-10-05 07:05,706187792,388595,2061,2,region4_1646037703
2021-10-05 07:05,706187792,1628185,347533,2,region4_1646037703
2021-10-05 07:05,706187792,435895,2614,2,region4_1646037703
2021-10-05 07:05,706187792,388595,2061,2,region4_1646037703
2021-10-05 07:05,706174696,3715902,14752,2,region4_1646037697
2021-10-05 07:05,706174696,4687815,4681,2,region4_1646037697
2021-10-05 07:05,706174696,4692496,16384,2,region4_1646037697
2021-10-05 07:05,706174696,4687815,4681,2,region4_1646037697
2021-10-05 07:05,706174696,4692496,16384,2,region4_1646037697
2021-10-05 07:05,706227741,4734775,119575,2,region4_1646037703
2021-10-05 07:05,706227741,3518001,10222,2,region4_1646037703
2021-10-05 07:05,706227741,3470133,2076,2,region4_1646037703
2021-10-05 07:05,706186404,5580554,855531,2,region4_1646037703
2021-10-05 07:05,706186404,5536979,2023,2,region4_1646037703
2021-10-05 07:05,706264265,664,7566682,2,region4_1646037701
2021-10-05 07:05,706186404,6749769,338404,2,region4_1646037703
2021-10-05 07:05,706186404,5583075,2521,2,region4_1646037703
2021-10-05 07:05,706243716,2483022,3460368,2,region4_1646037697
2021-10-05 07:05,706188224,5069039,807522,2,region4_1646037703
2021-10-05 07:05,706188224,1005976,619767,2,region4_1646037703
2021-10-05 07:05,706188224,3593757,715752,2,region4_1646037703
2021-10-05 07:05,706271264,0,6708748,2,region4_1646037698
2021-10-05 07:05,706317290,4194304,2097152,1,region4_1646037696
2021-10-05 07:05,706259879,0,3798353,4,region4_1646037698
2021-10-05 07:05,706169177,0,1212781,2,region4_1646037697
2021-10-05 07:05,706256410,0,8388608,5,region4_1646037700
2021-10-05 07:05,706556113,0,7143118,2,region4_1646037697
2021-10-05 07:05,706243524,0,2521054,2,region4_1646037701
2021-10-05 07:05,706243524,4126067,4262541,2,region4_1646037701
2021-10-05 07:05,706245316,3395601,568,2,region4_1646037697
2021-10-05 07:05,706245316,3400384,3570461,2,region4_1646037697
2021-10-05 07:05,706259246,3326409,556,2,region4_1646037697
2021-10-05 07:05,706169177,7736922,651686,2,region4_1646037697
2021-10-05 07:05,706169177,7736922,651686,2,region4_1646037697
2021-10-05 07:05,706169177,8292,2730377,2,region4_1646037697
2021-10-05 07:05,706169177,8292,2730377,2,region4_1646037697
2021-10-05 07:05,706747749,0,705438,5,region4_1646037700
2021-10-05 07:05,706230154,0,353933,5,region4_1646037700
2021-10-05 07:05,706188283,7253150,605265,2,region4_1646037703
2021-10-05 07:05,706205291,1813843,17137,2,region4_1646037697
2021-10-05 07:05,706205291,7889243,211019,2,region4_1646037697
2021-10-05 07:05,706205291,86,328247,2,region4_1646037697
2021-10-05 07:05,706169177,8292,2730377,2,region4_1646037697
2021-10-05 07:05,706169177,7736922,651686,2,region4_1646037697
2021-10-05 07:06,706187372,0,221061,2,region4_1646037703
2021-10-05 07:06,706220522,3919033,888077,2,region4_1646037703
2021-10-05 07:06,706220522,3871863,2053,2,region4_1646037703
2021-10-05 07:06,706236681,0,7720753,2,region4_1646037701
2021-10-05 07:06,706257912,0,1048576,5,region4_1646037700
2021-10-05 07:06,706181155,2452725,906021,2,region4_1646037703
2021-10-05 07:06,706257912,1048576,1048576,5,region4_1646037700
2021-10-05 07:06,706174696,4692496,16384,2,region4_1646037697
2021-10-05 07:06,706756702,0,4043710,5,region4_1646037700
2021-10-05 07:06,706257912,2097152,1048576,5,region4_1646037700
2021-10-05 07:06,706274087,3895660,993876,2,region4_1646037697
2021-10-05 07:06,706274087,0,3765213,2,region4_1646037697
2021-10-05 07:06,706759697,0,5016093,2,region4_1646037698
2021-10-05 07:06,706769123,0,7358928,5,region4_1646037700
2021-10-05 07:06,706779832,0,7460537,2,region4_1646037701
2021-10-05 07:06,706220522,3871863,2053,2,region4_1646037703
2021-10-05 07:06,706241685,0,6883768,2,region4_1646037701
2021-10-05 07:06,706241685,7056226,1140986,2,region4_1646037701
2021-10-05 07:06,706241685,7148636,1048576,2,region4_1646037701
2021-10-05 07:06,706257912,3145728,1048576,5,region4_1646037700
2021-10-05 07:06,706288726,0,12644,1,region4_1646037696
2021-10-05 07:06,706187372,666591,479706,2,region4_1646037703
2021-10-05 07:06,706169177,8292,2730377,2,region4_1646037697
2021-10-05 07:06,706759697,5016093,6378766,2,region4_1646037698
2021-10-05 07:06,706229705,3678305,3629989,2,region4_1646037697
2021-10-05 07:06,706229705,3673356,569,2,region4_1646037697
2021-10-05 07:06,706220522,5028052,961088,2,region4_1646037703
2021-10-05 07:06,706220522,3921794,2752,2,region4_1646037703
2021-10-05 07:06,706257912,4194304,1048576,5,region4_1646037700
2021-10-05 07:06,706288726,12644,8369640,1,region4_1646037696
2021-10-05 07:06,706297487,0,13410374,2,region4_1646037698
2021-10-05 07:06,706229274,0,712827,5,region4_1646037700
2021-10-05 07:06,706257912,5242880,863355,5,region4_1646037700
2021-10-05 07:06,706767417,0,2901196,2,region4_1646037698
2021-10-05 07:06,706169177,7736922,651686,2,region4_1646037697
2021-10-05 07:06,706767417,2901196,8588781,2,region4_1646037698
2021-10-05 07:06,706259246,0,8388608,2,region4_1646037698
2021-10-05 07:06,706281963,2131754,3429656,2,region4_1646037697
2021-10-05 07:06,706281963,2126962,563,2,region4_1646037697
2021-10-05 07:06,706293145,0,3064998,4,region4_1646037698
2021-10-05 07:06,706287153,0,2097152,1,region4_1646037696
2021-10-05 07:06,706257918,0,8388608,5,region4_1646037700
2021-10-05 07:06,706259246,3331279,3530095,2,region4_1646037697
2021-10-05 07:06,706299080,4153302,1048576,2,region4_1646037696
2021-10-05 07:06,706251578,0,8305275,2,region4_1646037701
2021-10-05 07:06,706285048,0,2444756,5,region4_1646037700
2021-10-05 07:06,706231915,0,8388608,2,region4_1646037698
2021-10-05 07:06,706245316,0,8388608,2,region4_1646037698
2021-10-05 07:06,706270804,1134404,3371177,2,region4_1646037697
2021-10-05 07:06,706270804,1129854,575,2,region4_1646037697
2021-10-05 07:06,706272350,8078512,195684,2,region4_1646037696
2021-10-05 07:06,706272350,0,394334,2,region4_1646037696
2021-10-05 07:06,706317290,6291456,2097152,1,region4_1646037696
2021-10-05 07:06,706284987,0,5500286,4,region4_1646037698
2021-10-05 07:06,706165036,0,44,2,region4_1646037697
2021-10-05 07:06,706299080,0,5187569,2,region4_1646037696
2021-10-05 07:06,706165036,0,44,2,region4_1646037703
2021-10-05 07:06,706165036,0,44,2,region4_1646037697
2021-10-05 07:06,706165036,0,44,2,region4_1646037703
2021-10-05 07:06,706290730,0,4484385,4,region4_1646037698
2021-10-05 07:06,706165036,0,44,2,region4_1646037703
2021-10-05 07:06,706287153,2097152,2097152,1,region4_1646037696
2021-10-05 07:06,706227741,3470133,2076,2,region4_1646037703
2021-10-05 07:06,706245316,3502548,170136,2,region4_1646037696
2021-10-05 07:06,706227741,6664411,165726,2,region4_1646037703
2021-10-05 07:06,706227741,4854350,123247,2,region4_1646037703
2021-10-05 07:06,706227741,3520477,3278,2,region4_1646037703
2021-10-05 07:06,706260211,0,7171031,2,region4_1646037698
2021-10-05 07:06,706300851,0,4569608,4,region4_1646037698
2021-10-05 07:06,706315291,0,4592392,5,region4_1646037700
2021-10-05 07:06,706244675,0,8388608,2,region4_1646037698
2021-10-05 07:06,706265917,0,1048576,5,region4_1646037700
2021-10-05 07:06,706265917,1048576,1048576,5,region4_1646037700
2021-10-05 07:06,706290861,0,990714,2,region4_1646037696
2021-10-05 07:06,706265917,2097152,1048576,5,region4_1646037700
2021-10-05 07:06,706265917,3145728,1048576,5,region4_1646037700
2021-10-05 07:06,706283160,0,652822,2,region4_1646037697
2021-10-05 07:06,706189798,8378366,10242,2,region4_1646037703
2021-10-05 07:06,706189798,68263,270178,2,region4_1646037703
2021-10-05 07:06,706265917,4194304,1048576,5,region4_1646037700
2021-10-05 07:06,706321433,7340032,1048576,5,region4_1646037700
2021-10-05 07:06,706321433,1048576,1048576,5,region4_1646037700
2021-10-05 07:06,706321433,0,1048576,5,region4_1646037700
2021-10-05 07:06,706321433,4194304,1048576,5,region4_1646037700
2021-10-05 07:06,706321433,6291456,1048576,5,region4_1646037700
2021-10-05 07:06,706321433,5242880,1048576,5,region4_1646037700
2021-10-05 07:06,706321433,3145728,1048576,5,region4_1646037700
2021-10-05 07:06,706321433,2097152,1048576,5,region4_1646037700
2021-10-05 07:06,706265917,6291456,1048576,5,region4_1646037700
2021-10-05 07:06,706265917,5242880,1048576,5,region4_1646037700
2021-10-05 07:06,706265917,7340032,1048576,5,region4_1646037700
2021-10-05 07:06,706266744,0,8139599,5,region4_1646037700
2021-10-05 07:06,706230918,7519620,868988,2,region4_1646037697
2021-10-05 07:06,706230918,7514841,565,2,region4_1646037697
2021-10-05 07:06,706245487,0,2314050,5,region4_1646037700
2021-10-05 07:06,706340281,0,2834,5,region4_1646037700
2021-10-05 07:06,706230918,0,2627350,2,region4_1646037697
2021-10-05 07:06,706284593,0,8388608,5,region4_1646037700
2021-10-05 07:06,706301470,7122415,16384,2,region4_1646037697
2021-10-05 07:06,706170776,8122113,266495,2,region4_1646037703
2021-10-05 07:06,706170776,15123,1660257,2,region4_1646037703
2021-10-05 07:06,706287123,0,2410448,2,region4_1646037698
2021-10-05 07:06,706301470,6667808,5763,2,region4_1646037697
2021-10-05 07:06,706315301,0,2698465,3,region4_1646037696
2021-10-05 07:06,706299160,0,2446822,4,region4_1646037698
2021-10-05 07:06,706187792,407445,1335683,2,region4_1646037703
2021-10-05 07:06,706187792,388595,2061,2,region4_1646037703
2021-10-05 07:06,706208277,2099673,866130,2,region4_1646037703
2021-10-05 07:06,706186404,5536979,2023,2,region4_1646037703
2021-10-05 07:06,706186404,5555487,1532686,2,region4_1646037703
2021-10-05 07:06,706301363,0,6827323,2,region4_1646037698
2021-10-05 07:06,706208277,8144140,244468,2,region4_1646037703
2021-10-05 07:06,706259015,0,8388366,3,region4_1646037697
2021-10-05 07:06,706243400,0,10485760,5,region4_1646037700
2021-10-05 07:06,706285162,0,5071630,5,region4_1646037700
2021-10-05 07:06,706188224,2260748,2048761,2,region4_1646037703
2021-10-05 07:06,706307302,7676574,115023,2,region4_1646037696
2021-10-05 07:06,706307302,0,57992,2,region4_1646037696
2021-10-05 07:06,706363695,0,8388608,4,region4_1646037702
2021-10-05 07:06,706287153,4194304,2097152,1,region4_1646037696
2021-10-05 07:06,706263629,0,8388608,4,region4_1646037698
2021-10-05 07:06,706183902,1875736,117733,2,region4_1646037697
2021-10-05 07:06,706183902,5906184,890670,2,region4_1646037697
2021-10-05 07:06,706183902,390,39039,2,region4_1646037697
2021-10-05 07:06,706261840,4637714,16384,2,region4_1646037697
2021-10-05 07:06,706272787,0,5427672,2,region4_1646037696
2021-10-05 07:06,706227525,1550080,196261,2,region4_1646037697
2021-10-05 07:06,706356472,0,4194304,2,region4_1646037698
2021-10-05 07:06,706257509,0,8388608,2,region4_1646037698
2021-10-05 07:06,706301470,7122415,16384,2,region4_1646037697
2021-10-05 07:06,706356472,4194304,4194304,2,region4_1646037698
2021-10-05 07:06,706245265,7236810,559,2,region4_1646037697
2021-10-05 07:06,706290180,0,346054,5,region4_1646037700
2021-10-05 07:06,706290751,0,72897,5,region4_1646037700
2021-10-05 07:06,706301470,7122415,16384,2,region4_1646037697
2021-10-05 07:06,706301470,6667808,5763,2,region4_1646037697
2021-10-05 07:06,706301470,6667808,5763,2,region4_1646037697
2021-10-05 07:06,706243400,10485760,4364940,5,region4_1646037700
2021-10-05 07:06,706245265,7241582,1147026,2,region4_1646037697
2021-10-05 07:06,706321503,0,7887033,2,region4_1646037701
2021-10-05 07:06,706267531,0,5953,5,region4_1646037700
2021-10-05 07:06,706272350,0,8388608,2,region4_1646037698
2021-10-05 07:06,706187372,0,784454,2,region4_1646037703
2021-10-05 07:06,706235452,1772683,111464,2,region4_1646037697
2021-10-05 07:06,706235452,374,36692,2,region4_1646037697
2021-10-05 07:06,706220522,3892078,1252096,2,region4_1646037703
2021-10-05 07:06,706220522,3871863,2053,2,region4_1646037703
2021-10-05 07:06,706356415,0,7988780,2,region4_1646037701
2021-10-05 07:06,706235452,5365781,876871,2,region4_1646037697
2021-10-05 07:06,706230918,7657458,117121,2,region4_1646037696
2021-10-05 07:06,706230918,0,50048,2,region4_1646037696
2021-10-05 07:06,706306049,0,8388548,3,region4_1646037697
2021-10-05 07:06,706345439,0,8388608,2,region4_1646037698
2021-10-05 07:06,706256951,0,3109218,2,region4_1646037697
2021-10-05 07:06,706169177,0,184363,2,region4_1646037697
2021-10-05 07:06,706301470,7122415,16384,2,region4_1646037697
2021-10-05 07:06,706322659,4519856,3388003,2,region4_1646037697
2021-10-05 07:06,706322659,4515379,563,2,region4_1646037697
2021-10-05 07:07,706254683,8326869,61739,2,region4_1646037696
2021-10-05 07:07,706254683,1743844,124890,2,region4_1646037696
2021-10-05 07:07,706301470,6667808,5763,2,region4_1646037697
2021-10-05 07:07,706301470,6667808,5763,2,region4_1646037697
2021-10-05 07:07,706272350,7964928,566,2,region4_1646037697
2021-10-05 07:07,706295764,4013805,1092277,2,region4_1646037696
2021-10-05 07:07,706295764,71591,75207,2,region4_1646037696
2021-10-05 07:07,706341223,11534336,1028614,5,region4_1646037700
2021-10-05 07:07,706341223,10485760,1048576,5,region4_1646037700
2021-10-05 07:07,706341223,7340032,1048576,5,region4_1646037700
2021-10-05 07:07,706341223,4194304,1048576,5,region4_1646037700
2021-10-05 07:07,706341223,2097152,1048576,5,region4_1646037700
2021-10-05 07:07,706341223,1048576,1048576,5,region4_1646037700
2021-10-05 07:07,706341223,9437184,1048576,5,region4_1646037700
2021-10-05 07:07,706341223,8388608,1048576,5,region4_1646037700
2021-10-05 07:07,706341223,6291456,1048576,5,region4_1646037700
2021-10-05 07:07,706341223,5242880,1048576,5,region4_1646037700
2021-10-05 07:07,706341223,3145728,1048576,5,region4_1646037700
2021-10-05 07:07,706341223,0,1048576,5,region4_1646037700
2021-10-05 07:07,706272350,7969868,418740,2,region4_1646037697
2021-10-05 07:07,706321397,0,1891238,5,region4_1646037700
2021-10-05 07:07,706358483,0,2711864,4,region4_1646037698
2021-10-05 07:07,706270804,7260665,1127943,2,region4_1646037696
2021-10-05 07:07,706270804,1264605,111412,2,region4_1646037696
2021-10-05 07:07,706299580,0,5317630,2,region4_1646037696
2021-10-05 07:07,706318194,7749183,2033733,2,region4_1646037698
2021-10-05 07:07,706318194,0,7749183,2,region4_1646037698
2021-10-05 07:07,706265636,0,1548,5,region4_1646037700
2021-10-05 07:07,706245711,1413804,883458,2,region4_1646037703
2021-10-05 07:07,706245711,7635224,753384,2,region4_1646037703
2021-10-05 07:07,706205242,0,11875,5,region4_1646037700
2021-10-05 07:07,706283967,0,2522,1,region4_1646037696
2021-10-05 07:07,706256051,0,14824965,2,region4_1646037701
2021-10-05 07:07,706287153,6291456,2097152,1,region4_1646037696
2021-10-05 07:07,706427867,0,2696209,3,region4_1646037696
2021-10-05 07:07,706287123,0,2410448,2,region4_1646037698
2021-10-05 07:07,706325533,0,6896379,2,region4_1646037701
2021-10-05 07:07,706365832,0,1048576,5,region4_1646037700
2021-10-05 07:07,706280414,0,6112070,2,region4_1646037698
2021-10-05 07:07,706365832,1048576,1048576,5,region4_1646037700
2021-10-05 07:07,706389476,112900,3381239,2,region4_1646037697
2021-10-05 07:07,706389476,108255,575,2,region4_1646037697
2021-10-05 07:07,706365832,2097152,1048576,5,region4_1646037700
2021-10-05 07:07,706245711,584082,829722,2,region4_1646037703
2021-10-05 07:07,706351376,1852012,1653994,2,region4_1646037696
2021-10-05 07:07,706365832,3145728,1048576,5,region4_1646037700
2021-10-05 07:07,706259246,3473170,117690,2,region4_1646037696
2021-10-05 07:07,706365832,4194304,1048576,5,region4_1646037700
2021-10-05 07:07,706383716,4456560,3932048,2,region4_1646037697
2021-10-05 07:07,706167935,3092470,1142415,2,region4_1646037703
2021-10-05 07:07,706264450,0,338539,5,region4_1646037700
2021-10-05 07:07,706383716,4456560,3932048,2,region4_1646037697
2021-10-05 07:07,706296373,2097152,1048576,5,region4_1646037700
2021-10-05 07:07,706296373,0,1048576,5,region4_1646037700
2021-10-05 07:07,706296373,1048576,1048576,5,region4_1646037700
2021-10-05 07:07,706365832,5242880,1048576,5,region4_1646037700
2021-10-05 07:07,706383716,4456560,3932048,2,region4_1646037697
2021-10-05 07:07,706244857,3920047,114611,2,region4_1646037696
2021-10-05 07:07,706425786,0,1048576,5,region4_1646037700
2021-10-05 07:07,706261840,3948852,540,2,region4_1646037697
2021-10-05 07:07,706261840,4637714,16384,2,region4_1646037697
2021-10-05 07:07,706281962,0,8388608,2,region4_1646037698
2021-10-05 07:07,706296373,7340032,1048576,5,region4_1646037700
2021-10-05 07:07,706296373,4194304,1048576,5,region4_1646037700
2021-10-05 07:07,706296373,3145728,1048576,5,region4_1646037700
2021-10-05 07:07,706296373,6291456,1048576,5,region4_1646037700
2021-10-05 07:07,706296373,5242880,1048576,5,region4_1646037700
2021-10-05 07:07,706425786,1048576,1048576,5,region4_1646037700
2021-10-05 07:07,706261840,3949720,28630,2,region4_1646037697
2021-10-05 07:07,706261840,4082732,475,2,region4_1646037697
2021-10-05 07:07,706365832,6291456,1048576,5,region4_1646037700
2021-10-05 07:07,706383716,4456560,3932048,2,region4_1646037697
2021-10-05 07:07,706425786,2097152,1048576,5,region4_1646037700
2021-10-05 07:07,706460899,1538419,543,2,region4_1646037697
2021-10-05 07:07,706460899,1542261,3112819,2,region4_1646037697
2021-10-05 07:07,706425786,3145728,1048576,5,region4_1646037700
2021-10-05 07:07,706268602,0,1048576,5,region4_1646037700
2021-10-05 07:07,706365832,7340032,1048576,5,region4_1646037700
2021-10-05 07:07,706229773,8176790,179617,2,region4_1646037696
2021-10-05 07:07,706229773,0,709059,2,region4_1646037696
2021-10-05 07:07,706425786,4194304,1048576,5,region4_1646037700
2021-10-05 07:07,706268602,1048576,557007,5,region4_1646037700
2021-10-05 07:07,706181155,1606203,846522,2,region4_1646037703
2021-10-05 07:07,706292248,0,1417895,4,region4_1646037698
2021-10-05 07:07,706383716,4456560,3932048,2,region4_1646037697
2021-10-05 07:07,706425786,5242880,1048576,5,region4_1646037700
2021-10-05 07:07,706432644,0,32,3,region4_1646037697
2021-10-05 07:07,706293626,4313722,543,2,region4_1646037697
2021-10-05 07:07,706293626,4317428,346030,2,region4_1646037697
2021-10-05 07:07,706423057,0,1661529,2,region4_1646037697
2021-10-05 07:07,706425786,6291456,1048576,5,region4_1646037700
2021-10-05 07:07,706427830,0,1048576,5,region4_1646037700
2021-10-05 07:07,706227741,6664411,165726,2,region4_1646037703
2021-10-05 07:07,706227741,4854350,123247,2,region4_1646037703
2021-10-05 07:07,706227741,3520477,3278,2,region4_1646037703
2021-10-05 07:07,706227741,3470133,2076,2,region4_1646037703
2021-10-05 07:07,706405787,0,7768491,2,region4_1646037698
2021-10-05 07:07,706425786,7340032,1048576,5,region4_1646037700
2021-10-05 07:07,706427830,1048576,1048576,5,region4_1646037700
2021-10-05 07:07,706455470,0,3419461,5,region4_1646037700
2021-10-05 07:07,706261840,3605522,1048576,2,region4_1646037696
2021-10-05 07:07,706276722,0,32,3,region4_1646037697
2021-10-05 07:07,706427830,2097152,1048576,5,region4_1646037700
2021-10-05 07:07,706283967,2522,8383564,1,region4_1646037696
2021-10-05 07:07,706427830,3145728,325169,5,region4_1646037700
2021-10-05 07:07,706245711,584082,829722,2,region4_1646037703
2021-10-05 07:07,706276336,1048576,178888,5,region4_1646037700
2021-10-05 07:07,706276336,0,1048576,5,region4_1646037700
2021-10-05 07:07,706357779,2786832,1783612,2,region4_1646037696
2021-10-05 07:07,706441441,0,8222287,4,region4_1646037702
2021-10-05 07:07,706261840,3605522,1048576,2,region4_1646037696
2021-10-05 07:07,706275095,0,7794817,2,region4_1646037701
2021-10-05 07:07,706421189,0,1811998,2,region4_1646037698
2021-10-05 07:07,706261840,3951660,63931,2,region4_1646037696
2021-10-05 07:07,706421189,1811998,9082391,2,region4_1646037698
2021-10-05 07:07,706181155,1606203,846522,2,region4_1646037703
2021-10-05 07:07,706372881,0,8388608,2,region4_1646037701
2021-10-05 07:07,706482755,0,2772489,4,region4_1646037698
2021-10-05 07:07,706408839,0,795140,2,region4_1646037698
2021-10-05 07:07,706479245,1127748,13703517,2,region4_1646037701
2021-10-05 07:07,706291971,0,5961415,5,region4_1646037700
2021-10-05 07:07,706406684,5047234,110351,2,region4_1646037696
2021-10-05 07:07,706408839,795140,3240136,2,region4_1646037698
2021-10-05 07:07,706349288,0,2752337,4,region4_1646037698
2021-10-05 07:07,706442411,0,8388608,5,region4_1646037700
2021-10-05 07:07,706208277,8144140,244468,2,region4_1646037703
2021-10-05 07:07,706471757,4386989,1048576,2,region4_1646037696
2021-10-05 07:07,706485542,0,2329329,3,region4_1646037697
2021-10-05 07:07,706497572,0,8388608,4,region4_1646037698
2021-10-05 07:07,706324333,0,8388608,4,region4_1646037698
2021-10-05 07:07,706468962,0,8388608,2,region4_1646037698
2021-10-05 07:07,706423101,0,8388608,4,region4_1646037698
2021-10-05 07:07,706308144,0,8388608,2,region4_1646037696
2021-10-05 07:07,706319213,0,1312,2,region4_1646037703
2021-10-05 07:07,706411867,0,1826209,2,region4_1646037696
2021-10-05 07:07,706428724,4093730,4294878,2,region4_1646037697
2021-10-05 07:07,706428724,1923,2927963,2,region4_1646037697
2021-10-05 07:07,706319213,0,1312,2,region4_1646037703
2021-10-05 07:07,706320387,2097152,1048576,5,region4_1646037700
2021-10-05 07:07,706320387,1048576,1048576,5,region4_1646037700
2021-10-05 07:07,706320387,0,1048576,5,region4_1646037700
2021-10-05 07:07,706353217,733288,7655320,2,region4_1646037701
2021-10-05 07:07,706369783,0,956,5,region4_1646037700
2021-10-05 07:07,706320387,6291456,1048576,5,region4_1646037700
2021-10-05 07:07,706320387,7340032,1048576,5,region4_1646037700
2021-10-05 07:07,706320387,5242880,1048576,5,region4_1646037700
2021-10-05 07:07,706320387,4194304,1048576,5,region4_1646037700
2021-10-05 07:07,706320387,3145728,1048576,5,region4_1646037700
2021-10-05 07:07,706428724,4093730,4294878,2,region4_1646037697
2021-10-05 07:07,706428724,1923,2927963,2,region4_1646037697
2021-10-05 07:07,706428724,1923,2927963,2,region4_1646037697
2021-10-05 07:07,706342284,8223948,157019,2,region4_1646037696
2021-10-05 07:07,706181155,1606203,846522,2,region4_1646037703
2021-10-05 07:07,706369475,1294299,7094309,2,region4_1646037697
2021-10-05 07:07,706297885,0,8388608,4,region4_1646037698
2021-10-05 07:07,706338302,0,2338199,4,region4_1646037698
2021-10-05 07:07,706427723,0,8388608,4,region4_1646037698
2021-10-05 07:07,706428724,1923,2927963,2,region4_1646037697
2021-10-05 07:07,706181155,1606203,846522,2,region4_1646037703
2021-10-05 07:07,706369475,1294299,7094309,2,region4_1646037697
2021-10-05 07:07,706369475,1294299,7094309,2,region4_1646037697
2021-10-05 07:07,706227741,4734775,119575,2,region4_1646037703
2021-10-05 07:07,706227741,8363881,24727,2,region4_1646037703
2021-10-05 07:07,706227741,3516719,11504,2,region4_1646037703
2021-10-05 07:07,706245711,0,584082,2,region4_1646037703
2021-10-05 07:07,706418359,7340032,1048576,5,region4_1646037700
2021-10-05 07:07,706418359,5242880,1048576,5,region4_1646037700
2021-10-05 07:07,706418359,3145728,1048576,5,region4_1646037700
2021-10-05 07:07,706418359,2097152,1048576,5,region4_1646037700
2021-10-05 07:07,706418359,1048576,1048576,5,region4_1646037700
2021-10-05 07:07,706418359,0,1048576,5,region4_1646037700
2021-10-05 07:07,706418359,6291456,1048576,5,region4_1646037700
2021-10-05 07:07,706418359,4194304,1048576,5,region4_1646037700
2021-10-05 07:07,706471757,0,5421307,2,region4_1646037696
2021-10-05 07:07,706169177,7736922,651686,2,region4_1646037697
2021-10-05 07:07,706169177,8292,2730377,2,region4_1646037697
2021-10-05 07:07,706396818,0,14840197,2,region4_1646037701
2021-10-05 07:07,706169177,8292,2730377,2,region4_1646037697
2021-10-05 07:07,706169177,7736922,651686,2,region4_1646037697
2021-10-05 07:08,706302550,0,3025679,4,region4_1646037698
2021-10-05 07:08,706344393,0,8388608,2,region4_1646037698
2021-10-05 07:08,706207619,0,1255303,2,region4_1646037697
2021-10-05 07:08,706335319,1651257,16384,2,region4_1646037697
2021-10-05 07:08,706335319,1404424,4767,2,region4_1646037697
2021-10-05 07:08,706373801,0,2097152,1,region4_1646037696
2021-10-05 07:08,706460869,0,1048576,5,region4_1646037700
2021-10-05 07:08,706480909,0,7858460,2,region4_1646037701
2021-10-05 07:08,706169177,7736922,651686,2,region4_1646037697
2021-10-05 07:08,706335319,1651257,16384,2,region4_1646037697
2021-10-05 07:08,706460869,1048576,1048576,5,region4_1646037700
2021-10-05 07:08,706460869,2097152,1048576,5,region4_1646037700
2021-10-05 07:08,706169177,8292,2730377,2,region4_1646037697
2021-10-05 07:08,706169177,8292,2730377,2,region4_1646037697
2021-10-05 07:08,706169177,7736922,651686,2,region4_1646037697
2021-10-05 07:08,706313827,0,299497,3,region4_1646037697
2021-10-05 07:08,706460869,3145728,1048576,5,region4_1646037700
2021-10-05 07:08,706460899,1631291,105403,2,region4_1646037696
2021-10-05 07:08,706424102,0,8388608,3,region4_1646037699
2021-10-05 07:08,706425895,0,2139239,4,region4_1646037698
2021-10-05 07:08,706512180,0,724288,5,region4_1646037700
2021-10-05 07:08,706379513,0,789081,2,region4_1646037697
2021-10-05 07:08,706243716,2615631,113909,2,region4_1646037696
2021-10-05 07:08,706460869,6291456,1048576,5,region4_1646037700
2021-10-05 07:08,706460869,5242880,1048576,5,region4_1646037700
2021-10-05 07:08,706460869,4194304,1048576,5,region4_1646037700
2021-10-05 07:08,706266642,4174620,116178,2,region4_1646037696
2021-10-05 07:08,706460869,7340032,1048576,5,region4_1646037700
2021-10-05 07:08,706526202,0,914797,4,region4_1646037702
2021-10-05 07:08,706406685,0,1750706,2,region4_1646037697
2021-10-05 07:08,706406685,1751149,6637459,2,region4_1646037697
2021-10-05 07:08,706406685,1750706,315,2,region4_1646037697
2021-10-05 07:08,706428724,4093730,4294878,2,region4_1646037697
2021-10-05 07:08,706532376,0,8388608,2,region4_1646037698
2021-10-05 07:08,706294648,74,422044,2,region4_1646037697
2021-10-05 07:08,706294648,7360982,1027626,2,region4_1646037697
2021-10-05 07:08,706534110,0,7527097,2,region4_1646037701
2021-10-05 07:08,706431476,0,8388608,2,region4_1646037696
2021-10-05 07:08,706157493,0,8080583,2,region4_1646037697
2021-10-05 07:08,706490978,0,6517311,2,region4_1646037701
2021-10-05 07:08,706157493,8080583,6830690,2,region4_1646037697
2021-10-05 07:08,706181155,0,791192,2,region4_1646037703
2021-10-05 07:08,706313827,0,299497,1,region4_1646037697
2021-10-05 07:08,706454541,0,8388608,4,region4_1646037698
2021-10-05 07:08,706471831,6858918,2542,2,region4_1646037697
2021-10-05 07:08,706549529,8011895,2580,2,region4_1646037697
2021-10-05 07:08,706549529,8015015,373593,2,region4_1646037697
2021-10-05 07:08,706335319,1651257,16384,2,region4_1646037697
2021-10-05 07:08,706471831,6862068,453426,2,region4_1646037697
2021-10-05 07:08,706485542,0,2329329,1,region4_1646037697
2021-10-05 07:08,706210911,0,829134,2,region4_1646037697
2021-10-05 07:08,706468288,0,7161756,2,region4_1646037698
2021-10-05 07:08,706568863,0,934432,2,region4_1646037697
2021-10-05 07:08,706245265,7383221,114743,2,region4_1646037696
2021-10-05 07:08,706516343,0,26379,5,region4_1646037700
2021-10-05 07:08,706570755,0,812075,2,region4_1646037697
2021-10-05 07:08,706333553,0,14766096,2,region4_1646037696
2021-10-05 07:08,706208277,1295218,804455,2,region4_1646037703
2021-10-05 07:08,706347350,0,2554279,4,region4_1646037698
2021-10-05 07:08,706353323,0,8388608,2,region4_1646037701
2021-10-05 07:08,706450796,0,3412558,5,region4_1646037700
2021-10-05 07:08,706335319,1651257,16384,2,region4_1646037697
2021-10-05 07:08,706269803,0,1556230,2,region4_1646037703
2021-10-05 07:08,706505807,0,14794994,2,region4_1646037698
2021-10-05 07:08,706335319,1404424,4767,2,region4_1646037697
2021-10-05 07:08,706370752,0,95165,2,region4_1646037697
2021-10-05 07:08,706428724,4093730,4294878,2,region4_1646037697
2021-10-05 07:08,706157493,0,8080583,2,region4_1646037697
2021-10-05 07:08,706474707,0,7968519,2,region4_1646037698
2021-10-05 07:08,706495023,0,8388608,2,region4_1646037701
2021-10-05 07:08,706497705,0,8388608,5,region4_1646037700
2021-10-05 07:08,706157493,8080583,6830690,2,region4_1646037697
2021-10-05 07:08,706335319,1651257,16384,2,region4_1646037697
2021-10-05 07:08,706227741,3470133,2076,2,region4_1646037703
2021-10-05 07:08,706227741,3518001,10222,2,region4_1646037703
2021-10-05 07:08,706373801,2097152,2097152,1,region4_1646037696
2021-10-05 07:08,706423057,0,1661529,2,region4_1646037697
2021-10-05 07:08,706272087,6645569,1743039,2,region4_1646037697
2021-10-05 07:08,706272087,0,6645569,2,region4_1646037697
2021-10-05 07:08,706461730,0,8388608,5,region4_1646037700
2021-10-05 07:08,706437282,0,7954279,2,region4_1646037701
2021-10-05 07:08,706489152,0,2372100,4,region4_1646037698
2021-10-05 07:08,706572573,0,14810441,2,region4_1646037701
2021-10-05 07:08,706394255,0,681612,2,region4_1646037697
2021-10-05 07:08,706335319,1651257,16384,2,region4_1646037697
2021-10-05 07:08,706363666,0,8388608,2,region4_1646037698
2021-10-05 07:08,706229705,3832282,119654,2,region4_1646037696
2021-10-05 07:08,706483720,6291456,1048576,5,region4_1646037700
2021-10-05 07:08,706483720,1048576,1048576,5,region4_1646037700
2021-10-05 07:08,706483720,0,1048576,5,region4_1646037700
2021-10-05 07:08,706483720,5242880,1048576,5,region4_1646037700
2021-10-05 07:08,706483720,4194304,1048576,5,region4_1646037700
2021-10-05 07:08,706483720,3145728,1048576,5,region4_1646037700
2021-10-05 07:08,706483720,2097152,1048576,5,region4_1646037700
2021-10-05 07:08,706335319,1404424,4767,2,region4_1646037697
2021-10-05 07:08,706483720,7340032,1048576,5,region4_1646037700
2021-10-05 07:08,706499450,0,3,5,region4_1646037700
2021-10-05 07:08,706472744,0,4488965,5,region4_1646037700
2021-10-05 07:08,706587676,0,1048576,5,region4_1646037700
2021-10-05 07:08,706223085,6797670,1590938,2,region4_1646037697
2021-10-05 07:08,706223085,0,6797670,2,region4_1646037697
2021-10-05 07:08,706523676,0,8388608,2,region4_1646037701
2021-10-05 07:08,706587676,4194304,1048576,5,region4_1646037700
2021-10-05 07:08,706587676,5242880,1048576,5,region4_1646037700
2021-10-05 07:08,706587676,1048576,1048576,5,region4_1646037700
2021-10-05 07:08,706587676,6291456,1045727,5,region4_1646037700
2021-10-05 07:08,706587676,3145728,1048576,5,region4_1646037700
2021-10-05 07:08,706587676,2097152,1048576,5,region4_1646037700
2021-10-05 07:08,706185936,0,2888649,2,region4_1646037697
2021-10-05 07:08,706543432,0,2764306,4,region4_1646037698
2021-10-05 07:08,706185936,2888649,5499959,2,region4_1646037697
2021-10-05 07:08,706589361,0,1048576,5,region4_1646037700
2021-10-05 07:08,706589361,3145728,1048576,5,region4_1646037700
2021-10-05 07:08,706589361,1048576,1048576,5,region4_1646037700
2021-10-05 07:08,706589361,2097152,1048576,5,region4_1646037700
2021-10-05 07:08,706589361,5242880,1048576,5,region4_1646037700
2021-10-05 07:08,706589361,4194304,1048576,5,region4_1646037700
2021-10-05 07:08,706589361,6291456,1048576,5,region4_1646037700
2021-10-05 07:08,706589361,7340032,1048576,5,region4_1646037700
2021-10-05 07:08,706518240,0,2285371,2,region4_1646037698
2021-10-05 07:08,706208277,1295218,804455,2,region4_1646037703
2021-10-05 07:08,706373801,4194304,2097152,1,region4_1646037696
2021-10-05 07:08,706499375,0,1048576,5,region4_1646037700
2021-10-05 07:08,706427735,0,8388608,3,region4_1646037699
2021-10-05 07:08,706500263,0,216291,3,region4_1646037697
2021-10-05 07:08,706227741,3470133,2076,2,region4_1646037703
2021-10-05 07:08,706499375,1048576,1048576,5,region4_1646037700
2021-10-05 07:08,706227741,3523755,1092836,2,region4_1646037703
2021-10-05 07:08,706499375,2097152,1048576,5,region4_1646037700
2021-10-05 07:08,706601604,0,7689616,5,region4_1646037700
2021-10-05 07:08,706455475,0,8388608,4,region4_1646037698
2021-10-05 07:08,706499375,3145728,1048576,5,region4_1646037700
2021-10-05 07:08,706499375,4194304,1048576,5,region4_1646037700
2021-10-05 07:08,706423158,0,8388608,2,region4_1646037701
2021-10-05 07:08,706499375,6291456,1048576,5,region4_1646037700
2021-10-05 07:08,706499375,5242880,1048576,5,region4_1646037700
2021-10-05 07:08,706499375,7340032,1048576,5,region4_1646037700
2021-10-05 07:08,706189798,8378366,10242,2,region4_1646037703
2021-10-05 07:08,706227525,3249466,250592,2,region4_1646037697
2021-10-05 07:08,706405790,0,5800900,2,region4_1646037697
2021-10-05 07:08,706254683,0,8388608,2,region4_1646037698
2021-10-05 07:08,706293626,4400081,98703,2,region4_1646037696
2021-10-05 07:08,706227525,1550080,196261,2,region4_1646037697
2021-10-05 07:08,706183902,5906184,890670,2,region4_1646037697
2021-10-05 07:08,706183902,1161118,832351,2,region4_1646037697
2021-10-05 07:08,706183902,390,39039,2,region4_1646037697
2021-10-05 07:08,706405790,0,5800900,2,region4_1646037697
2021-10-05 07:08,706462773,0,8388608,2,region4_1646037701
2021-10-05 07:08,706480793,0,8388608,2,region4_1646037698
2021-10-05 07:08,706562866,0,4813235,2,region4_1646037698
2021-10-05 07:08,706373801,6291456,2097152,1,region4_1646037696
2021-10-05 07:08,706630192,7044223,1344385,2,region4_1646037696
2021-10-05 07:08,706500263,0,216291,1,region4_1646037697
2021-10-05 07:08,706405790,0,5800900,2,region4_1646037697
2021-10-05 07:08,706501470,1596840,1835597,2,region4_1646037696
2021-10-05 07:08,706568989,0,1827897,2,region4_1646037701
2021-10-05 07:08,706568989,7264692,1123916,2,region4_1646037701
2021-10-05 07:08,706568989,3445729,2309203,2,region4_1646037701
2021-10-05 07:09,706348097,0,346929,4,region4_1646037697
2021-10-05 07:09,706501470,6710025,1678583,2,region4_1646037696
2021-10-05 07:09,706227525,1550080,1016504,2,region4_1646037697
2021-10-05 07:09,706227525,4872286,426743,2,region4_1646037697
2021-10-05 07:09,706250272,0,14615582,2,region4_1646037701
2021-10-05 07:09,706405790,0,5800900,2,region4_1646037697
2021-10-05 07:09,706183902,1392443,1177492,2,region4_1646037697
2021-10-05 07:09,706183902,390,46890,2,region4_1646037697
2021-10-05 07:09,706183902,5906184,1979332,2,region4_1646037697
2021-10-05 07:09,706500434,0,8388608,2,region4_1646037698
2021-10-05 07:09,706435664,3293180,119340,2,region4_1646037696
2021-10-05 07:09,706405790,0,5800900,2,region4_1646037697
2021-10-05 07:09,706659998,8076266,312342,2,region4_1646037696
2021-10-05 07:09,706659998,210641,1574846,2,region4_1646037696
2021-10-05 07:09,706447891,0,1048576,5,region4_1646037700
2021-10-05 07:09,706189798,68263,270178,2,region4_1646037703
2021-10-05 07:09,706405790,0,5800900,2,region4_1646037697
2021-10-05 07:09,706281963,8353795,34813,2,region4_1646037696
2021-10-05 07:09,706281963,2266189,113587,2,region4_1646037696
2021-10-05 07:09,706336549,0,8388608,2,region4_1646037701
2021-10-05 07:09,706447891,1048576,747981,5,region4_1646037700
2021-10-05 07:09,706600838,3145728,1048576,5,region4_1646037700
2021-10-05 07:09,706600838,0,1048576,5,region4_1646037700
2021-10-05 07:09,706600838,7340032,1048576,5,region4_1646037700
2021-10-05 07:09,706600838,5242880,1048576,5,region4_1646037700
2021-10-05 07:09,706600838,2097152,1048576,5,region4_1646037700
2021-10-05 07:09,706600838,1048576,1048576,5,region4_1646037700
2021-10-05 07:09,706600838,6291456,1048576,5,region4_1646037700
2021-10-05 07:09,706600838,4194304,1048576,5,region4_1646037700
2021-10-05 07:09,706453354,0,799253,2,region4_1646037696
2021-10-05 07:09,706521882,0,1075664,5,region4_1646037700
2021-10-05 07:09,706468793,3004324,1732827,2,region4_1646037696
2021-10-05 07:09,706546945,0,6870428,2,region4_1646037698
2021-10-05 07:09,706558325,0,4390554,3,region4_1646037697
2021-10-05 07:09,706624331,0,8388608,2,region4_1646037698
2021-10-05 07:09,706313162,0,891856,2,region4_1646037697
2021-10-05 07:09,706324195,7033810,1354798,2,region4_1646037696
2021-10-05 07:09,706618241,0,8388608,4,region4_1646037698
2021-10-05 07:09,706658410,0,8388608,4,region4_1646037698
2021-10-05 07:09,706428724,1923,2927963,2,region4_1646037697
2021-10-05 07:09,706428724,4093730,4294878,2,region4_1646037697
2021-10-05 07:09,706467284,0,885777,2,region4_1646037697
2021-10-05 07:09,706283160,3449869,1730507,2,region4_1646037696
2021-10-05 07:09,706405790,0,5800900,2,region4_1646037697
2021-10-05 07:09,706504050,0,2000277,4,region4_1646037698
2021-10-05 07:09,706322659,4654991,112424,2,region4_1646037696
2021-10-05 07:09,706644838,5065632,3096782,2,region4_1646037701
2021-10-05 07:09,706644838,0,2874023,2,region4_1646037701
2021-10-05 07:09,706624437,0,8388608,4,region4_1646037698
2021-10-05 07:09,706362098,0,3282787,2,region4_1646037697
2021-10-05 07:09,706461826,0,8388608,2,region4_1646037701
2021-10-05 07:09,706157493,8080583,6830690,2,region4_1646037697
2021-10-05 07:09,706421627,6144427,1786459,2,region4_1646037696
2021-10-05 07:09,706527157,0,8387869,3,region4_1646037697
2021-10-05 07:09,706390023,0,1624912,2,region4_1646037697
2021-10-05 07:09,706390023,6369248,2019360,2,region4_1646037697
2021-10-05 07:09,706295764,0,8388608,2,region4_1646037698
2021-10-05 07:09,706552838,0,1048576,5,region4_1646037700
2021-10-05 07:09,706527876,0,910104,2,region4_1646037697
2021-10-05 07:09,706169177,7736922,651686,2,region4_1646037697
2021-10-05 07:09,706552838,2097152,1048576,5,region4_1646037700
2021-10-05 07:09,706552838,1048576,1048576,5,region4_1646037700
2021-10-05 07:09,706256951,5969956,1784317,2,region4_1646037696
2021-10-05 07:09,706371952,5624279,811100,2,region4_1646037703
2021-10-05 07:09,706371952,2010142,630928,2,region4_1646037703
2021-10-05 07:09,706486544,0,375973,2,region4_1646037696
2021-10-05 07:09,706552838,4194304,1048576,5,region4_1646037700
2021-10-05 07:09,706552838,3145728,1048576,5,region4_1646037700
2021-10-05 07:09,706556425,0,14840838,2,region4_1646037701
2021-10-05 07:09,706389476,6245918,1706188,2,region4_1646037696
2021-10-05 07:09,706389476,252960,111012,2,region4_1646037696
2021-10-05 07:09,706340110,0,8388608,2,region4_1646037696
2021-10-05 07:09,706552838,5242880,1048576,5,region4_1646037700
2021-10-05 07:09,706552838,6291456,1048576,5,region4_1646037700
2021-10-05 07:09,706552838,7340032,1048576,5,region4_1646037700
2021-10-05 07:09,706657678,0,8388608,5,region4_1646037700
2021-10-05 07:09,706488323,0,7806876,4,region4_1646037702
2021-10-05 07:09,706307302,0,8388608,2,region4_1646037698
2021-10-05 07:09,706680552,0,8388608,4,region4_1646037698
2021-10-05 07:09,706508534,0,8388062,3,region4_1646037697
2021-10-05 07:09,706227525,7467926,920682,2,region4_1646037697
2021-10-05 07:09,706227525,1550080,2923644,2,region4_1646037697
2021-10-05 07:09,706183902,1161118,832351,2,region4_1646037697
2021-10-05 07:09,706183902,390,39039,2,region4_1646037697
2021-10-05 07:09,706471786,2097152,1048576,5,region4_1646037700
2021-10-05 07:09,706471786,1048576,1048576,5,region4_1646037700
2021-10-05 07:09,706471786,0,1048576,5,region4_1646037700
2021-10-05 07:09,706549648,0,8388608,4,region4_1646037698
2021-10-05 07:09,706471786,7340032,582222,5,region4_1646037700
2021-10-05 07:09,706471786,6291456,1048576,5,region4_1646037700
2021-10-05 07:09,706471786,5242880,1048576,5,region4_1646037700
2021-10-05 07:09,706471786,4194304,1048576,5,region4_1646037700
2021-10-05 07:09,706471786,3145728,1048576,5,region4_1646037700
2021-10-05 07:09,706390023,6369248,2019360,2,region4_1646037697
2021-10-05 07:09,706696277,0,6296529,2,region4_1646037696
2021-10-05 07:09,706484506,0,8388608,5,region4_1646037700
2021-10-05 07:09,706428724,4093730,4294878,2,region4_1646037697
2021-10-05 07:09,706428724,1923,2927963,2,region4_1646037697
2021-10-05 07:09,706428724,0,1613154,2,region4_1646037697
2021-10-05 07:09,706428724,1923,2927963,2,region4_1646037697
2021-10-05 07:09,706489171,0,1048576,5,region4_1646037700
2021-10-05 07:09,706565427,0,8388608,4,region4_1646037698
2021-10-05 07:09,706338515,6913550,183410,2,region4_1646037696
2021-10-05 07:09,706251748,0,8388608,2,region4_1646037696
2021-10-05 07:09,706657722,0,8388608,4,region4_1646037698
2021-10-05 07:09,706489171,1048576,1048576,5,region4_1646037700
2021-10-05 07:09,706189798,4533235,649481,2,region4_1646037703
2021-10-05 07:09,706189798,6700498,835206,2,region4_1646037703
2021-10-05 07:09,706420935,6293318,2095290,2,region4_1646037697
2021-10-05 07:09,706227525,1550080,2923644,2,region4_1646037697
2021-10-05 07:09,706227525,7467926,920682,2,region4_1646037697
2021-10-05 07:09,706183902,5906184,890670,2,region4_1646037697
2021-10-05 07:09,706489171,2097152,1048576,5,region4_1646037700
2021-10-05 07:09,706631227,950291,7438317,2,region4_1646037696
2021-10-05 07:09,706684511,0,4934923,4,region4_1646037698
2021-10-05 07:09,706489171,4194304,1048576,5,region4_1646037700
2021-10-05 07:09,706489171,3145728,1048576,5,region4_1646037700
2021-10-05 07:09,706501354,0,961,5,region4_1646037700
2021-10-05 07:09,706462392,2116786,1786723,2,region4_1646037696
2021-10-05 07:09,706568830,0,8388608,2,region4_1646037701
2021-10-05 07:09,706586810,0,4896124,4,region4_1646037698
2021-10-05 07:09,706489171,5242880,1048576,5,region4_1646037700
2021-10-05 07:09,706490870,0,3573790,2,region4_1646037701
2021-10-05 07:09,706490870,6635244,719127,2,region4_1646037701
2021-10-05 07:09,706167075,563,711837,2,region4_1646037697
2021-10-05 07:09,706664389,0,4845035,4,region4_1646037698
2021-10-05 07:09,706678922,0,14794969,2,region4_1646037701
2021-10-05 07:09,706678922,14794969,312,2,region4_1646037701
2021-10-05 07:09,706489171,7340032,1048576,5,region4_1646037700
2021-10-05 07:09,706489171,6291456,1048576,5,region4_1646037700
2021-10-05 07:09,706290861,0,8388608,2,region4_1646037698
2021-10-05 07:09,706390023,6369248,2019360,2,region4_1646037697
2021-10-05 07:09,706534140,0,7678903,5,region4_1646037700
2021-10-05 07:09,706462392,2116786,1786723,2,region4_1646037696
2021-10-05 07:09,706420935,6293318,2095290,2,region4_1646037697
2021-10-05 07:09,706665067,0,2765,5,region4_1646037700
2021-10-05 07:09,706689314,0,8388608,4,region4_1646037698
2021-10-05 07:09,706690927,0,531271,4,region4_1646037697
2021-10-05 07:09,706420935,6293318,2095290,2,region4_1646037697
2021-10-05 07:09,706245711,584082,829722,2,region4_1646037703
2021-10-05 07:09,706245711,5425575,1071646,2,region4_1646037703
2021-10-05 07:09,706157493,0,8080583,2,region4_1646037697
2021-10-05 07:09,706242353,0,8388608,2,region4_1646037696
2021-10-05 07:09,706702585,0,8387546,3,region4_1646037697
2021-10-05 07:09,706157493,8080583,6830690,2,region4_1646037697
2021-10-05 07:09,706323399,0,105615,5,region4_1646037700
2021-10-05 07:09,706550431,0,4803406,4,region4_1646037698
2021-10-05 07:09,706631846,0,14845632,2,region4_1646037701
2021-10-05 07:09,706267060,0,8388608,2,region4_1646037696
2021-10-05 07:09,706562726,4194304,1048576,5,region4_1646037700
2021-10-05 07:09,706562726,3145728,1048576,5,region4_1646037700
2021-10-05 07:09,706562726,2097152,1048576,5,region4_1646037700
2021-10-05 07:09,706562726,1048576,1048576,5,region4_1646037700
2021-10-05 07:09,706562726,0,1048576,5,region4_1646037700
2021-10-05 07:09,706562726,5242880,1048576,5,region4_1646037700
2021-10-05 07:09,706592862,0,8388608,5,region4_1646037700
2021-10-05 07:09,706230728,0,6704455,2,region4_1646037696
2021-10-05 07:09,706562726,7340032,1048576,5,region4_1646037700
2021-10-05 07:09,706562726,6291456,1048576,5,region4_1646037700
2021-10-05 07:09,706383716,4456560,3932048,2,region4_1646037697
2021-10-05 07:09,706656220,0,1048576,5,region4_1646037700
2021-10-05 07:09,706245711,1413804,883458,2,region4_1646037703
2021-10-05 07:09,706245711,7635224,753384,2,region4_1646037703
2021-10-05 07:09,706341033,0,4885686,4,region4_1646037698
2021-10-05 07:09,706656220,1048576,1048576,5,region4_1646037700
2021-10-05 07:09,706301470,7122415,16384,2,region4_1646037697
2021-10-05 07:09,706301470,6667808,5763,2,region4_1646037697
2021-10-05 07:09,706370097,7728003,660605,2,region4_1646037697
2021-10-05 07:09,706720607,2622886,370,2,region4_1646037697
2021-10-05 07:09,706181155,6552450,1091303,2,region4_1646037703
2021-10-05 07:09,706181155,1606203,846522,2,region4_1646037703
2021-10-05 07:09,706271590,6291456,1048576,5,region4_1646037700
2021-10-05 07:09,706271590,5242880,1048576,5,region4_1646037700
2021-10-05 07:09,706271590,4194304,1048576,5,region4_1646037700
2021-10-05 07:09,706271590,3145728,1048576,5,region4_1646037700
2021-10-05 07:09,706271590,0,1048576,5,region4_1646037700
2021-10-05 07:09,706271590,7340032,1048576,5,region4_1646037700
2021-10-05 07:09,706271590,2097152,1048576,5,region4_1646037700
2021-10-05 07:09,706271590,1048576,1048576,5,region4_1646037700
2021-10-05 07:09,706235452,1184980,1395809,2,region4_1646037697
2021-10-05 07:09,706235452,5365781,1900200,2,region4_1646037697
2021-10-05 07:09,706235452,374,44187,2,region4_1646037697
2021-10-05 07:09,706235452,5365781,876871,2,region4_1646037697
2021-10-05 07:09,706235452,374,1883773,2,region4_1646037697
2021-10-05 07:09,706656220,2097152,1048576,5,region4_1646037700
2021-10-05 07:09,706170776,32887,6998,2,region4_1646037703
2021-10-05 07:09,706170776,1582731,92649,2,region4_1646037703
2021-10-05 07:09,706170776,4070942,176796,2,region4_1646037703
2021-10-05 07:09,706340110,0,8388608,2,region4_1646037696
2021-10-05 07:09,706458482,0,5382411,2,region4_1646037696
2021-10-05 07:09,706656220,4194304,1037931,5,region4_1646037700
2021-10-05 07:09,706656220,3145728,1048576,5,region4_1646037700
2021-10-05 07:09,706666407,0,8388608,2,region4_1646037701
2021-10-05 07:09,706677660,0,858290,2,region4_1646037697
2021-10-05 07:09,706327412,0,8388608,5,region4_1646037700
2021-10-05 07:09,706212463,0,819488,2,region4_1646037697
2021-10-05 07:09,706664359,0,8388608,4,region4_1646037698
2021-10-05 07:09,706719142,0,7231449,2,region4_1646037698
2021-10-05 07:09,706181155,2452725,906021,2,region4_1646037703
2021-10-05 07:09,706539990,0,6041,2,region4_1646037697
2021-10-05 07:09,706370097,7728003,660605,2,region4_1646037697
2021-10-05 07:09,706370097,7728003,660605,2,region4_1646037697
2021-10-05 07:09,706701863,9437184,1048576,5,region4_1646037700
2021-10-05 07:09,706701863,6291456,1048576,5,region4_1646037700
2021-10-05 07:09,706701863,2097152,1048576,5,region4_1646037700
2021-10-05 07:09,706701863,0,1048576,5,region4_1646037700
2021-10-05 07:09,706701863,11534336,1029910,5,region4_1646037700
2021-10-05 07:09,706701863,10485760,1048576,5,region4_1646037700
2021-10-05 07:09,706701863,8388608,1048576,5,region4_1646037700
2021-10-05 07:09,706701863,7340032,1048576,5,region4_1646037700
2021-10-05 07:09,706701863,5242880,1048576,5,region4_1646037700
2021-10-05 07:09,706701863,4194304,1048576,5,region4_1646037700
2021-10-05 07:09,706701863,3145728,1048576,5,region4_1646037700
2021-10-05 07:09,706701863,1048576,1048576,5,region4_1646037700
2021-10-05 07:09,706529626,0,8388608,2,region4_1646037701
2021-10-05 07:09,706535747,0,2198165,5,region4_1646037700
2021-10-05 07:09,706423057,0,1661529,2,region4_1646037697
2021-10-05 07:09,706301470,7122415,16384,2,region4_1646037697
2021-10-05 07:09,706301470,6667808,5763,2,region4_1646037697
2021-10-05 07:09,706167935,0,910304,2,region4_1646037703
2021-10-05 07:09,706370097,7728003,660605,2,region4_1646037697
2021-10-05 07:09,706588477,0,8388608,5,region4_1646037700
2021-10-05 07:09,706361268,7340032,1048576,5,region4_1646037700
2021-10-05 07:09,706361268,6291456,1048576,5,region4_1646037700
2021-10-05 07:09,706361268,3145728,1048576,5,region4_1646037700
2021-10-05 07:09,706361268,2097152,1048576,5,region4_1646037700
2021-10-05 07:09,706361268,1048576,1048576,5,region4_1646037700
2021-10-05 07:09,706361268,0,1048576,5,region4_1646037700
2021-10-05 07:09,706361268,5242880,1048576,5,region4_1646037700
2021-10-05 07:09,706361268,4194304,1048576,5,region4_1646037700
2021-10-05 07:09,706390023,6369248,2019360,2,region4_1646037697
2021-10-05 07:09,706169177,7736922,651686,2,region4_1646037697
2021-10-05 07:09,706169177,8292,2730377,2,region4_1646037697
2021-10-05 07:09,706420935,6293318,2095290,2,region4_1646037697
2021-10-05 07:09,706287267,0,897650,2,region4_1646037697
2021-10-05 07:09,706390023,6369248,2019360,2,region4_1646037697
2021-10-05 07:09,706169177,7736922,651686,2,region4_1646037697
2021-10-05 07:09,706169177,8292,2730377,2,region4_1646037697
2021-10-05 07:09,706167935,3092470,1142415,2,region4_1646037703
2021-10-05 07:10,706334012,0,2420244,4,region4_1646037698
2021-10-05 07:10,706390023,6369248,2019360,2,region4_1646037697
2021-10-05 07:10,706474216,0,2097152,1,region4_1646037696
2021-10-05 07:10,706169177,8292,2730377,2,region4_1646037697
2021-10-05 07:10,706547834,0,8388608,3,region4_1646037699
2021-10-05 07:10,706583543,0,919121,2,region4_1646037697
2021-10-05 07:10,706635145,0,8388608,3,region4_1646037696
2021-10-05 07:10,706245711,0,584082,2,region4_1646037703
2021-10-05 07:10,706679793,0,2313963,2,region4_1646037696
2021-10-05 07:10,706169177,7736922,651686,2,region4_1646037697
2021-10-05 07:10,706169177,8292,2730377,2,region4_1646037697
2021-10-05 07:10,706591941,0,6196804,2,region4_1646037698
2021-10-05 07:10,706245711,584082,829722,2,region4_1646037703
2021-10-05 07:10,706187792,6467279,256967,2,region4_1646037703
2021-10-05 07:10,706187792,1628185,114943,2,region4_1646037703
2021-10-05 07:10,706187792,428522,8587,2,region4_1646037703
2021-10-05 07:10,706606349,0,912053,2,region4_1646037697
2021-10-05 07:10,706170776,1221761,641387,2,region4_1646037703
2021-10-05 07:10,706170776,34628,2110,2,region4_1646037703
2021-10-05 07:10,706654483,0,7900954,2,region4_1646037698
2021-10-05 07:10,706314941,0,5432536,2,region4_1646037698
2021-10-05 07:10,706187792,388595,2061,2,region4_1646037703
2021-10-05 07:10,706169177,7736922,651686,2,region4_1646037697
2021-10-05 07:10,706314941,5432536,5658906,2,region4_1646037698
2021-10-05 07:10,706416260,0,829074,2,region4_1646037697
2021-10-05 07:10,706287415,0,922555,2,region4_1646037697
2021-10-05 07:10,706648882,0,2249837,5,region4_1646037700
2021-10-05 07:10,706251748,0,8388608,2,region4_1646037696
2021-10-05 07:10,706393568,0,8388608,4,region4_1646037698
2021-10-05 07:10,706579098,0,2553536,4,region4_1646037698
2021-10-05 07:10,706659198,0,1177040,2,region4_1646037698
2021-10-05 07:10,706267060,0,8388608,2,region4_1646037696
2021-10-05 07:10,706289687,0,932522,2,region4_1646037697
2021-10-05 07:10,706364426,0,1321879,4,region4_1646037697
2021-10-05 07:10,706369478,0,850596,2,region4_1646037697
2021-10-05 07:10,706187792,388595,2061,2,region4_1646037703
2021-10-05 07:10,706187792,430595,2714,2,region4_1646037703
2021-10-05 07:10,706187792,2092822,480216,2,region4_1646037703
2021-10-05 07:10,706659198,1177040,10262596,2,region4_1646037698
2021-10-05 07:10,706186404,5536979,2023,2,region4_1646037703
2021-10-05 07:10,706186404,1594005,1005659,2,region4_1646037703
2021-10-05 07:10,706692543,0,8388108,3,region4_1646037697
2021-10-05 07:10,706708803,0,929578,2,region4_1646037697
2021-10-05 07:10,706302161,485108,3586780,2,region4_1646037697
2021-10-05 07:10,706593637,0,8383973,5,region4_1646037700
2021-10-05 07:10,706186404,7204000,235165,2,region4_1646037703
2021-10-05 07:10,706186404,5577943,2611,2,region4_1646037703
2021-10-05 07:10,706181155,1606203,846522,2,region4_1646037703
2021-10-05 07:10,706181155,0,791192,2,region4_1646037703
2021-10-05 07:10,706188224,4309509,759530,2,region4_1646037703
2021-10-05 07:10,706188224,1169014,475221,2,region4_1646037703
2021-10-05 07:10,706416260,0,829074,2,region4_1646037697
2021-10-05 07:10,706227741,6351868,155943,2,region4_1646037703
2021-10-05 07:10,706227741,3526785,3064,2,region4_1646037703
2021-10-05 07:10,706227741,3470133,2076,2,region4_1646037703
2021-10-05 07:10,706227741,4734775,119575,2,region4_1646037703
2021-10-05 07:10,706186404,6974613,113560,2,region4_1646037703
2021-10-05 07:10,706186404,5575945,8306,2,region4_1646037703
2021-10-05 07:10,706648910,8212303,340,2,region4_1646037697
2021-10-05 07:10,706648910,8227670,117916,2,region4_1646037697
2021-10-05 07:10,706648910,0,189584,2,region4_1646037697
2021-10-05 07:10,706584359,2951,457347,2,region4_1646037697
2021-10-05 07:10,706584359,2211344,6177264,2,region4_1646037697
2021-10-05 07:10,706235452,5365781,876871,2,region4_1646037697
2021-10-05 07:10,706235452,374,1883773,2,region4_1646037697
2021-10-05 07:10,706366407,0,8057098,4,region4_1646037702
2021-10-05 07:10,706245711,584082,829722,2,region4_1646037703
2021-10-05 07:10,706696240,0,1366926,1,region4_1646037696
2021-10-05 07:10,706696240,1366926,1366926,1,region4_1646037696
2021-10-05 07:10,706188224,3593757,715752,2,region4_1646037703
2021-10-05 07:10,706227741,3470133,2076,2,region4_1646037703
2021-10-05 07:10,706183902,390,46890,2,region4_1646037697
2021-10-05 07:10,706183902,1392443,1177492,2,region4_1646037697
2021-10-05 07:10,706183902,5906184,1979332,2,region4_1646037697
2021-10-05 07:10,706696240,2733852,1366926,1,region4_1646037696
2021-10-05 07:10,706420935,6293318,2095290,2,region4_1646037697
2021-10-05 07:10,706227741,6664411,165726,2,region4_1646037703
2021-10-05 07:10,706227741,4854350,123247,2,region4_1646037703
2021-10-05 07:10,706227741,3520477,3278,2,region4_1646037703
2021-10-05 07:10,706406685,0,1750706,2,region4_1646037697
2021-10-05 07:10,706406685,1750706,315,2,region4_1646037697
2021-10-05 07:10,706696240,4100778,1366926,1,region4_1646037696
2021-10-05 07:10,706696277,0,6296529,2,region4_1646037696
2021-10-05 07:10,706420935,6293318,2095290,2,region4_1646037697
2021-10-05 07:10,706406685,1751149,6637459,2,region4_1646037697
2021-10-05 07:10,706696240,5467704,1366926,1,region4_1646037696
2021-10-05 07:10,706677411,0,7472607,4,region4_1646037698
2021-10-05 07:10,706696240,6834630,1366926,1,region4_1646037696
2021-10-05 07:10,706181155,1606203,846522,2,region4_1646037703
2021-10-05 07:10,706420935,6293318,2095290,2,region4_1646037697
2021-10-05 07:10,706550128,688747,637832,2,region4_1646037703
2021-10-05 07:10,706550128,5093068,828779,2,region4_1646037703
2021-10-05 07:10,706550128,2710326,754800,2,region4_1646037703
2021-10-05 07:10,706242353,0,8388608,2,region4_1646037696
2021-10-05 07:10,706696240,8201556,187052,1,region4_1646037696
2021-10-05 07:10,706208277,5988360,1038274,2,region4_1646037703
2021-10-05 07:10,706208277,1295218,804455,2,region4_1646037703
2021-10-05 07:10,706550128,4273764,819304,2,region4_1646037703
2021-10-05 07:10,706188283,0,35395,2,region4_1646037703
2021-10-05 07:10,706428724,4093730,4294878,2,region4_1646037697
2021-10-05 07:10,706428724,1923,2927963,2,region4_1646037697
2021-10-05 07:10,706444902,0,8388223,3,region4_1646037697
2021-10-05 07:10,706227741,3492874,1361476,2,region4_1646037703
2021-10-05 07:10,706227741,3523755,1092836,2,region4_1646037703
2021-10-05 07:10,706220522,3871863,2053,2,region4_1646037703
2021-10-05 07:10,706306380,6855641,1091725,2,region4_1646037701
2021-10-05 07:10,706306380,6898790,1048576,2,region4_1646037701
2021-10-05 07:10,706187372,1146297,386050,2,region4_1646037703
2021-10-05 07:10,706379353,1048576,1048576,5,region4_1646037700
2021-10-05 07:10,706379353,0,1048576,5,region4_1646037700
2021-10-05 07:10,706220522,5378009,1130696,2,region4_1646037703
2021-10-05 07:10,706220522,3916227,2806,2,region4_1646037703
2021-10-05 07:10,706641564,0,2480927,2,region4_1646037698
2021-10-05 07:10,706593806,0,1344,2,region4_1646037703
2021-10-05 07:10,706306380,0,1649582,2,region4_1646037701
2021-10-05 07:10,706306380,3308335,3384075,2,region4_1646037701
2021-10-05 07:10,706357779,0,8388608,2,region4_1646037698
2021-10-05 07:10,706379353,2097152,1048576,5,region4_1646037700
2021-10-05 07:10,706599098,7650994,737614,2,region4_1646037696
2021-10-05 07:10,706208277,8144140,244468,2,region4_1646037703
2021-10-05 07:10,706208277,2099673,866130,2,region4_1646037703
2021-10-05 07:10,706230728,0,6704455,2,region4_1646037696
2021-10-05 07:10,706379353,3145728,1048576,5,region4_1646037700
2021-10-05 07:10,706381245,0,5315428,2,region4_1646037696
2021-10-05 07:10,706395532,0,865731,5,region4_1646037700
2021-10-05 07:10,706631227,950291,7438317,2,region4_1646037696
2021-10-05 07:10,706593806,0,1344,2,region4_1646037703
2021-10-05 07:10,706379353,4194304,1048576,5,region4_1646037700
2021-10-05 07:10,706476873,0,8388608,2,region4_1646037696
2021-10-05 07:10,706369475,1294299,7094309,2,region4_1646037697
2021-10-05 07:10,706379345,3,4222,2,region4_1646037697
2021-10-05 07:10,706379353,7340032,1048576,5,region4_1646037700
2021-10-05 07:10,706379353,6291456,1048576,5,region4_1646037700
2021-10-05 07:10,706379353,5242880,1048576,5,region4_1646037700
2021-10-05 07:10,706235452,5365781,876871,2,region4_1646037697
2021-10-05 07:10,706235452,374,1883773,2,region4_1646037697
2021-10-05 07:10,706375353,0,8388608,2,region4_1646037698
2021-10-05 07:10,706327453,3188959,5199649,2,region4_1646037696
2021-10-05 07:10,706386117,1916547,116821,2,region4_1646037697
2021-10-05 07:10,706386117,5838676,4412,2,region4_1646037697
2021-10-05 07:10,706386117,1900860,13508,2,region4_1646037697
2021-10-05 07:10,706688640,0,7522651,5,region4_1646037700
2021-10-05 07:10,706355032,1426729,1634641,2,region4_1646037697
2021-10-05 07:10,706355032,5513487,1916338,2,region4_1646037697
2021-10-05 07:10,706355032,374,44502,2,region4_1646037697
2021-10-05 07:10,706441900,1653452,14000,2,region4_1646037697
2021-10-05 07:10,706441900,6103680,16384,2,region4_1646037697
2021-10-05 07:10,706441900,6103619,61,2,region4_1646037697
2021-10-05 07:10,706690927,0,531271,2,region4_1646037697
2021-10-05 07:10,706306403,0,4141412,2,region4_1646037697
2021-10-05 07:10,706306403,6485820,699,2,region4_1646037697
2021-10-05 07:10,706441900,6103680,16384,2,region4_1646037697
2021-10-05 07:10,706478548,0,8388608,2,region4_1646037698
2021-10-05 07:10,706229773,0,8388608,2,region4_1646037698
2021-10-05 07:10,706230918,0,8388608,2,region4_1646037698
2021-10-05 07:10,706208277,1295218,804455,2,region4_1646037703
2021-10-05 07:10,706306403,4141412,2344408,2,region4_1646037697
2021-10-05 07:10,706169177,0,1212781,2,region4_1646037697
2021-10-05 07:10,706189798,8378366,10242,2,region4_1646037703
2021-10-05 07:10,706720607,6112364,2276244,2,region4_1646037697
2021-10-05 07:10,706306403,6487303,150230,2,region4_1646037697
2021-10-05 07:10,706370551,0,10820069,2,region4_1646037698
2021-10-05 07:10,706393693,0,2480722,2,region4_1646037698
2021-10-05 07:10,706464089,1416075,3861409,2,region4_1646037696
2021-10-05 07:10,706227741,3470133,2076,2,region4_1646037703
2021-10-05 07:10,706227741,3516719,11504,2,region4_1646037703
2021-10-05 07:10,706227741,4734775,119575,2,region4_1646037703
2021-10-05 07:10,706227741,8363881,24727,2,region4_1646037703
2021-10-05 07:10,706244857,0,8388608,2,region4_1646037698
2021-10-05 07:10,706269803,0,1556230,2,region4_1646037703
2021-10-05 07:10,706473333,0,10849957,2,region4_1646037698
2021-10-05 07:10,706243716,0,8388608,2,region4_1646037698
2021-10-05 07:10,706474216,2097152,2097152,1,region4_1646037696
2021-10-05 07:10,706318024,0,7849684,2,region4_1646037698
2021-10-05 07:10,706324195,7033810,1354798,2,region4_1646037696
2021-10-05 07:10,706362098,0,3282787,2,region4_1646037697
2021-10-05 07:10,706386117,1900860,13508,2,region4_1646037697
2021-10-05 07:10,706167935,0,910304,2,region4_1646037703
2021-10-05 07:10,706355032,1260967,800914,2,region4_1646037697
2021-10-05 07:10,706355032,6177628,2210980,2,region4_1646037697
2021-10-05 07:10,706355032,5513487,881077,2,region4_1646037697
2021-10-05 07:10,706355032,374,37045,2,region4_1646037697
2021-10-05 07:10,706386117,5838676,4412,2,region4_1646037697
2021-10-05 07:10,706386117,1916547,88510,2,region4_1646037697
2021-10-05 07:10,706301470,6667808,5763,2,region4_1646037697
2021-10-05 07:10,706301470,7122415,16384,2,region4_1646037697
2021-10-05 07:10,706441900,6103619,61,2,region4_1646037697
2021-10-05 07:10,706441900,6103680,16384,2,region4_1646037697
2021-10-05 07:10,706355032,6177628,2210980,2,region4_1646037697
2021-10-05 07:10,706441900,6103680,16384,2,region4_1646037697
2021-10-05 07:10,706441900,1653452,14000,2,region4_1646037697
2021-10-05 07:10,706402966,0,2527361,4,region4_1646037702
2021-10-05 07:10,706457778,0,421121,2,region4_1646037697
2021-10-05 07:10,706652889,0,8388608,5,region4_1646037700
2021-10-05 07:10,706457778,5978767,8388608,2,region4_1646037697
2021-10-05 07:10,706457778,14367375,259744,2,region4_1646037697
2021-10-05 07:10,706631227,950291,7438317,2,region4_1646037696
2021-10-05 07:10,706460283,848968,545,2,region4_1646037697
2021-10-05 07:10,706486031,4194304,1048576,5,region4_1646037700
2021-10-05 07:10,706486031,2097152,1048576,5,region4_1646037700
2021-10-05 07:10,706486031,1048576,1048576,5,region4_1646037700
2021-10-05 07:10,706486031,3145728,1048576,5,region4_1646037700
2021-10-05 07:10,706486031,0,1048576,5,region4_1646037700
2021-10-05 07:10,706307415,0,4628257,4,region4_1646037697
2021-10-05 07:10,706399327,0,391435,4,region4_1646037697
2021-10-05 07:10,706460283,850839,1226223,2,region4_1646037697
2021-10-05 07:10,706486031,5242880,1048576,5,region4_1646037700
2021-10-05 07:10,706227741,6351868,155943,2,region4_1646037703
2021-10-05 07:10,706227741,4734775,119575,2,region4_1646037703
2021-10-05 07:10,706227741,3526785,3064,2,region4_1646037703
2021-10-05 07:10,706405681,0,1580945,2,region4_1646037696
2021-10-05 07:10,706486031,6291456,1048576,5,region4_1646037700
2021-10-05 07:10,706491216,0,8388608,2,region4_1646037701
2021-10-05 07:10,706251748,0,8388608,2,region4_1646037696
2021-10-05 07:10,706367567,0,236353,3,region4_1646037697
2021-10-05 07:10,706189798,5936427,764071,2,region4_1646037703
2021-10-05 07:10,706486031,7340032,1048576,5,region4_1646037700
2021-10-05 07:10,706348097,0,346929,2,region4_1646037697
2021-10-05 07:10,706698823,0,8388078,3,region4_1646037697
2021-10-05 07:10,706189798,6700498,835206,2,region4_1646037703
2021-10-05 07:10,706189798,4533235,649481,2,region4_1646037703
2021-10-05 07:10,706422958,3027558,5361050,2,region4_1646037701
2021-10-05 07:10,706383716,4456560,3932048,2,region4_1646037697
2021-10-05 07:10,706208277,1295218,804455,2,region4_1646037703
2021-10-05 07:10,706523106,0,5198969,2,region4_1646037703
2021-10-05 07:10,706523106,5918644,2469964,2,region4_1646037703
2021-10-05 07:10,706351376,0,4691972,2,region4_1646037698
2021-10-05 07:10,706476873,0,8388608,2,region4_1646037696
2021-10-05 07:10,706516760,0,8388608,5,region4_1646037700
2021-10-05 07:10,706523106,0,5198969,2,region4_1646037703
2021-10-05 07:10,706696277,0,6296529,2,region4_1646037696
2021-10-05 07:10,706446574,0,8388608,2,region4_1646037701
2021-10-05 07:11,706461414,0,8122086,2,region4_1646037701
2021-10-05 07:11,706405790,0,5800900,2,region4_1646037697
2021-10-05 07:11,706367567,0,236353,1,region4_1646037697
2021-10-05 07:11,706230728,0,6704455,2,region4_1646037696
2021-10-05 07:11,706441920,0,14792728,2,region4_1646037701
2021-10-05 07:11,706405790,0,5800900,2,region4_1646037697
2021-10-05 07:11,706404780,0,8388373,3,region4_1646037697
2021-10-05 07:11,706270804,0,8388608,2,region4_1646037698
2021-10-05 07:11,706344238,0,1048576,5,region4_1646037700
2021-10-05 07:11,706421055,0,8388608,3,region4_1646037699
2021-10-05 07:11,706344238,1048576,1048576,5,region4_1646037700
2021-10-05 07:11,706382217,0,8388608,5,region4_1646037700
2021-10-05 07:11,706432395,0,151,5,region4_1646037700
2021-10-05 07:11,706201464,0,984996,2,region4_1646037697
2021-10-05 07:11,706251748,0,8388608,2,region4_1646037696
2021-10-05 07:11,706474216,4194304,2097152,1,region4_1646037696
2021-10-05 07:11,706567428,0,7596179,2,region4_1646037701
2021-10-05 07:11,706188283,5059365,277899,2,region4_1646037703
2021-10-05 07:11,706344238,2097152,1048576,5,region4_1646037700
2021-10-05 07:11,706465850,0,451808,2,region4_1646037703
2021-10-05 07:11,706543653,0,8388608,5,region4_1646037700
2021-10-05 07:11,706344238,3145728,1048576,5,region4_1646037700
2021-10-05 07:11,706416260,0,829074,2,region4_1646037697
2021-10-05 07:11,706509919,0,690351,5,region4_1646037700
2021-10-05 07:11,706344238,4194304,1048576,5,region4_1646037700
2021-10-05 07:11,706370504,0,1092520,3,region4_1646037697
2021-10-05 07:11,706463109,0,3165458,4,region4_1646037702
2021-10-05 07:11,706208277,5988360,1038274,2,region4_1646037703
2021-10-05 07:11,706208277,1295218,804455,2,region4_1646037703
2021-10-05 07:11,706242353,0,8388608,2,region4_1646037696
2021-10-05 07:11,706344238,5242880,1048576,5,region4_1646037700
2021-10-05 07:11,706390879,0,279397,5,region4_1646037700
2021-10-05 07:11,706201464,0,984996,2,region4_1646037697
2021-10-05 07:11,706503584,0,3142147,4,region4_1646037698
2021-10-05 07:11,706316022,0,8388608,2,region4_1646037701
2021-10-05 07:11,706344238,6291456,1048576,5,region4_1646037700
2021-10-05 07:11,706187372,666591,117863,2,region4_1646037703
2021-10-05 07:11,706187372,7529854,315396,2,region4_1646037703
2021-10-05 07:11,706301470,6667808,5763,2,region4_1646037697
2021-10-05 07:11,706301470,7122415,16384,2,region4_1646037697
2021-10-05 07:11,706720680,7340032,450382,5,region4_1646037700
2021-10-05 07:11,706720680,6291456,1048576,5,region4_1646037700
2021-10-05 07:11,706720680,5242880,1048576,5,region4_1646037700
2021-10-05 07:11,706720680,4194304,1048576,5,region4_1646037700
2021-10-05 07:11,706720680,3145728,1048576,5,region4_1646037700
2021-10-05 07:11,706720680,2097152,1048576,5,region4_1646037700
2021-10-05 07:11,706720680,1048576,1048576,5,region4_1646037700
2021-10-05 07:11,706720680,0,1048576,5,region4_1646037700
2021-10-05 07:11,706344238,7340032,1048576,5,region4_1646037700
2021-10-05 07:11,706382324,3601353,185137,2,region4_1646037697
2021-10-05 07:11,706382324,301,277241,2,region4_1646037697
2021-10-05 07:11,706494051,0,7856360,5,region4_1646037700
2021-10-05 07:11,706220522,3871863,2053,2,region4_1646037703
2021-10-05 07:11,706220522,5028052,116122,2,region4_1646037703
2021-10-05 07:11,706220522,3914040,9019,2,region4_1646037703
2021-10-05 07:11,706267060,0,8388608,2,region4_1646037696
2021-10-05 07:11,706165036,0,44,2,region4_1646037703
2021-10-05 07:11,706572746,0,8388608,2,region4_1646037698
2021-10-05 07:11,706165036,0,44,2,region4_1646037703
2021-10-05 07:11,706165036,0,44,2,region4_1646037697
2021-10-05 07:11,706173233,0,149,2,region4_1646037697
2021-10-05 07:11,706492306,775468,7613140,2,region4_1646037701
2021-10-05 07:11,706165036,0,44,2,region4_1646037697
2021-10-05 07:11,706165036,0,44,2,region4_1646037697
2021-10-05 07:11,706170776,34628,2110,2,region4_1646037703
2021-10-05 07:11,706170776,1221761,641387,2,region4_1646037703
2021-10-05 07:11,706580278,0,24,3,region4_1646037697
2021-10-05 07:11,706165036,0,44,2,region4_1646037703
2021-10-05 07:11,706379239,0,955387,2,region4_1646037697
2021-10-05 07:11,706379239,1020671,16384,2,region4_1646037697
2021-10-05 07:11,706169177,8055257,333351,2,region4_1646037697
2021-10-05 07:11,706507242,0,8388608,3,region4_1646037699
2021-10-05 07:11,706552295,0,8388608,2,region4_1646037698
2021-10-05 07:11,706597556,0,8388608,3,region4_1646037699
2021-10-05 07:11,706598425,0,28082,4,region4_1646037697
2021-10-05 07:11,706169177,8055257,333351,2,region4_1646037697
2021-10-05 07:11,706369502,1048576,1048576,5,region4_1646037700
2021-10-05 07:11,706369502,0,1048576,5,region4_1646037700
2021-10-05 07:11,706369502,4194304,1048576,5,region4_1646037700
2021-10-05 07:11,706369502,3145728,1048576,5,region4_1646037700
2021-10-05 07:11,706369502,5242880,115018,5,region4_1646037700
2021-10-05 07:11,706369502,2097152,1048576,5,region4_1646037700
2021-10-05 07:11,706458482,0,5382411,2,region4_1646037696
2021-10-05 07:11,706266642,0,8388608,2,region4_1646037698
2021-10-05 07:11,706479653,2147224,6241384,2,region4_1646037696
2021-10-05 07:11,706490514,665,7516204,2,region4_1646037701
2021-10-05 07:11,706566595,0,855077,4,region4_1646037702
2021-10-05 07:11,706327374,0,37851,3,region4_1646037697
2021-10-05 07:11,706490510,0,8388608,2,region4_1646037698
2021-10-05 07:11,706564766,0,1048576,5,region4_1646037700
2021-10-05 07:11,706594769,0,8388608,4,region4_1646037698
2021-10-05 07:11,706460134,6561371,36857,2,region4_1646037697
2021-10-05 07:11,706460134,6557489,3583,2,region4_1646037697
2021-10-05 07:11,706377537,0,467887,5,region4_1646037700
2021-10-05 07:11,706564766,2097152,1048576,5,region4_1646037700
2021-10-05 07:11,706564766,1048576,1048576,5,region4_1646037700
2021-10-05 07:11,706391723,0,8388608,2,region4_1646037696
2021-10-05 07:11,706564766,3145728,1048576,5,region4_1646037700
2021-10-05 07:11,706564766,4194304,1048576,5,region4_1646037700
2021-10-05 07:11,706564766,7340032,1048576,5,region4_1646037700
2021-10-05 07:11,706564766,6291456,1048576,5,region4_1646037700
2021-10-05 07:11,706564766,5242880,1048576,5,region4_1646037700
2021-10-05 07:11,706187792,2092822,480216,2,region4_1646037703
2021-10-05 07:11,706187792,430595,2714,2,region4_1646037703
2021-10-05 07:11,706407579,0,8380566,2,region4_1646037697
2021-10-05 07:11,706230728,0,6704455,2,region4_1646037696
2021-10-05 07:11,706407579,8380566,8042,2,region4_1646037697
2021-10-05 07:11,706474216,6291456,2097152,1,region4_1646037696
2021-10-05 07:11,706492303,1677356,2403,2,region4_1646037697
2021-10-05 07:11,706492303,1714091,16384,2,region4_1646037697
2021-10-05 07:11,706492303,0,1677356,2,region4_1646037697
2021-10-05 07:11,706570857,0,8388608,5,region4_1646037700
2021-10-05 07:11,706460134,6557489,3583,2,region4_1646037697
2021-10-05 07:11,706460134,6561371,245296,2,region4_1646037697
2021-10-05 07:11,706365578,0,1273202,5,region4_1646037700
2021-10-05 07:11,706375658,0,8388608,2,region4_1646037698
2021-10-05 07:11,706532764,0,8388608,2,region4_1646037698
2021-10-05 07:11,706332528,0,8388608,2,region4_1646037701
2021-10-05 07:11,706345170,0,495811,2,region4_1646037697
2021-10-05 07:11,706438753,0,4992231,2,region4_1646037698
2021-10-05 07:11,706319213,0,1312,2,region4_1646037703
2021-10-05 07:11,706319213,0,1312,2,region4_1646037703
2021-10-05 07:11,706384095,0,8388608,2,region4_1646037698
2021-10-05 07:11,706235452,1184980,1395809,2,region4_1646037697
2021-10-05 07:11,706235452,5365781,1900200,2,region4_1646037697
2021-10-05 07:11,706235452,374,44187,2,region4_1646037697
2021-10-05 07:11,706186404,1594005,1005659,2,region4_1646037703
2021-10-05 07:11,706186404,5536979,2023,2,region4_1646037703
2021-10-05 07:11,706186404,5577943,2611,2,region4_1646037703
2021-10-05 07:11,706186404,7204000,235165,2,region4_1646037703
2021-10-05 07:11,706391723,0,8388608,2,region4_1646037696
2021-10-05 07:11,706188224,4309509,759530,2,region4_1646037703
2021-10-05 07:11,706407579,0,8380566,2,region4_1646037697
2021-10-05 07:11,706407579,8380566,8042,2,region4_1646037697
2021-10-05 07:11,706428724,4093730,4294878,2,region4_1646037697
2021-10-05 07:11,706428724,1923,2927963,2,region4_1646037697
2021-10-05 07:11,706537911,0,7290435,3,region4_1646037699
2021-10-05 07:11,706579445,0,8388608,3,region4_1646037699
2021-10-05 07:11,706279329,0,1911073,2,region4_1646037701
2021-10-05 07:11,706423057,0,1661529,2,region4_1646037697
2021-10-05 07:11,706279329,5124112,1375388,2,region4_1646037701
2021-10-05 07:11,706581828,0,7538469,5,region4_1646037700
2021-10-05 07:11,706464074,0,5280820,5,region4_1646037700
2021-10-05 07:11,706189798,8378366,10242,2,region4_1646037703
2021-10-05 07:11,706486899,0,2685222,4,region4_1646037698
2021-10-05 07:11,706170776,1582731,92649,2,region4_1646037703
2021-10-05 07:11,706170776,4070942,176796,2,region4_1646037703
2021-10-05 07:11,706170776,32887,6998,2,region4_1646037703
2021-10-05 07:11,706612531,7340032,385124,5,region4_1646037700
2021-10-05 07:11,706612531,6291456,1048576,5,region4_1646037700
2021-10-05 07:11,706612531,3145728,1048576,5,region4_1646037700
2021-10-05 07:11,706612531,2097152,1048576,5,region4_1646037700
2021-10-05 07:11,706612531,1048576,1048576,5,region4_1646037700
2021-10-05 07:11,706612531,4194304,1048576,5,region4_1646037700
2021-10-05 07:11,706612531,0,1048576,5,region4_1646037700
2021-10-05 07:11,706612531,5242880,1048576,5,region4_1646037700
2021-10-05 07:11,706686821,0,8388332,3,region4_1646037697
2021-10-05 07:11,706227525,3249466,250592,2,region4_1646037697
2021-10-05 07:11,706483286,1901479,16384,2,region4_1646037697
2021-10-05 07:11,706405787,6719907,1048576,2,region4_1646037705
2021-10-05 07:11,706258624,0,473,2,region4_1646037697
2021-10-05 07:11,706227525,1550080,196261,2,region4_1646037697
2021-10-05 07:11,706183902,390,39039,2,region4_1646037697
2021-10-05 07:11,706183902,7885516,503092,2,region4_1646037697
2021-10-05 07:11,706183902,5906184,890670,2,region4_1646037697
2021-10-05 07:11,706183902,1161118,832351,2,region4_1646037697
2021-10-05 07:11,706390023,6369248,2019360,2,region4_1646037697
2021-10-05 07:11,706169177,7736922,651686,2,region4_1646037697
2021-10-05 07:11,706169177,8292,2730377,2,region4_1646037697
2021-10-05 07:11,706169177,7736922,651686,2,region4_1646037697
2021-10-05 07:11,706169177,8292,2730377,2,region4_1646037697
2021-10-05 07:11,706401031,0,14797211,2,region4_1646037701
2021-10-05 07:11,706401031,14797211,309,2,region4_1646037701
2021-10-05 07:11,706420963,5277434,1372915,2,region4_1646037701
2021-10-05 07:11,706420963,0,447865,2,region4_1646037701
2021-10-05 07:11,706227525,1746341,3552688,2,region4_1646037697
2021-10-05 07:11,706227525,7467926,920682,2,region4_1646037697
2021-10-05 07:11,706183902,1161118,832351,2,region4_1646037697
2021-10-05 07:11,706183902,2961,36468,2,region4_1646037697
2021-10-05 07:11,706183902,7885516,503092,2,region4_1646037697
2021-10-05 07:11,706245711,584082,829722,2,region4_1646037703
2021-10-05 07:11,706258092,0,8388608,2,region4_1646037697
2021-10-05 07:11,706616852,0,8388608,2,region4_1646037698
2021-10-05 07:11,706169177,8292,2730377,2,region4_1646037697
2021-10-05 07:11,706169177,8292,2730377,2,region4_1646037697
2021-10-05 07:12,706458482,0,5382411,2,region4_1646037696
2021-10-05 07:12,706369475,1294299,7094309,2,region4_1646037697
2021-10-05 07:12,706169177,7736922,651686,2,region4_1646037697
2021-10-05 07:12,706442719,0,8388608,4,region4_1646037698
2021-10-05 07:12,706465850,0,451808,2,region4_1646037703
2021-10-05 07:12,706302043,0,7533093,2,region4_1646037701
2021-10-05 07:12,706684189,0,8388608,4,region4_1646037702
2021-10-05 07:12,706442874,2920461,5468147,2,region4_1646037696
2021-10-05 07:12,706476873,0,8388608,2,region4_1646037696
2021-10-05 07:12,706460134,6561371,36857,2,region4_1646037697
2021-10-05 07:12,706181155,1606203,846522,2,region4_1646037703
2021-10-05 07:12,706390023,6369248,2019360,2,region4_1646037697
2021-10-05 07:12,706407579,0,8380566,2,region4_1646037697
2021-10-05 07:12,706405790,0,5800900,2,region4_1646037697
2021-10-05 07:12,706460134,6561371,245296,2,region4_1646037697
2021-10-05 07:12,706460134,6557489,3583,2,region4_1646037697
2021-10-05 07:12,706407579,8380566,8042,2,region4_1646037697
2021-10-05 07:12,706450287,0,1048576,5,region4_1646037700
2021-10-05 07:12,706584452,0,8387683,3,region4_1646037697
2021-10-05 07:12,706590379,0,8388300,3,region4_1646037697
2021-10-05 07:12,706610918,0,30123,5,region4_1646037700
2021-10-05 07:12,706450287,1048576,1048576,5,region4_1646037700
2021-10-05 07:12,706227741,3518001,10222,2,region4_1646037703
2021-10-05 07:12,706561151,0,8388608,5,region4_1646037700
2021-10-05 07:12,706616897,0,8388608,2,region4_1646037698
2021-10-05 07:12,706620262,0,1733233,2,region4_1646037696
2021-10-05 07:12,706674859,0,8388608,2,region4_1646037696
2021-10-05 07:12,706187792,6467279,256967,2,region4_1646037703
2021-10-05 07:12,706187792,1628185,114943,2,region4_1646037703
2021-10-05 07:12,706187792,428522,8587,2,region4_1646037703
2021-10-05 07:12,706450287,2097152,1048576,5,region4_1646037700
2021-10-05 07:12,706535399,0,8388608,2,region4_1646037696
2021-10-05 07:12,706187792,388595,2061,2,region4_1646037703
2021-10-05 07:12,706450287,3145728,1048576,5,region4_1646037700
2021-10-05 07:12,706479699,0,39221467,3,region4_1646037697
2021-10-05 07:12,706483286,1901479,16384,2,region4_1646037697
2021-10-05 07:12,706700990,0,8388608,5,region4_1646037700
2021-10-05 07:12,706169177,6484974,1903634,2,region4_1646037697
2021-10-05 07:12,706169177,6458507,1300,2,region4_1646037697
2021-10-05 07:12,706169177,6458507,1300,2,region4_1646037697
2021-10-05 07:12,706450287,4194304,1048576,5,region4_1646037700
2021-10-05 07:12,706459516,6536801,1851807,2,region4_1646037697
2021-10-05 07:12,706465850,0,451808,2,region4_1646037703
2021-10-05 07:12,706645028,0,14851176,2,region4_1646037701
2021-10-05 07:12,706450287,5242880,1048576,5,region4_1646037700
2021-10-05 07:12,706569206,0,8136787,4,region4_1646037702
2021-10-05 07:12,706468563,0,1141083,3,region4_1646037696
2021-10-05 07:12,706362098,3282787,5105821,2,region4_1646037697
2021-10-05 07:12,706420935,6293318,2095290,2,region4_1646037697
2021-10-05 07:12,706450287,6291456,1048576,5,region4_1646037700
2021-10-05 07:12,706338591,0,8388608,2,region4_1646037696
2021-10-05 07:12,706362098,3282787,5105821,2,region4_1646037697
2021-10-05 07:12,706169177,7736922,651686,2,region4_1646037697
2021-10-05 07:12,706450287,7340032,1048576,5,region4_1646037700
2021-10-05 07:12,706186404,5028238,262452,2,region4_1646037703
2021-10-05 07:12,706186404,5536979,2023,2,region4_1646037703
2021-10-05 07:12,706177303,3796,372509,2,region4_1646037697
2021-10-05 07:12,706186404,5575945,8306,2,region4_1646037703
2021-10-05 07:12,706186404,6974613,113560,2,region4_1646037703
2021-10-05 07:12,706576179,0,20962,5,region4_1646037700
2021-10-05 07:12,706245265,0,8388608,2,region4_1646037698
2021-10-05 07:12,706188224,3593757,715752,2,region4_1646037703
2021-10-05 07:12,706331315,0,4667442,2,region4_1646037698
2021-10-05 07:12,706353791,2650703,5737905,2,region4_1646037696
2021-10-05 07:12,706390023,6369248,2019360,2,region4_1646037697
2021-10-05 07:12,706442874,2920461,5468147,2,region4_1646037696
2021-10-05 07:12,706738780,0,855821,2,region4_1646037697
2021-10-05 07:12,706493985,0,3667937,3,region4_1646037699
2021-10-05 07:12,706738780,1938873,6449735,2,region4_1646037697
2021-10-05 07:12,706485123,0,8388440,3,region4_1646037697
2021-10-05 07:12,706348019,2489551,5899057,2,region4_1646037697
2021-10-05 07:12,706348019,0,2489551,2,region4_1646037697
2021-10-05 07:12,706632218,8315466,73142,2,region4_1646037696
2021-10-05 07:12,706370097,7728003,660605,2,region4_1646037697
2021-10-05 07:12,706540547,1048576,1029526,5,region4_1646037700
2021-10-05 07:12,706540547,0,1048576,5,region4_1646037700
2021-10-05 07:12,706423349,5631168,16384,2,region4_1646037697
2021-10-05 07:12,706600132,0,5300876,2,region4_1646037697
2021-10-05 07:12,706420935,6293318,2095290,2,region4_1646037697
2021-10-05 07:12,706423349,0,1983921,2,region4_1646037697
2021-10-05 07:12,706423349,0,396544,2,region4_1646037697
2021-10-05 07:12,706423349,1706673,3940882,2,region4_1646037697
2021-10-05 07:12,706600132,5300876,3087732,2,region4_1646037697
2021-10-05 07:12,706420935,6293318,2095290,2,region4_1646037697
2021-10-05 07:12,706370752,0,95165,2,region4_1646037697
2021-10-05 07:12,706668581,0,2579920,2,region4_1646037697
2021-10-05 07:12,706525185,1727892,4209735,2,region4_1646037697
2021-10-05 07:12,706629512,401941,98633,2,region4_1646037697
2021-10-05 07:12,706629512,1250081,78123,2,region4_1646037697
2021-10-05 07:12,706629512,1328204,16384,2,region4_1646037697
2021-10-05 07:12,706189798,8378366,10242,2,region4_1646037703
2021-10-05 07:12,706189798,68263,270178,2,region4_1646037703
2021-10-05 07:12,706475024,5901475,341609,2,region4_1646037701
2021-10-05 07:12,706475024,0,2636592,2,region4_1646037701
2021-10-05 07:12,706520418,0,635417,2,region4_1646037697
2021-10-05 07:12,706326470,0,276675,2,region4_1646037697
2021-10-05 07:12,706451956,7856629,531979,2,region4_1646037696
2021-10-05 07:12,706460134,6561371,36857,2,region4_1646037697
2021-10-05 07:12,706460134,6557489,3583,2,region4_1646037697
2021-10-05 07:12,706177303,1241,375064,2,region4_1646037697
2021-10-05 07:12,706177303,1026,375279,2,region4_1646037697
2021-10-05 07:12,706188283,0,35395,2,region4_1646037703
2021-10-05 07:12,706571465,629803,56757,2,region4_1646037697
2021-10-05 07:12,706571465,4887,434697,2,region4_1646037697
2021-10-05 07:12,706571465,535655,84522,2,region4_1646037697
2021-10-05 07:12,706370504,0,1092520,1,region4_1646037697
2021-10-05 07:12,706496624,1686,2662,2,region4_1646037697
2021-10-05 07:12,706177303,468,983946,2,region4_1646037697
2021-10-05 07:12,706315834,0,1077584,2,region4_1646037697
2021-10-05 07:12,706315834,1077584,7311024,2,region4_1646037697
2021-10-05 07:12,706177303,128,376177,2,region4_1646037697
2021-10-05 07:12,706177303,710,1040312,2,region4_1646037697
2021-10-05 07:12,706177303,1154,375151,2,region4_1646037697
2021-10-05 07:12,706177303,1491,374814,2,region4_1646037697
2021-10-05 07:12,706177303,1329,374976,2,region4_1646037697
2021-10-05 07:12,706177303,1618,374687,2,region4_1646037697
2021-10-05 07:12,706177303,934,375371,2,region4_1646037697
2021-10-05 07:12,706177303,847,375458,2,region4_1646037697
2021-10-05 07:12,706177303,1442,374863,2,region4_1646037697
2021-10-05 07:12,706177303,3,376302,2,region4_1646037697
2021-10-05 07:12,706177303,291,376014,2,region4_1646037697
2021-10-05 07:12,706370097,7728003,660605,2,region4_1646037697
2021-10-05 07:12,706535399,0,8388608,2,region4_1646037696
2021-10-05 07:12,706460899,0,4655080,2,region4_1646037698
2021-10-05 07:12,706654718,831827,7556781,2,region4_1646037701
2021-10-05 07:12,706220522,5378009,1130696,2,region4_1646037703
2021-10-05 07:12,706220522,3916227,2806,2,region4_1646037703
2021-10-05 07:12,706177303,1751,374554,2,region4_1646037697
2021-10-05 07:12,706177303,3796,372509,2,region4_1646037697
2021-10-05 07:12,706370097,7728003,660605,2,region4_1646037697
2021-10-05 07:12,706170776,7536669,585444,2,region4_1646037703
2021-10-05 07:12,706170776,36738,1010934,2,region4_1646037703
2021-10-05 07:12,706170776,38883,1636497,2,region4_1646037703
2021-10-05 07:12,706187372,1146297,386050,2,region4_1646037703
2021-10-05 07:12,706460283,848968,545,2,region4_1646037697
2021-10-05 07:12,706421627,0,8388608,2,region4_1646037698
2021-10-05 07:12,706579489,0,8388608,2,region4_1646037698
2021-10-05 07:12,706443599,0,8388608,2,region4_1646037696
2021-10-05 07:12,706611681,0,5769909,2,region4_1646037697
2021-10-05 07:12,706460283,5936640,2451968,2,region4_1646037697
2021-10-05 07:12,706460283,2077062,1302325,2,region4_1646037697
2021-10-05 07:12,706460283,869633,15861,2,region4_1646037697
2021-10-05 07:12,706543568,0,8378388,2,region4_1646037698
2021-10-05 07:12,706623885,0,428965,2,region4_1646037697
2021-10-05 07:12,706570914,6209152,2179456,2,region4_1646037697
2021-10-05 07:12,706611681,5769909,2618699,2,region4_1646037697
2021-10-05 07:12,706532001,0,4059654,2,region4_1646037697
2021-10-05 07:12,706532001,0,4059654,2,region4_1646037697
2021-10-05 07:12,706367344,283594,1293690,2,region4_1646037697
2021-10-05 07:12,706584521,0,4700962,2,region4_1646037698
2021-10-05 07:12,706602535,0,8388608,4,region4_1646037696
2021-10-05 07:12,706612896,0,8388608,5,region4_1646037700
2021-10-05 07:12,706187792,388595,2061,2,region4_1646037703
2021-10-05 07:12,706187792,1628185,347533,2,region4_1646037703
2021-10-05 07:12,706679718,2097152,1048576,5,region4_1646037700
2021-10-05 07:12,706679718,0,1048576,5,region4_1646037700
2021-10-05 07:12,706187792,435895,2614,2,region4_1646037703
2021-10-05 07:12,706679718,1048576,1048576,5,region4_1646037700
2021-10-05 07:12,706679718,3145728,655624,5,region4_1646037700
2021-10-05 07:12,706170776,1221761,641387,2,region4_1646037703
2021-10-05 07:12,706170776,34628,2110,2,region4_1646037703
2021-10-05 07:12,706574575,0,7388453,4,region4_1646037702
2021-10-05 07:12,706704809,0,10485760,5,region4_1646037700
2021-10-05 07:12,706752788,0,11044620,2,region4_1646037698
2021-10-05 07:12,706170776,1134620,540760,2,region4_1646037703
2021-10-05 07:12,706170776,32085,7800,2,region4_1646037703
2021-10-05 07:12,706607541,0,2899860,2,region4_1646037697
2021-10-05 07:12,706186404,5536979,2023,2,region4_1646037703
2021-10-05 07:12,706186404,5583075,2521,2,region4_1646037703
2021-10-05 07:12,706186404,6749769,338404,2,region4_1646037703
2021-10-05 07:12,706488496,0,3724765,2,region4_1646037697
2021-10-05 07:12,706488605,0,8388608,2,region4_1646037696
2021-10-05 07:12,706712505,0,8387512,3,region4_1646037697
2021-10-05 07:12,706593807,194373,1258855,2,region4_1646037697
2021-10-05 07:12,706169630,2583152,119860,2,region4_1646037697
2021-10-05 07:12,706169630,1141452,321673,2,region4_1646037697
2021-10-05 07:12,706169630,1138354,2616,2,region4_1646037697
2021-10-05 07:12,706692390,0,6968524,2,region4_1646037698
2021-10-05 07:12,706188224,3593757,715752,2,region4_1646037703
2021-10-05 07:12,706704809,10485760,4313469,5,region4_1646037700
2021-10-05 07:12,706353791,2650703,5737905,2,region4_1646037696
2021-10-05 07:12,706360127,0,1153253,2,region4_1646037697
2021-10-05 07:12,706631977,0,1941328,2,region4_1646037698
2021-10-05 07:12,706187792,433309,1080987,2,region4_1646037703
2021-10-05 07:12,706620262,0,1733233,2,region4_1646037696
2021-10-05 07:12,706235452,374,1883773,2,region4_1646037697
2021-10-05 07:12,706576921,0,1048576,5,region4_1646037700
2021-10-05 07:12,706187792,2092822,480216,2,region4_1646037703
2021-10-05 07:12,706187792,430595,2714,2,region4_1646037703
2021-10-05 07:12,706235452,7265981,1106495,2,region4_1646037697
2021-10-05 07:12,706235452,5365781,3006695,2,region4_1646037697
2021-10-05 07:12,706235452,2722,1881425,2,region4_1646037697
2021-10-05 07:12,706576921,1048576,1048576,5,region4_1646037700
2021-10-05 07:12,706448446,3482704,16384,2,region4_1646037697
2021-10-05 07:12,706448446,3304793,1902,2,region4_1646037697
2021-10-05 07:12,706726152,0,8388608,3,region4_1646037699
2021-10-05 07:12,706576921,3145728,1048576,5,region4_1646037700
2021-10-05 07:12,706576921,2097152,1048576,5,region4_1646037700
2021-10-05 07:12,706576921,4194304,1048576,5,region4_1646037700
2021-10-05 07:12,706157169,1377433,1287356,2,region4_1646037697
2021-10-05 07:12,706157169,1372397,4479,2,region4_1646037697
2021-10-05 07:12,706452805,994224,4946207,2,region4_1646037697
2021-10-05 07:12,706616077,0,8388608,2,region4_1646037701
2021-10-05 07:12,706632218,8315466,73142,2,region4_1646037696
2021-10-05 07:12,706186404,7204000,235165,2,region4_1646037703
2021-10-05 07:12,706186404,5536979,2023,2,region4_1646037703
2021-10-05 07:12,706186404,1594005,1005659,2,region4_1646037703
2021-10-05 07:12,706186404,5577943,2611,2,region4_1646037703
2021-10-05 07:12,706576921,6291456,1048576,5,region4_1646037700
2021-10-05 07:12,706576921,5242880,1048576,5,region4_1646037700
2021-10-05 07:12,706490315,0,3859194,2,region4_1646037697
2021-10-05 07:12,706636950,7424287,1774,2,region4_1646037697
2021-10-05 07:12,706186404,5580554,855531,2,region4_1646037703
2021-10-05 07:12,706186404,5536979,2023,2,region4_1646037703
2021-10-05 07:12,706576921,7340032,1048576,5,region4_1646037700
2021-10-05 07:12,706636950,7427056,326538,2,region4_1646037697
2021-10-05 07:12,706187792,1628185,114943,2,region4_1646037703
2021-10-05 07:12,706187792,3769580,150189,2,region4_1646037703
2021-10-05 07:12,706187792,388595,2061,2,region4_1646037703
2021-10-05 07:12,706187792,427478,9631,2,region4_1646037703
2021-10-05 07:12,706370097,7728003,660605,2,region4_1646037697
2021-10-05 07:12,706188224,4309509,759530,2,region4_1646037703
2021-10-05 07:12,706440460,1759487,1864,2,region4_1646037697
2021-10-05 07:12,706440460,1761562,653407,2,region4_1646037697
2021-10-05 07:12,706188283,5059365,277899,2,region4_1646037703
2021-10-05 07:12,706589593,6844108,1544500,2,region4_1646037697
2021-10-05 07:12,706595686,0,8292776,2,region4_1646037698
2021-10-05 07:12,706188224,1005976,619767,2,region4_1646037703
2021-10-05 07:12,706188224,5069039,807522,2,region4_1646037703
2021-10-05 07:12,706764258,0,8949131,2,region4_1646037698
2021-10-05 07:12,706460134,6561371,245296,2,region4_1646037697
2021-10-05 07:12,706460134,6557489,3583,2,region4_1646037697
2021-10-05 07:12,706508828,3640129,2211950,2,region4_1646037697
2021-10-05 07:12,706508828,1167735,1216529,2,region4_1646037697
2021-10-05 07:12,706465850,0,451808,2,region4_1646037703
2021-10-05 07:12,706758995,0,1048576,5,region4_1646037700
2021-10-05 07:12,706764258,8949131,5832246,2,region4_1646037698
2021-10-05 07:13,706589593,0,6844108,2,region4_1646037697
2021-10-05 07:13,706187372,666591,117863,2,region4_1646037703
2021-10-05 07:13,706187372,7529854,315396,2,region4_1646037703
2021-10-05 07:13,706695282,0,586330,2,region4_1646037697
2021-10-05 07:13,706348019,0,2489551,2,region4_1646037697
2021-10-05 07:13,706220522,3914040,9019,2,region4_1646037703
2021-10-05 07:13,706220522,3871863,2053,2,region4_1646037703
2021-10-05 07:13,706370097,7728003,660605,2,region4_1646037697
2021-10-05 07:13,706410035,5823307,2565301,2,region4_1646037697
2021-10-05 07:13,706589593,6844108,1544500,2,region4_1646037697
2021-10-05 07:13,706606649,4218825,4166280,2,region4_1646037698
2021-10-05 07:13,706606649,0,4218825,2,region4_1646037698
2021-10-05 07:13,706435664,0,8388608,2,region4_1646037698
2021-10-05 07:13,706508828,1164508,2841,2,region4_1646037697
2021-10-05 07:13,706758995,1048576,1048576,5,region4_1646037700
2021-10-05 07:13,706220522,5028052,116122,2,region4_1646037703
2021-10-05 07:13,706186404,5574920,9331,2,region4_1646037703
2021-10-05 07:13,706557672,0,8388608,2,region4_1646037698
2021-10-05 07:13,706186404,6974613,113560,2,region4_1646037703
2021-10-05 07:13,706589593,0,6844108,2,region4_1646037697
2021-10-05 07:13,706758995,2097152,1048576,5,region4_1646037700
2021-10-05 07:13,706570107,0,8388608,2,region4_1646037698
2021-10-05 07:13,706708527,8298663,16384,2,region4_1646037697
2021-10-05 07:13,706783157,0,5901921,2,region4_1646037698
2021-10-05 07:13,706796070,0,8388608,2,region4_1646037701
2021-10-05 07:13,706812107,0,8388608,2,region4_1646037698
2021-10-05 07:13,706589593,6844108,1544500,2,region4_1646037697
2021-10-05 07:13,706659381,2352060,2209296,2,region4_1646037697
2021-10-05 07:13,706659381,72,75547,2,region4_1646037697
2021-10-05 07:13,706708527,7875103,2049,2,region4_1646037697
2021-10-05 07:13,706525185,1727892,4209735,2,region4_1646037697
2021-10-05 07:13,706416260,0,829074,2,region4_1646037697
2021-10-05 07:13,706758995,3145728,1048576,5,region4_1646037700
2021-10-05 07:13,706783157,5901921,3164406,2,region4_1646037698
2021-10-05 07:13,706319213,0,1312,2,region4_1646037703
2021-10-05 07:13,706319213,0,1312,2,region4_1646037703
2021-10-05 07:13,706589593,0,6844108,2,region4_1646037697
2021-10-05 07:13,706678086,0,585563,2,region4_1646037697
2021-10-05 07:13,706564974,2234361,16384,2,region4_1646037697
2021-10-05 07:13,706758995,4194304,1048576,5,region4_1646037700
2021-10-05 07:13,706370097,7728003,660605,2,region4_1646037697
2021-10-05 07:13,706481856,0,8388608,2,region4_1646037701
2021-10-05 07:13,706758995,5242880,1048576,5,region4_1646037700
2021-10-05 07:13,706348019,0,2489551,2,region4_1646037697
2021-10-05 07:13,706509720,0,4881957,2,region4_1646037697
2021-10-05 07:13,706564974,2234361,16384,2,region4_1646037697
2021-10-05 07:13,706564974,1039514,3545,2,region4_1646037697
2021-10-05 07:13,706195337,0,14607673,2,region4_1646037701
2021-10-05 07:13,706416260,0,829074,2,region4_1646037697
2021-10-05 07:13,706665185,5680041,2708567,2,region4_1646037697
2021-10-05 07:13,706564974,2234361,16384,2,region4_1646037697
2021-10-05 07:13,706758995,6291456,1048576,5,region4_1646037700
2021-10-05 07:13,706805578,0,8388608,2,region4_1646037698
2021-10-05 07:13,706410035,5823307,2565301,2,region4_1646037697
2021-10-05 07:13,706702539,0,4594,5,region4_1646037700
2021-10-05 07:13,706595945,801722,2842,2,region4_1646037697
2021-10-05 07:13,706204129,0,7802959,2,region4_1646037698
2021-10-05 07:13,706399725,6821140,1567468,2,region4_1646037697
2021-10-05 07:13,706399725,4339786,1206983,2,region4_1646037697
2021-10-05 07:13,706399725,4336499,2885,2,region4_1646037697
2021-10-05 07:13,706554841,3583792,3352322,2,region4_1646037697
2021-10-05 07:13,706593806,0,1344,2,region4_1646037703
2021-10-05 07:13,706593806,0,1344,2,region4_1646037703
2021-10-05 07:13,706667049,0,8388608,2,region4_1646037698
2021-10-05 07:13,706685839,0,1956461,5,region4_1646037700
2021-10-05 07:13,706595945,804951,1202588,2,region4_1646037697
2021-10-05 07:13,706595945,0,801722,2,region4_1646037697
2021-10-05 07:13,706525185,1727892,4209735,2,region4_1646037697
2021-10-05 07:13,706758995,7340032,1048576,5,region4_1646037700
2021-10-05 07:13,706796089,0,1766736,2,region4_1646037698
2021-10-05 07:13,706423349,0,396544,2,region4_1646037697
2021-10-05 07:13,706423349,1706673,3940882,2,region4_1646037697
2021-10-05 07:13,706454880,933247,1675196,2,region4_1646037697
2021-10-05 07:13,706724286,0,7920741,2,region4_1646037698
2021-10-05 07:13,706613311,0,6770405,5,region4_1646037700
2021-10-05 07:13,706764809,0,6839639,2,region4_1646037697
2021-10-05 07:13,706549974,454,2744691,2,region4_1646037697
2021-10-05 07:13,706549974,6099246,1040430,2,region4_1646037697
2021-10-05 07:13,706187372,666591,479706,2,region4_1646037703
2021-10-05 07:13,706693173,0,8388608,3,region4_1646037699
2021-10-05 07:13,706764809,6839639,7713966,2,region4_1646037697
2021-10-05 07:13,706338591,0,8388608,2,region4_1646037696
2021-10-05 07:13,706220522,5028052,961088,2,region4_1646037703
2021-10-05 07:13,706220522,3921794,2752,2,region4_1646037703
2021-10-05 07:13,706220522,3871863,2053,2,region4_1646037703
2021-10-05 07:13,706245711,7635224,753384,2,region4_1646037703
2021-10-05 07:13,706245711,1413804,883458,2,region4_1646037703
2021-10-05 07:13,706719259,0,9789130,2,region4_1646037698
2021-10-05 07:13,706443599,0,8388608,2,region4_1646037696
2021-10-05 07:13,706188283,0,35395,2,region4_1646037703
2021-10-05 07:13,706261840,0,4654102,2,region4_1646037698
2021-10-05 07:13,706598534,0,987167,2,region4_1646037697
2021-10-05 07:13,706410035,5823307,2565301,2,region4_1646037697
2021-10-05 07:13,706507937,6885720,1502888,2,region4_1646037697
2021-10-05 07:13,706507937,4424609,1092510,2,region4_1646037697
2021-10-05 07:13,706507937,4421337,2886,2,region4_1646037697
2021-10-05 07:13,706604498,8254070,134538,2,region4_1646037697
2021-10-05 07:13,706604498,4555155,535669,2,region4_1646037697
2021-10-05 07:13,706604498,1240333,277358,2,region4_1646037697
2021-10-05 07:13,706468563,0,956069,1,region4_1646037696
2021-10-05 07:13,706170776,1582731,92649,2,region4_1646037703
2021-10-05 07:13,706170776,4070942,176796,2,region4_1646037703
2021-10-05 07:13,706170776,32887,6998,2,region4_1646037703
2021-10-05 07:13,706702585,0,2124,1,region4_1646037697
2021-10-05 07:13,706260211,6122451,1048576,2,region4_1646037705
2021-10-05 07:13,706187372,7848388,2056,2,region4_1646037703
2021-10-05 07:13,706682804,0,6819836,5,region4_1646037700
2021-10-05 07:13,706468563,956069,185014,1,region4_1646037696
2021-10-05 07:13,706220522,5378009,1130696,2,region4_1646037703
2021-10-05 07:13,706220522,3916227,2806,2,region4_1646037703
2021-10-05 07:13,706423349,0,396544,2,region4_1646037697
2021-10-05 07:13,706187372,1146297,386050,2,region4_1646037703
2021-10-05 07:13,706684369,0,8388608,2,region4_1646037698
2021-10-05 07:13,706416260,0,829074,2,region4_1646037697
2021-10-05 07:13,706702585,2124,8385422,1,region4_1646037697
2021-10-05 07:13,706460134,6557489,3583,2,region4_1646037697
2021-10-05 07:13,706460134,6561371,36857,2,region4_1646037697
2021-10-05 07:13,706187792,428522,8587,2,region4_1646037703
2021-10-05 07:13,706187792,1628185,114943,2,region4_1646037703
2021-10-05 07:13,706187792,6467279,256967,2,region4_1646037703
2021-10-05 07:13,706771943,0,5214076,2,region4_1646037697
2021-10-05 07:13,706412369,0,1144,2,region4_1646037703
2021-10-05 07:13,706835967,0,52683,2,region4_1646037701
2021-10-05 07:13,706319685,0,4509259,2,region4_1646037697
2021-10-05 07:13,706186404,5575945,8306,2,region4_1646037703
2021-10-05 07:13,706186404,5536979,2023,2,region4_1646037703
2021-10-05 07:13,706809675,561328,724162,2,region4_1646037697
2021-10-05 07:13,706763213,0,1048576,5,region4_1646037700
2021-10-05 07:13,706432986,8210057,178551,2,region4_1646037696
2021-10-05 07:13,706410035,5823307,2565301,2,region4_1646037697
2021-10-05 07:13,706281963,0,8388608,2,region4_1646037698
2021-10-05 07:13,706181155,2452725,906021,2,region4_1646037703
2021-10-05 07:13,706763213,1048576,746210,5,region4_1646037700
2021-10-05 07:13,706777319,0,4869447,2,region4_1646037698
2021-10-05 07:13,706451827,0,7667475,2,region4_1646037701
2021-10-05 07:13,706793991,0,8368101,3,region4_1646037699
2021-10-05 07:13,706370097,7728003,660605,2,region4_1646037697
2021-10-05 07:13,706460134,6561371,245296,2,region4_1646037697
2021-10-05 07:13,706749182,2570887,1036625,2,region4_1646037697
2021-10-05 07:13,706479653,2147224,6241384,2,region4_1646037696
2021-10-05 07:13,706777319,4869447,4867193,2,region4_1646037698
2021-10-05 07:13,706557672,0,8388608,2,region4_1646037698
2021-10-05 07:13,706693100,0,507432,5,region4_1646037700
2021-10-05 07:13,706752873,4577327,1495,2,region4_1646037697
2021-10-05 07:13,706752873,4570416,16384,2,region4_1646037697
2021-10-05 07:13,706223355,0,8388608,2,region4_1646037697
2021-10-05 07:13,706188283,1186985,165986,2,region4_1646037703
2021-10-05 07:13,706601035,0,8388608,2,region4_1646037696
2021-10-05 07:13,706747953,6384880,2003728,2,region4_1646037697
2021-10-05 07:13,706767148,1414384,63030,2,region4_1646037697
2021-10-05 07:13,706831208,0,1187395,4,region4_1646037698
2021-10-05 07:13,706839252,0,1100,5,region4_1646037700
2021-10-05 07:13,706188283,7253150,605265,2,region4_1646037703
2021-10-05 07:13,706795396,1437108,5427,2,region4_1646037697
2021-10-05 07:13,706665074,1979044,3548,2,region4_1646037697
2021-10-05 07:13,706747953,1123749,576839,2,region4_1646037697
2021-10-05 07:13,706391723,0,8388608,2,region4_1646037696
2021-10-05 07:13,706665074,5411026,242408,2,region4_1646037697
2021-10-05 07:13,706665074,3743291,534988,2,region4_1646037697
2021-10-05 07:13,706665074,8045445,343163,2,region4_1646037697
2021-10-05 07:13,706187372,0,221061,2,region4_1646037703
2021-10-05 07:13,706301363,5778739,1048576,2,region4_1646037705
2021-10-05 07:13,706220522,3919033,888077,2,region4_1646037703
2021-10-05 07:13,706321980,0,1270,2,region4_1646037703
2021-10-05 07:13,706360127,0,1153253,2,region4_1646037697
2021-10-05 07:13,706188283,5059365,277899,2,region4_1646037703
2021-10-05 07:13,706777377,0,8388608,2,region4_1646037701
2021-10-05 07:13,706220522,7524555,164516,2,region4_1646037703
2021-10-05 07:13,706220522,3912899,10160,2,region4_1646037703
2021-10-05 07:13,706187372,666591,117863,2,region4_1646037703
2021-10-05 07:13,706187372,666591,117863,2,region4_1646037703
2021-10-05 07:13,706187372,3659575,195908,2,region4_1646037703
2021-10-05 07:13,706220522,3914040,9019,2,region4_1646037703
2021-10-05 07:13,706360127,0,1153253,2,region4_1646037697
2021-10-05 07:13,706732383,0,14667537,2,region4_1646037701
2021-10-05 07:13,706380091,0,8388608,2,region4_1646037698
2021-10-05 07:13,706796089,0,1766736,2,region4_1646037698
2021-10-05 07:13,706490315,0,3859194,2,region4_1646037697
2021-10-05 07:13,706490315,4933702,3454906,2,region4_1646037697
2021-10-05 07:13,706722299,0,813036,2,region4_1646037698
2021-10-05 07:13,706391723,0,8388608,2,region4_1646037696
2021-10-05 07:13,706452805,7452395,936213,2,region4_1646037697
2021-10-05 07:13,706452805,994224,4946207,2,region4_1646037697
2021-10-05 07:13,706343680,0,1268,2,region4_1646037703
2021-10-05 07:13,706343680,0,1268,2,region4_1646037703
2021-10-05 07:13,706452805,0,5940431,2,region4_1646037697
2021-10-05 07:13,706490315,0,3859194,2,region4_1646037697
2021-10-05 07:13,706405790,0,5800900,2,region4_1646037697
2021-10-05 07:13,706837019,0,8388608,5,region4_1646037700
2021-10-05 07:13,706167935,3092470,1142415,2,region4_1646037703
2021-10-05 07:13,706751112,0,5678620,2,region4_1646037698
2021-10-05 07:13,706333704,0,2677,2,region4_1646037703
2021-10-05 07:13,706333704,0,2677,2,region4_1646037703
2021-10-05 07:13,706383716,4456560,3932048,2,region4_1646037697
2021-10-05 07:13,706508828,1164508,2841,2,region4_1646037697
2021-10-05 07:13,706508828,3640129,2211950,2,region4_1646037697
2021-10-05 07:13,706508828,1167735,7220873,2,region4_1646037697
2021-10-05 07:13,706508828,7678802,709806,2,region4_1646037697
2021-10-05 07:13,706508828,1167735,1216529,2,region4_1646037697
2021-10-05 07:13,706227741,3470133,2076,2,region4_1646037703
2021-10-05 07:13,706508828,1164508,2841,2,region4_1646037697
2021-10-05 07:13,706321260,0,14687543,2,region4_1646037701
2021-10-05 07:13,706386117,5838676,4412,2,region4_1646037697
2021-10-05 07:13,706386117,1900860,13508,2,region4_1646037697
2021-10-05 07:13,706386117,5838676,4412,2,region4_1646037697
2021-10-05 07:13,706386117,1900860,13508,2,region4_1646037697
2021-10-05 07:13,706386117,7416824,88237,2,region4_1646037697
2021-10-05 07:13,706386117,1916547,88510,2,region4_1646037697
2021-10-05 07:13,706386117,1922086,82971,2,region4_1646037697
2021-10-05 07:13,706441900,6103680,16384,2,region4_1646037697
2021-10-05 07:13,706441900,6103619,61,2,region4_1646037697
2021-10-05 07:13,706441900,6103680,16384,2,region4_1646037697
2021-10-05 07:13,706441900,1653452,14000,2,region4_1646037697
2021-10-05 07:13,706227741,6664411,165726,2,region4_1646037703
2021-10-05 07:13,706227741,4854350,123247,2,region4_1646037703
2021-10-05 07:13,706227741,3520477,3278,2,region4_1646037703
2021-10-05 07:13,706492303,1677356,2403,2,region4_1646037697
2021-10-05 07:13,706492303,1714091,16384,2,region4_1646037697
2021-10-05 07:13,706360391,0,8388608,2,region4_1646037697
2021-10-05 07:13,706170776,15123,1660257,2,region4_1646037703
2021-10-05 07:13,706170776,7536669,585444,2,region4_1646037703
2021-10-05 07:13,706170776,36738,1010934,2,region4_1646037703
2021-10-05 07:13,706170776,8122113,266495,2,region4_1646037703
2021-10-05 07:13,706801549,1522793,13304607,2,region4_1646037701
2021-10-05 07:13,706355032,1260967,800914,2,region4_1646037697
2021-10-05 07:13,706355032,374,37045,2,region4_1646037697
2021-10-05 07:13,706355032,7429825,958783,2,region4_1646037697
2021-10-05 07:13,706355032,1260967,800914,2,region4_1646037697
2021-10-05 07:13,706355032,2837,34582,2,region4_1646037697
2021-10-05 07:13,706386117,7416824,88237,2,region4_1646037697
2021-10-05 07:13,706441900,6103619,61,2,region4_1646037697
2021-10-05 07:13,706441900,6103680,16384,2,region4_1646037697
2021-10-05 07:13,706441900,6103619,61,2,region4_1646037697
2021-10-05 07:13,706441900,6103680,16384,2,region4_1646037697
2021-10-05 07:13,706441900,1653452,14000,2,region4_1646037697
2021-10-05 07:13,706787334,0,8388608,2,region4_1646037698
2021-10-05 07:13,706355032,5513487,2875121,2,region4_1646037697
2021-10-05 07:13,706731935,0,8387138,3,region4_1646037697
2021-10-05 07:13,706806427,14579221,618,2,region4_1646037697
2021-10-05 07:13,706856243,0,6864639,2,region4_1646037698
2021-10-05 07:13,706156094,3997461,16384,2,region4_1646037697
2021-10-05 07:13,706488605,0,8388608,2,region4_1646037696
2021-10-05 07:13,706641092,0,8388608,2,region4_1646037696
2021-10-05 07:13,706783908,0,6701384,2,region4_1646037698
2021-10-05 07:13,706156094,3952351,3162,2,region4_1646037697
2021-10-05 07:13,706460134,6557489,3583,2,region4_1646037697
2021-10-05 07:13,706460134,6561371,36857,2,region4_1646037697
2021-10-05 07:13,706866402,0,8388583,3,region4_1646037697
2021-10-05 07:13,706666108,0,4227684,2,region4_1646037696
2021-10-05 07:13,706564974,2234361,16384,2,region4_1646037697
2021-10-05 07:13,706564974,2234361,16384,2,region4_1646037697
2021-10-05 07:13,706595945,801722,2842,2,region4_1646037697
2021-10-05 07:13,706595945,804951,1202588,2,region4_1646037697
2021-10-05 07:13,706711762,0,121978,5,region4_1646037700
2021-10-05 07:13,706766626,0,8388608,2,region4_1646037698
2021-10-05 07:13,706399725,4339786,4048822,2,region4_1646037697
2021-10-05 07:13,706399725,4336499,2885,2,region4_1646037697
2021-10-05 07:13,706564974,2234361,16384,2,region4_1646037697
2021-10-05 07:13,706564974,1039514,3545,2,region4_1646037697
2021-10-05 07:13,706564974,2234361,16384,2,region4_1646037697
2021-10-05 07:13,706595945,801722,2842,2,region4_1646037697
2021-10-05 07:13,706749270,0,6682185,2,region4_1646037698
2021-10-05 07:13,706454880,0,2608443,2,region4_1646037697
2021-10-05 07:13,706869164,0,1048576,5,region4_1646037700
2021-10-05 07:13,706595945,804951,1202588,2,region4_1646037697
2021-10-05 07:13,706806427,0,1410785,2,region4_1646037697
2021-10-05 07:13,706399725,6821140,1567468,2,region4_1646037697
2021-10-05 07:13,706399725,4339786,1206983,2,region4_1646037697
2021-10-05 07:13,706257509,1848,296577,2,region4_1646037697
2021-10-05 07:13,706390023,6369248,2019360,2,region4_1646037697
2021-10-05 07:13,706169177,7736922,651686,2,region4_1646037697
2021-10-05 07:13,706169177,8292,2730377,2,region4_1646037697
2021-10-05 07:13,706725421,1168494,546883,2,region4_1646037697
2021-10-05 07:13,706798467,0,2698411,5,region4_1646037700
2021-10-05 07:13,706806427,9799393,4779828,2,region4_1646037697
2021-10-05 07:13,706806427,1410785,8388608,2,region4_1646037697
2021-10-05 07:13,706454880,933247,1675196,2,region4_1646037697
2021-10-05 07:13,706869164,1048576,1048576,5,region4_1646037700
2021-10-05 07:14,706157169,2705582,1514701,2,region4_1646037697
2021-10-05 07:14,706187792,433309,1080987,2,region4_1646037703
2021-10-05 07:14,706169177,8292,2730377,2,region4_1646037697
2021-10-05 07:14,706169177,7736922,651686,2,region4_1646037697
2021-10-05 07:14,706723151,0,2320511,2,region4_1646037698
2021-10-05 07:14,706730810,0,2318335,2,region4_1646037698
2021-10-05 07:14,706869164,2097152,1048576,5,region4_1646037700
2021-10-05 07:14,706187792,388595,2061,2,region4_1646037703
2021-10-05 07:14,706598534,0,987167,2,region4_1646037697
2021-10-05 07:14,706157169,2705582,1514701,2,region4_1646037697
2021-10-05 07:14,706837962,0,5732987,2,region4_1646037697
2021-10-05 07:14,706869164,3145728,1048576,5,region4_1646037700
2021-10-05 07:14,706187792,388595,2061,2,region4_1646037703
2021-10-05 07:14,706187792,407445,1335683,2,region4_1646037703
2021-10-05 07:14,706468793,0,8388608,2,region4_1646037698
2021-10-05 07:14,706170776,1134620,540760,2,region4_1646037703
2021-10-05 07:14,706170776,32085,7800,2,region4_1646037703
2021-10-05 07:14,706406685,1750706,315,2,region4_1646037697
2021-10-05 07:14,706507937,4424609,3963999,2,region4_1646037697
2021-10-05 07:14,706507937,4421337,2886,2,region4_1646037697
2021-10-05 07:14,706869164,4194304,1048576,5,region4_1646037700
2021-10-05 07:14,706169177,7736922,651686,2,region4_1646037697
2021-10-05 07:14,706406685,0,1750706,2,region4_1646037697
2021-10-05 07:14,706406685,1751149,6637459,2,region4_1646037697
2021-10-05 07:14,706869164,5242880,1048576,5,region4_1646037700
2021-10-05 07:14,706879689,0,1048576,5,region4_1646037700
2021-10-05 07:14,706549974,454,1677579,2,region4_1646037697
2021-10-05 07:14,706406685,0,1433626,2,region4_1646037697
2021-10-05 07:14,706808786,0,729333,2,region4_1646037697
2021-10-05 07:14,706482027,2695932,2244371,2,region4_1646037697
2021-10-05 07:14,706879689,1048576,1048576,5,region4_1646037700
2021-10-05 07:14,706549974,6099246,1040430,2,region4_1646037697
2021-10-05 07:14,706882675,0,7151878,2,region4_1646037698
2021-10-05 07:14,706598534,0,987167,2,region4_1646037697
2021-10-05 07:14,706186404,5536979,2023,2,region4_1646037703
2021-10-05 07:14,706186404,5580554,855531,2,region4_1646037703
2021-10-05 07:14,706482027,4940303,2342095,2,region4_1646037697
2021-10-05 07:14,706869164,6291456,1048576,5,region4_1646037700
2021-10-05 07:14,706283160,0,8388608,2,region4_1646037698
2021-10-05 07:14,706186404,5536979,2023,2,region4_1646037703
2021-10-05 07:14,706771943,2870662,2343414,2,region4_1646037697
2021-10-05 07:14,706771943,0,1105194,2,region4_1646037697
2021-10-05 07:14,706869164,7340032,1048576,5,region4_1646037700
2021-10-05 07:14,706895166,0,8388608,2,region4_1646037698
2021-10-05 07:14,706169177,8292,2730377,2,region4_1646037697
2021-10-05 07:14,706186404,5555487,1532686,2,region4_1646037703
2021-10-05 07:14,706507937,4421337,2886,2,region4_1646037697
2021-10-05 07:14,706507937,4424609,1092510,2,region4_1646037697
2021-10-05 07:14,706507937,6885720,1502888,2,region4_1646037697
2021-10-05 07:14,706604498,3647161,1443663,2,region4_1646037697
2021-10-05 07:14,706604498,0,974199,2,region4_1646037697
2021-10-05 07:14,706787372,0,5241262,2,region4_1646037701
2021-10-05 07:14,706421665,0,2445,2,region4_1646037703
2021-10-05 07:14,706421665,0,2445,2,region4_1646037703
2021-10-05 07:14,706879689,2097152,1048576,5,region4_1646037700
2021-10-05 07:14,706785420,897702,574,2,region4_1646037697
2021-10-05 07:14,706785420,890664,16384,2,region4_1646037697
2021-10-05 07:14,706527157,0,739,1,region4_1646037697
2021-10-05 07:14,706188224,5069039,807522,2,region4_1646037703
2021-10-05 07:14,706188224,1005976,619767,2,region4_1646037703
2021-10-05 07:14,706785420,0,897702,2,region4_1646037697
2021-10-05 07:14,706479653,2147224,6241384,2,region4_1646037696
2021-10-05 07:14,706771943,0,5214076,2,region4_1646037697
2021-10-05 07:14,706879689,3145728,1048576,5,region4_1646037700
2021-10-05 07:14,706527157,739,8387130,1,region4_1646037697
2021-10-05 07:14,706188224,2260748,2048761,2,region4_1646037703
2021-10-05 07:14,706169177,7736922,651686,2,region4_1646037697
2021-10-05 07:14,706208277,2099673,866130,2,region4_1646037703
2021-10-05 07:14,706208277,8144140,244468,2,region4_1646037703
2021-10-05 07:14,706860204,0,8388608,4,region4_1646037698
2021-10-05 07:14,706187792,427478,9631,2,region4_1646037703
2021-10-05 07:14,706187792,1628185,114943,2,region4_1646037703
2021-10-05 07:14,706187792,3769580,150189,2,region4_1646037703
2021-10-05 07:14,706293626,0,4663458,2,region4_1646037698
2021-10-05 07:14,706169177,8292,2730377,2,region4_1646037697
2021-10-05 07:14,706416260,0,829074,2,region4_1646037697
2021-10-05 07:14,706615324,0,8388608,2,region4_1646037696
2021-10-05 07:14,706442874,2920461,5468147,2,region4_1646037696
2021-10-05 07:14,706821136,145483,676287,2,region4_1646037697
2021-10-05 07:14,706879689,4194304,1048576,5,region4_1646037700
2021-10-05 07:14,706564974,1039514,3545,2,region4_1646037697
2021-10-05 07:14,706905923,7341362,1047246,2,region4_1646037697
2021-10-05 07:14,706905923,0,7341362,2,region4_1646037697
2021-10-05 07:14,706914303,4258762,2581505,2,region4_1646037701
2021-10-05 07:14,706914303,1637696,738538,2,region4_1646037701
2021-10-05 07:14,706914303,8195297,193311,2,region4_1646037701
2021-10-05 07:14,706348019,0,2489551,2,region4_1646037697
2021-10-05 07:14,706880457,0,8388608,2,region4_1646037698
2021-10-05 07:14,706779615,0,8388608,2,region4_1646037698
2021-10-05 07:14,706186404,6974613,113560,2,region4_1646037703
2021-10-05 07:14,706460134,6561371,36857,2,region4_1646037697
2021-10-05 07:14,706856597,0,1121079,3,region4_1646037696
2021-10-05 07:14,706905958,0,657768,5,region4_1646037700
2021-10-05 07:14,706921961,0,8388022,3,region4_1646037697
2021-10-05 07:14,706811002,0,1276076,2,region4_1646037697
2021-10-05 07:14,706877805,0,8388608,3,region4_1646037699
2021-10-05 07:14,706879689,5242880,1048576,5,region4_1646037700
2021-10-05 07:14,706171592,205,509185,2,region4_1646037703
2021-10-05 07:14,706171592,54,575645,2,region4_1646037703
2021-10-05 07:14,706769969,0,8388608,3,region4_1646037699
2021-10-05 07:14,706460134,6561371,245296,2,region4_1646037697
2021-10-05 07:14,706813748,0,20570,5,region4_1646037700
2021-10-05 07:14,706188224,3593757,715752,2,region4_1646037703
2021-10-05 07:14,706781967,0,380321,5,region4_1646037700
2021-10-05 07:14,706844745,850299,7017455,2,region4_1646037696
2021-10-05 07:14,706525185,1727892,4209735,2,region4_1646037697
2021-10-05 07:14,706879689,6291456,1048576,5,region4_1646037700
2021-10-05 07:14,706501470,0,8388608,2,region4_1646037698
2021-10-05 07:14,706364426,0,1321879,2,region4_1646037698
2021-10-05 07:14,706839162,0,1229284,2,region4_1646037698
2021-10-05 07:14,706471666,7031570,16384,2,region4_1646037703
2021-10-05 07:14,706471666,7031915,1658,2,region4_1646037703
2021-10-05 07:14,706471666,7031570,16384,2,region4_1646037703
2021-10-05 07:14,706549974,454,1677579,2,region4_1646037697
2021-10-05 07:14,706229705,0,8388608,2,region4_1646037698
2021-10-05 07:14,706879689,7340032,1048576,5,region4_1646037700
2021-10-05 07:14,706453354,0,8388608,2,region4_1646037698
2021-10-05 07:14,706340110,0,8388608,2,region4_1646037696
2021-10-05 07:14,706390023,6369248,2019360,2,region4_1646037697
2021-10-05 07:14,706239357,0,6449424,2,region4_1646037696
2021-10-05 07:14,706820388,0,1249346,2,region4_1646037698
2021-10-05 07:14,706820388,1249346,5889916,2,region4_1646037698
2021-10-05 07:14,706883565,0,2404769,2,region4_1646037697
2021-10-05 07:14,706859149,0,6522293,3,region4_1646037699
2021-10-05 07:14,706858683,0,4005467,5,region4_1646037700
2021-10-05 07:14,706879689,8388608,1048576,5,region4_1646037700
2021-10-05 07:14,706892635,5339432,1048576,2,region4_1646037701
2021-10-05 07:14,706604498,4555155,535669,2,region4_1646037697
2021-10-05 07:14,706319213,0,1312,2,region4_1646037703
2021-10-05 07:14,706840184,0,21861,4,region4_1646037697
2021-10-05 07:14,706892635,0,721775,2,region4_1646037701
2021-10-05 07:14,706788517,0,6880005,2,region4_1646037698
2021-10-05 07:14,706620262,0,1733233,2,region4_1646037696
2021-10-05 07:14,706324195,7033810,1354798,2,region4_1646037696
2021-10-05 07:14,706939229,0,8388608,4,region4_1646037698
2021-10-05 07:14,706808075,0,8388608,2,region4_1646037698
2021-10-05 07:14,706815279,4025094,1472,2,region4_1646037697
2021-10-05 07:14,706815279,4022915,16384,2,region4_1646037697
2021-10-05 07:14,706815279,4022915,16384,2,region4_1646037697
2021-10-05 07:14,706842415,0,6743600,3,region4_1646037699
2021-10-05 07:14,706879689,9437184,1048576,5,region4_1646037700
2021-10-05 07:14,706902449,0,7131951,2,region4_1646037696
2021-10-05 07:14,706416260,0,829074,2,region4_1646037697
2021-10-05 07:14,706535399,0,8388608,2,region4_1646037696
2021-10-05 07:14,706810135,0,22014,4,region4_1646037697
2021-10-05 07:14,706866067,0,6503054,3,region4_1646037699
2021-10-05 07:14,706879689,10485760,1048576,5,region4_1646037700
2021-10-05 07:14,706256951,0,8388608,2,region4_1646037698
2021-10-05 07:14,706593806,0,1344,2,region4_1646037703
2021-10-05 07:14,706593806,0,1344,2,region4_1646037703
2021-10-05 07:14,706620262,0,1733233,2,region4_1646037696
2021-10-05 07:14,706420935,6293318,2095290,2,region4_1646037697
2021-10-05 07:14,706955072,0,8388608,5,region4_1646037700
2021-10-05 07:14,706904464,0,8388608,3,region4_1646037699
2021-10-05 07:14,706879689,11534336,1048576,5,region4_1646037700
2021-10-05 07:14,706911674,0,1307828,2,region4_1646037698
2021-10-05 07:14,706535399,0,8388608,2,region4_1646037696
2021-10-05 07:14,706907584,0,3118797,4,region4_1646037698
2021-10-05 07:14,706810555,0,8388608,3,region4_1646037699
2021-10-05 07:14,706840727,0,366213,2,region4_1646037697
2021-10-05 07:14,706840727,2843300,1571474,2,region4_1646037697
2021-10-05 07:14,706812104,0,7064651,3,region4_1646037697
2021-10-05 07:14,706830298,6111065,8388608,2,region4_1646037697
2021-10-05 07:14,706830298,14499673,150461,2,region4_1646037697
2021-10-05 07:14,706835939,0,5368949,2,region4_1646037697
2021-10-05 07:14,706835939,5368949,1901283,2,region4_1646037697
2021-10-05 07:14,706188283,1186985,165986,2,region4_1646037703
2021-10-05 07:14,706859800,0,8384753,3,region4_1646037699
2021-10-05 07:14,706820751,0,8388608,5,region4_1646037700
2021-10-05 07:14,706879689,12582912,392280,5,region4_1646037700
2021-10-05 07:14,706908783,34086,2849,2,region4_1646037697
2021-10-05 07:14,706817469,1048576,1048576,5,region4_1646037700
2021-10-05 07:14,706817469,0,1048576,5,region4_1646037700
2021-10-05 07:14,706428724,4093730,4294878,2,region4_1646037697
2021-10-05 07:14,706428724,1923,2927963,2,region4_1646037697
2021-10-05 07:14,706828518,0,2051625,4,region4_1646037697
2021-10-05 07:14,706188283,7253150,605265,2,region4_1646037703
2021-10-05 07:14,706875721,0,2808435,4,region4_1646037702
2021-10-05 07:14,706893420,0,8388608,2,region4_1646037698
2021-10-05 07:14,706817469,2097152,1048576,5,region4_1646037700
2021-10-05 07:14,706460134,6561371,36857,2,region4_1646037697
2021-10-05 07:14,706878022,449612,2577,2,region4_1646037697
2021-10-05 07:14,706817469,3145728,1048576,5,region4_1646037700
2021-10-05 07:14,706925707,0,1048576,5,region4_1646037700
2021-10-05 07:14,706220522,5028052,116122,2,region4_1646037703
2021-10-05 07:14,706220522,3912899,10160,2,region4_1646037703
2021-10-05 07:14,706220522,7524555,164516,2,region4_1646037703
2021-10-05 07:14,706220522,3871863,2053,2,region4_1646037703
2021-10-05 07:14,706817469,4194304,1048576,5,region4_1646037700
2021-10-05 07:14,706187372,666591,117863,2,region4_1646037703
2021-10-05 07:14,706187372,3659575,195908,2,region4_1646037703
2021-10-05 07:14,706925707,1048576,1048576,5,region4_1646037700
2021-10-05 07:14,706925707,5242880,1048576,5,region4_1646037700
2021-10-05 07:14,706925707,4194304,1048576,5,region4_1646037700
2021-10-05 07:14,706925707,3145728,1048576,5,region4_1646037700
2021-10-05 07:14,706925707,2097152,1048576,5,region4_1646037700
2021-10-05 07:14,706925707,7340032,1048576,5,region4_1646037700
2021-10-05 07:14,706925707,6291456,1048576,5,region4_1646037700
2021-10-05 07:14,706220522,3919033,888077,2,region4_1646037703
2021-10-05 07:14,706817469,6291456,1048576,5,region4_1646037700
2021-10-05 07:14,706817469,5242880,1048576,5,region4_1646037700
2021-10-05 07:14,706187372,0,221061,2,region4_1646037703
2021-10-05 07:14,706345844,0,1556967,2,region4_1646037701
2021-10-05 07:14,706810984,0,1048576,5,region4_1646037700
2021-10-05 07:14,706817469,7340032,1048576,5,region4_1646037700
2021-10-05 07:14,706840727,0,366213,2,region4_1646037697
2021-10-05 07:14,706845648,0,3855601,2,region4_1646037697
2021-10-05 07:14,706916356,1048576,1048576,5,region4_1646037700
2021-10-05 07:14,706916356,0,1048576,5,region4_1646037700
2021-10-05 07:14,706810984,1048576,1048576,5,region4_1646037700
2021-10-05 07:14,706835954,0,2440082,5,region4_1646037700
2021-10-05 07:14,706889513,0,8388608,5,region4_1646037700
2021-10-05 07:14,706916356,2097152,1048576,5,region4_1646037700
2021-10-05 07:14,706916356,5242880,1048576,5,region4_1646037700
2021-10-05 07:14,706916356,6291456,1048576,5,region4_1646037700
2021-10-05 07:14,706916356,3145728,1048576,5,region4_1646037700
2021-10-05 07:14,706916356,7340032,1048576,5,region4_1646037700
2021-10-05 07:14,706916356,4194304,1048576,5,region4_1646037700
2021-10-05 07:14,706337684,698694,732770,2,region4_1646037697
2021-10-05 07:14,706810984,2097152,1048576,5,region4_1646037700
2021-10-05 07:14,706665074,1979044,3548,2,region4_1646037697
2021-10-05 07:14,706879045,0,1048576,5,region4_1646037700
2021-10-05 07:14,706879045,2097152,1048576,5,region4_1646037700
2021-10-05 07:14,706879045,1048576,1048576,5,region4_1646037700
2021-10-05 07:14,706632218,8315466,73142,2,region4_1646037696
2021-10-05 07:14,706333830,0,2049441,4,region4_1646037697
2021-10-05 07:14,706810984,3145728,1048576,5,region4_1646037700
2021-10-05 07:14,706327671,0,8388608,2,region4_1646037701
2021-10-05 07:14,706665074,8045445,343163,2,region4_1646037697
2021-10-05 07:14,706665074,3743291,918316,2,region4_1646037697
2021-10-05 07:14,706665074,1984050,61550,2,region4_1646037697
2021-10-05 07:14,706879045,7340032,1048576,5,region4_1646037700
2021-10-05 07:14,706879045,6291456,1048576,5,region4_1646037700
2021-10-05 07:14,706879045,5242880,1048576,5,region4_1646037700
2021-10-05 07:14,706879045,4194304,1048576,5,region4_1646037700
2021-10-05 07:14,706879045,3145728,1048576,5,region4_1646037700
2021-10-05 07:14,706369475,1294299,7094309,2,region4_1646037697
2021-10-05 07:14,706187372,0,784454,2,region4_1646037703
2021-10-05 07:14,706893109,0,3184869,4,region4_1646037698
2021-10-05 07:14,706601035,0,8388608,2,region4_1646037696
2021-10-05 07:14,706220522,3892078,1252096,2,region4_1646037703
2021-10-05 07:14,706220522,3871863,2053,2,region4_1646037703
2021-10-05 07:14,706631227,950291,7438317,2,region4_1646037696
2021-10-05 07:14,706810984,5242880,1048576,5,region4_1646037700
2021-10-05 07:14,706810984,4194304,1048576,5,region4_1646037700
2021-10-05 07:14,706846924,0,8388608,2,region4_1646037698
2021-10-05 07:14,706901967,1041202,76908,2,region4_1646037697
2021-10-05 07:14,706901967,1118110,16384,2,region4_1646037697
2021-10-05 07:14,706901967,204097,96215,2,region4_1646037697
2021-10-05 07:14,706488878,0,8388608,2,region4_1646037698
2021-10-05 07:14,706322659,0,8388608,2,region4_1646037698
2021-10-05 07:14,706307576,0,6169320,2,region4_1646037696
2021-10-05 07:14,706353791,2650703,5737905,2,region4_1646037696
2021-10-05 07:14,706810984,6291456,1048576,5,region4_1646037700
2021-10-05 07:14,706810984,7340032,1048576,5,region4_1646037700
2021-10-05 07:14,706841867,1970137,2732,2,region4_1646037697
2021-10-05 07:14,706867679,6138035,2250573,2,region4_1646037697
2021-10-05 07:14,706875327,789771,3036,2,region4_1646037697
2021-10-05 07:14,706674859,0,8388608,2,region4_1646037696
2021-10-05 07:14,706338591,0,8388608,2,region4_1646037696
2021-10-05 07:14,706841867,1983609,585870,2,region4_1646037697
2021-10-05 07:14,706835939,5368949,1901283,2,region4_1646037697
2021-10-05 07:14,706868531,0,8388608,2,region4_1646037698
2021-10-05 07:14,706420935,6293318,2095290,2,region4_1646037697
2021-10-05 07:14,706350764,0,4870339,2,region4_1646037697
2021-10-05 07:14,706835939,0,5368949,2,region4_1646037697
2021-10-05 07:14,706835939,5368949,1901283,2,region4_1646037697
2021-10-05 07:14,706835939,0,5368949,2,region4_1646037697
2021-10-05 07:14,706892338,0,8388608,2,region4_1646037698
2021-10-05 07:15,706350764,4105004,437391,2,region4_1646037697
2021-10-05 07:15,706350764,4870339,3518269,2,region4_1646037697
2021-10-05 07:15,706389476,0,8388608,2,region4_1646037698
2021-10-05 07:15,706864569,0,8388290,3,region4_1646037697
2021-10-05 07:15,706909058,2057298,605947,2,region4_1646037697
2021-10-05 07:15,706909058,2043889,2674,2,region4_1646037697
2021-10-05 07:15,706914279,1590754,161576,2,region4_1646037697
2021-10-05 07:15,706914279,5374,136515,2,region4_1646037697
2021-10-05 07:15,706938238,0,8388608,2,region4_1646037698
2021-10-05 07:15,706943743,2004422,282262,2,region4_1646037697
2021-10-05 07:15,706943743,1991047,2669,2,region4_1646037697
2021-10-05 07:15,706388387,0,656246,5,region4_1646037700
2021-10-05 07:15,706412369,0,1144,2,region4_1646037703
2021-10-05 07:15,706867615,0,15227,5,region4_1646037700
2021-10-05 07:15,706242353,0,8388608,2,region4_1646037696
2021-10-05 07:15,706871813,0,1057933,5,region4_1646037700
2021-10-05 07:15,706917564,0,4375,5,region4_1646037700
2021-10-05 07:15,706303428,0,3824266,3,region4_1646037699
2021-10-05 07:15,706307917,0,1771329,4,region4_1646037697
2021-10-05 07:15,706245711,584082,829722,2,region4_1646037703
2021-10-05 07:15,706258092,0,8388608,2,region4_1646037697
2021-10-05 07:15,706838783,5377,254704,2,region4_1646037697
2021-10-05 07:15,706838783,1661141,172893,2,region4_1646037697
2021-10-05 07:15,706245711,584082,829722,2,region4_1646037703
2021-10-05 07:15,706443599,0,8388608,2,region4_1646037696
2021-10-05 07:15,706870247,1611235,13222591,2,region4_1646037701
2021-10-05 07:15,706928777,0,8388608,5,region4_1646037700
2021-10-05 07:15,706462391,0,2139815,2,region4_1646037697
2021-10-05 07:15,706835649,0,8388608,2,region4_1646037698
2021-10-05 07:15,706894427,0,8388099,3,region4_1646037697
2021-10-05 07:15,706342885,0,1048576,5,region4_1646037700
2021-10-05 07:15,706345170,0,495811,2,region4_1646037697
2021-10-05 07:15,706665185,0,17182,2,region4_1646037697
2021-10-05 07:15,706861307,1048576,929920,5,region4_1646037700
2021-10-05 07:15,706861307,0,1048576,5,region4_1646037700
2021-10-05 07:15,706864835,0,8388608,4,region4_1646037702
2021-10-05 07:15,706874212,0,1501833,2,region4_1646037697
2021-10-05 07:15,706665185,1672756,976465,2,region4_1646037697
2021-10-05 07:15,706342885,1048576,1048576,5,region4_1646037700
2021-10-05 07:15,706251748,0,8388608,2,region4_1646037696
2021-10-05 07:15,706483286,1901479,16384,2,region4_1646037697
2021-10-05 07:15,706483286,0,1784088,2,region4_1646037697
2021-10-05 07:15,706483286,1784088,1696,2,region4_1646037697
2021-10-05 07:15,706342885,2097152,1048576,5,region4_1646037700
2021-10-05 07:15,706407111,0,8388608,5,region4_1646037700
2021-10-05 07:15,706423349,1706673,3940882,2,region4_1646037697
2021-10-05 07:15,706885716,0,8776412,2,region4_1646037698
2021-10-05 07:15,706430144,0,3521524,3,region4_1646037699
2021-10-05 07:15,706460134,6557489,3583,2,region4_1646037697
2021-10-05 07:15,706342885,3145728,1048576,5,region4_1646037700
2021-10-05 07:15,706377126,1048576,1048576,5,region4_1646037700
2021-10-05 07:15,706377126,0,1048576,5,region4_1646037700
2021-10-05 07:15,706885716,8776412,6075457,2,region4_1646037698
2021-10-05 07:15,706912882,0,8388608,2,region4_1646037696
2021-10-05 07:15,706377126,3145728,1048576,5,region4_1646037700
2021-10-05 07:15,706377126,6291456,168658,5,region4_1646037700
2021-10-05 07:15,706377126,4194304,1048576,5,region4_1646037700
2021-10-05 07:15,706377126,2097152,1048576,5,region4_1646037700
2021-10-05 07:15,706377126,5242880,1048576,5,region4_1646037700
2021-10-05 07:15,706342885,4194304,1048576,5,region4_1646037700
2021-10-05 07:15,706169177,0,1212781,2,region4_1646037697
2021-10-05 07:15,706410035,5823307,2565301,2,region4_1646037697
2021-10-05 07:15,706342885,5242880,541447,5,region4_1646037700
2021-10-05 07:15,706181155,1606203,846522,2,region4_1646037703
2021-10-05 07:15,706844745,850299,7017455,2,region4_1646037696
2021-10-05 07:15,706338591,0,8388608,2,region4_1646037696
2021-10-05 07:15,706370097,7728003,660605,2,region4_1646037697
2021-10-05 07:15,706460134,6561371,245296,2,region4_1646037697
2021-10-05 07:15,706181155,1606203,846522,2,region4_1646037703
2021-10-05 07:15,706565048,469,2933458,2,region4_1646037697
2021-10-05 07:15,706565048,6540450,1848158,2,region4_1646037697
2021-10-05 07:15,706696277,0,6296529,2,region4_1646037696
2021-10-05 07:15,706880074,0,3791508,2,region4_1646037697
2021-10-05 07:15,706588927,3816650,16384,2,region4_1646037697
2021-10-05 07:15,706432085,0,1206,5,region4_1646037700
2021-10-05 07:15,706588927,2202229,3683,2,region4_1646037697
2021-10-05 07:15,706588927,2206314,233356,2,region4_1646037697
2021-10-05 07:15,706588927,3594000,3553,2,region4_1646037697
2021-10-05 07:15,706926331,0,2665902,5,region4_1646037700
2021-10-05 07:15,706321980,0,1270,2,region4_1646037703
2021-10-05 07:15,706343927,0,4873707,5,region4_1646037700
2021-10-05 07:15,706454700,0,4840853,2,region4_1646037697
2021-10-05 07:15,706454700,4840853,2002030,2,region4_1646037697
2021-10-05 07:15,706588927,3594000,3553,2,region4_1646037697
2021-10-05 07:15,706898113,0,717328,2,region4_1646037697
2021-10-05 07:15,706892671,0,8388608,3,region4_1646037699
2021-10-05 07:15,706360127,2248924,164936,2,region4_1646037697
2021-10-05 07:15,706457915,4577016,16384,2,region4_1646037697
2021-10-05 07:15,706299445,0,98029,2,region4_1646037697
2021-10-05 07:15,706325070,5700458,2688150,2,region4_1646037697
2021-10-05 07:15,706331508,3819221,16384,2,region4_1646037697
2021-10-05 07:15,706920023,0,1767757,2,region4_1646037697
2021-10-05 07:15,706331508,3643762,5476,2,region4_1646037697
2021-10-05 07:15,706375082,154722,724914,2,region4_1646037697
2021-10-05 07:15,706452805,7452395,936213,2,region4_1646037697
2021-10-05 07:15,706452805,994224,1427017,2,region4_1646037697
2021-10-05 07:15,706490315,4933702,3454906,2,region4_1646037697
2021-10-05 07:15,706490315,0,550904,2,region4_1646037697
2021-10-05 07:15,706872732,0,8388608,2,region4_1646037698
2021-10-05 07:15,706920023,10156365,4474328,2,region4_1646037697
2021-10-05 07:15,706920023,1767757,8388608,2,region4_1646037697
2021-10-05 07:15,706953358,0,8388608,4,region4_1646037698
2021-10-05 07:15,706479699,26348060,8388608,1,region4_1646037697
2021-10-05 07:15,706479699,0,1568257,1,region4_1646037697
2021-10-05 07:15,706479699,34736668,4484799,1,region4_1646037697
2021-10-05 07:15,706230728,0,6704455,2,region4_1646037696
2021-10-05 07:15,706479699,9956865,8388608,1,region4_1646037697
2021-10-05 07:15,706479699,1568257,8388608,1,region4_1646037697
2021-10-05 07:15,706877738,5314972,3073636,2,region4_1646037697
2021-10-05 07:15,706878115,0,8388608,4,region4_1646037698
2021-10-05 07:15,706460108,6521746,1048576,2,region4_1646037701
2021-10-05 07:15,706460108,0,6272475,2,region4_1646037701
2021-10-05 07:15,706460108,6443520,1126802,2,region4_1646037701
2021-10-05 07:15,706377609,0,177684,2,region4_1646037697
2021-10-05 07:15,706479699,18345473,8002587,1,region4_1646037697
2021-10-05 07:15,706382648,45746,2211486,2,region4_1646037697
2021-10-05 07:15,706508828,1168944,170278,2,region4_1646037697
2021-10-05 07:15,706508828,3640129,1299581,2,region4_1646037697
2021-10-05 07:15,706508828,1164508,2841,2,region4_1646037697
2021-10-05 07:15,706880148,6794515,65590,2,region4_1646037697
2021-10-05 07:15,706880148,6792950,1496,2,region4_1646037697
2021-10-05 07:15,706913466,0,2404818,2,region4_1646037698
2021-10-05 07:15,706458482,0,5382411,2,region4_1646037696
2021-10-05 07:15,706227741,3470133,2076,2,region4_1646037703
2021-10-05 07:15,706864257,0,8388608,2,region4_1646037698
2021-10-05 07:15,706508828,0,1164508,2,region4_1646037697
2021-10-05 07:15,706913466,2404818,5582987,2,region4_1646037698
2021-10-05 07:15,706227741,4734775,119575,2,region4_1646037703
2021-10-05 07:15,706227741,3518001,10222,2,region4_1646037703
2021-10-05 07:15,706588927,2202229,3683,2,region4_1646037697
2021-10-05 07:15,706588927,3816650,16384,2,region4_1646037697
2021-10-05 07:15,706913841,0,8388348,3,region4_1646037697
2021-10-05 07:15,706448106,0,296650,4,region4_1646037697
2021-10-05 07:15,706549974,454,1677579,2,region4_1646037697
2021-10-05 07:15,706588927,3594000,3553,2,region4_1646037697
2021-10-05 07:15,706588927,2206314,233356,2,region4_1646037697
2021-10-05 07:15,706299445,0,98029,2,region4_1646037697
2021-10-05 07:15,706227741,3492874,1361476,2,region4_1646037703
2021-10-05 07:15,706227741,3470133,2076,2,region4_1646037703
2021-10-05 07:15,706343680,0,1268,2,region4_1646037703
2021-10-05 07:15,706410035,5823307,2565301,2,region4_1646037697
2021-10-05 07:15,706343680,0,1268,2,region4_1646037703
2021-10-05 07:15,706336804,0,3806,4,region4_1646037698
2021-10-05 07:15,706461086,0,872351,2,region4_1646037697
2021-10-05 07:15,706333704,0,2677,2,region4_1646037703
2021-10-05 07:15,706333704,0,2677,2,region4_1646037703
2021-10-05 07:15,706443599,0,8388608,2,region4_1646037696
2021-10-05 07:15,706452942,0,633156,2,region4_1646037697
2021-10-05 07:15,706890450,0,1767170,1,region4_1646037696
2021-10-05 07:15,706907401,0,5212879,5,region4_1646037700
2021-10-05 07:15,706444637,0,8388608,4,region4_1646037698
2021-10-05 07:15,706873038,0,697257,5,region4_1646037700
2021-10-05 07:15,706604498,0,974199,2,region4_1646037697
2021-10-05 07:15,706936635,0,685592,2,region4_1646037697
2021-10-05 07:15,706951733,0,1493420,2,region4_1646037696
2021-10-05 07:15,706951733,2427814,3030995,2,region4_1646037696
2021-10-05 07:15,706425504,0,8388608,5,region4_1646037700
2021-10-05 07:15,706482908,0,8292146,2,region4_1646037698
2021-10-05 07:15,706299445,0,98029,2,region4_1646037697
2021-10-05 07:15,706350952,0,8388608,3,region4_1646037699
2021-10-05 07:15,706277440,6342667,927482,2,region4_1646037696
2021-10-05 07:15,706311995,0,1193,5,region4_1646037700
2021-10-05 07:15,706367179,0,8388608,3,region4_1646037699
2021-10-05 07:15,706377910,0,1680698,2,region4_1646037698
2021-10-05 07:15,706267060,0,8388608,2,region4_1646037696
2021-10-05 07:15,706902839,0,5882130,2,region4_1646037696
2021-10-05 07:15,706219545,0,33954,2,region4_1646037697
2021-10-05 07:15,706335614,2473545,615324,2,region4_1646037697
2021-10-05 07:15,706335614,2471407,1943,2,region4_1646037697
2021-10-05 07:15,706415692,0,8388608,4,region4_1646037698
2021-10-05 07:15,706460134,6561371,36857,2,region4_1646037697
2021-10-05 07:15,706460134,6557489,3583,2,region4_1646037697
2021-10-05 07:15,706486646,0,8388608,4,region4_1646037698
2021-10-05 07:15,706481144,0,8388608,4,region4_1646037698
2021-10-05 07:15,706498028,0,14616529,2,region4_1646037701
2021-10-05 07:15,706522982,2935234,2980396,2,region4_1646037696
2021-10-05 07:15,706522982,0,2004310,2,region4_1646037696
2021-10-05 07:15,706380841,7380331,780131,2,region4_1646037701
2021-10-05 07:15,706380841,605658,5249999,2,region4_1646037701
2021-10-05 07:15,706169177,0,184363,2,region4_1646037697
2021-10-05 07:15,706208277,1295218,804455,2,region4_1646037703
2021-10-05 07:15,706353940,2097152,1048576,5,region4_1646037700
2021-10-05 07:15,706353940,7340032,748703,5,region4_1646037700
2021-10-05 07:15,706353940,6291456,1048576,5,region4_1646037700
2021-10-05 07:15,706353940,5242880,1048576,5,region4_1646037700
2021-10-05 07:15,706353940,1048576,1048576,5,region4_1646037700
2021-10-05 07:15,706353940,4194304,1048576,5,region4_1646037700
2021-10-05 07:15,706353940,3145728,1048576,5,region4_1646037700
2021-10-05 07:15,706353940,0,1048576,5,region4_1646037700
2021-10-05 07:15,706617094,1687384,1005017,2,region4_1646037697
2021-10-05 07:15,706617094,1059,545955,2,region4_1646037697
2021-10-05 07:15,706245711,221423,281840,2,region4_1646037703
2021-10-05 07:15,706386414,0,6090158,3,region4_1646037699
2021-10-05 07:15,706460134,6561371,245296,2,region4_1646037697
2021-10-05 07:15,706460134,6557489,3583,2,region4_1646037697
2021-10-05 07:15,706545594,0,8388608,2,region4_1646037696
2021-10-05 07:15,706674859,0,8388608,2,region4_1646037696
2021-10-05 07:15,706457559,0,933522,2,region4_1646037697
2021-10-05 07:15,706457559,182,562519,2,region4_1646037697
2021-10-05 07:15,706468374,0,1860046,5,region4_1646037700
2021-10-05 07:15,706481206,0,7130178,2,region4_1646037698
2021-10-05 07:15,706482064,0,8388608,3,region4_1646037699
2021-10-05 07:15,706488605,0,8388608,2,region4_1646037696
2021-10-05 07:15,706897634,0,530180,5,region4_1646037700
2021-10-05 07:15,706749182,438,1616208,2,region4_1646037697
2021-10-05 07:15,706749182,5976980,1006046,2,region4_1646037697
2021-10-05 07:15,706948251,0,8388608,3,region4_1646037699
2021-10-05 07:15,706504333,0,597980,5,region4_1646037700
2021-10-05 07:15,706181155,1606203,846522,2,region4_1646037703
2021-10-05 07:15,706287123,0,2410448,2,region4_1646037698
2021-10-05 07:15,706191082,0,1737178,2,region4_1646037697
2021-10-05 07:15,706191082,1737178,8388608,2,region4_1646037697
2021-10-05 07:15,706258092,0,8388608,2,region4_1646037697
2021-10-05 07:15,706232690,3487661,627153,2,region4_1646037696
2021-10-05 07:15,706191082,10125786,4522233,2,region4_1646037697
2021-10-05 07:15,706307849,0,5818855,5,region4_1646037700
2021-10-05 07:15,706169177,7736922,651686,2,region4_1646037697
2021-10-05 07:15,706169177,8292,2730377,2,region4_1646037697
2021-10-05 07:15,706227741,4734775,119575,2,region4_1646037703
2021-10-05 07:15,706169177,8292,2730377,2,region4_1646037697
2021-10-05 07:15,706483286,1784088,1696,2,region4_1646037697
2021-10-05 07:15,706483286,0,1784088,2,region4_1646037697
2021-10-05 07:15,706483286,1901479,16384,2,region4_1646037697
2021-10-05 07:16,706189798,8378366,10242,2,region4_1646037703
2021-10-05 07:16,706189798,68263,270178,2,region4_1646037703
2021-10-05 07:16,706339760,1048576,1048576,5,region4_1646037700
2021-10-05 07:16,706339760,2097152,1048576,5,region4_1646037700
2021-10-05 07:16,706339760,0,1048576,5,region4_1646037700
2021-10-05 07:16,706169177,7736922,651686,2,region4_1646037697
2021-10-05 07:16,706169177,7736922,651686,2,region4_1646037697
2021-10-05 07:16,706339760,5242880,1048576,5,region4_1646037700
2021-10-05 07:16,706339760,3145728,1048576,5,region4_1646037700
2021-10-05 07:16,706339760,6291456,1017123,5,region4_1646037700
2021-10-05 07:16,706339760,4194304,1048576,5,region4_1646037700
2021-10-05 07:16,706413047,0,8388608,4,region4_1646037698
2021-10-05 07:16,706156065,3667443,8618,2,region4_1646037697
2021-10-05 07:16,706156065,2129103,1817436,2,region4_1646037697
2021-10-05 07:16,706156065,150,786886,2,region4_1646037697
2021-10-05 07:16,706523921,570,717630,2,region4_1646037697
2021-10-05 07:16,706534363,0,1048576,5,region4_1646037700
2021-10-05 07:16,706534363,2097152,1048576,5,region4_1646037700
2021-10-05 07:16,706534363,1048576,1048576,5,region4_1646037700
2021-10-05 07:16,706169177,8292,2730377,2,region4_1646037697
2021-10-05 07:16,706604428,0,642840,2,region4_1646037701
2021-10-05 07:16,706534363,3145728,1048576,5,region4_1646037700
2021-10-05 07:16,706534363,6291456,49522,5,region4_1646037700
2021-10-05 07:16,706534363,5242880,1048576,5,region4_1646037700
2021-10-05 07:16,706534363,4194304,1048576,5,region4_1646037700
2021-10-05 07:16,706570308,0,639,5,region4_1646037700
2021-10-05 07:16,706589680,0,1103702,2,region4_1646037697
2021-10-05 07:16,706328184,0,8388608,3,region4_1646037699
2021-10-05 07:16,706208277,1295218,804455,2,region4_1646037703
2021-10-05 07:16,706169177,8292,2730377,2,region4_1646037697
2021-10-05 07:16,706333715,0,1048576,5,region4_1646037700
2021-10-05 07:16,706421665,0,2445,2,region4_1646037703
2021-10-05 07:16,706500825,0,8388608,4,region4_1646037698
2021-10-05 07:16,706517578,0,3030935,3,region4_1646037699
2021-10-05 07:16,706582967,0,8388608,4,region4_1646037698
2021-10-05 07:16,706169177,7736922,651686,2,region4_1646037697
2021-10-05 07:16,706329369,0,8388608,5,region4_1646037700
2021-10-05 07:16,706333715,1048576,243360,5,region4_1646037700
2021-10-05 07:16,706447186,0,749994,2,region4_1646037697
2021-10-05 07:16,706165511,2097701,1964693,2,region4_1646037697
2021-10-05 07:16,706165511,150,868588,2,region4_1646037697
2021-10-05 07:16,706604428,647445,7741163,2,region4_1646037701
2021-10-05 07:16,706914899,4194304,1048576,5,region4_1646037700
2021-10-05 07:16,706914899,3145728,1048576,5,region4_1646037700
2021-10-05 07:16,706914899,5242880,958070,5,region4_1646037700
2021-10-05 07:16,706914899,1048576,1048576,5,region4_1646037700
2021-10-05 07:16,706914899,2097152,1048576,5,region4_1646037700
2021-10-05 07:16,706914899,0,1048576,5,region4_1646037700
2021-10-05 07:16,706934960,1788668,3004552,2,region4_1646037696
2021-10-05 07:16,706934960,8296747,91861,2,region4_1646037696
2021-10-05 07:16,706934960,0,843752,2,region4_1646037696
2021-10-05 07:16,706302227,0,3959436,2,region4_1646037697
2021-10-05 07:16,706397910,0,1224840,2,region4_1646037696
2021-10-05 07:16,706165036,0,44,2,region4_1646037703
2021-10-05 07:16,706302227,12348044,2311490,2,region4_1646037697
2021-10-05 07:16,706302227,3959436,8388608,2,region4_1646037697
2021-10-05 07:16,706165036,0,44,2,region4_1646037703
2021-10-05 07:16,706165036,0,44,2,region4_1646037697
2021-10-05 07:16,706576256,0,3025,3,region4_1646037697
2021-10-05 07:16,706934960,1788668,3004552,2,region4_1646037696
2021-10-05 07:16,706934960,0,843752,2,region4_1646037696
2021-10-05 07:16,706383696,0,8388608,4,region4_1646037698
2021-10-05 07:16,706436779,0,8388608,4,region4_1646037702
2021-10-05 07:16,706462391,0,2139815,2,region4_1646037697
2021-10-05 07:16,706165036,0,44,2,region4_1646037697
2021-10-05 07:16,706165036,0,44,2,region4_1646037697
2021-10-05 07:16,706189798,68263,270178,2,region4_1646037703
2021-10-05 07:16,706613623,0,10926729,2,region4_1646037698
2021-10-05 07:16,706488605,0,8388608,2,region4_1646037696
2021-10-05 07:16,706156325,0,19701,2,region4_1646037697
2021-10-05 07:16,706156325,1084144,736470,2,region4_1646037697
2021-10-05 07:16,706410035,5823307,2565301,2,region4_1646037697
2021-10-05 07:16,706534339,0,8388608,4,region4_1646037698
2021-10-05 07:16,706165036,0,44,2,region4_1646037703
2021-10-05 07:16,706338515,0,8388608,2,region4_1646037698
2021-10-05 07:16,706482027,182,611292,2,region4_1646037697
2021-10-05 07:16,706483753,0,6047975,2,region4_1646037697
2021-10-05 07:16,706518532,2350087,748112,2,region4_1646037697
2021-10-05 07:16,706628039,0,1084151,2,region4_1646037698
2021-10-05 07:16,706482027,2692514,446744,2,region4_1646037697
2021-10-05 07:16,706483753,6047975,2340633,2,region4_1646037697
2021-10-05 07:16,706554504,418308,7044736,2,region4_1646037696
2021-10-05 07:16,706628039,1084151,13761745,2,region4_1646037698
2021-10-05 07:16,706348019,0,2489551,2,region4_1646037697
2021-10-05 07:16,706165509,1951997,2156920,2,region4_1646037697
2021-10-05 07:16,706165509,150,897087,2,region4_1646037697
2021-10-05 07:16,706379778,0,641341,2,region4_1646037696
2021-10-05 07:16,706205242,0,11875,2,region4_1646037697
2021-10-05 07:16,706299981,0,7199009,3,region4_1646037699
2021-10-05 07:16,706476873,0,8388608,2,region4_1646037696
2021-10-05 07:16,706326118,0,1771012,4,region4_1646037702
2021-10-05 07:16,706579702,0,527230,2,region4_1646037697
2021-10-05 07:16,706525185,1727892,4209735,2,region4_1646037697
2021-10-05 07:16,706525185,5937627,2450981,2,region4_1646037697
2021-10-05 07:16,706377609,0,177684,2,region4_1646037697
2021-10-05 07:16,706957646,0,1072649,2,region4_1646037697
2021-10-05 07:16,706312005,0,7549342,2,region4_1646037698
2021-10-05 07:16,706423349,1706673,3940882,2,region4_1646037697
2021-10-05 07:16,706324195,7033810,1354798,2,region4_1646037696
2021-10-05 07:16,706576256,0,3025,1,region4_1646037697
2021-10-05 07:16,706416260,0,829074,2,region4_1646037697
2021-10-05 07:16,706384647,0,8388608,5,region4_1646037700
2021-10-05 07:16,706460134,6561371,36857,2,region4_1646037697
2021-10-05 07:16,706460134,6557489,3583,2,region4_1646037697
2021-10-05 07:16,706501619,0,1096376,2,region4_1646037697
2021-10-05 07:16,706525185,5937627,2450981,2,region4_1646037697
2021-10-05 07:16,706393222,0,8388608,3,region4_1646037699
2021-10-05 07:16,706525185,5937627,2450981,2,region4_1646037697
2021-10-05 07:16,706209848,0,20137,2,region4_1646037697
2021-10-05 07:16,706951733,2427814,3030995,2,region4_1646037696
2021-10-05 07:16,706299445,0,98029,2,region4_1646037697
2021-10-05 07:16,706342857,1173721,626879,2,region4_1646037697
2021-10-05 07:16,706498999,0,8388011,3,region4_1646037697
2021-10-05 07:16,706522982,2935234,2980396,2,region4_1646037696
2021-10-05 07:16,706462392,0,8388608,2,region4_1646037698
2021-10-05 07:16,706171592,54,815180,2,region4_1646037697
2021-10-05 07:16,706171592,2938646,4451526,2,region4_1646037697
2021-10-05 07:16,706325019,0,8388608,4,region4_1646037698
2021-10-05 07:16,706564982,0,8388608,4,region4_1646037698
2021-10-05 07:16,706361011,0,6101188,3,region4_1646037699
2021-10-05 07:16,706460134,6561371,245296,2,region4_1646037697
2021-10-05 07:16,706177303,3796,372509,2,region4_1646037697
2021-10-05 07:16,706629810,0,8388608,2,region4_1646037696
2021-10-05 07:16,706564216,0,8388608,4,region4_1646037698
2021-10-05 07:16,706353919,216505,1759912,2,region4_1646037697
2021-10-05 07:16,706353919,230,2261730,2,region4_1646037697
2021-10-05 07:16,706365360,0,8388608,2,region4_1646037698
2021-10-05 07:16,706421318,0,8388608,4,region4_1646037698
2021-10-05 07:16,706340110,0,8388608,2,region4_1646037696
2021-10-05 07:16,706171592,205,509185,2,region4_1646037703
2021-10-05 07:16,706171592,54,575645,2,region4_1646037703
2021-10-05 07:16,706399725,6821140,1298599,2,region4_1646037697
2021-10-05 07:16,706399725,4341053,157821,2,region4_1646037697
2021-10-05 07:16,706399725,917486,3419013,2,region4_1646037697
2021-10-05 07:16,706399725,4336499,2885,2,region4_1646037697
2021-10-05 07:16,706168434,150,858149,2,region4_1646037697
2021-10-05 07:16,706168434,2043826,1851330,2,region4_1646037697
2021-10-05 07:16,706234784,0,173763,2,region4_1646037697
2021-10-05 07:16,706348019,0,2489551,2,region4_1646037697
2021-10-05 07:16,706506874,0,8388608,2,region4_1646037698
2021-10-05 07:16,706348019,2489551,5899057,2,region4_1646037697
2021-10-05 07:16,706458301,0,8388608,3,region4_1646037699
2021-10-05 07:16,706554504,418308,7044736,2,region4_1646037696
2021-10-05 07:16,706345779,0,8388608,4,region4_1646037698
2021-10-05 07:16,706353919,216505,713795,2,region4_1646037697
2021-10-05 07:16,706367344,0,283594,2,region4_1646037697
2021-10-05 07:16,706395992,0,7295775,2,region4_1646037697
2021-10-05 07:16,706471666,7031915,1658,2,region4_1646037703
2021-10-05 07:16,706471666,7031570,16384,2,region4_1646037703
2021-10-05 07:16,706471666,7031915,1658,2,region4_1646037703
2021-10-05 07:16,706471666,7031570,16384,2,region4_1646037703
2021-10-05 07:16,706263690,0,13218,2,region4_1646037697
2021-10-05 07:16,706367344,0,283594,2,region4_1646037697
2021-10-05 07:16,706580525,0,6242668,2,region4_1646037698
2021-10-05 07:16,706638807,0,7015,3,region4_1646037699
2021-10-05 07:16,706519447,0,8388608,4,region4_1646037698
2021-10-05 07:16,706538523,0,2541638,2,region4_1646037698
2021-10-05 07:16,706561495,0,6732663,2,region4_1646037701
2021-10-05 07:16,706353919,216505,713795,2,region4_1646037697
2021-10-05 07:16,706400539,0,7125409,2,region4_1646037698
2021-10-05 07:16,706649407,0,7822246,4,region4_1646037698
2021-10-05 07:16,706691222,1168754,2189,2,region4_1646037697
2021-10-05 07:16,706691222,9346,55252,2,region4_1646037697
2021-10-05 07:16,706361456,0,14613868,2,region4_1646037701
2021-10-05 07:16,706484657,0,7483062,2,region4_1646037698
2021-10-05 07:16,706488496,2325576,1750130,2,region4_1646037697
2021-10-05 07:16,706488496,3724765,494088,2,region4_1646037697
2021-10-05 07:16,706488496,4218853,4169755,2,region4_1646037697
2021-10-05 07:16,706488496,3724765,494088,2,region4_1646037697
2021-10-05 07:16,706488496,4218853,4169755,2,region4_1646037697
2021-10-05 07:16,706595945,801722,2842,2,region4_1646037697
2021-10-05 07:16,706525185,1727892,4209735,2,region4_1646037697
2021-10-05 07:16,706624649,0,8388608,2,region4_1646037696
2021-10-05 07:16,706353919,216505,1759912,2,region4_1646037697
2021-10-05 07:16,706454880,933247,1329584,2,region4_1646037697
2021-10-05 07:16,706565043,0,6381066,3,region4_1646037699
2021-10-05 07:16,706595945,806168,170409,2,region4_1646037697
2021-10-05 07:16,706595945,0,801722,2,region4_1646037697
2021-10-05 07:16,706655275,0,8388608,4,region4_1646037698
2021-10-05 07:16,706593807,0,194373,2,region4_1646037697
2021-10-05 07:16,706353919,216505,117277,2,region4_1646037697
2021-10-05 07:16,706593807,0,194373,2,region4_1646037697
2021-10-05 07:16,706383716,4456560,3932048,2,region4_1646037697
2021-10-05 07:16,706590681,0,8388608,2,region4_1646037701
2021-10-05 07:16,706595834,5204859,2065829,2,region4_1646037701
2021-10-05 07:16,706595834,0,1698680,2,region4_1646037701
2021-10-05 07:16,706598534,0,285670,2,region4_1646037697
2021-10-05 07:16,706712964,0,8379959,3,region4_1646037699
2021-10-05 07:16,706487748,0,8388608,4,region4_1646037698
2021-10-05 07:16,706497307,0,2503341,4,region4_1646037702
2021-10-05 07:16,706460283,0,848968,2,region4_1646037696
2021-10-05 07:16,706505196,54,724963,2,region4_1646037703
2021-10-05 07:16,706505196,205,592821,2,region4_1646037703
2021-10-05 07:16,706572076,77732,1939680,2,region4_1646037697
2021-10-05 07:16,706572076,2077177,16384,2,region4_1646037697
2021-10-05 07:16,706572076,2017412,6292,2,region4_1646037697
2021-10-05 07:16,706353919,216505,117277,2,region4_1646037697
2021-10-05 07:16,706353919,1840007,136410,2,region4_1646037697
2021-10-05 07:16,706400570,1048576,272648,5,region4_1646037700
2021-10-05 07:16,706400570,0,1048576,5,region4_1646037700
2021-10-05 07:16,706439710,2097152,1048576,5,region4_1646037700
2021-10-05 07:16,706439710,1048576,1048576,5,region4_1646037700
2021-10-05 07:16,706439710,0,1048576,5,region4_1646037700
2021-10-05 07:16,706480161,0,424068,2,region4_1646037698
2021-10-05 07:16,706576396,0,3321249,2,region4_1646037696
2021-10-05 07:16,706373113,0,7805720,2,region4_1646037698
2021-10-05 07:16,706439710,3145728,369700,5,region4_1646037700
2021-10-05 07:16,706157493,0,8080583,2,region4_1646037697
2021-10-05 07:16,706589726,0,8387902,3,region4_1646037697
2021-10-05 07:16,706460283,915829,7472779,2,region4_1646037696
2021-10-05 07:16,706360127,2248924,164936,2,region4_1646037697
2021-10-05 07:16,706157493,8080583,6830690,2,region4_1646037697
2021-10-05 07:16,706353919,216505,713795,2,region4_1646037697
2021-10-05 07:16,706601035,0,8388608,2,region4_1646037696
2021-10-05 07:16,706624709,0,8388608,2,region4_1646037698
2021-10-05 07:16,706698270,0,7587288,2,region4_1646037701
2021-10-05 07:16,706177303,2338,47236,2,region4_1646037697
2021-10-05 07:16,706563852,7286471,1652,2,region4_1646037703
2021-10-05 07:16,706563852,7285975,16384,2,region4_1646037703
2021-10-05 07:16,706165914,4101604,16384,2,region4_1646037697
2021-10-05 07:16,706739228,0,214,5,region4_1646037700
2021-10-05 07:16,706452805,994224,3326162,2,region4_1646037697
2021-10-05 07:16,706452805,7452395,936213,2,region4_1646037697
2021-10-05 07:16,706490315,4933702,3454906,2,region4_1646037697
2021-10-05 07:16,706490315,0,2300971,2,region4_1646037697
2021-10-05 07:16,706546500,0,8388608,4,region4_1646037696
2021-10-05 07:16,706165914,3839704,8723,2,region4_1646037697
2021-10-05 07:16,706631227,950291,7438317,2,region4_1646037696
2021-10-05 07:16,706350764,0,4870339,2,region4_1646037697
2021-10-05 07:16,706177303,3796,372509,2,region4_1646037697
2021-10-05 07:17,706595984,0,618369,2,region4_1646037696
2021-10-05 07:17,706497225,4621109,3767499,2,region4_1646037696
2021-10-05 07:17,706353919,216505,1759912,2,region4_1646037697
2021-10-05 07:17,706353919,216505,713795,2,region4_1646037697
2021-10-05 07:17,706405790,0,5800900,2,region4_1646037697
2021-10-05 07:17,706748164,0,5885954,2,region4_1646037698
2021-10-05 07:17,706558847,0,8388608,2,region4_1646037696
2021-10-05 07:17,706171592,54,1332771,2,region4_1646037697
2021-10-05 07:17,706171592,2938646,4451526,2,region4_1646037697
2021-10-05 07:17,706432134,0,8388608,2,region4_1646037696
2021-10-05 07:17,706490239,0,8388608,4,region4_1646037698
2021-10-05 07:17,706605317,0,14754073,4,region4_1646037697
2021-10-05 07:17,706508828,1164508,2841,2,region4_1646037697
2021-10-05 07:17,706508828,0,1164508,2,region4_1646037697
2021-10-05 07:17,706482957,114,947868,2,region4_1646037697
2021-10-05 07:17,706715172,0,258,5,region4_1646037700
2021-10-05 07:17,706448020,246,2351959,2,region4_1646037697
2021-10-05 07:17,706569362,1048576,1048576,5,region4_1646037700
2021-10-05 07:17,706569362,0,1048576,5,region4_1646037700
2021-10-05 07:17,706569362,3145728,1048576,5,region4_1646037700
2021-10-05 07:17,706569362,2097152,1048576,5,region4_1646037700
2021-10-05 07:17,706170776,1582731,92649,2,region4_1646037703
2021-10-05 07:17,706170776,32887,6998,2,region4_1646037703
2021-10-05 07:17,706170776,4070942,176796,2,region4_1646037703
2021-10-05 07:17,706460134,6561371,36857,2,region4_1646037697
2021-10-05 07:17,706569362,6291456,755640,5,region4_1646037700
2021-10-05 07:17,706569362,5242880,1048576,5,region4_1646037700
2021-10-05 07:17,706569362,4194304,1048576,5,region4_1646037700
2021-10-05 07:17,706508828,1167735,171487,2,region4_1646037697
2021-10-05 07:17,706508828,3640129,3124915,2,region4_1646037697
2021-10-05 07:17,706646963,0,8388608,2,region4_1646037696
2021-10-05 07:17,706666064,0,7930887,4,region4_1646037698
2021-10-05 07:17,706432986,8210057,178551,2,region4_1646037696
2021-10-05 07:17,706672802,0,7130460,5,region4_1646037700
2021-10-05 07:17,706391723,0,8388608,2,region4_1646037696
2021-10-05 07:17,706448020,246,2351959,2,region4_1646037697
2021-10-05 07:17,706187792,388595,2061,2,region4_1646037703
2021-10-05 07:17,706187792,6467279,256967,2,region4_1646037703
2021-10-05 07:17,706187792,428522,8587,2,region4_1646037703
2021-10-05 07:17,706187792,1628185,114943,2,region4_1646037703
2021-10-05 07:17,706572153,0,3185238,2,region4_1646037696
2021-10-05 07:17,706448020,83010,2269195,2,region4_1646037697
2021-10-05 07:17,706460134,6561371,245296,2,region4_1646037697
2021-10-05 07:17,706516706,4641233,3747375,2,region4_1646037697
2021-10-05 07:17,706186404,6974613,113560,2,region4_1646037703
2021-10-05 07:17,706186404,5536979,2023,2,region4_1646037703
2021-10-05 07:17,706186404,5575945,8306,2,region4_1646037703
2021-10-05 07:17,706773655,0,1487042,1,region4_1646037696
2021-10-05 07:17,706584359,10750,8377858,2,region4_1646037696
2021-10-05 07:17,706479653,2147224,6241384,2,region4_1646037696
2021-10-05 07:17,706188224,3593757,715752,2,region4_1646037703
2021-10-05 07:17,706471071,6273,6159575,2,region4_1646037696
2021-10-05 07:17,706732380,0,8388608,4,region4_1646037698
2021-10-05 07:17,706766960,642548,7538967,2,region4_1646037701
2021-10-05 07:17,706610276,0,8388608,2,region4_1646037698
2021-10-05 07:17,706754503,4911690,16384,2,region4_1646037697
2021-10-05 07:17,706451956,7856629,531979,2,region4_1646037696
2021-10-05 07:17,706509720,5395583,2993025,2,region4_1646037697
2021-10-05 07:17,706509720,4881957,513626,2,region4_1646037697
2021-10-05 07:17,706509720,5395583,2993025,2,region4_1646037697
2021-10-05 07:17,706509720,4881957,513626,2,region4_1646037697
2021-10-05 07:17,706564974,2234361,16384,2,region4_1646037697
2021-10-05 07:17,706564974,2234361,16384,2,region4_1646037697
2021-10-05 07:17,706564974,1039514,3545,2,region4_1646037697
2021-10-05 07:17,706564974,2234361,16384,2,region4_1646037697
2021-10-05 07:17,706564974,2234361,16384,2,region4_1646037697
2021-10-05 07:17,706564974,2234361,16384,2,region4_1646037697
2021-10-05 07:17,706564974,1039514,3545,2,region4_1646037697
2021-10-05 07:17,706771943,6250324,2138284,2,region4_1646037697
2021-10-05 07:17,706771943,0,1105194,2,region4_1646037697
2021-10-05 07:17,706488473,6391294,1997314,2,region4_1646037697
2021-10-05 07:17,706488473,0,6391294,2,region4_1646037697
2021-10-05 07:17,706564974,2234361,16384,2,region4_1646037697
2021-10-05 07:17,706170776,4070942,176796,2,region4_1646037703
2021-10-05 07:17,706170776,1582731,92649,2,region4_1646037703
2021-10-05 07:17,706170776,32887,6998,2,region4_1646037703
2021-10-05 07:17,706177303,934,48640,2,region4_1646037697
2021-10-05 07:17,706754503,4184649,3665,2,region4_1646037697
2021-10-05 07:17,706476598,0,7814151,4,region4_1646037697
2021-10-05 07:17,706596856,3816847,16384,2,region4_1646037697
2021-10-05 07:17,706177303,3,85932,2,region4_1646037697
2021-10-05 07:17,706177303,1329,102763,2,region4_1646037697
2021-10-05 07:17,706177303,468,983946,2,region4_1646037697
2021-10-05 07:17,706177303,1154,48420,2,region4_1646037697
2021-10-05 07:17,706783261,0,8388608,4,region4_1646037698
2021-10-05 07:17,706448020,246,2351959,2,region4_1646037697
2021-10-05 07:17,706509692,0,8388608,2,region4_1646037696
2021-10-05 07:17,706596856,3641568,5547,2,region4_1646037697
2021-10-05 07:17,706177303,1442,48132,2,region4_1646037697
2021-10-05 07:17,706177303,1751,171152,2,region4_1646037697
2021-10-05 07:17,706177303,2338,47236,2,region4_1646037697
2021-10-05 07:17,706177303,291,126547,2,region4_1646037697
2021-10-05 07:17,706177303,847,55322,2,region4_1646037697
2021-10-05 07:17,706736698,0,8388608,2,region4_1646037701
2021-10-05 07:17,706410035,5823307,2565301,2,region4_1646037697
2021-10-05 07:17,706410035,5823307,2565301,2,region4_1646037697
2021-10-05 07:17,706187792,428522,8587,2,region4_1646037703
2021-10-05 07:17,706187792,1628185,114943,2,region4_1646037703
2021-10-05 07:17,706576314,8131825,256783,2,region4_1646037697
2021-10-05 07:17,706576314,8130237,1477,2,region4_1646037697
2021-10-05 07:17,706177303,1491,67868,2,region4_1646037697
2021-10-05 07:17,706177303,1241,61523,2,region4_1646037697
2021-10-05 07:17,706760727,5099724,2266099,2,region4_1646037697
2021-10-05 07:17,706576314,0,5882332,2,region4_1646037697
2021-10-05 07:17,706576314,5882332,2247905,2,region4_1646037697
2021-10-05 07:17,706724714,3058869,3130261,2,region4_1646037697
2021-10-05 07:17,706177303,1618,47956,2,region4_1646037697
2021-10-05 07:17,706746308,0,3813334,2,region4_1646037697
2021-10-05 07:17,706399725,6821140,1567468,2,region4_1646037697
2021-10-05 07:17,706399725,4336499,2885,2,region4_1646037697
2021-10-05 07:17,706399725,4339786,159088,2,region4_1646037697
2021-10-05 07:17,706399725,917486,3419013,2,region4_1646037697
2021-10-05 07:17,706188283,5059365,277899,2,region4_1646037703
2021-10-05 07:17,706626415,0,8388608,2,region4_1646037698
2021-10-05 07:17,706266683,0,4930430,2,region4_1646037703
2021-10-05 07:17,706266683,4930430,1900,2,region4_1646037703
2021-10-05 07:17,706186404,5536979,2023,2,region4_1646037703
2021-10-05 07:17,706177303,1026,220161,2,region4_1646037697
2021-10-05 07:17,706177303,710,1040312,2,region4_1646037697
2021-10-05 07:17,706583767,0,14820438,2,region4_1646037701
2021-10-05 07:17,706595945,0,801722,2,region4_1646037697
2021-10-05 07:17,706595945,801722,2842,2,region4_1646037697
2021-10-05 07:17,706595945,804951,171626,2,region4_1646037697
2021-10-05 07:17,706208802,1127380,1909128,2,region4_1646037703
2021-10-05 07:17,706208802,3036508,1879,2,region4_1646037703
2021-10-05 07:17,706208802,7204396,536225,2,region4_1646037703
2021-10-05 07:17,706208802,3039723,68518,2,region4_1646037703
2021-10-05 07:17,706673697,565089,2251884,2,region4_1646037697
2021-10-05 07:17,706266683,4932568,13297,2,region4_1646037703
2021-10-05 07:17,706186404,6974613,113560,2,region4_1646037703
2021-10-05 07:17,706785676,2175370,1893993,2,region4_1646037697
2021-10-05 07:17,706485664,0,4681641,5,region4_1646037700
2021-10-05 07:17,706535276,0,5873719,2,region4_1646037696
2021-10-05 07:17,706549974,7139676,1248932,2,region4_1646037697
2021-10-05 07:17,706549974,6099246,2289362,2,region4_1646037697
2021-10-05 07:17,706549974,454,1677579,2,region4_1646037697
2021-10-05 07:17,706549974,3457,1674576,2,region4_1646037697
2021-10-05 07:17,706187372,666591,117863,2,region4_1646037703
2021-10-05 07:17,706187372,7529854,315396,2,region4_1646037703
2021-10-05 07:17,706565048,6540450,1009620,2,region4_1646037697
2021-10-05 07:17,706565048,469,1831734,2,region4_1646037697
2021-10-05 07:17,706170737,3958829,16384,2,region4_1646037697
2021-10-05 07:17,706170737,3696993,8612,2,region4_1646037697
2021-10-05 07:17,706188224,3593757,715752,2,region4_1646037703
2021-10-05 07:17,706615324,0,8388608,2,region4_1646037696
2021-10-05 07:17,706649378,0,453298,2,region4_1646037697
2021-10-05 07:17,706649378,453298,2884,2,region4_1646037697
2021-10-05 07:17,706220522,5028052,116122,2,region4_1646037703
2021-10-05 07:17,706220522,3914040,9019,2,region4_1646037703
2021-10-05 07:17,706220522,3871863,2053,2,region4_1646037703
2021-10-05 07:17,706610380,0,8388608,4,region4_1646037698
2021-10-05 07:17,706641092,0,8388608,2,region4_1646037696
2021-10-05 07:17,706377609,0,177684,2,region4_1646037697
2021-10-05 07:17,706649378,456457,125802,2,region4_1646037697
2021-10-05 07:17,706649378,2257249,216134,2,region4_1646037697
2021-10-05 07:17,706666108,0,4227684,2,region4_1646037696
2021-10-05 07:17,706242353,0,8388608,2,region4_1646037696
2021-10-05 07:17,706493710,7467,386362,2,region4_1646037697
2021-10-05 07:17,706251748,0,8388608,2,region4_1646037696
2021-10-05 07:17,706588927,2206314,233356,2,region4_1646037697
2021-10-05 07:17,706588927,3594000,3553,2,region4_1646037697
2021-10-05 07:17,706588927,2202229,3683,2,region4_1646037697
2021-10-05 07:17,706588927,3816650,16384,2,region4_1646037697
2021-10-05 07:17,706727678,0,1166308,4,region4_1646037698
2021-10-05 07:17,706604498,3230579,1860245,2,region4_1646037697
2021-10-05 07:17,706638050,0,14747880,4,region4_1646037697
2021-10-05 07:17,706448020,246,2351959,2,region4_1646037697
2021-10-05 07:17,706696277,0,6296529,2,region4_1646037696
2021-10-05 07:17,706654128,0,5204959,2,region4_1646037703
2021-10-05 07:17,706454880,933247,1675196,2,region4_1646037697
2021-10-05 07:17,706585528,0,3627904,2,region4_1646037696
2021-10-05 07:17,706604498,3230579,1860245,2,region4_1646037697
2021-10-05 07:17,706604498,0,1517691,2,region4_1646037697
2021-10-05 07:17,706177303,128,246707,2,region4_1646037697
2021-10-05 07:17,706751165,0,8388608,5,region4_1646037700
2021-10-05 07:17,706768108,0,8388608,2,region4_1646037696
2021-10-05 07:17,706646117,0,7102275,3,region4_1646037699
2021-10-05 07:17,706724714,0,1825436,2,region4_1646037697
2021-10-05 07:17,706724714,1825436,6563172,2,region4_1646037697
2021-10-05 07:17,706752504,0,14674377,2,region4_1646037701
2021-10-05 07:17,706190847,2691918,802,2,region4_1646037697
2021-10-05 07:17,706190847,2677777,16384,2,region4_1646037697
2021-10-05 07:17,706797836,0,3777608,2,region4_1646037697
2021-10-05 07:17,706271264,0,6708748,2,region4_1646037698
2021-10-05 07:17,706601035,0,8388608,2,region4_1646037696
2021-10-05 07:17,706764638,0,8388608,4,region4_1646037698
2021-10-05 07:17,706188283,5059365,277899,2,region4_1646037703
2021-10-05 07:17,706711443,3587,8385021,2,region4_1646037696
2021-10-05 07:17,706220522,3871863,2053,2,region4_1646037703
2021-10-05 07:17,706761279,6748551,1640057,2,region4_1646037701
2021-10-05 07:17,706761279,0,124781,2,region4_1646037701
2021-10-05 07:17,706761279,2736669,2660849,2,region4_1646037701
2021-10-05 07:17,706448020,83010,2269195,2,region4_1646037697
2021-10-05 07:17,706452805,3370796,949590,2,region4_1646037697
2021-10-05 07:17,706803436,0,8388608,2,region4_1646037701
2021-10-05 07:17,706550912,0,7788585,4,region4_1646037698
2021-10-05 07:17,706187372,666591,117863,2,region4_1646037703
2021-10-05 07:17,706598534,0,285670,2,region4_1646037697
2021-10-05 07:17,706220522,5028052,116122,2,region4_1646037703
2021-10-05 07:17,706230728,0,6704455,2,region4_1646037696
2021-10-05 07:17,706490315,1425696,875275,2,region4_1646037697
2021-10-05 07:17,706442874,2920461,5468147,2,region4_1646037696
2021-10-05 07:17,706774252,7572880,251465,2,region4_1646037696
2021-10-05 07:17,706507937,849755,3571582,2,region4_1646037697
2021-10-05 07:17,706507937,4421337,2886,2,region4_1646037697
2021-10-05 07:17,706508828,1168944,170278,2,region4_1646037697
2021-10-05 07:17,706577163,0,8388608,4,region4_1646037698
2021-10-05 07:17,706507937,6885720,1502888,2,region4_1646037697
2021-10-05 07:17,706507937,4424609,163777,2,region4_1646037697
2021-10-05 07:17,706508828,1164508,2841,2,region4_1646037697
2021-10-05 07:17,706508828,5852079,912965,2,region4_1646037697
2021-10-05 07:17,706448020,83010,2269195,2,region4_1646037697
2021-10-05 07:17,706709804,0,8388608,2,region4_1646037696
2021-10-05 07:17,706752380,0,8388608,2,region4_1646037701
2021-10-05 07:17,706765258,0,696626,5,region4_1646037700
2021-10-05 07:17,706773655,1487042,1220220,1,region4_1646037696
2021-10-05 07:17,706799748,0,14814830,2,region4_1646037701
2021-10-05 07:17,706460134,6561371,36857,2,region4_1646037697
2021-10-05 07:17,706460134,6557489,3583,2,region4_1646037697
2021-10-05 07:17,706487551,235397,3433676,2,region4_1646037697
2021-10-05 07:17,706487551,226300,9030,2,region4_1646037697
2021-10-05 07:17,706524725,1075781,77148,2,region4_1646037697
2021-10-05 07:17,706524725,1152929,16384,2,region4_1646037697
2021-10-05 07:17,706524725,234154,97224,2,region4_1646037697
2021-10-05 07:17,706735066,0,4981216,5,region4_1646037700
2021-10-05 07:17,706728824,0,8388608,4,region4_1646037702
2021-10-05 07:17,706267060,0,8388608,2,region4_1646037696
2021-10-05 07:17,706621285,0,8388608,3,region4_1646037699
2021-10-05 07:17,706395992,0,7295775,2,region4_1646037697
2021-10-05 07:17,706777160,1186359,3653582,2,region4_1646037697
2021-10-05 07:17,706771943,6250324,2138284,2,region4_1646037697
2021-10-05 07:17,706771943,2870662,896078,2,region4_1646037697
2021-10-05 07:17,706771943,0,1105194,2,region4_1646037697
2021-10-05 07:17,706460134,6557489,3583,2,region4_1646037697
2021-10-05 07:17,706460134,6561371,245296,2,region4_1646037697
2021-10-05 07:17,706595945,806168,170409,2,region4_1646037697
2021-10-05 07:17,706595945,801722,2842,2,region4_1646037697
2021-10-05 07:17,706399725,4341053,157821,2,region4_1646037697
2021-10-05 07:17,706399725,4336499,2885,2,region4_1646037697
2021-10-05 07:17,706665074,1984050,61550,2,region4_1646037697
2021-10-05 07:17,706665074,1979044,3548,2,region4_1646037697
2021-10-05 07:17,706788581,0,1790022,3,region4_1646037699
2021-10-05 07:17,706665074,3743291,918316,2,region4_1646037697
2021-10-05 07:17,706665074,7010684,1377924,2,region4_1646037697
2021-10-05 07:17,706292688,3781841,16384,2,region4_1646037697
2021-10-05 07:17,706735030,3,5585,2,region4_1646037696
2021-10-05 07:17,706448020,83010,2269195,2,region4_1646037697
2021-10-05 07:17,706797076,3378338,2703,2,region4_1646037697
2021-10-05 07:17,706507937,4425818,162568,2,region4_1646037697
2021-10-05 07:17,706507937,849755,3571582,2,region4_1646037697
2021-10-05 07:17,706507937,4421337,2886,2,region4_1646037697
2021-10-05 07:17,706820421,0,5673612,2,region4_1646037698
2021-10-05 07:17,706496960,2238866,8998,2,region4_1646037697
2021-10-05 07:17,706665074,4525215,1128219,2,region4_1646037697
2021-10-05 07:17,706665074,1987829,57771,2,region4_1646037697
2021-10-05 07:17,706665074,1979044,3548,2,region4_1646037697
2021-10-05 07:17,706390023,6369248,2019360,2,region4_1646037697
2021-10-05 07:17,706292688,3535839,8768,2,region4_1646037697
2021-10-05 07:17,706797076,3381459,2592426,2,region4_1646037697
2021-10-05 07:17,706507937,6885720,1313376,2,region4_1646037697
2021-10-05 07:17,706689557,0,5735639,2,region4_1646037696
2021-10-05 07:17,706689557,4710905,1048576,2,region4_1646037696
2021-10-05 07:17,706820421,5673612,5718262,2,region4_1646037698
2021-10-05 07:17,706496960,2247947,1767951,2,region4_1646037697
2021-10-05 07:17,706665074,7010684,1377924,2,region4_1646037697
2021-10-05 07:17,706696612,0,8388608,2,region4_1646037701
2021-10-05 07:17,706740693,0,8388608,2,region4_1646037698
2021-10-05 07:17,706507937,4421337,2886,2,region4_1646037697
2021-10-05 07:17,706507937,4425818,162568,2,region4_1646037697
2021-10-05 07:17,706698141,1193637,2989,2,region4_1646037697
2021-10-05 07:17,706698141,1191751,16384,2,region4_1646037697
2021-10-05 07:17,706423349,1706673,3940882,2,region4_1646037697
2021-10-05 07:17,706611681,0,8388608,2,region4_1646037696
2021-10-05 07:17,706343020,2413658,3402453,2,region4_1646037696
2021-10-05 07:17,706623885,1082849,783604,2,region4_1646037696
2021-10-05 07:17,706681605,0,3517886,5,region4_1646037700
2021-10-05 07:17,706758151,2874994,376093,2,region4_1646037696
2021-10-05 07:17,706786024,0,2414969,2,region4_1646037698
2021-10-05 07:17,706745793,0,14741502,4,region4_1646037697
2021-10-05 07:17,706771943,2870662,896078,2,region4_1646037697
2021-10-05 07:17,706654922,0,956290,1,region4_1646037696
2021-10-05 07:17,706670518,0,10485760,5,region4_1646037700
2021-10-05 07:17,706782848,0,5835549,2,region4_1646037696
2021-10-05 07:17,706535399,0,8388608,2,region4_1646037696
2021-10-05 07:17,706721253,0,11049991,2,region4_1646037698
2021-10-05 07:18,706620262,0,1733233,2,region4_1646037696
2021-10-05 07:18,706169177,7736922,651686,2,region4_1646037697
2021-10-05 07:18,706169177,8292,2730377,2,region4_1646037697
2021-10-05 07:18,706527742,3459991,526471,2,region4_1646037696
2021-10-05 07:18,706169177,7736922,651686,2,region4_1646037697
2021-10-05 07:18,706169177,8292,2730377,2,region4_1646037697
2021-10-05 07:18,706169177,8292,2730377,2,region4_1646037697
2021-10-05 07:18,706615335,3777200,296256,2,region4_1646037697
2021-10-05 07:18,706615335,3767973,9145,2,region4_1646037697
2021-10-05 07:18,706786020,0,7927942,2,region4_1646037701
2021-10-05 07:18,706832975,0,6262001,2,region4_1646037696
2021-10-05 07:18,706845080,0,1935667,2,region4_1646037697
2021-10-05 07:18,706845080,1935667,2528,2,region4_1646037697
2021-10-05 07:18,706700990,765668,7622940,2,region4_1646037701
2021-10-05 07:18,706631369,0,8388608,2,region4_1646037698
2021-10-05 07:18,706676842,986158,1568237,2,region4_1646037697
2021-10-05 07:18,706360127,0,211994,2,region4_1646037697
2021-10-05 07:18,706765307,0,5389333,5,region4_1646037700
2021-10-05 07:18,706845080,1939965,625534,2,region4_1646037697
2021-10-05 07:18,706615328,2152323,1718303,2,region4_1646037697
2021-10-05 07:18,706615328,72,95481,2,region4_1646037697
2021-10-05 07:18,706458482,0,5382411,2,region4_1646037696
2021-10-05 07:18,706670518,10485760,4125092,5,region4_1646037700
2021-10-05 07:18,706428724,1923,2927963,2,region4_1646037697
2021-10-05 07:18,706428724,4093730,4294878,2,region4_1646037697
2021-10-05 07:18,706169177,7736922,651686,2,region4_1646037697
2021-10-05 07:18,706857652,3106277,1048576,2,region4_1646037696
2021-10-05 07:18,706360127,2248924,164936,2,region4_1646037697
2021-10-05 07:18,706731184,0,4000181,2,region4_1646037703
2021-10-05 07:18,706452805,7452395,936213,2,region4_1646037697
2021-10-05 07:18,706452805,994224,2376572,2,region4_1646037697
2021-10-05 07:18,706490315,4933702,3454906,2,region4_1646037697
2021-10-05 07:18,706490315,0,1425696,2,region4_1646037697
2021-10-05 07:18,706169177,7736922,651686,2,region4_1646037697
2021-10-05 07:18,706169177,8292,2730377,2,region4_1646037697
2021-10-05 07:18,706863973,0,8388608,5,region4_1646037700
2021-10-05 07:18,706654259,3828313,16384,2,region4_1646037697
2021-10-05 07:18,706654259,3830469,1474,2,region4_1646037697
2021-10-05 07:18,706654259,3828313,16384,2,region4_1646037697
2021-10-05 07:18,706367179,0,4194304,1,region4_1646037696
2021-10-05 07:18,706632218,8315466,73142,2,region4_1646037696
2021-10-05 07:18,706353791,2650703,5737905,2,region4_1646037696
2021-10-05 07:18,706599211,0,8388608,2,region4_1646037696
2021-10-05 07:18,706428724,1923,2927963,2,region4_1646037697
2021-10-05 07:18,706800630,2637854,3311,2,region4_1646037697
2021-10-05 07:18,706800630,6693399,407160,2,region4_1646037697
2021-10-05 07:18,706800630,4618641,673986,2,region4_1646037697
2021-10-05 07:18,706800630,2641248,714784,2,region4_1646037697
2021-10-05 07:18,706508828,3640129,2211950,2,region4_1646037697
2021-10-05 07:18,706508828,1168944,170278,2,region4_1646037697
2021-10-05 07:18,706299445,0,98029,2,region4_1646037697
2021-10-05 07:18,706682379,0,7853636,2,region4_1646037698
2021-10-05 07:18,706600132,0,8388608,2,region4_1646037696
2021-10-05 07:18,706508828,0,1164508,2,region4_1646037697
2021-10-05 07:18,706508828,1164508,2841,2,region4_1646037697
2021-10-05 07:18,706266683,4930430,1900,2,region4_1646037703
2021-10-05 07:18,706266683,0,4930430,2,region4_1646037703
2021-10-05 07:18,706460134,6561371,36857,2,region4_1646037697
2021-10-05 07:18,706460134,6557489,3583,2,region4_1646037697
2021-10-05 07:18,706840914,0,8108777,2,region4_1646037698
2021-10-05 07:18,706208802,7204396,536225,2,region4_1646037703
2021-10-05 07:18,706208802,3039723,68518,2,region4_1646037703
2021-10-05 07:18,706208802,1127380,1909128,2,region4_1646037703
2021-10-05 07:18,706208802,3036508,1879,2,region4_1646037703
2021-10-05 07:18,706369475,1294299,7094309,2,region4_1646037697
2021-10-05 07:18,706219545,0,33954,2,region4_1646037703
2021-10-05 07:18,706460134,6561371,245296,2,region4_1646037697
2021-10-05 07:18,706420935,6293318,2095290,2,region4_1646037697
2021-10-05 07:18,706713762,0,8388608,4,region4_1646037698
2021-10-05 07:18,706564974,2234361,16384,2,region4_1646037697
2021-10-05 07:18,706338591,0,8388608,2,region4_1646037696
2021-10-05 07:18,706399725,4336499,2885,2,region4_1646037697
2021-10-05 07:18,706782951,276224,577288,2,region4_1646037697
2021-10-05 07:18,706271894,0,8388608,2,region4_1646037698
2021-10-05 07:18,706813226,0,8388608,4,region4_1646037698
2021-10-05 07:18,706861854,0,8388608,2,region4_1646037698
2021-10-05 07:18,706680899,0,3524477,2,region4_1646037696
2021-10-05 07:18,706367179,4194304,4194304,1,region4_1646037696
2021-10-05 07:18,706399725,917486,3419013,2,region4_1646037697
2021-10-05 07:18,706399725,6821140,1567468,2,region4_1646037697
2021-10-05 07:18,706399725,4341053,157821,2,region4_1646037697
2021-10-05 07:18,706754503,4184649,3665,2,region4_1646037697
2021-10-05 07:18,706787848,0,8388608,2,region4_1646037698
2021-10-05 07:18,706454880,933247,1675196,2,region4_1646037697
2021-10-05 07:18,706374077,2319868,9128,2,region4_1646037697
2021-10-05 07:18,706813623,0,8387780,3,region4_1646037697
2021-10-05 07:18,706595945,0,801722,2,region4_1646037697
2021-10-05 07:18,706595945,806168,170409,2,region4_1646037697
2021-10-05 07:18,706595945,801722,2842,2,region4_1646037697
2021-10-05 07:18,706654128,0,5204959,2,region4_1646037703
2021-10-05 07:18,706654922,956290,1711293,1,region4_1646037696
2021-10-05 07:18,706753916,0,8388608,5,region4_1646037700
2021-10-05 07:18,706374077,2329047,1521484,2,region4_1646037697
2021-10-05 07:18,706564974,1039514,3545,2,region4_1646037697
2021-10-05 07:18,706307983,0,1374356,2,region4_1646037697
2021-10-05 07:18,706509720,0,4881957,2,region4_1646037697
2021-10-05 07:18,706878203,0,8388608,2,region4_1646037696
2021-10-05 07:18,706509720,3666891,466543,2,region4_1646037697
2021-10-05 07:18,706789909,849519,7539089,2,region4_1646037701
2021-10-05 07:18,706507937,4421337,2886,2,region4_1646037697
2021-10-05 07:18,706507937,6885720,1502888,2,region4_1646037697
2021-10-05 07:18,706507937,4425818,162568,2,region4_1646037697
2021-10-05 07:18,706507937,849755,3571582,2,region4_1646037697
2021-10-05 07:18,706841719,2042386,22436,2,region4_1646037697
2021-10-05 07:18,706841719,1988230,6275,2,region4_1646037697
2021-10-05 07:18,706841719,2048431,16384,2,region4_1646037697
2021-10-05 07:18,706264534,0,3551531,2,region4_1646037697
2021-10-05 07:18,706770354,0,13707870,2,region4_1646037698
2021-10-05 07:18,706841719,93254,1894976,2,region4_1646037697
2021-10-05 07:18,706725421,6236312,1540469,2,region4_1646037697
2021-10-05 07:18,706770354,13707870,1132560,2,region4_1646037698
2021-10-05 07:18,706598534,0,285670,2,region4_1646037697
2021-10-05 07:18,706676061,2097152,1048576,5,region4_1646037700
2021-10-05 07:18,706676061,1048576,1048576,5,region4_1646037700
2021-10-05 07:18,706676061,4194304,1048576,5,region4_1646037700
2021-10-05 07:18,706676061,0,1048576,5,region4_1646037700
2021-10-05 07:18,706676061,3145728,1048576,5,region4_1646037700
2021-10-05 07:18,706676061,7340032,202482,5,region4_1646037700
2021-10-05 07:18,706676061,6291456,1048576,5,region4_1646037700
2021-10-05 07:18,706676061,5242880,1048576,5,region4_1646037700
2021-10-05 07:18,706889995,0,8388608,2,region4_1646037698
2021-10-05 07:18,706739151,1521144,75814,2,region4_1646037697
2021-10-05 07:18,706824523,1113010,633890,2,region4_1646037697
2021-10-05 07:18,706888896,0,8388608,4,region4_1646037698
2021-10-05 07:18,706693441,1766982,8388608,2,region4_1646037697
2021-10-05 07:18,706693441,0,1766982,2,region4_1646037697
2021-10-05 07:18,706771943,0,2870662,2,region4_1646037697
2021-10-05 07:18,706338764,628968,361175,2,region4_1646037697
2021-10-05 07:18,706205242,0,11875,2,region4_1646037703
2021-10-05 07:18,706693441,10155590,4505918,2,region4_1646037697
2021-10-05 07:18,706741425,1048576,1048576,5,region4_1646037700
2021-10-05 07:18,706741425,2097152,1048576,5,region4_1646037700
2021-10-05 07:18,706741425,0,1048576,5,region4_1646037700
2021-10-05 07:18,706756370,3111,8385497,2,region4_1646037696
2021-10-05 07:18,706771943,6250324,2138284,2,region4_1646037697
2021-10-05 07:18,706443599,0,8388608,2,region4_1646037696
2021-10-05 07:18,706452805,1535212,2785174,2,region4_1646037697
2021-10-05 07:18,706490315,0,2300971,2,region4_1646037697
2021-10-05 07:18,706823645,0,8388608,2,region4_1646037698
2021-10-05 07:18,706741425,7340032,1048576,5,region4_1646037700
2021-10-05 07:18,706741425,5242880,1048576,5,region4_1646037700
2021-10-05 07:18,706741425,4194304,1048576,5,region4_1646037700
2021-10-05 07:18,706741425,3145728,1048576,5,region4_1646037700
2021-10-05 07:18,706741425,6291456,1048576,5,region4_1646037700
2021-10-05 07:18,706324195,7033810,1354798,2,region4_1646037696
2021-10-05 07:18,706537320,1100337,43812,2,region4_1646037696
2021-10-05 07:18,706884534,0,7716090,2,region4_1646037698
2021-10-05 07:18,706781574,0,411840,2,region4_1646037696
2021-10-05 07:18,706696550,6631952,291837,2,region4_1646037696
2021-10-05 07:18,706508828,4087546,2677498,2,region4_1646037697
2021-10-05 07:18,706508828,1164508,2841,2,region4_1646037697
2021-10-05 07:18,706508828,1168944,170278,2,region4_1646037697
2021-10-05 07:18,706209848,0,20137,2,region4_1646037703
2021-10-05 07:18,706879130,0,8388608,2,region4_1646037701
2021-10-05 07:18,706901308,0,1048576,5,region4_1646037700
2021-10-05 07:18,706765303,0,8388608,2,region4_1646037696
2021-10-05 07:18,706900988,2180070,308481,2,region4_1646037696
2021-10-05 07:18,706901308,7340032,1048576,5,region4_1646037700
2021-10-05 07:18,706901308,5242880,1048576,5,region4_1646037700
2021-10-05 07:18,706901308,4194304,1048576,5,region4_1646037700
2021-10-05 07:18,706901308,3145728,1048576,5,region4_1646037700
2021-10-05 07:18,706901308,2097152,1048576,5,region4_1646037700
2021-10-05 07:18,706901308,6291456,1048576,5,region4_1646037700
2021-10-05 07:18,706901308,1048576,1048576,5,region4_1646037700
2021-10-05 07:18,706761187,0,6682973,3,region4_1646037699
2021-10-05 07:18,706457915,4577016,16384,2,region4_1646037697
2021-10-05 07:18,706396222,1928208,2106250,2,region4_1646037697
2021-10-05 07:18,706396222,0,1635145,2,region4_1646037697
2021-10-05 07:18,706396222,150,862900,2,region4_1646037697
2021-10-05 07:18,706751301,0,8388608,2,region4_1646037698
2021-10-05 07:18,706755687,0,56279,2,region4_1646037697
2021-10-05 07:18,706397910,0,1224840,2,region4_1646037696
2021-10-05 07:18,706674859,0,8388608,2,region4_1646037696
2021-10-05 07:18,706853117,0,6671586,3,region4_1646037699
2021-10-05 07:18,706169177,0,1212781,2,region4_1646037697
2021-10-05 07:18,706351888,2764147,9010,2,region4_1646037697
2021-10-05 07:18,706351888,2773240,1329486,2,region4_1646037697
2021-10-05 07:18,706263690,0,13218,2,region4_1646037703
2021-10-05 07:18,706781655,0,8388608,4,region4_1646037698
2021-10-05 07:18,706834630,0,1713792,2,region4_1646037696
2021-10-05 07:18,706848306,0,1048576,5,region4_1646037700
2021-10-05 07:18,706849906,5087797,8388608,2,region4_1646037697
2021-10-05 07:18,706849906,0,5087797,2,region4_1646037697
2021-10-05 07:18,706864771,0,4067274,5,region4_1646037700
2021-10-05 07:18,706471666,7031915,1658,2,region4_1646037697
2021-10-05 07:18,706471666,7031570,16384,2,region4_1646037697
2021-10-05 07:18,706848306,1048576,1048576,5,region4_1646037700
2021-10-05 07:18,706900109,0,390110,2,region4_1646037697
2021-10-05 07:18,706713019,0,369983,4,region4_1646037696
2021-10-05 07:18,706777175,3093564,1048576,2,region4_1646037696
2021-10-05 07:18,706429571,844684,9393,2,region4_1646037697
2021-10-05 07:18,706849906,13476405,1155064,2,region4_1646037697
2021-10-05 07:18,706595945,806168,170409,2,region4_1646037697
2021-10-05 07:18,706595945,801722,2842,2,region4_1646037697
2021-10-05 07:18,706471666,5634526,1397389,2,region4_1646037697
2021-10-05 07:18,706471666,0,5634526,2,region4_1646037697
2021-10-05 07:18,706716769,1715705,732235,2,region4_1646037697
2021-10-05 07:18,706716769,1714137,1456,2,region4_1646037697
2021-10-05 07:18,706716769,0,1714137,2,region4_1646037697
2021-10-05 07:18,706370097,7728003,660605,2,region4_1646037697
2021-10-05 07:18,706399725,4341053,157821,2,region4_1646037697
2021-10-05 07:18,706399725,7283537,1105071,2,region4_1646037697
2021-10-05 07:18,706399725,4336499,2885,2,region4_1646037697
2021-10-05 07:18,706460134,6561371,36857,2,region4_1646037697
2021-10-05 07:18,706454880,1383295,1225148,2,region4_1646037697
2021-10-05 07:18,706429571,854144,3054791,2,region4_1646037697
2021-10-05 07:18,706769969,0,973675,1,region4_1646037696
2021-10-05 07:18,706728187,0,8388608,3,region4_1646037699
2021-10-05 07:18,706626137,0,1613642,2,region4_1646037697
2021-10-05 07:18,706626137,1613642,5647157,2,region4_1646037697
2021-10-05 07:18,706549974,6099246,1040430,2,region4_1646037697
2021-10-05 07:18,706549974,454,2744691,2,region4_1646037697
2021-10-05 07:18,706849929,0,8388608,2,region4_1646037696
2021-10-05 07:18,706799026,0,1048576,5,region4_1646037700
2021-10-05 07:18,706799026,4194304,825027,5,region4_1646037700
2021-10-05 07:18,706799026,3145728,1048576,5,region4_1646037700
2021-10-05 07:18,706799026,2097152,1048576,5,region4_1646037700
2021-10-05 07:18,706799026,1048576,1048576,5,region4_1646037700
2021-10-05 07:18,706848306,2097152,1048576,5,region4_1646037700
2021-10-05 07:18,706887741,505171,1608932,2,region4_1646037697
2021-10-05 07:18,706460134,6557489,3583,2,region4_1646037697
2021-10-05 07:18,706460134,6561371,245296,2,region4_1646037697
2021-10-05 07:18,706629810,0,8388608,2,region4_1646037698
2021-10-05 07:18,706888190,0,12126,2,region4_1646037697
2021-10-05 07:18,706219545,0,33954,2,region4_1646037703
2021-10-05 07:18,706724181,0,8388608,2,region4_1646037698
2021-10-05 07:18,706784105,0,7199982,2,region4_1646037701
2021-10-05 07:18,706598534,0,285670,2,region4_1646037697
2021-10-05 07:18,706353919,216505,713795,2,region4_1646037697
2021-10-05 07:18,706507937,7332076,1056532,2,region4_1646037697
2021-10-05 07:18,706507937,4421337,2886,2,region4_1646037697
2021-10-05 07:18,706507937,4425818,162568,2,region4_1646037697
2021-10-05 07:18,706266683,0,4930430,2,region4_1646037703
2021-10-05 07:18,706266683,4930430,1900,2,region4_1646037703
2021-10-05 07:18,706266683,4932568,13297,2,region4_1646037703
2021-10-05 07:18,706844167,0,8041740,2,region4_1646037698
2021-10-05 07:18,706848306,3145728,1048576,5,region4_1646037700
2021-10-05 07:18,706896401,0,8388608,4,region4_1646037698
2021-10-05 07:18,706772646,0,8388608,2,region4_1646037698
2021-10-05 07:18,706208802,7204396,536225,2,region4_1646037703
2021-10-05 07:18,706208802,1127380,1909128,2,region4_1646037703
2021-10-05 07:18,706208802,3036508,1879,2,region4_1646037703
2021-10-05 07:18,706208802,3039723,68518,2,region4_1646037703
2021-10-05 07:18,706371674,0,374525,2,region4_1646037697
2021-10-05 07:18,706771943,2870662,896078,2,region4_1646037697
2021-10-05 07:18,706205242,0,11875,2,region4_1646037703
2021-10-05 07:18,706848306,4194304,1048576,5,region4_1646037700
2021-10-05 07:18,706266683,4930430,1900,2,region4_1646037703
2021-10-05 07:18,706771943,288049,817145,2,region4_1646037697
2021-10-05 07:18,706266683,4932800,188830,2,region4_1646037703
2021-10-05 07:18,706266683,0,4930430,2,region4_1646037703
2021-10-05 07:18,706745213,0,2356876,5,region4_1646037700
2021-10-05 07:18,706751281,0,621856,2,region4_1646037697
2021-10-05 07:18,706208802,3036508,1879,2,region4_1646037703
2021-10-05 07:18,706905672,0,1243172,2,region4_1646037696
2021-10-05 07:18,706266683,4930430,1900,2,region4_1646037703
2021-10-05 07:18,706789400,0,1189786,5,region4_1646037700
2021-10-05 07:18,706817673,0,6767722,2,region4_1646037698
2021-10-05 07:18,706848306,5242880,1048576,5,region4_1646037700
2021-10-05 07:18,706208802,4885658,151871,2,region4_1646037703
2021-10-05 07:18,706208802,7204396,536225,2,region4_1646037703
2021-10-05 07:18,706208802,3041057,710589,2,region4_1646037703
2021-10-05 07:18,706208802,1127380,1909128,2,region4_1646037703
2021-10-05 07:18,706905253,0,11953,2,region4_1646037697
2021-10-05 07:18,706523106,0,5198969,2,region4_1646037703
2021-10-05 07:18,706523106,0,5198969,2,region4_1646037703
2021-10-05 07:18,706451956,7856629,531979,2,region4_1646037696
2021-10-05 07:18,706787666,5438074,1637825,2,region4_1646037696
2021-10-05 07:18,706340110,0,8388608,2,region4_1646037696
2021-10-05 07:18,706209848,0,20137,2,region4_1646037703
2021-10-05 07:18,706266683,4932800,188830,2,region4_1646037703
2021-10-05 07:18,706266683,0,4930430,2,region4_1646037703
2021-10-05 07:18,706266683,4930430,1900,2,region4_1646037703
2021-10-05 07:18,706251748,0,8388608,2,region4_1646037696
2021-10-05 07:18,706759957,6694748,54276,2,region4_1646037697
2021-10-05 07:18,706759957,8168642,219966,2,region4_1646037697
2021-10-05 07:18,706759957,6693195,1484,2,region4_1646037697
2021-10-05 07:18,706848306,6291456,1048576,5,region4_1646037700
2021-10-05 07:18,706604498,4555155,535669,2,region4_1646037697
2021-10-05 07:18,706604498,1240333,277358,2,region4_1646037697
2021-10-05 07:18,706604498,8254070,134538,2,region4_1646037697
2021-10-05 07:18,706208802,3041057,710589,2,region4_1646037703
2021-10-05 07:18,706208802,3036508,1879,2,region4_1646037703
2021-10-05 07:18,706406685,0,1750706,2,region4_1646037697
2021-10-05 07:18,706406685,1750706,315,2,region4_1646037697
2021-10-05 07:18,706759957,0,697,2,region4_1646037697
2021-10-05 07:18,706156065,2321666,50431,2,region4_1646037697
2021-10-05 07:18,706156065,150,135429,2,region4_1646037697
2021-10-05 07:18,706819329,5095207,2157037,2,region4_1646037697
2021-10-05 07:18,706819329,0,5095207,2,region4_1646037697
2021-10-05 07:18,706205308,0,658857,2,region4_1646037697
2021-10-05 07:18,706208802,4885658,151871,2,region4_1646037703
2021-10-05 07:18,706299445,0,98029,2,region4_1646037697
2021-10-05 07:18,706907295,0,8388608,4,region4_1646037698
2021-10-05 07:18,706406685,1751056,6637552,2,region4_1646037697
2021-10-05 07:18,706488605,0,8388608,2,region4_1646037696
2021-10-05 07:18,706807747,0,14747885,4,region4_1646037697
2021-10-05 07:18,706838018,0,8388608,2,region4_1646037698
2021-10-05 07:18,706205308,9047465,5608595,2,region4_1646037697
2021-10-05 07:18,706205308,658857,8388608,2,region4_1646037697
2021-10-05 07:19,706774221,0,8388573,3,region4_1646037697
2021-10-05 07:19,706848306,7340032,1048576,5,region4_1646037700
2021-10-05 07:19,706913663,0,8388608,2,region4_1646037696
2021-10-05 07:19,706914383,0,70218,2,region4_1646037697
2021-10-05 07:19,706242353,0,8388608,2,region4_1646037696
2021-10-05 07:19,706360534,0,355091,2,region4_1646037697
2021-10-05 07:19,706208802,1127380,1909128,2,region4_1646037703
2021-10-05 07:19,706208802,3036508,1879,2,region4_1646037703
2021-10-05 07:19,706208802,4885658,151871,2,region4_1646037703
2021-10-05 07:19,706208802,3041057,710589,2,region4_1646037703
2021-10-05 07:19,706936321,2249223,6139385,2,region4_1646037697
2021-10-05 07:19,706936321,0,2249223,2,region4_1646037697
2021-10-05 07:19,706909308,0,47131,2,region4_1646037697
2021-10-05 07:19,706919171,1777833,6610775,2,region4_1646037697
2021-10-05 07:19,706919171,0,1777833,2,region4_1646037697
2021-10-05 07:19,706820105,0,8388608,5,region4_1646037700
2021-10-05 07:19,706843885,0,1742351,2,region4_1646037698
2021-10-05 07:19,706890439,831865,7556743,2,region4_1646037701
2021-10-05 07:19,706891006,1017843,809368,2,region4_1646037697
2021-10-05 07:19,706891006,1012026,5494,2,region4_1646037697
2021-10-05 07:19,706263690,0,13218,2,region4_1646037703
2021-10-05 07:19,706872743,0,4087229,2,region4_1646037696
2021-10-05 07:19,706165511,2333437,49218,2,region4_1646037697
2021-10-05 07:19,706165511,150,135344,2,region4_1646037697
2021-10-05 07:19,706876454,0,8388608,2,region4_1646037696
2021-10-05 07:19,706965860,5853123,2535485,2,region4_1646037697
2021-10-05 07:19,706965860,5788681,64442,2,region4_1646037697
2021-10-05 07:19,706854889,0,8388608,2,region4_1646037698
2021-10-05 07:19,706896100,0,755030,5,region4_1646037700
2021-10-05 07:19,706965860,5077006,711348,2,region4_1646037697
2021-10-05 07:19,706965860,0,5077006,2,region4_1646037697
2021-10-05 07:19,706965860,5788354,308,2,region4_1646037697
2021-10-05 07:19,706781286,6130869,2257739,2,region4_1646037697
2021-10-05 07:19,706781286,6040471,90398,2,region4_1646037697
2021-10-05 07:19,706835125,519606,83763,2,region4_1646037697
2021-10-05 07:19,706835125,612982,56734,2,region4_1646037697
2021-10-05 07:19,706835125,4836,433979,2,region4_1646037697
2021-10-05 07:19,706859149,0,3732630,1,region4_1646037696
2021-10-05 07:19,706869952,2226944,1831556,2,region4_1646037697
2021-10-05 07:19,706956547,8116960,271648,2,region4_1646037696
2021-10-05 07:19,706781286,6040144,308,2,region4_1646037697
2021-10-05 07:19,706781286,3775549,2264595,2,region4_1646037697
2021-10-05 07:19,706781286,0,3775549,2,region4_1646037697
2021-10-05 07:19,706435536,0,2903031,2,region4_1646037697
2021-10-05 07:19,706867918,0,1246312,2,region4_1646037697
2021-10-05 07:19,706299445,0,98029,2,region4_1646037697
2021-10-05 07:19,706779021,2642909,1048576,2,region4_1646037696
2021-10-05 07:19,706779021,0,2642909,2,region4_1646037696
2021-10-05 07:19,706460134,6557489,3583,2,region4_1646037697
2021-10-05 07:19,706843408,3793205,16384,2,region4_1646037697
2021-10-05 07:19,706843408,3616930,5497,2,region4_1646037697
2021-10-05 07:19,706821766,3622363,5591,2,region4_1646037697
2021-10-05 07:19,706821766,3799200,16384,2,region4_1646037697
2021-10-05 07:19,706830625,0,1066628,2,region4_1646037697
2021-10-05 07:19,706830625,6619993,1768615,2,region4_1646037697
2021-10-05 07:19,706841423,1668720,5527680,2,region4_1646037697
2021-10-05 07:19,706841423,0,1668720,2,region4_1646037697
2021-10-05 07:19,706881659,0,7556458,2,region4_1646037698
2021-10-05 07:19,706909850,0,1019844,2,region4_1646037696
2021-10-05 07:19,706787882,1048576,1048576,5,region4_1646037700
2021-10-05 07:19,706787882,0,1048576,5,region4_1646037700
2021-10-05 07:19,706654128,0,5204959,2,region4_1646037703
2021-10-05 07:19,706787882,4194304,1048576,5,region4_1646037700
2021-10-05 07:19,706787882,3145728,1048576,5,region4_1646037700
2021-10-05 07:19,706787882,2097152,1048576,5,region4_1646037700
2021-10-05 07:19,706787882,5242880,600194,5,region4_1646037700
2021-10-05 07:19,706314251,0,879015,2,region4_1646037697
2021-10-05 07:19,706460134,6561371,245296,2,region4_1646037697
2021-10-05 07:19,706796187,0,8388608,2,region4_1646037698
2021-10-05 07:19,706831638,0,8388608,2,region4_1646037698
2021-10-05 07:19,706859149,3732630,2789662,1,region4_1646037696
2021-10-05 07:19,706871278,0,8388608,5,region4_1646037700
2021-10-05 07:19,706769969,973675,3120761,1,region4_1646037696
2021-10-05 07:19,706904539,0,6029647,2,region4_1646037696
2021-10-05 07:19,706910881,0,8100334,4,region4_1646037698
2021-10-05 07:19,706848645,4103,8384505,2,region4_1646037696
2021-10-05 07:19,706879543,0,7530294,2,region4_1646037698
2021-10-05 07:19,706894279,0,14735977,4,region4_1646037697
2021-10-05 07:19,706156325,3427261,634039,2,region4_1646037697
2021-10-05 07:19,706804552,2531424,4230152,2,region4_1646037697
2021-10-05 07:19,706476873,0,8388608,2,region4_1646037696
2021-10-05 07:19,706219545,0,33954,2,region4_1646037703
2021-10-05 07:19,706631227,950291,7438317,2,region4_1646037696
2021-10-05 07:19,706251748,0,8388608,2,region4_1646037696
2021-10-05 07:19,706994169,2641435,4033823,2,region4_1646037697
2021-10-05 07:19,706994169,0,2641435,2,region4_1646037697
2021-10-05 07:19,706994169,6675258,310,2,region4_1646037697
2021-10-05 07:19,706893772,0,7119,4,region4_1646037698
2021-10-05 07:19,706915547,0,3285655,2,region4_1646037697
2021-10-05 07:19,706994169,6675587,48284,2,region4_1646037697
2021-10-05 07:19,706994169,6723871,1664737,2,region4_1646037697
2021-10-05 07:19,706915547,3285655,2068500,2,region4_1646037697
2021-10-05 07:19,706889567,0,6470367,3,region4_1646037699
2021-10-05 07:19,706950488,0,8374137,3,region4_1646037699
2021-10-05 07:19,706965849,0,40875,5,region4_1646037700
2021-10-05 07:19,706797498,0,8374536,3,region4_1646037699
2021-10-05 07:19,706165509,2285905,50175,2,region4_1646037697
2021-10-05 07:19,706165509,150,134818,2,region4_1646037697
2021-10-05 07:19,706877073,0,7959898,2,region4_1646037698
2021-10-05 07:19,706872420,0,456,4,region4_1646037696
2021-10-05 07:19,706880677,1177869,527484,2,region4_1646037703
2021-10-05 07:19,706654128,0,5204959,2,region4_1646037703
2021-10-05 07:19,706779021,0,2642909,2,region4_1646037696
2021-10-05 07:19,706779021,2642909,1048576,2,region4_1646037696
2021-10-05 07:19,706880677,3182687,162482,2,region4_1646037703
2021-10-05 07:19,706324195,7033810,1354798,2,region4_1646037696
2021-10-05 07:19,706868291,0,7546644,4,region4_1646037698
2021-10-05 07:19,706953994,2569829,2207,2,region4_1646037697
2021-10-05 07:19,706953994,2561764,16384,2,region4_1646037697
2021-10-05 07:19,706811169,0,5259731,3,region4_1646037699
2021-10-05 07:19,706819315,4830260,1787321,2,region4_1646037697
2021-10-05 07:19,706819315,1984001,101477,2,region4_1646037697
2021-10-05 07:19,706819315,1979441,2837,2,region4_1646037697
2021-10-05 07:19,706558847,0,8388608,2,region4_1646037696
2021-10-05 07:19,706875631,4390531,1907970,2,region4_1646037696
2021-10-05 07:19,706749182,2570887,1036625,2,region4_1646037697
2021-10-05 07:19,706597556,0,4194304,1,region4_1646037696
2021-10-05 07:19,706803413,0,8388608,2,region4_1646037696
2021-10-05 07:19,706646963,0,8388608,2,region4_1646037696
2021-10-05 07:19,706893283,0,8388608,2,region4_1646037698
2021-10-05 07:19,706962443,3651016,5485,2,region4_1646037697
2021-10-05 07:19,706962443,3835983,16384,2,region4_1646037697
2021-10-05 07:19,706902215,0,7858507,4,region4_1646037698
2021-10-05 07:19,706921071,7340032,1048576,5,region4_1646037700
2021-10-05 07:19,706921071,5242880,1048576,5,region4_1646037700
2021-10-05 07:19,706921071,4194304,1048576,5,region4_1646037700
2021-10-05 07:19,706921071,3145728,1048576,5,region4_1646037700
2021-10-05 07:19,706921071,2097152,1048576,5,region4_1646037700
2021-10-05 07:19,706921071,1048576,1048576,5,region4_1646037700
2021-10-05 07:19,706921071,0,1048576,5,region4_1646037700
2021-10-05 07:19,706921071,6291456,1048576,5,region4_1646037700
2021-10-05 07:19,706958395,3041400,293085,2,region4_1646037696
2021-10-05 07:19,706958395,8054843,333765,2,region4_1646037696
2021-10-05 07:19,706696277,0,6296529,2,region4_1646037696
2021-10-05 07:19,706393222,0,4194304,1,region4_1646037696
2021-10-05 07:19,706779021,2642909,1048576,2,region4_1646037696
2021-10-05 07:19,706831358,0,5679414,2,region4_1646037696
2021-10-05 07:19,706416260,544139,347,2,region4_1646037697
2021-10-05 07:19,706230728,0,6704455,2,region4_1646037696
2021-10-05 07:19,706779021,0,2642909,2,region4_1646037696
2021-10-05 07:19,706829757,1320838,5600,2,region4_1646037697
2021-10-05 07:19,706829757,1326761,810138,2,region4_1646037697
2021-10-05 07:19,706849929,0,8388608,2,region4_1646037696
2021-10-05 07:19,706859659,0,8388608,3,region4_1646037699
2021-10-05 07:19,706416260,0,829074,2,region4_1646037697
2021-10-05 07:19,706926400,898,656142,2,region4_1646037697
2021-10-05 07:19,706926400,1876339,60315,2,region4_1646037697
2021-10-05 07:19,706890030,6133409,2255199,2,region4_1646037697
2021-10-05 07:19,706890030,5143575,3245033,2,region4_1646037697
2021-10-05 07:19,706597556,4194304,4194304,1,region4_1646037696
2021-10-05 07:19,706967916,774,650789,2,region4_1646037697
2021-10-05 07:19,706967916,1887511,59910,2,region4_1646037697
2021-10-05 07:19,706815547,0,8370246,3,region4_1646037699
2021-10-05 07:19,706350764,5693829,3416,2,region4_1646037697
2021-10-05 07:19,706824744,0,437529,4,region4_1646037698
2021-10-05 07:19,706360127,1211813,2900,2,region4_1646037697
2021-10-05 07:19,706350764,0,4870339,2,region4_1646037697
2021-10-05 07:19,706350764,5700160,542587,2,region4_1646037697
2021-10-05 07:19,706350764,2819521,251760,2,region4_1646037697
2021-10-05 07:19,706831358,5683445,2705163,2,region4_1646037696
2021-10-05 07:19,706853742,5859703,2528905,2,region4_1646037697
2021-10-05 07:19,706460134,6557489,3583,2,region4_1646037697
2021-10-05 07:19,706460134,6561371,36857,2,region4_1646037697
2021-10-05 07:19,706393222,4194304,4194304,1,region4_1646037696
2021-10-05 07:19,706815854,2097152,1048576,5,region4_1646037700
2021-10-05 07:19,706815854,0,1048576,5,region4_1646037700
2021-10-05 07:19,706815854,3145728,956156,5,region4_1646037700
2021-10-05 07:19,706815854,1048576,1048576,5,region4_1646037700
2021-10-05 07:19,706209848,0,20137,2,region4_1646037703
2021-10-05 07:19,706788581,0,614260,1,region4_1646037696
2021-10-05 07:19,706460134,6561371,245296,2,region4_1646037697
2021-10-05 07:19,706950152,6670688,1048576,2,region4_1646037701
2021-10-05 07:19,706844745,850299,7017455,2,region4_1646037696
2021-10-05 07:19,706769969,4094436,3120761,1,region4_1646037696
2021-10-05 07:19,706902150,0,8388608,2,region4_1646037696
2021-10-05 07:19,706452805,1535212,2785174,2,region4_1646037697
2021-10-05 07:19,706950152,0,165316,2,region4_1646037701
2021-10-05 07:19,706490315,0,2300971,2,region4_1646037697
2021-10-05 07:19,706880404,4194304,1048576,5,region4_1646037700
2021-10-05 07:19,706880404,3145728,1048576,5,region4_1646037700
2021-10-05 07:19,706880404,2097152,1048576,5,region4_1646037700
2021-10-05 07:19,706880404,0,1048576,5,region4_1646037700
2021-10-05 07:19,706880404,5242880,962554,5,region4_1646037700
2021-10-05 07:19,706880404,1048576,1048576,5,region4_1646037700
2021-10-05 07:19,706247641,5663556,561030,2,region4_1646037701
2021-10-05 07:19,706247641,2647117,806543,2,region4_1646037701
2021-10-05 07:19,706915054,1048576,1048576,5,region4_1646037700
2021-10-05 07:19,706915054,0,1048576,5,region4_1646037700
2021-10-05 07:19,706915054,2097152,1048576,5,region4_1646037700
2021-10-05 07:19,706170776,1221761,641387,2,region4_1646037703
2021-10-05 07:19,706170776,34628,2110,2,region4_1646037703
2021-10-05 07:19,706915054,7340032,1048576,5,region4_1646037700
2021-10-05 07:19,706915054,6291456,1048576,5,region4_1646037700
2021-10-05 07:19,706915054,3145728,1048576,5,region4_1646037700
2021-10-05 07:19,706915054,4194304,1048576,5,region4_1646037700
2021-10-05 07:19,706915054,5242880,1048576,5,region4_1646037700
2021-10-05 07:19,706850676,0,6166472,2,region4_1646037698
2021-10-05 07:19,706508828,4087546,2677498,2,region4_1646037697
2021-10-05 07:19,706508828,1168944,170278,2,region4_1646037697
2021-10-05 07:19,706696277,0,6296529,2,region4_1646037696
2021-10-05 07:19,706936428,6805995,1582613,2,region4_1646037697
2021-10-05 07:19,706936428,0,6805995,2,region4_1646037697
2021-10-05 07:19,706972378,0,14741194,4,region4_1646037697
2021-10-05 07:19,706508828,1164508,2841,2,region4_1646037697
2021-10-05 07:19,706849940,1899752,2887,2,region4_1646037697
2021-10-05 07:19,706889711,0,10891922,2,region4_1646037698
2021-10-05 07:19,706263690,0,13218,2,region4_1646037703
2021-10-05 07:19,706972617,4063621,16384,2,region4_1646037697
2021-10-05 07:19,706462391,0,2139815,2,region4_1646037697
2021-10-05 07:19,706462391,0,2139815,2,region4_1646037697
2021-10-05 07:19,706779021,0,2642909,2,region4_1646037696
2021-10-05 07:19,706779021,2642909,1048576,2,region4_1646037696
2021-10-05 07:19,706972617,2584113,1495892,2,region4_1646037697
2021-10-05 07:19,706840551,3333121,522075,2,region4_1646037696
2021-10-05 07:19,706972617,3747746,2833,2,region4_1646037697
2021-10-05 07:19,706342636,0,8388608,2,region4_1646037701
2021-10-05 07:19,706856338,0,14898428,2,region4_1646037706
2021-10-05 07:19,706888165,3639621,16384,2,region4_1646037697
2021-10-05 07:19,706888165,3639621,16384,2,region4_1646037697
2021-10-05 07:19,706888165,3641840,1466,2,region4_1646037697
2021-10-05 07:19,706940304,22,39388,2,region4_1646037697
2021-10-05 07:19,706169177,8055257,333351,2,region4_1646037697
2021-10-05 07:19,706621285,0,4194304,1,region4_1646037696
2021-10-05 07:19,706849940,1904295,190847,2,region4_1646037697
2021-10-05 07:19,706901348,7865663,16384,2,region4_1646037697
2021-10-05 07:19,706458301,0,4194304,1,region4_1646037696
2021-10-05 07:19,706952210,0,6676453,3,region4_1646037699
2021-10-05 07:19,706267060,0,8388608,2,region4_1646037696
2021-10-05 07:19,706981524,0,8388023,3,region4_1646037697
2021-10-05 07:19,707005792,0,361195,5,region4_1646037700
2021-10-05 07:19,706849940,5160499,848248,2,region4_1646037697
2021-10-05 07:19,706849940,7928786,459822,2,region4_1646037697
2021-10-05 07:19,706595945,801722,2842,2,region4_1646037697
2021-10-05 07:19,706595945,806168,170409,2,region4_1646037697
2021-10-05 07:19,706892252,0,9813391,2,region4_1646037698
2021-10-05 07:19,706926166,0,8388608,4,region4_1646037698
2021-10-05 07:19,706941358,4793045,687023,2,region4_1646037701
2021-10-05 07:19,706941358,259985,1901987,2,region4_1646037701
2021-10-05 07:19,706399725,7283537,1105071,2,region4_1646037697
2021-10-05 07:19,706399725,4341053,157821,2,region4_1646037697
2021-10-05 07:19,706399725,4336499,2885,2,region4_1646037697
2021-10-05 07:19,706869689,0,8388608,2,region4_1646037698
2021-10-05 07:19,706454880,1383295,1225148,2,region4_1646037697
2021-10-05 07:19,707003769,0,8387200,3,region4_1646037697
2021-10-05 07:19,706507242,0,4194304,1,region4_1646037696
2021-10-05 07:19,706915033,0,8388608,2,region4_1646037696
2021-10-05 07:19,706482027,0,1746077,2,region4_1646037697
2021-10-05 07:19,706979153,0,8388608,5,region4_1646037700
2021-10-05 07:19,706709804,0,8388608,2,region4_1646037696
2021-10-05 07:19,706845989,0,1820275,2,region4_1646037697
2021-10-05 07:19,706406685,0,1750706,2,region4_1646037697
2021-10-05 07:19,706621285,4194304,4194304,1,region4_1646037696
2021-10-05 07:19,706769969,7215197,1173411,1,region4_1646037696
2021-10-05 07:19,706406685,1751056,6637552,2,region4_1646037697
2021-10-05 07:19,706327904,4441362,913020,2,region4_1646037697
2021-10-05 07:19,706845989,0,1820275,2,region4_1646037697
2021-10-05 07:19,706995079,0,7370049,2,region4_1646037698
2021-10-05 07:19,706872782,0,14721633,4,region4_1646037697
2021-10-05 07:19,706888900,0,4638347,5,region4_1646037700
2021-10-05 07:19,706458301,4194304,4194304,1,region4_1646037696
2021-10-05 07:19,706507937,4425818,162568,2,region4_1646037697
2021-10-05 07:19,706507937,4421337,2886,2,region4_1646037697
2021-10-05 07:19,706507937,7332076,1056532,2,region4_1646037697
2021-10-05 07:19,706999242,0,8388540,3,region4_1646037697
2021-10-05 07:19,706167075,4412,707988,2,region4_1646037697
2021-10-05 07:19,706299445,0,98029,2,region4_1646037697
2021-10-05 07:19,706713019,0,369980,2,region4_1646037696
2021-10-05 07:19,706956411,74,1138295,2,region4_1646037697
2021-10-05 07:19,706967319,0,14841232,2,region4_1646037701
2021-10-05 07:19,706410035,5823307,2565301,2,region4_1646037697
2021-10-05 07:19,706986941,0,7576597,2,region4_1646037698
2021-10-05 07:19,706458482,0,5382411,2,region4_1646037696
2021-10-05 07:19,706936321,2249223,6139385,2,region4_1646037697
2021-10-05 07:19,706936321,0,2249223,2,region4_1646037697
2021-10-05 07:19,706565048,6540450,1009620,2,region4_1646037697
2021-10-05 07:19,706565048,469,1831734,2,region4_1646037697
2021-10-05 07:19,706471666,7031915,1658,2,region4_1646037697
2021-10-05 07:19,706875978,0,8388608,2,region4_1646037698
2021-10-05 07:19,706666108,0,4227684,2,region4_1646037696
2021-10-05 07:19,706507242,4194304,4194304,1,region4_1646037696
2021-10-05 07:19,706956411,6319711,2068897,2,region4_1646037697
2021-10-05 07:19,706771943,2870662,896078,2,region4_1646037697
2021-10-05 07:19,706771943,288049,817145,2,region4_1646037697
2021-10-05 07:19,706985459,0,6802617,2,region4_1646037701
2021-10-05 07:19,706565048,5489882,457095,2,region4_1646037697
2021-10-05 07:19,706187792,2092822,480216,2,region4_1646037703
2021-10-05 07:19,706187792,430595,2714,2,region4_1646037703
2021-10-05 07:19,707023790,0,1329090,5,region4_1646037700
2021-10-05 07:20,706410035,5823307,2565301,2,region4_1646037697
2021-10-05 07:20,706971042,0,8388608,5,region4_1646037700
2021-10-05 07:20,706565048,3448,1828755,2,region4_1646037697
2021-10-05 07:20,706187792,388595,2061,2,region4_1646037703
2021-10-05 07:20,706186404,5536979,2023,2,region4_1646037703
2021-10-05 07:20,706460134,6561371,36857,2,region4_1646037697
2021-10-05 07:20,706980534,0,8388608,2,region4_1646037698
2021-10-05 07:20,706984069,2169200,1787824,2,region4_1646037697
2021-10-05 07:20,706984069,72,91880,2,region4_1646037697
2021-10-05 07:20,706781286,6130869,2257739,2,region4_1646037697
2021-10-05 07:20,706781286,6040471,90398,2,region4_1646037697
2021-10-05 07:20,706909875,0,8387822,3,region4_1646037697
2021-10-05 07:20,706186404,7204000,235165,2,region4_1646037703
2021-10-05 07:20,706186404,1594005,1005659,2,region4_1646037703
2021-10-05 07:20,706186404,5577943,2611,2,region4_1646037703
2021-10-05 07:20,706970620,3769148,4619460,2,region4_1646037697
2021-10-05 07:20,706984069,5658885,2729723,2,region4_1646037697
2021-10-05 07:20,706984069,0,5658885,2,region4_1646037697
2021-10-05 07:20,706781286,0,3775549,2,region4_1646037697
2021-10-05 07:20,706781286,6040144,308,2,region4_1646037697
2021-10-05 07:20,706861997,5037575,308905,2,region4_1646037696
2021-10-05 07:20,706471666,0,5634526,2,region4_1646037697
2021-10-05 07:20,706889590,1048576,873911,5,region4_1646037700
2021-10-05 07:20,706889590,0,1048576,5,region4_1646037700
2021-10-05 07:20,706913650,0,8045768,2,region4_1646037698
2021-10-05 07:20,706976876,0,8388608,2,region4_1646037696
2021-10-05 07:20,706980676,0,14630681,2,region4_1646037701
2021-10-05 07:20,706781286,3775549,2264595,2,region4_1646037697
2021-10-05 07:20,706996345,865456,12319,2,region4_1646037697
2021-10-05 07:20,706169177,8292,2730377,2,region4_1646037697
2021-10-05 07:20,706601035,0,8388608,2,region4_1646037696
2021-10-05 07:20,706471666,5634526,1397389,2,region4_1646037697
2021-10-05 07:20,706932288,0,1048576,5,region4_1646037700
2021-10-05 07:20,706994939,0,8388608,4,region4_1646037698
2021-10-05 07:20,706188224,4309509,759530,2,region4_1646037703
2021-10-05 07:20,706169177,7736922,651686,2,region4_1646037697
2021-10-05 07:20,707027179,8065376,16384,2,region4_1646037697
2021-10-05 07:20,706460134,6561371,245296,2,region4_1646037697
2021-10-05 07:20,706460134,6557489,3583,2,region4_1646037697
2021-10-05 07:20,706932288,6291456,1048576,5,region4_1646037700
2021-10-05 07:20,706932288,4194304,1048576,5,region4_1646037700
2021-10-05 07:20,706932288,3145728,1048576,5,region4_1646037700
2021-10-05 07:20,706932288,7340032,1048576,5,region4_1646037700
2021-10-05 07:20,706932288,5242880,1048576,5,region4_1646037700
2021-10-05 07:20,706932288,2097152,1048576,5,region4_1646037700
2021-10-05 07:20,706932288,1048576,1048576,5,region4_1646037700
2021-10-05 07:20,706979885,0,8388608,2,region4_1646037698
2021-10-05 07:20,706169177,7736922,651686,2,region4_1646037697
2021-10-05 07:20,706169177,8292,2730377,2,region4_1646037697
2021-10-05 07:20,706607541,0,2899860,2,region4_1646037697
2021-10-05 07:20,706956385,0,8388608,4,region4_1646037702
2021-10-05 07:20,706990482,708072,7680536,2,region4_1646037697
2021-10-05 07:20,706990482,0,708072,2,region4_1646037697
2021-10-05 07:20,707027179,8065376,16384,2,region4_1646037697
2021-10-05 07:20,706266683,4932568,13297,2,region4_1646037697
2021-10-05 07:20,706266683,0,4930430,2,region4_1646037697
2021-10-05 07:20,706266683,4930430,1900,2,region4_1646037697
2021-10-05 07:20,706985586,1048576,1048576,5,region4_1646037700
2021-10-05 07:20,706985586,0,1048576,5,region4_1646037700
2021-10-05 07:20,706169177,7736922,651686,2,region4_1646037697
2021-10-05 07:20,706169177,8292,2730377,2,region4_1646037697
2021-10-05 07:20,706976876,0,8388608,2,region4_1646037696
2021-10-05 07:20,706985586,4194304,192008,5,region4_1646037700
2021-10-05 07:20,706985586,3145728,1048576,5,region4_1646037700
2021-10-05 07:20,706985586,2097152,1048576,5,region4_1646037700
2021-10-05 07:20,706169177,7736922,651686,2,region4_1646037697
2021-10-05 07:20,707026160,0,145746,5,region4_1646037700
2021-10-05 07:20,706208802,1127380,1909128,2,region4_1646037697
2021-10-05 07:20,706208802,3036508,1879,2,region4_1646037697
2021-10-05 07:20,706208802,7204396,536225,2,region4_1646037697
2021-10-05 07:20,706208802,3039723,68518,2,region4_1646037697
2021-10-05 07:20,706927890,0,3420205,2,region4_1646037696
2021-10-05 07:20,706975602,0,7077034,2,region4_1646037698
2021-10-05 07:20,706501835,0,14616211,2,region4_1646037701
2021-10-05 07:20,707008703,0,8388608,4,region4_1646037702
2021-10-05 07:20,706779021,2642909,1048576,2,region4_1646037696
2021-10-05 07:20,706188283,0,35395,2,region4_1646037703
2021-10-05 07:20,706964966,6522829,1537,2,region4_1646037697
2021-10-05 07:20,706626137,1613642,5647157,2,region4_1646037697
2021-10-05 07:20,706626137,0,1613642,2,region4_1646037697
2021-10-05 07:20,706987055,0,2179422,2,region4_1646037697
2021-10-05 07:20,706220522,3871863,2053,2,region4_1646037703
2021-10-05 07:20,706368847,6527,7791563,2,region4_1646037696
2021-10-05 07:20,706368847,7836453,552155,2,region4_1646037696
2021-10-05 07:20,706521305,0,5781841,2,region4_1646037697
2021-10-05 07:20,706521305,5781841,2606767,2,region4_1646037697
2021-10-05 07:20,706987055,2179422,6209186,2,region4_1646037697
2021-10-05 07:20,706882496,2093125,6295483,2,region4_1646037697
2021-10-05 07:20,706882496,0,2093125,2,region4_1646037697
2021-10-05 07:20,706888741,0,8388547,3,region4_1646037697
2021-10-05 07:20,706220522,5378009,1130696,2,region4_1646037703
2021-10-05 07:20,706220522,3916227,2806,2,region4_1646037703
2021-10-05 07:20,706994169,6723871,1664737,2,region4_1646037697
2021-10-05 07:20,706994169,2641435,4033823,2,region4_1646037697
2021-10-05 07:20,706994169,0,2641435,2,region4_1646037697
2021-10-05 07:20,706994169,6675258,310,2,region4_1646037697
2021-10-05 07:20,706187372,1146297,386050,2,region4_1646037703
2021-10-05 07:20,707012145,0,273498,2,region4_1646037698
2021-10-05 07:20,707017465,0,6740543,2,region4_1646037697
2021-10-05 07:20,707017465,6740543,1648065,2,region4_1646037697
2021-10-05 07:20,706169177,8292,2730377,2,region4_1646037697
2021-10-05 07:20,706968638,294,42238,2,region4_1646037697
2021-10-05 07:20,707012145,273498,9335544,2,region4_1646037698
2021-10-05 07:20,707012468,0,8388608,2,region4_1646037696
2021-10-05 07:20,707059167,0,7536106,2,region4_1646037698
2021-10-05 07:20,706916558,0,4329803,2,region4_1646037697
2021-10-05 07:20,706916558,4329803,2808504,2,region4_1646037697
2021-10-05 07:20,706928022,0,8388608,2,region4_1646037698
2021-10-05 07:20,706169630,1138354,2616,2,region4_1646037697
2021-10-05 07:20,706673099,2994635,286956,2,region4_1646037703
2021-10-05 07:20,706968638,3566882,6166,2,region4_1646037697
2021-10-05 07:20,706968638,3827067,62201,2,region4_1646037697
2021-10-05 07:20,706260211,0,7171031,2,region4_1646037698
2021-10-05 07:20,706169630,2583152,119860,2,region4_1646037697
2021-10-05 07:20,706169630,5013785,838268,2,region4_1646037697
2021-10-05 07:20,706169630,7779679,545957,2,region4_1646037697
2021-10-05 07:20,706169630,1141452,321673,2,region4_1646037697
2021-10-05 07:20,706986994,1167827,80721,2,region4_1646037697
2021-10-05 07:20,706986994,1248548,16384,2,region4_1646037697
2021-10-05 07:20,706986994,308680,102662,2,region4_1646037697
2021-10-05 07:20,707037618,0,5175202,2,region4_1646037701
2021-10-05 07:20,706926038,1876348,58877,2,region4_1646037697
2021-10-05 07:20,706926038,774,629270,2,region4_1646037697
2021-10-05 07:20,706963005,0,8388608,4,region4_1646037698
2021-10-05 07:20,706432986,8210057,178551,2,region4_1646037696
2021-10-05 07:20,706156065,2129103,1817436,2,region4_1646037697
2021-10-05 07:20,706156065,150,786886,2,region4_1646037697
2021-10-05 07:20,706983393,0,4528005,4,region4_1646037697
2021-10-05 07:20,707046825,0,7794402,2,region4_1646037698
2021-10-05 07:20,707052177,5478419,278064,2,region4_1646037696
2021-10-05 07:20,707058705,6849476,1539132,2,region4_1646037696
2021-10-05 07:20,707061604,0,1048576,5,region4_1646037700
2021-10-05 07:20,706992162,0,8388608,2,region4_1646037696
2021-10-05 07:20,707010579,0,14826162,2,region4_1646037701
2021-10-05 07:20,706165511,2097701,1964693,2,region4_1646037697
2021-10-05 07:20,706165511,150,868588,2,region4_1646037697
2021-10-05 07:20,706405790,0,5800900,2,region4_1646037697
2021-10-05 07:20,706169177,6458507,1300,2,region4_1646037697
2021-10-05 07:20,706169177,6484974,1903634,2,region4_1646037697
2021-10-05 07:20,707061604,1048576,1048576,5,region4_1646037700
2021-10-05 07:20,706964642,0,512402,5,region4_1646037700
2021-10-05 07:20,706832975,0,6262001,2,region4_1646037696
2021-10-05 07:20,707061604,2097152,214988,5,region4_1646037700
2021-10-05 07:20,706405790,0,5800900,2,region4_1646037697
2021-10-05 07:20,706654128,0,5204959,2,region4_1646037697
2021-10-05 07:20,706460134,6557489,3583,2,region4_1646037697
2021-10-05 07:20,706950225,0,8388608,2,region4_1646037698
2021-10-05 07:20,706951240,0,3411427,2,region4_1646037696
2021-10-05 07:20,706156325,1084144,736470,2,region4_1646037697
2021-10-05 07:20,706156325,0,19701,2,region4_1646037697
2021-10-05 07:20,706421055,0,4194304,1,region4_1646037696
2021-10-05 07:20,706460134,6561371,36857,2,region4_1646037697
2021-10-05 07:20,706779021,0,2642909,2,region4_1646037696
2021-10-05 07:20,706779021,2642909,1048576,2,region4_1646037696
2021-10-05 07:20,707033482,0,824876,5,region4_1646037700
2021-10-05 07:20,706925763,0,8388608,2,region4_1646037696
2021-10-05 07:20,706983573,0,8388608,2,region4_1646037698
2021-10-05 07:20,706641092,0,8388608,2,region4_1646037696
2021-10-05 07:20,706460134,6557489,3583,2,region4_1646037697
2021-10-05 07:20,706165509,1951997,2156920,2,region4_1646037697
2021-10-05 07:20,706165509,150,897087,2,region4_1646037697
2021-10-05 07:20,706958331,2642776,2138,2,region4_1646037697
2021-10-05 07:20,706958331,2634546,16384,2,region4_1646037697
2021-10-05 07:20,706976551,0,5427015,3,region4_1646037699
2021-10-05 07:20,706403181,4961642,3426966,2,region4_1646037696
2021-10-05 07:20,706924189,0,8388608,3,region4_1646037699
2021-10-05 07:20,706935370,0,8388608,4,region4_1646037698
2021-10-05 07:20,706391723,0,8388608,2,region4_1646037696
2021-10-05 07:20,706969594,0,8388608,2,region4_1646037701
2021-10-05 07:20,706908692,7438,370756,2,region4_1646037697
2021-10-05 07:20,706948864,0,3697267,2,region4_1646037697
2021-10-05 07:20,707016915,0,4611679,5,region4_1646037700
2021-10-05 07:20,706421055,4194304,4194304,1,region4_1646037696
2021-10-05 07:20,706937849,0,16124,2,region4_1646037697
2021-10-05 07:20,706779021,0,2642909,2,region4_1646037696
2021-10-05 07:20,706995911,0,102834,2,region4_1646037696
2021-10-05 07:20,706995911,1318185,635127,2,region4_1646037696
2021-10-05 07:20,706476873,0,8388608,2,region4_1646037696
2021-10-05 07:20,706948875,0,18063,2,region4_1646037697
2021-10-05 07:20,706948864,3697267,8388608,2,region4_1646037697
2021-10-05 07:20,706964628,0,8388608,4,region4_1646037698
2021-10-05 07:20,706941409,0,6706054,3,region4_1646037699
2021-10-05 07:20,706948864,12085875,1703432,2,region4_1646037697
2021-10-05 07:20,706844452,0,1752496,2,region4_1646037696
2021-10-05 07:20,707064735,7411,336189,2,region4_1646037697
2021-10-05 07:20,707007849,0,7832611,4,region4_1646037698
2021-10-05 07:20,707026168,0,8388608,4,region4_1646037702
2021-10-05 07:20,706925419,0,7019557,2,region4_1646037701
2021-10-05 07:20,707049637,0,1240837,3,region4_1646037699
2021-10-05 07:20,706968441,0,6245512,2,region4_1646037696
2021-10-05 07:20,706659381,2352060,2209296,2,region4_1646037697
2021-10-05 07:20,706659381,72,75547,2,region4_1646037697
2021-10-05 07:20,706939752,0,7332486,2,region4_1646037698
2021-10-05 07:20,706975071,0,18900,2,region4_1646037697
2021-10-05 07:20,706319213,0,1312,2,region4_1646037703
2021-10-05 07:20,706319213,0,1312,2,region4_1646037703
2021-10-05 07:20,706319213,0,1312,2,region4_1646037703
2021-10-05 07:20,706347247,0,760439,2,region4_1646037696
2021-10-05 07:20,706956873,178087,1639,2,region4_1646037697
2021-10-05 07:20,706956873,179726,890620,2,region4_1646037697
2021-10-05 07:20,706695282,0,586330,2,region4_1646037697
2021-10-05 07:20,706234784,0,173763,2,region4_1646037697
2021-10-05 07:20,706788581,614260,1175761,1,region4_1646037696
2021-10-05 07:20,706267060,0,8388608,2,region4_1646037696
2021-10-05 07:20,706982151,6291456,1048576,5,region4_1646037700
2021-10-05 07:20,706982151,5242880,1048576,5,region4_1646037700
2021-10-05 07:20,706982151,4194304,1048576,5,region4_1646037700
2021-10-05 07:20,706982151,3145728,1048576,5,region4_1646037700
2021-10-05 07:20,706982151,2097152,1048576,5,region4_1646037700
2021-10-05 07:20,706982151,1048576,1048576,5,region4_1646037700
2021-10-05 07:20,706982151,0,1048576,5,region4_1646037700
2021-10-05 07:20,706165036,0,44,2,region4_1646037697
2021-10-05 07:20,706168434,150,858149,2,region4_1646037697
2021-10-05 07:20,706168434,2043826,1851330,2,region4_1646037697
2021-10-05 07:20,707039795,1048576,1048576,5,region4_1646037700
2021-10-05 07:20,707039795,0,1048576,5,region4_1646037700
2021-10-05 07:20,706982151,7340032,1048576,5,region4_1646037700
2021-10-05 07:20,706678086,0,585563,2,region4_1646037697
2021-10-05 07:20,707037274,0,6385781,5,region4_1646037700
2021-10-05 07:20,707039795,3145728,1048576,5,region4_1646037700
2021-10-05 07:20,707039795,2097152,1048576,5,region4_1646037700
2021-10-05 07:20,707039795,6291456,76484,5,region4_1646037700
2021-10-05 07:20,707039795,5242880,1048576,5,region4_1646037700
2021-10-05 07:20,707039795,4194304,1048576,5,region4_1646037700
2021-10-05 07:20,707087033,0,1048576,5,region4_1646037700
2021-10-05 07:20,706235452,5365781,876871,2,region4_1646037696
2021-10-05 07:20,706235452,1051864,2041074,2,region4_1646037696
2021-10-05 07:20,706948251,0,4194304,1,region4_1646037696
2021-10-05 07:20,707087033,1048576,1048576,5,region4_1646037700
2021-10-05 07:20,706593806,0,1344,2,region4_1646037703
2021-10-05 07:20,706593806,0,1344,2,region4_1646037703
2021-10-05 07:20,706953868,7438,336013,2,region4_1646037697
2021-10-05 07:20,707076650,2143762,4078787,2,region4_1646037697
2021-10-05 07:20,707076650,0,2143762,2,region4_1646037697
2021-10-05 07:20,707076650,6224135,628811,2,region4_1646037697
2021-10-05 07:20,707076650,6222549,1475,2,region4_1646037697
2021-10-05 07:20,707087033,2097152,1048576,5,region4_1646037700
2021-10-05 07:20,707103052,0,4165451,2,region4_1646037697
2021-10-05 07:20,706593806,0,1344,2,region4_1646037703
2021-10-05 07:20,706410035,5823307,2565301,2,region4_1646037697
2021-10-05 07:20,706864257,0,8388608,2,region4_1646037698
2021-10-05 07:20,706165036,0,44,2,region4_1646037697
2021-10-05 07:20,707002738,0,8388608,2,region4_1646037698
2021-10-05 07:20,707010169,0,8388608,2,region4_1646037698
2021-10-05 07:20,707087033,3145728,340128,5,region4_1646037700
2021-10-05 07:20,706460134,6561371,36857,2,region4_1646037697
2021-10-05 07:20,706998491,0,7689300,2,region4_1646037698
2021-10-05 07:20,706165036,0,44,2,region4_1646037697
2021-10-05 07:20,706306764,1455987,16384,2,region4_1646037697
2021-10-05 07:20,706928010,7436,358445,2,region4_1646037697
2021-10-05 07:20,706496515,7100853,7540166,2,region4_1646037697
2021-10-05 07:20,706496515,0,7100853,2,region4_1646037697
2021-10-05 07:20,706944130,6291456,1048576,5,region4_1646037700
2021-10-05 07:20,706944130,4194304,1048576,5,region4_1646037700
2021-10-05 07:20,706944130,3145728,1048576,5,region4_1646037700
2021-10-05 07:20,706944130,2097152,1048576,5,region4_1646037700
2021-10-05 07:20,706944130,0,1048576,5,region4_1646037700
2021-10-05 07:20,706944130,9437184,1048576,5,region4_1646037700
2021-10-05 07:20,706944130,10485760,1048576,5,region4_1646037700
2021-10-05 07:20,706944130,8388608,1048576,5,region4_1646037700
2021-10-05 07:20,706944130,7340032,1048576,5,region4_1646037700
2021-10-05 07:20,706944130,5242880,1048576,5,region4_1646037700
2021-10-05 07:20,706944130,1048576,1048576,5,region4_1646037700
2021-10-05 07:20,706997901,0,2209,3,region4_1646037697
2021-10-05 07:20,706923414,0,559773,2,region4_1646037697
2021-10-05 07:20,706944130,14680064,147379,5,region4_1646037700
2021-10-05 07:20,706944130,11534336,1048576,5,region4_1646037700
2021-10-05 07:20,706944130,12582912,1048576,5,region4_1646037700
2021-10-05 07:20,706944130,13631488,1048576,5,region4_1646037700
2021-10-05 07:20,706953687,1048576,1048576,5,region4_1646037700
2021-10-05 07:20,706953687,0,1048576,5,region4_1646037700
2021-10-05 07:20,706960589,0,420264,2,region4_1646037696
2021-10-05 07:20,706266683,4932568,13297,2,region4_1646037697
2021-10-05 07:20,706266683,0,4930430,2,region4_1646037697
2021-10-05 07:20,706266683,4930430,1900,2,region4_1646037697
2021-10-05 07:20,707108779,0,8388608,4,region4_1646037698
2021-10-05 07:20,706953687,3145728,1048576,5,region4_1646037700
2021-10-05 07:20,706953687,2097152,1048576,5,region4_1646037700
2021-10-05 07:20,706953687,7340032,1048576,5,region4_1646037700
2021-10-05 07:20,706953687,6291456,1048576,5,region4_1646037700
2021-10-05 07:20,706953687,5242880,1048576,5,region4_1646037700
2021-10-05 07:20,706953687,4194304,1048576,5,region4_1646037700
2021-10-05 07:20,706986424,0,8388608,4,region4_1646037702
2021-10-05 07:20,706231915,0,8388608,2,region4_1646037696
2021-10-05 07:20,706460134,6561371,245296,2,region4_1646037697
2021-10-05 07:20,706165036,0,44,2,region4_1646037697
2021-10-05 07:20,707013933,0,4120436,2,region4_1646037697
2021-10-05 07:20,706208802,7204396,536225,2,region4_1646037697
2021-10-05 07:20,706208802,3036508,1879,2,region4_1646037697
2021-10-05 07:20,706208802,3039723,68518,2,region4_1646037697
2021-10-05 07:20,706208802,1127380,1909128,2,region4_1646037697
2021-10-05 07:20,707070686,0,8388608,2,region4_1646037698
2021-10-05 07:20,706479653,2147224,6241384,2,region4_1646037696
2021-10-05 07:20,706211502,3584165,957352,2,region4_1646037697
2021-10-05 07:20,706211502,1338707,135257,2,region4_1646037697
2021-10-05 07:20,706211502,6735702,1249127,2,region4_1646037697
2021-10-05 07:20,706211502,0,132271,2,region4_1646037697
2021-10-05 07:20,706924717,0,8388608,2,region4_1646037696
2021-10-05 07:20,706973582,0,67231,5,region4_1646037700
2021-10-05 07:20,707006830,6770456,367448,2,region4_1646037701
2021-10-05 07:20,707006830,0,61571,2,region4_1646037701
2021-10-05 07:20,707006830,3196216,2074690,2,region4_1646037701
2021-10-05 07:20,707071151,0,1190207,2,region4_1646037697
2021-10-05 07:20,706948251,4194304,4194304,1,region4_1646037696
2021-10-05 07:20,706442874,2920461,5468147,2,region4_1646037696
2021-10-05 07:20,706165914,3839704,8723,2,region4_1646037697
2021-10-05 07:20,706165914,4101604,16384,2,region4_1646037697
2021-10-05 07:21,706947756,0,7239107,2,region4_1646037698
2021-10-05 07:21,706412369,0,1144,2,region4_1646037703
2021-10-05 07:21,707004727,0,3064622,2,region4_1646037697
2021-10-05 07:21,707004727,3064622,4066189,2,region4_1646037697
2021-10-05 07:21,707090070,0,7867614,4,region4_1646037698
2021-10-05 07:21,707099191,996446,6952177,2,region4_1646037697
2021-10-05 07:21,707102970,7176490,1212118,2,region4_1646037697
2021-10-05 07:21,707102970,0,7176490,2,region4_1646037697
2021-10-05 07:21,707028658,0,7422158,2,region4_1646037698
2021-10-05 07:21,706165036,0,44,2,region4_1646037697
2021-10-05 07:21,707007253,0,8388608,2,region4_1646037698
2021-10-05 07:21,707048365,1048576,1048576,5,region4_1646037700
2021-10-05 07:21,707048365,2097152,1048576,5,region4_1646037700
2021-10-05 07:21,707048365,0,1048576,5,region4_1646037700
2021-10-05 07:21,707099191,0,996446,2,region4_1646037697
2021-10-05 07:21,707130893,0,4265670,5,region4_1646037700
2021-10-05 07:21,707048365,5242880,1048576,5,region4_1646037700
2021-10-05 07:21,707048365,3145728,1048576,5,region4_1646037700
2021-10-05 07:21,707048365,7340032,1048576,5,region4_1646037700
2021-10-05 07:21,707048365,6291456,1048576,5,region4_1646037700
2021-10-05 07:21,707048365,4194304,1048576,5,region4_1646037700
2021-10-05 07:21,706910017,0,1600760,2,region4_1646037696
2021-10-05 07:21,706996315,0,8388608,5,region4_1646037700
2021-10-05 07:21,706412369,0,1144,2,region4_1646037703
2021-10-05 07:21,706841423,1668720,5527680,2,region4_1646037697
2021-10-05 07:21,706841423,0,1668720,2,region4_1646037697
2021-10-05 07:21,707079936,0,279779,2,region4_1646037697
2021-10-05 07:21,706457915,4577016,16384,2,region4_1646037697
2021-10-05 07:21,707048805,0,8388608,2,region4_1646037698
2021-10-05 07:21,706522982,0,2004310,2,region4_1646037696
2021-10-05 07:21,706994163,0,8388608,4,region4_1646037698
2021-10-05 07:21,706165036,0,44,2,region4_1646037697
2021-10-05 07:21,707050781,129487,1894063,2,region4_1646037697
2021-10-05 07:21,707050781,2023550,6332,2,region4_1646037697
2021-10-05 07:21,707050781,2083146,16384,2,region4_1646037697
2021-10-05 07:21,706951219,0,7457267,2,region4_1646037697
2021-10-05 07:21,706969305,0,8388608,2,region4_1646037698
2021-10-05 07:21,706522982,2935234,2980396,2,region4_1646037696
2021-10-05 07:21,706984238,0,7688799,2,region4_1646037698
2021-10-05 07:21,706410035,5823307,2565301,2,region4_1646037697
2021-10-05 07:21,707049999,0,6693925,3,region4_1646037699
2021-10-05 07:21,706947641,4194304,571041,5,region4_1646037700
2021-10-05 07:21,706947641,2097152,1048576,5,region4_1646037700
2021-10-05 07:21,706947641,3145728,1048576,5,region4_1646037700
2021-10-05 07:21,706947641,1048576,1048576,5,region4_1646037700
2021-10-05 07:21,706947641,0,1048576,5,region4_1646037700
2021-10-05 07:21,706235931,4046024,935559,2,region4_1646037697
2021-10-05 07:21,706235931,1872338,129864,2,region4_1646037697
2021-10-05 07:21,706235931,7116715,1271893,2,region4_1646037697
2021-10-05 07:21,706235931,222428,342622,2,region4_1646037697
2021-10-05 07:21,706235931,219458,2440,2,region4_1646037697
2021-10-05 07:21,707022521,0,8387638,3,region4_1646037697
2021-10-05 07:21,707063364,0,7939,5,region4_1646037700
2021-10-05 07:21,707135395,0,7863479,2,region4_1646037698
2021-10-05 07:21,706975844,3721903,467475,2,region4_1646037696
2021-10-05 07:21,706988623,0,8388608,4,region4_1646037698
2021-10-05 07:21,707012094,0,8388608,5,region4_1646037700
2021-10-05 07:21,707143779,4333757,337093,2,region4_1646037696
2021-10-05 07:21,707013444,0,456,4,region4_1646037696
2021-10-05 07:21,706156065,150,135429,2,region4_1646037697
2021-10-05 07:21,706156065,2321666,50431,2,region4_1646037697
2021-10-05 07:21,706423349,1706673,3940882,2,region4_1646037697
2021-10-05 07:21,706452805,1535212,2785174,2,region4_1646037696
2021-10-05 07:21,706283086,5634983,2325569,2,region4_1646037697
2021-10-05 07:21,706283086,1899243,882150,2,region4_1646037697
2021-10-05 07:21,706283086,261,164472,2,region4_1646037697
2021-10-05 07:21,706202369,2092390,6296218,2,region4_1646037697
2021-10-05 07:21,706932418,1997662,2988,2,region4_1646037697
2021-10-05 07:21,706966312,0,8388608,2,region4_1646037698
2021-10-05 07:21,706170737,3696993,8612,2,region4_1646037697
2021-10-05 07:21,706170737,3958829,16384,2,region4_1646037697
2021-10-05 07:21,707038722,0,8388608,4,region4_1646037702
2021-10-05 07:21,707056681,0,425674,5,region4_1646037700
2021-10-05 07:21,706177303,291,730059,2,region4_1646037697
2021-10-05 07:21,706177303,1026,729324,2,region4_1646037697
2021-10-05 07:21,707021740,0,5508818,3,region4_1646037699
2021-10-05 07:21,707034451,0,7389733,2,region4_1646037701
2021-10-05 07:21,706258092,0,8388608,2,region4_1646037697
2021-10-05 07:21,706165511,2333437,49218,2,region4_1646037697
2021-10-05 07:21,706165511,150,135344,2,region4_1646037697
2021-10-05 07:21,706615324,0,8388608,2,region4_1646037696
2021-10-05 07:21,707065413,0,8388608,2,region4_1646037701
2021-10-05 07:21,706177303,5349,725001,2,region4_1646037697
2021-10-05 07:21,706882937,0,769734,2,region4_1646037696
2021-10-05 07:21,707034451,7394332,994276,2,region4_1646037701
2021-10-05 07:21,706321980,0,1270,2,region4_1646037703
2021-10-05 07:21,706321980,0,1270,2,region4_1646037703
2021-10-05 07:21,706391723,0,8388608,2,region4_1646037696
2021-10-05 07:21,707024868,0,7326354,2,region4_1646037697
2021-10-05 07:21,707024868,7326354,7307910,2,region4_1646037697
2021-10-05 07:21,706219545,0,33954,2,region4_1646037697
2021-10-05 07:21,706177303,3,730347,2,region4_1646037697
2021-10-05 07:21,706177303,1442,728908,2,region4_1646037697
2021-10-05 07:21,706998095,6291456,1048576,5,region4_1646037700
2021-10-05 07:21,706998095,5242880,1048576,5,region4_1646037700
2021-10-05 07:21,706998095,4194304,1048576,5,region4_1646037700
2021-10-05 07:21,706998095,3145728,1048576,5,region4_1646037700
2021-10-05 07:21,706998095,2097152,1048576,5,region4_1646037700
2021-10-05 07:21,706998095,1048576,1048576,5,region4_1646037700
2021-10-05 07:21,706998095,0,1048576,5,region4_1646037700
2021-10-05 07:21,706598534,0,285670,2,region4_1646037696
2021-10-05 07:21,706301363,0,6827323,2,region4_1646037698
2021-10-05 07:21,706922713,6556156,1832452,2,region4_1646037697
2021-10-05 07:21,706922713,0,1945126,2,region4_1646037697
2021-10-05 07:21,706177303,710,1040312,2,region4_1646037697
2021-10-05 07:21,707121238,5816691,1144742,2,region4_1646037696
2021-10-05 07:21,707136418,0,1493422,2,region4_1646037697
2021-10-05 07:21,706966440,1563672,13261829,2,region4_1646037701
2021-10-05 07:21,706998095,7340032,1048576,5,region4_1646037700
2021-10-05 07:21,707003194,0,4938756,4,region4_1646037698
2021-10-05 07:21,707062822,7109263,1134449,2,region4_1646037696
2021-10-05 07:21,707062822,2209968,246053,2,region4_1646037696
2021-10-05 07:21,707084786,0,8263100,2,region4_1646037701
2021-10-05 07:21,706321980,0,1270,2,region4_1646037703
2021-10-05 07:21,706177303,1329,729021,2,region4_1646037697
2021-10-05 07:21,706177303,468,983946,2,region4_1646037697
2021-10-05 07:21,707083160,0,8388608,4,region4_1646037698
2021-10-05 07:21,706419633,5861271,16384,2,region4_1646037697
2021-10-05 07:21,706390023,6369248,2019360,2,region4_1646037697
2021-10-05 07:21,707042187,0,6261361,2,region4_1646037698
2021-10-05 07:21,707099191,996446,6952177,2,region4_1646037697
2021-10-05 07:21,706177303,934,729416,2,region4_1646037697
2021-10-05 07:21,707063835,0,8388608,4,region4_1646037702
2021-10-05 07:21,707099191,0,996446,2,region4_1646037697
2021-10-05 07:21,706177303,1154,729196,2,region4_1646037697
2021-10-05 07:21,706177303,128,730222,2,region4_1646037697
2021-10-05 07:21,706419633,5502012,3030,2,region4_1646037697
2021-10-05 07:21,706419633,5861271,16384,2,region4_1646037697
2021-10-05 07:21,706156325,3427261,634039,2,region4_1646037697
2021-10-05 07:21,706946771,1048576,1048576,5,region4_1646037700
2021-10-05 07:21,706946771,3145728,1048576,5,region4_1646037700
2021-10-05 07:21,706946771,2097152,1048576,5,region4_1646037700
2021-10-05 07:21,706946771,7340032,1048576,5,region4_1646037700
2021-10-05 07:21,706946771,6291456,1048576,5,region4_1646037700
2021-10-05 07:21,706946771,5242880,1048576,5,region4_1646037700
2021-10-05 07:21,706946771,4194304,1048576,5,region4_1646037700
2021-10-05 07:21,706946771,0,1048576,5,region4_1646037700
2021-10-05 07:21,706165036,0,44,2,region4_1646037703
2021-10-05 07:21,706390023,6369248,2019360,2,region4_1646037697
2021-10-05 07:21,706343680,0,1268,2,region4_1646037703
2021-10-05 07:21,706343680,0,1268,2,region4_1646037703
2021-10-05 07:21,706177303,1618,728732,2,region4_1646037697
2021-10-05 07:21,706383716,4456560,3932048,2,region4_1646037697
2021-10-05 07:21,706487551,235397,3433676,2,region4_1646037697
2021-10-05 07:21,706487551,226300,9030,2,region4_1646037697
2021-10-05 07:21,706165036,0,44,2,region4_1646037703
2021-10-05 07:21,707067135,867221,251319,2,region4_1646037696
2021-10-05 07:21,707067135,5888200,1159326,2,region4_1646037696
2021-10-05 07:21,707088668,3361415,464124,2,region4_1646037696
2021-10-05 07:21,706333704,0,2677,2,region4_1646037703
2021-10-05 07:21,707030996,0,6150695,3,region4_1646037699
2021-10-05 07:21,707061061,0,3308338,4,region4_1646037698
2021-10-05 07:21,707062090,0,791833,2,region4_1646037703
2021-10-05 07:21,706333704,0,2677,2,region4_1646037703
2021-10-05 07:21,707100682,0,8388608,3,region4_1646037699
2021-10-05 07:21,706177303,5349,725001,2,region4_1646037697
2021-10-05 07:21,706177303,1491,728859,2,region4_1646037697
2021-10-05 07:21,707148399,3979207,2810,2,region4_1646037697
2021-10-05 07:21,707148399,700765,2873,2,region4_1646037697
2021-10-05 07:21,707148399,706629,241530,2,region4_1646037697
2021-10-05 07:21,707148399,4072942,16384,2,region4_1646037697
2021-10-05 07:21,706878424,4375413,2063876,2,region4_1646037697
2021-10-05 07:21,706878424,4372226,2976,2,region4_1646037697
2021-10-05 07:21,706410035,5823307,2565301,2,region4_1646037697
2021-10-05 07:21,706878424,7655161,144145,2,region4_1646037697
2021-10-05 07:21,707033491,0,8388608,3,region4_1646037699
2021-10-05 07:21,706292688,3781841,16384,2,region4_1646037697
2021-10-05 07:21,706292688,3535839,8768,2,region4_1646037697
2021-10-05 07:21,706177303,1751,728599,2,region4_1646037697
2021-10-05 07:21,707002853,0,459371,5,region4_1646037700
2021-10-05 07:21,706165509,150,134818,2,region4_1646037697
2021-10-05 07:21,706165509,2285905,50175,2,region4_1646037697
2021-10-05 07:21,707022470,0,8388608,4,region4_1646037698
2021-10-05 07:21,707033121,7877106,511502,2,region4_1646037703
2021-10-05 07:21,706377609,0,177684,2,region4_1646037697
2021-10-05 07:21,707147869,0,5419505,3,region4_1646037699
2021-10-05 07:21,706496960,2238866,8998,2,region4_1646037697
2021-10-05 07:21,707000916,0,8388608,4,region4_1646037698
2021-10-05 07:21,707004335,2870213,2104,2,region4_1646037697
2021-10-05 07:21,706333704,0,2677,2,region4_1646037703
2021-10-05 07:21,706355462,0,980490,2,region4_1646037697
2021-10-05 07:21,706973134,0,8388608,5,region4_1646037700
2021-10-05 07:21,706496960,2247947,1767951,2,region4_1646037697
2021-10-05 07:21,707077429,5950988,2178601,2,region4_1646037697
2021-10-05 07:21,707077429,0,536690,2,region4_1646037697
2021-10-05 07:21,707176391,0,8388608,4,region4_1646037698
2021-10-05 07:21,707004694,0,4194304,2,region4_1646037698
2021-10-05 07:21,707007784,7771441,617167,2,region4_1646037703
2021-10-05 07:21,707007784,15920,203748,2,region4_1646037703
2021-10-05 07:21,707023278,0,8388608,4,region4_1646037698
2021-10-05 07:21,707102213,508970,496950,2,region4_1646037697
2021-10-05 07:21,707105352,4335181,1604299,2,region4_1646037696
2021-10-05 07:21,706957075,17572,225258,2,region4_1646037703
2021-10-05 07:21,707184311,1147196,13677655,2,region4_1646037701
2021-10-05 07:21,707004694,4194304,4194304,2,region4_1646037698
2021-10-05 07:21,707048646,2024963,900205,2,region4_1646037696
2021-10-05 07:21,706479653,2147224,6241384,2,region4_1646037696
2021-10-05 07:21,707129122,0,8388608,4,region4_1646037698
2021-10-05 07:21,707013924,0,8388608,2,region4_1646037698
2021-10-05 07:21,706476873,0,8388608,2,region4_1646037696
2021-10-05 07:21,707161617,4731661,167703,2,region4_1646037697
2021-10-05 07:21,707161617,4727324,2800,2,region4_1646037697
2021-10-05 07:21,707161617,7737664,650944,2,region4_1646037697
2021-10-05 07:21,706615335,3777200,296256,2,region4_1646037697
2021-10-05 07:21,706615335,3767973,9145,2,region4_1646037697
2021-10-05 07:21,707077429,5950988,2178601,2,region4_1646037697
2021-10-05 07:21,706177303,1241,729109,2,region4_1646037697
2021-10-05 07:21,707116760,0,7741703,4,region4_1646037698
2021-10-05 07:21,707170549,0,8388608,2,region4_1646037701
2021-10-05 07:21,706979157,6418157,16384,2,region4_1646037697
2021-10-05 07:21,706996701,0,1048576,5,region4_1646037700
2021-10-05 07:21,707162632,0,1048576,5,region4_1646037700
2021-10-05 07:21,706620262,0,1733233,2,region4_1646037696
2021-10-05 07:21,706979157,5853789,6053,2,region4_1646037697
2021-10-05 07:21,706979157,6418157,16384,2,region4_1646037697
2021-10-05 07:21,706996701,1048576,1048576,5,region4_1646037700
2021-10-05 07:21,707003771,4194304,1048576,5,region4_1646037700
2021-10-05 07:21,707003771,3145728,1048576,5,region4_1646037700
2021-10-05 07:21,707003771,2097152,1048576,5,region4_1646037700
2021-10-05 07:21,707003771,0,1048576,5,region4_1646037700
2021-10-05 07:21,707003771,1048576,1048576,5,region4_1646037700
2021-10-05 07:21,707027607,1834571,1125851,2,region4_1646037696
2021-10-05 07:21,707046722,0,8388608,2,region4_1646037698
2021-10-05 07:21,707162632,1048576,1048576,5,region4_1646037700
2021-10-05 07:21,706451956,7856629,531979,2,region4_1646037696
2021-10-05 07:21,706996701,2097152,1048576,5,region4_1646037700
2021-10-05 07:21,707003771,5242880,1048576,5,region4_1646037700
2021-10-05 07:21,707003771,7340032,1048576,5,region4_1646037700
2021-10-05 07:21,707003771,6291456,1048576,5,region4_1646037700
2021-10-05 07:21,706353791,2650703,5737905,2,region4_1646037696
2021-10-05 07:21,706177303,710,1040312,2,region4_1646037697
2021-10-05 07:21,707162632,2097152,392573,5,region4_1646037700
2021-10-05 07:21,706996632,0,1379070,3,region4_1646037699
2021-10-05 07:21,707025703,5170150,3218458,2,region4_1646037697
2021-10-05 07:21,707025703,0,141318,2,region4_1646037697
2021-10-05 07:21,707160416,0,7391529,3,region4_1646037699
2021-10-05 07:21,706996701,3145728,1048576,5,region4_1646037700
2021-10-05 07:21,706272838,182,1576258,2,region4_1646037697
2021-10-05 07:21,707096817,6828823,1559785,2,region4_1646037703
2021-10-05 07:21,706490315,0,2300971,2,region4_1646037696
2021-10-05 07:21,707083106,2445673,5843,2,region4_1646037697
2021-10-05 07:21,706272838,6913868,482403,2,region4_1646037697
2021-10-05 07:21,706622111,0,8388608,2,region4_1646037696
2021-10-05 07:21,706996701,4194304,1048576,5,region4_1646037700
2021-10-05 07:21,706177303,847,729503,2,region4_1646037697
2021-10-05 07:21,707060803,0,2476405,2,region4_1646037697
2021-10-05 07:21,707068634,0,7168015,2,region4_1646037697
2021-10-05 07:21,706996701,5242880,1048576,5,region4_1646037700
2021-10-05 07:21,707006311,0,70,3,region4_1646037699
2021-10-05 07:21,707048756,1054915,146945,2,region4_1646037697
2021-10-05 07:21,706374077,2329047,1521484,2,region4_1646037697
2021-10-05 07:21,706374077,2319868,9128,2,region4_1646037697
2021-10-05 07:21,706996701,6291456,1048576,5,region4_1646037700
2021-10-05 07:21,707068634,7168015,152868,2,region4_1646037697
2021-10-05 07:21,706888458,3052341,1168811,2,region4_1646037697
2021-10-05 07:21,707104037,0,8388608,4,region4_1646037698
2021-10-05 07:21,707037932,0,2147019,2,region4_1646037697
2021-10-05 07:21,706996701,7340032,1048576,5,region4_1646037700
2021-10-05 07:21,706492303,0,1730477,2,region4_1646037697
2021-10-05 07:21,706492303,1714091,16384,2,region4_1646037697
2021-10-05 07:21,706492303,1677356,2403,2,region4_1646037697
2021-10-05 07:21,707133552,604165,376491,2,region4_1646037696
2021-10-05 07:21,707037932,2147019,1980135,2,region4_1646037697
2021-10-05 07:21,707049602,0,4075216,2,region4_1646037698
2021-10-05 07:21,706632218,8315466,73142,2,region4_1646037696
2021-10-05 07:21,707172534,2406,60870,2,region4_1646037697
2021-10-05 07:21,707017872,0,7999617,4,region4_1646037702
2021-10-05 07:21,707049602,4075216,2246012,2,region4_1646037698
2021-10-05 07:21,706264534,0,3551531,2,region4_1646037697
2021-10-05 07:21,706307983,0,1374356,2,region4_1646037697
2021-10-05 07:21,706306403,6487303,150230,2,region4_1646037697
2021-10-05 07:21,706306403,4141412,2344408,2,region4_1646037697
2021-10-05 07:21,706306403,0,4141412,2,region4_1646037697
2021-10-05 07:21,706306403,6485820,699,2,region4_1646037697
2021-10-05 07:21,707195914,4389392,1831317,2,region4_1646037696
2021-10-05 07:21,707190786,216178,96182,2,region4_1646037697
2021-10-05 07:21,707190786,1131142,16384,2,region4_1646037697
2021-10-05 07:21,707190786,1054231,76911,2,region4_1646037697
2021-10-05 07:21,706974994,2841471,2038902,2,region4_1646037697
2021-10-05 07:21,707086309,4364714,2902,2,region4_1646037697
2021-10-05 07:21,706177303,1154,546897,2,region4_1646037697
2021-10-05 07:21,706936321,2249223,6139385,2,region4_1646037697
2021-10-05 07:21,706936321,0,2249223,2,region4_1646037697
2021-10-05 07:21,706535399,0,8388608,2,region4_1646037696
2021-10-05 07:21,706535399,0,8388608,2,region4_1646037696
2021-10-05 07:21,706406685,0,1750706,2,region4_1646037697
2021-10-05 07:21,706406685,1750706,315,2,region4_1646037697
2021-10-05 07:21,706406685,1751056,6637552,2,region4_1646037697
2021-10-05 07:21,707151500,0,122099,2,region4_1646037697
2021-10-05 07:21,707151500,290929,18302,2,region4_1646037697
2021-10-05 07:21,707151500,1305718,2568,2,region4_1646037697
2021-10-05 07:21,706443599,0,8388608,2,region4_1646037696
2021-10-05 07:21,706421665,0,2445,2,region4_1646037703
2021-10-05 07:21,706620262,0,1733233,2,region4_1646037696
2021-10-05 07:21,707084839,3636,910006,2,region4_1646037697
2021-10-05 07:21,707084839,0,3249,2,region4_1646037697
2021-10-05 07:21,707086309,7204004,850293,2,region4_1646037697
2021-10-05 07:21,707086309,4369144,179897,2,region4_1646037697
2021-10-05 07:21,707131726,0,586469,2,region4_1646037697
2021-10-05 07:21,707049640,0,8388608,2,region4_1646037696
2021-10-05 07:21,707093847,3432036,2367350,2,region4_1646037696
2021-10-05 07:21,707119367,0,7515590,2,region4_1646037698
2021-10-05 07:21,706771943,2870662,896078,2,region4_1646037696
2021-10-05 07:21,706771943,288049,817145,2,region4_1646037696
2021-10-05 07:21,707220775,833273,1427,2,region4_1646037697
2021-10-05 07:21,707220775,826058,16384,2,region4_1646037697
2021-10-05 07:21,707075160,0,4161896,2,region4_1646037697
2021-10-05 07:21,706901348,7865663,16384,2,region4_1646037697
2021-10-05 07:21,707093847,8176948,211660,2,region4_1646037696
2021-10-05 07:21,706420935,6293318,2095290,2,region4_1646037697
2021-10-05 07:21,706951733,0,1493420,2,region4_1646037696
2021-10-05 07:21,707149742,0,4249449,2,region4_1646037697
2021-10-05 07:21,707165309,0,8388608,2,region4_1646037696
2021-10-05 07:21,707056211,0,934278,2,region4_1646037696
2021-10-05 07:21,706951733,2427814,3030995,2,region4_1646037696
2021-10-05 07:21,706169177,7736922,651686,2,region4_1646037697
2021-10-05 07:21,706169177,8292,2730377,2,region4_1646037697
2021-10-05 07:21,706177303,291,547760,2,region4_1646037697
2021-10-05 07:21,707202773,0,2074780,4,region4_1646037702
2021-10-05 07:22,706420935,6293318,2095290,2,region4_1646037697
2021-10-05 07:22,707111022,0,7124547,2,region4_1646037698
2021-10-05 07:22,707116381,0,11171473,2,region4_1646037698
2021-10-05 07:22,707126356,0,6960551,4,region4_1646037702
2021-10-05 07:22,707127793,1147836,16384,2,region4_1646037697
2021-10-05 07:22,707127793,225155,97679,2,region4_1646037697
2021-10-05 07:22,707127793,1070421,77415,2,region4_1646037697
2021-10-05 07:22,706338764,628968,361175,2,region4_1646037697
2021-10-05 07:22,707183817,599052,862509,2,region4_1646037697
2021-10-05 07:22,707230739,0,8388608,2,region4_1646037696
2021-10-05 07:22,706934960,0,843752,2,region4_1646037696
2021-10-05 07:22,707073696,774,600447,2,region4_1646037697
2021-10-05 07:22,707073696,1844002,58034,2,region4_1646037697
2021-10-05 07:22,706901348,7865663,16384,2,region4_1646037697
2021-10-05 07:22,706353791,2650703,5737905,2,region4_1646037696
2021-10-05 07:22,706177303,1491,546560,2,region4_1646037697
2021-10-05 07:22,706781286,6130869,2257739,2,region4_1646037697
2021-10-05 07:22,706781286,6040471,90398,2,region4_1646037697
2021-10-05 07:22,707168290,1640384,13201573,2,region4_1646037701
2021-10-05 07:22,707169658,0,6037292,2,region4_1646037696
2021-10-05 07:22,706674859,0,8388608,2,region4_1646037696
2021-10-05 07:22,706169177,7736922,651686,2,region4_1646037697
2021-10-05 07:22,707050112,2492373,1473,2,region4_1646037697
2021-10-05 07:22,707050112,2493958,656353,2,region4_1646037697
2021-10-05 07:22,706934960,1788668,3004552,2,region4_1646037696
2021-10-05 07:22,707099191,996446,6952177,2,region4_1646037697
2021-10-05 07:22,706781286,6040144,308,2,region4_1646037697
2021-10-05 07:22,706781286,3775549,2264595,2,region4_1646037697
2021-10-05 07:22,706781286,0,3775549,2,region4_1646037697
2021-10-05 07:22,707210077,0,7685299,2,region4_1646037698
2021-10-05 07:22,707038626,0,804224,2,region4_1646037697
2021-10-05 07:22,707050112,0,2492373,2,region4_1646037697
2021-10-05 07:22,707216460,0,8388608,4,region4_1646037698
2021-10-05 07:22,707099191,0,996446,2,region4_1646037697
2021-10-05 07:22,706965860,5853123,2535485,2,region4_1646037697
2021-10-05 07:22,706965860,5788681,64442,2,region4_1646037697
2021-10-05 07:22,706421665,0,2445,2,region4_1646037703
2021-10-05 07:22,706205242,0,11875,2,region4_1646037697
2021-10-05 07:22,707227263,0,523105,2,region4_1646037697
2021-10-05 07:22,706169177,8292,2730377,2,region4_1646037697
2021-10-05 07:22,706177303,128,547923,2,region4_1646037697
2021-10-05 07:22,706965860,5077006,711348,2,region4_1646037697
2021-10-05 07:22,706965860,0,5077006,2,region4_1646037697
2021-10-05 07:22,706965860,5788354,308,2,region4_1646037697
2021-10-05 07:22,706875710,0,12771176,2,region4_1646037706
2021-10-05 07:22,707200767,0,7528099,5,region4_1646037700
2021-10-05 07:22,706441900,5071488,1048576,2,region4_1646037696
2021-10-05 07:22,706441900,1667452,3404036,2,region4_1646037696
2021-10-05 07:22,706177303,1026,547025,2,region4_1646037697
2021-10-05 07:22,706177303,3,548048,2,region4_1646037697
2021-10-05 07:22,706177303,1751,546300,2,region4_1646037697
2021-10-05 07:22,707145586,4773801,1435,2,region4_1646037697
2021-10-05 07:22,707145586,4771662,16384,2,region4_1646037697
2021-10-05 07:22,706396222,150,862900,2,region4_1646037697
2021-10-05 07:22,707206760,4603712,1952623,2,region4_1646037696
2021-10-05 07:22,707145586,0,4773801,2,region4_1646037697
2021-10-05 07:22,706994169,6675258,310,2,region4_1646037697
2021-10-05 07:22,706396222,1928208,2106250,2,region4_1646037697
2021-10-05 07:22,707206760,3016729,418950,2,region4_1646037696
2021-10-05 07:22,706351888,2773240,1329486,2,region4_1646037697
2021-10-05 07:22,706351888,2764147,9010,2,region4_1646037697
2021-10-05 07:22,707138388,0,1048576,5,region4_1646037700
2021-10-05 07:22,706994169,6723871,1664737,2,region4_1646037697
2021-10-05 07:22,706994169,2641435,4033823,2,region4_1646037697
2021-10-05 07:22,706994169,0,2641435,2,region4_1646037697
2021-10-05 07:22,706994169,6675587,48284,2,region4_1646037697
2021-10-05 07:22,707201284,0,1172828,2,region4_1646037697
2021-10-05 07:22,706743160,0,1469485,2,region4_1646037697
2021-10-05 07:22,707138388,1048576,1048576,5,region4_1646037700
2021-10-05 07:22,707196829,0,3330225,2,region4_1646037696
2021-10-05 07:22,707212232,0,7904942,2,region4_1646037697
2021-10-05 07:22,707212232,7904942,483666,2,region4_1646037697
2021-10-05 07:22,706169177,7736922,651686,2,region4_1646037697
2021-10-05 07:22,707099362,2172532,5459033,2,region4_1646037697
2021-10-05 07:22,707162700,0,3380321,5,region4_1646037700
2021-10-05 07:22,707209945,0,1048576,5,region4_1646037700
2021-10-05 07:22,706904539,0,6029647,2,region4_1646037698
2021-10-05 07:22,707099362,0,2172532,2,region4_1646037697
2021-10-05 07:22,707138388,2097152,1048576,5,region4_1646037700
2021-10-05 07:22,707161802,0,8388608,5,region4_1646037700
2021-10-05 07:22,706169177,8292,2730377,2,region4_1646037697
2021-10-05 07:22,707233033,1048576,1048576,5,region4_1646037700
2021-10-05 07:22,707233033,0,1048576,5,region4_1646037700
2021-10-05 07:22,707060235,2717537,2208,2,region4_1646037697
2021-10-05 07:22,707060235,2709462,16384,2,region4_1646037697
2021-10-05 07:22,706752873,4577327,1495,2,region4_1646037697
2021-10-05 07:22,706752873,4570416,16384,2,region4_1646037697
2021-10-05 07:22,706338591,0,8388608,2,region4_1646037696
2021-10-05 07:22,707138388,4194304,1048576,5,region4_1646037700
2021-10-05 07:22,707138388,3145728,1048576,5,region4_1646037700
2021-10-05 07:22,706429571,844684,9393,2,region4_1646037697
2021-10-05 07:22,707233033,14680064,153524,5,region4_1646037700
2021-10-05 07:22,707233033,12582912,1048576,5,region4_1646037700
2021-10-05 07:22,707233033,9437184,1048576,5,region4_1646037700
2021-10-05 07:22,707233033,6291456,1048576,5,region4_1646037700
2021-10-05 07:22,707233033,5242880,1048576,5,region4_1646037700
2021-10-05 07:22,707233033,3145728,1048576,5,region4_1646037700
2021-10-05 07:22,707233033,2097152,1048576,5,region4_1646037700
2021-10-05 07:22,707233033,13631488,1048576,5,region4_1646037700
2021-10-05 07:22,707233033,11534336,1048576,5,region4_1646037700
2021-10-05 07:22,707233033,10485760,1048576,5,region4_1646037700
2021-10-05 07:22,707233033,8388608,1048576,5,region4_1646037700
2021-10-05 07:22,707233033,7340032,1048576,5,region4_1646037700
2021-10-05 07:22,707233033,4194304,1048576,5,region4_1646037700
2021-10-05 07:22,707243914,22,41338,2,region4_1646037697
2021-10-05 07:22,706209848,0,20137,2,region4_1646037697
2021-10-05 07:22,706338591,0,8388608,2,region4_1646037696
2021-10-05 07:22,707138388,6291456,1048576,5,region4_1646037700
2021-10-05 07:22,707138388,5242880,1048576,5,region4_1646037700
2021-10-05 07:22,707209945,1048576,1048576,5,region4_1646037700
2021-10-05 07:22,706429571,854144,3054791,2,region4_1646037697
2021-10-05 07:22,706752873,0,228576,2,region4_1646037697
2021-10-05 07:22,706752873,228576,4348751,2,region4_1646037697
2021-10-05 07:22,706748164,0,5885954,2,region4_1646037698
2021-10-05 07:22,707138388,7340032,1048576,5,region4_1646037700
2021-10-05 07:22,707151021,0,14762741,2,region4_1646037701
2021-10-05 07:22,707165321,3524291,1464268,2,region4_1646037697
2021-10-05 07:22,707184326,0,5466533,3,region4_1646037699
2021-10-05 07:22,706169177,8292,2730377,2,region4_1646037697
2021-10-05 07:22,707153940,0,4454316,2,region4_1646037697
2021-10-05 07:22,706157493,0,8080583,2,region4_1646037697
2021-10-05 07:22,707209945,2097152,1048576,5,region4_1646037700
2021-10-05 07:22,707211048,3,4194961,2,region4_1646037697
2021-10-05 07:22,707153940,4454316,174901,2,region4_1646037697
2021-10-05 07:22,706157493,8080583,6830690,2,region4_1646037697
2021-10-05 07:22,707211048,4194964,3920296,2,region4_1646037697
2021-10-05 07:22,707233886,0,5462203,3,region4_1646037699
2021-10-05 07:22,706443599,0,8388608,2,region4_1646037696
2021-10-05 07:22,706350841,0,2891544,2,region4_1646037697
2021-10-05 07:22,707209945,3145728,1048576,5,region4_1646037700
2021-10-05 07:22,706610983,0,2578334,2,region4_1646037697
2021-10-05 07:22,707163973,0,8388608,3,region4_1646037699
2021-10-05 07:22,707136022,5317221,1646394,2,region4_1646037696
2021-10-05 07:22,707213791,538375,4425188,2,region4_1646037697
2021-10-05 07:22,706245316,3395601,568,2,region4_1646037697
2021-10-05 07:22,707148296,5242880,1048576,5,region4_1646037700
2021-10-05 07:22,707148296,1048576,1048576,5,region4_1646037700
2021-10-05 07:22,707148296,7340032,1048576,5,region4_1646037700
2021-10-05 07:22,707148296,6291456,1048576,5,region4_1646037700
2021-10-05 07:22,707148296,4194304,1048576,5,region4_1646037700
2021-10-05 07:22,707148296,3145728,1048576,5,region4_1646037700
2021-10-05 07:22,707148296,2097152,1048576,5,region4_1646037700
2021-10-05 07:22,707148296,0,1048576,5,region4_1646037700
2021-10-05 07:22,707255958,0,5469582,3,region4_1646037699
2021-10-05 07:22,706299445,0,98029,2,region4_1646037697
2021-10-05 07:22,706245316,3397033,2273357,2,region4_1646037697
2021-10-05 07:22,707228707,2657084,16384,2,region4_1646037697
2021-10-05 07:22,707228707,2665027,2265,2,region4_1646037697
2021-10-05 07:22,707243934,0,5473504,2,region4_1646037698
2021-10-05 07:22,707127161,0,2560841,2,region4_1646037697
2021-10-05 07:22,706263690,0,13218,2,region4_1646037697
2021-10-05 07:22,706177303,1241,546810,2,region4_1646037697
2021-10-05 07:22,706566024,0,2641797,2,region4_1646037697
2021-10-05 07:22,707243934,5473504,2488704,2,region4_1646037698
2021-10-05 07:22,707127161,2560841,2052119,2,region4_1646037697
2021-10-05 07:22,706492303,1714091,16384,2,region4_1646037697
2021-10-05 07:22,706492303,0,1677356,2,region4_1646037697
2021-10-05 07:22,706492303,1677356,2403,2,region4_1646037697
2021-10-05 07:22,706454880,1383295,1225148,2,region4_1646037696
2021-10-05 07:22,707209945,4194304,1048576,5,region4_1646037700
2021-10-05 07:22,707248267,0,8388608,2,region4_1646037698
2021-10-05 07:22,706272350,7966365,307831,2,region4_1646037697
2021-10-05 07:22,706272350,0,394334,2,region4_1646037697
2021-10-05 07:22,706272350,7964928,566,2,region4_1646037697
2021-10-05 07:22,706521159,0,1139506,2,region4_1646037697
2021-10-05 07:22,706521159,1452803,6935805,2,region4_1646037697
2021-10-05 07:22,707209945,5242880,1048576,5,region4_1646037700
2021-10-05 07:22,707108128,1048576,1048576,5,region4_1646037700
2021-10-05 07:22,707108128,2097152,1048576,5,region4_1646037700
2021-10-05 07:22,707108128,0,1048576,5,region4_1646037700
2021-10-05 07:22,707157663,0,8044943,2,region4_1646037701
2021-10-05 07:22,706435536,0,2903031,2,region4_1646037697
2021-10-05 07:22,706169177,7736922,651686,2,region4_1646037697
2021-10-05 07:22,707099362,2172532,5459033,2,region4_1646037697
2021-10-05 07:22,707108128,4194304,576697,5,region4_1646037700
2021-10-05 07:22,707108128,3145728,1048576,5,region4_1646037700
2021-10-05 07:22,707209945,6291456,1048576,5,region4_1646037700
2021-10-05 07:22,707099362,0,2172532,2,region4_1646037697
2021-10-05 07:22,707158992,0,9788362,5,region4_1646037700
2021-10-05 07:22,706674107,6678612,1086444,2,region4_1646037701
2021-10-05 07:22,706674107,6716480,1048576,2,region4_1646037701
2021-10-05 07:22,707189309,0,3322236,2,region4_1646037696
2021-10-05 07:22,707209945,7340032,1048576,5,region4_1646037700
2021-10-05 07:22,706360127,2248924,164936,2,region4_1646037697
2021-10-05 07:22,707192201,7126013,1262595,2,region4_1646037697
2021-10-05 07:22,707192201,0,7126013,2,region4_1646037697
2021-10-05 07:22,706508828,1214438,124784,2,region4_1646037696
2021-10-05 07:22,706508828,4087546,2677498,2,region4_1646037696
2021-10-05 07:22,706177303,1329,546722,2,region4_1646037697
2021-10-05 07:22,706432986,8210057,178551,2,region4_1646037696
2021-10-05 07:22,706156065,150,786886,2,region4_1646037697
2021-10-05 07:22,706156065,2129103,1817436,2,region4_1646037697
2021-10-05 07:22,706674107,0,1983184,2,region4_1646037701
2021-10-05 07:22,706266683,4932800,188830,2,region4_1646037697
2021-10-05 07:22,706266683,0,4930430,2,region4_1646037697
2021-10-05 07:22,706266683,4930430,1900,2,region4_1646037697
2021-10-05 07:22,707143171,4870165,2030581,2,region4_1646037697
2021-10-05 07:22,707192201,7126013,1262595,2,region4_1646037697
2021-10-05 07:22,706507937,7332076,1056532,2,region4_1646037696
2021-10-05 07:22,706507937,4472450,115936,2,region4_1646037696
2021-10-05 07:22,706177303,468,983946,2,region4_1646037697
2021-10-05 07:22,707256903,0,8388608,4,region4_1646037698
2021-10-05 07:22,706266683,4932568,13297,2,region4_1646037697
2021-10-05 07:22,706370097,7728003,660605,2,region4_1646037697
2021-10-05 07:22,706208802,4885658,151871,2,region4_1646037697
2021-10-05 07:22,706208802,3041057,710589,2,region4_1646037697
2021-10-05 07:22,706208802,1127380,1909128,2,region4_1646037697
2021-10-05 07:22,706208802,3036508,1879,2,region4_1646037697
2021-10-05 07:22,706208802,7204396,536225,2,region4_1646037697
2021-10-05 07:22,707095358,0,8388608,4,region4_1646037698
2021-10-05 07:22,706177303,847,547204,2,region4_1646037697
2021-10-05 07:22,707145292,0,8388608,2,region4_1646037698
2021-10-05 07:22,706939534,2097152,1048576,5,region4_1646037700
2021-10-05 07:22,706939534,1048576,1048576,5,region4_1646037700
2021-10-05 07:22,706939534,0,1048576,5,region4_1646037700
2021-10-05 07:22,706165511,2097701,1964693,2,region4_1646037697
2021-10-05 07:22,706165511,150,868588,2,region4_1646037697
2021-10-05 07:22,706370097,7728003,660605,2,region4_1646037697
2021-10-05 07:22,707124042,0,8388007,3,region4_1646037697
2021-10-05 07:22,706457915,4577016,16384,2,region4_1646037697
2021-10-05 07:22,706939534,7340032,887507,5,region4_1646037700
2021-10-05 07:22,706939534,6291456,1048576,5,region4_1646037700
2021-10-05 07:22,706939534,5242880,1048576,5,region4_1646037700
2021-10-05 07:22,706939534,4194304,1048576,5,region4_1646037700
2021-10-05 07:22,706939534,3145728,1048576,5,region4_1646037700
2021-10-05 07:22,707221284,0,7643341,5,region4_1646037700
2021-10-05 07:22,706208802,7204396,536225,2,region4_1646037697
2021-10-05 07:22,706208802,3036508,1879,2,region4_1646037697
2021-10-05 07:22,706208802,3039723,68518,2,region4_1646037697
2021-10-05 07:22,706208802,1127380,1909128,2,region4_1646037697
2021-10-05 07:22,707149692,0,8388608,2,region4_1646037698
2021-10-05 07:22,707274374,0,8388608,4,region4_1646037698
2021-10-05 07:22,706891377,1565643,27794,2,region4_1646037697
2021-10-05 07:22,706891377,1734943,92321,2,region4_1646037697
2021-10-05 07:22,707220361,0,3791880,2,region4_1646037697
2021-10-05 07:22,706177303,934,547117,2,region4_1646037697
2021-10-05 07:22,707138471,0,8388608,5,region4_1646037700
2021-10-05 07:22,707220361,3791880,4596728,2,region4_1646037697
2021-10-05 07:22,707234511,0,8388608,2,region4_1646037696
2021-10-05 07:22,706595945,860713,115864,2,region4_1646037696
2021-10-05 07:22,707088589,1338437,943118,2,region4_1646037697
2021-10-05 07:22,707088589,28974,13945,2,region4_1646037697
2021-10-05 07:22,706399725,7283537,1105071,2,region4_1646037696
2021-10-05 07:22,706399725,4398804,100070,2,region4_1646037696
2021-10-05 07:22,707152553,3993880,2818,2,region4_1646037697
2021-10-05 07:22,707152553,269965,2915,2,region4_1646037697
2021-10-05 07:22,707152553,276357,262763,2,region4_1646037697
2021-10-05 07:22,707152553,4090022,16384,2,region4_1646037697
2021-10-05 07:22,707259510,0,7249923,2,region4_1646037698
2021-10-05 07:22,706300764,7379007,1009601,2,region4_1646037696
2021-10-05 07:22,706300764,5798,7336807,2,region4_1646037696
2021-10-05 07:22,706156325,3427261,310811,2,region4_1646037697
2021-10-05 07:22,706156325,1084144,736470,2,region4_1646037697
2021-10-05 07:22,706156325,0,19701,2,region4_1646037697
2021-10-05 07:22,706157493,0,8080583,2,region4_1646037697
2021-10-05 07:22,706891377,1734943,92321,2,region4_1646037697
2021-10-05 07:22,706157493,8080583,6830690,2,region4_1646037697
2021-10-05 07:22,706521305,5781841,2606767,2,region4_1646037697
2021-10-05 07:22,706521305,0,5781841,2,region4_1646037697
2021-10-05 07:22,707276929,0,4802163,2,region4_1646037697
2021-10-05 07:22,707124951,2646828,2207,2,region4_1646037697
2021-10-05 07:22,707124951,2638751,16384,2,region4_1646037697
2021-10-05 07:22,707168257,0,405126,5,region4_1646037700
2021-10-05 07:22,707215525,0,1227118,3,region4_1646037699
2021-10-05 07:22,707225399,0,8388608,4,region4_1646037698
2021-10-05 07:22,706177303,1618,546433,2,region4_1646037697
2021-10-05 07:22,706772646,0,8388608,2,region4_1646037698
2021-10-05 07:22,706782951,39739,813773,2,region4_1646037697
2021-10-05 07:22,706488605,0,8388608,2,region4_1646037696
2021-10-05 07:22,707271027,2012285,1311127,2,region4_1646037696
2021-10-05 07:22,707115455,0,7473264,3,region4_1646037699
2021-10-05 07:22,707046562,0,101935,2,region4_1646037703
2021-10-05 07:22,707046562,4767168,1379628,2,region4_1646037703
2021-10-05 07:22,707141388,4165893,2917,2,region4_1646037697
2021-10-05 07:22,706177303,1442,546609,2,region4_1646037697
2021-10-05 07:22,706386185,18714,202085,2,region4_1646037697
2021-10-05 07:22,706490315,7362244,410452,2,region4_1646037697
2021-10-05 07:22,707213303,0,8388608,4,region4_1646037698
2021-10-05 07:22,706165509,150,897087,2,region4_1646037697
2021-10-05 07:22,707141388,4172797,12311,2,region4_1646037697
2021-10-05 07:22,707247128,0,7407787,4,region4_1646037702
2021-10-05 07:22,706654128,0,5204959,2,region4_1646037697
2021-10-05 07:22,706386185,1868495,155439,2,region4_1646037697
2021-10-05 07:22,706452805,994224,3326162,2,region4_1646037697
2021-10-05 07:22,706452805,7452395,936213,2,region4_1646037697
2021-10-05 07:22,706165509,1951997,2156920,2,region4_1646037697
2021-10-05 07:22,707230421,0,63759,2,region4_1646037697
2021-10-05 07:22,707230421,0,1329142,2,region4_1646037697
2021-10-05 07:22,707231863,1048576,1048576,5,region4_1646037700
2021-10-05 07:22,707231863,3145728,1048576,5,region4_1646037700
2021-10-05 07:22,707231863,2097152,1048576,5,region4_1646037700
2021-10-05 07:22,707231863,0,1048576,5,region4_1646037700
2021-10-05 07:22,707231863,4194304,1048576,5,region4_1646037700
2021-10-05 07:22,707083806,28552,13653,2,region4_1646037697
2021-10-05 07:22,707083806,1395711,966053,2,region4_1646037697
2021-10-05 07:22,707292627,0,7087854,2,region4_1646037701
2021-10-05 07:22,706386185,1868495,155439,2,region4_1646037697
2021-10-05 07:22,706386185,18714,202085,2,region4_1646037697
2021-10-05 07:22,706490315,4933702,3454906,2,region4_1646037697
2021-10-05 07:22,706490315,0,2300971,2,region4_1646037697
2021-10-05 07:22,707231863,6291456,1048576,5,region4_1646037700
2021-10-05 07:22,707231863,7340032,1048576,5,region4_1646037700
2021-10-05 07:22,707231863,5242880,1048576,5,region4_1646037700
2021-10-05 07:22,706654128,0,5204959,2,region4_1646037697
2021-10-05 07:22,707117546,0,7564993,2,region4_1646037701
2021-10-05 07:22,707185651,3993857,1290499,2,region4_1646037703
2021-10-05 07:22,707088748,15894,210600,2,region4_1646037703
2021-10-05 07:22,707088748,8100265,288343,2,region4_1646037703
2021-10-05 07:22,707162715,0,2481544,2,region4_1646037698
2021-10-05 07:22,707240671,0,5509336,4,region4_1646037698
2021-10-05 07:22,707288256,7340032,747977,5,region4_1646037700
2021-10-05 07:22,707288256,5242880,1048576,5,region4_1646037700
2021-10-05 07:22,707288256,2097152,1048576,5,region4_1646037700
2021-10-05 07:22,707288256,0,1048576,5,region4_1646037700
2021-10-05 07:22,707288256,6291456,1048576,5,region4_1646037700
2021-10-05 07:22,707288256,1048576,1048576,5,region4_1646037700
2021-10-05 07:22,707288256,4194304,1048576,5,region4_1646037700
2021-10-05 07:22,707288256,3145728,1048576,5,region4_1646037700
2021-10-05 07:22,706259246,3327831,2242101,2,region4_1646037697
2021-10-05 07:22,706259246,3326409,556,2,region4_1646037697
2021-10-05 07:22,707166214,0,276116,2,region4_1646037696
2021-10-05 07:22,707166214,5268491,1355639,2,region4_1646037696
2021-10-05 07:22,707180278,7567631,820977,2,region4_1646037703
2021-10-05 07:22,707123329,0,8388608,2,region4_1646037698
2021-10-05 07:22,707188113,0,8388608,2,region4_1646037696
2021-10-05 07:22,707224826,28606,13648,2,region4_1646037697
2021-10-05 07:22,707267158,0,8388608,4,region4_1646037698
2021-10-05 07:22,706815279,4022915,16384,2,region4_1646037697
2021-10-05 07:22,706815279,4025094,1472,2,region4_1646037697
2021-10-05 07:22,706815279,4022915,16384,2,region4_1646037697
2021-10-05 07:22,706530555,246780,1333963,2,region4_1646037697
2021-10-05 07:22,707192201,0,7126013,2,region4_1646037697
2021-10-05 07:22,707192201,7126013,1262595,2,region4_1646037697
2021-10-05 07:22,706438291,0,2960633,2,region4_1646037697
2021-10-05 07:22,706445574,14661160,550,2,region4_1646037701
2021-10-05 07:22,706641092,0,8388608,2,region4_1646037696
2021-10-05 07:22,706391723,0,8388608,2,region4_1646037696
2021-10-05 07:22,707201328,0,1683143,2,region4_1646037697
2021-10-05 07:22,706445574,0,14661160,2,region4_1646037701
2021-10-05 07:22,707144270,92950,477817,2,region4_1646037696
2021-10-05 07:22,706488605,0,8388608,2,region4_1646037696
2021-10-05 07:22,707217455,6948728,1038288,2,region4_1646037696
2021-10-05 07:22,707217455,1541989,262070,2,region4_1646037696
2021-10-05 07:22,707257727,0,6993156,2,region4_1646037696
2021-10-05 07:23,706923414,0,559773,2,region4_1646037697
2021-10-05 07:23,706568989,7264692,1123916,2,region4_1646037701
2021-10-05 07:23,706568989,0,1827897,2,region4_1646037701
2021-10-05 07:23,706568989,3445729,2309203,2,region4_1646037701
2021-10-05 07:23,707185963,2633582,2180,2,region4_1646037697
2021-10-05 07:23,707185963,2625453,16384,2,region4_1646037697
2021-10-05 07:23,707231528,0,860,5,region4_1646037700
2021-10-05 07:23,706299445,0,98029,2,region4_1646037697
2021-10-05 07:23,707144270,0,424271,2,region4_1646037696
2021-10-05 07:23,706472464,14615355,632,2,region4_1646037697
2021-10-05 07:23,706397910,0,1224840,2,region4_1646037696
2021-10-05 07:23,707049523,778718,1937,2,region4_1646037697
2021-10-05 07:23,707049523,781510,375757,2,region4_1646037697
2021-10-05 07:23,707049523,0,778718,2,region4_1646037697
2021-10-05 07:23,706508828,1168944,170278,2,region4_1646037697
2021-10-05 07:23,706508828,3640129,3124915,2,region4_1646037697
2021-10-05 07:23,706931374,0,1271232,2,region4_1646037697
2021-10-05 07:23,706508828,0,1164508,2,region4_1646037697
2021-10-05 07:23,706508828,1164508,2841,2,region4_1646037697
2021-10-05 07:23,706931374,0,1271232,2,region4_1646037697
2021-10-05 07:23,706891377,1734943,92321,2,region4_1646037697
2021-10-05 07:23,706530555,246780,1333963,2,region4_1646037697
2021-10-05 07:23,707214472,0,8382730,3,region4_1646037699
2021-10-05 07:23,707230757,0,2561002,4,region4_1646037698
2021-10-05 07:23,707258153,0,7583752,4,region4_1646037698
2021-10-05 07:23,707278354,2097152,331566,5,region4_1646037700
2021-10-05 07:23,707278354,1048576,1048576,5,region4_1646037700
2021-10-05 07:23,707278354,0,1048576,5,region4_1646037700
2021-10-05 07:23,707175857,0,8388608,3,region4_1646037699
2021-10-05 07:23,707230308,0,6906361,2,region4_1646037698
2021-10-05 07:23,707020394,3525101,60509,2,region4_1646037696
2021-10-05 07:23,706706474,2759828,7981,2,region4_1646037697
2021-10-05 07:23,706706474,2767809,16384,2,region4_1646037697
2021-10-05 07:23,706706474,1922700,29454,2,region4_1646037697
2021-10-05 07:23,706299445,0,98029,2,region4_1646037697
2021-10-05 07:23,706472464,0,8214872,2,region4_1646037697
2021-10-05 07:23,706472464,8214872,6400483,2,region4_1646037697
2021-10-05 07:23,706299445,0,98029,2,region4_1646037697
2021-10-05 07:23,706428724,1923,2927963,2,region4_1646037697
2021-10-05 07:23,706428724,4093730,4294878,2,region4_1646037697
2021-10-05 07:23,707358566,0,7793663,2,region4_1646037698
2021-10-05 07:23,706845648,0,3855601,2,region4_1646037697
2021-10-05 07:23,707249010,0,8388608,2,region4_1646037696
2021-10-05 07:23,707276315,0,8388608,2,region4_1646037696
2021-10-05 07:23,706682533,0,14816138,2,region4_1646037701
2021-10-05 07:23,707180751,8353617,34991,2,region4_1646037697
2021-10-05 07:23,707180751,4928392,336230,2,region4_1646037697
2021-10-05 07:23,707227838,0,562321,2,region4_1646037696
2021-10-05 07:23,707350002,4041309,16384,2,region4_1646037697
2021-10-05 07:23,707350002,3946115,2850,2,region4_1646037697
2021-10-05 07:23,707350002,855348,2872,2,region4_1646037697
2021-10-05 07:23,707160786,767146,1426,2,region4_1646037697
2021-10-05 07:23,707160786,768684,694500,2,region4_1646037697
2021-10-05 07:23,707350002,861207,227818,2,region4_1646037697
2021-10-05 07:23,707362043,985302,383913,2,region4_1646037701
2021-10-05 07:23,707362043,4120766,1621597,2,region4_1646037701
2021-10-05 07:23,707160786,0,767146,2,region4_1646037697
2021-10-05 07:23,707178386,1048576,1048576,5,region4_1646037700
2021-10-05 07:23,707178386,0,1048576,5,region4_1646037700
2021-10-05 07:23,707294034,0,7732700,5,region4_1646037700
2021-10-05 07:23,707099362,2172532,5459033,2,region4_1646037697
2021-10-05 07:23,707178386,2097152,1048576,5,region4_1646037700
2021-10-05 07:23,707215061,0,257142,5,region4_1646037700
2021-10-05 07:23,707262845,29062,13890,2,region4_1646037697
2021-10-05 07:23,707262845,1409588,980561,2,region4_1646037697
2021-10-05 07:23,707099362,0,2172532,2,region4_1646037697
2021-10-05 07:23,706386185,1868495,155439,2,region4_1646037697
2021-10-05 07:23,706386185,18714,202085,2,region4_1646037697
2021-10-05 07:23,706156065,1521758,850339,2,region4_1646037697
2021-10-05 07:23,706156065,150,135429,2,region4_1646037697
2021-10-05 07:23,707178386,3145728,1048576,5,region4_1646037700
2021-10-05 07:23,707180751,4924102,2888,2,region4_1646037697
2021-10-05 07:23,707327275,0,5510829,3,region4_1646037699
2021-10-05 07:23,707161184,3830386,1169552,2,region4_1646037696
2021-10-05 07:23,707178386,4194304,1048576,5,region4_1646037700
2021-10-05 07:23,706554504,418308,7044736,2,region4_1646037696
2021-10-05 07:23,707220361,3791880,4596728,2,region4_1646037697
2021-10-05 07:23,707220361,0,3791880,2,region4_1646037697
2021-10-05 07:23,706706474,2767809,16384,2,region4_1646037697
2021-10-05 07:23,707178386,5242880,1048576,5,region4_1646037700
2021-10-05 07:23,706489341,3122735,931578,2,region4_1646037697
2021-10-05 07:23,706489341,3113953,8699,2,region4_1646037697
2021-10-05 07:23,706867679,6138035,2250573,2,region4_1646037697
2021-10-05 07:23,706849929,0,8388608,2,region4_1646037698
2021-10-05 07:23,706976876,0,8388608,2,region4_1646037698
2021-10-05 07:23,707178386,6291456,1048576,5,region4_1646037700
2021-10-05 07:23,707178386,7340032,1048576,5,region4_1646037700
2021-10-05 07:23,706667064,0,1199656,2,region4_1646037697
2021-10-05 07:23,706665237,3119216,8607,2,region4_1646037697
2021-10-05 07:23,706665237,3127906,873650,2,region4_1646037697
2021-10-05 07:23,707351447,0,8388608,2,region4_1646037698
2021-10-05 07:23,706615324,0,8388608,2,region4_1646037696
2021-10-05 07:23,707166263,0,610152,5,region4_1646037700
2021-10-05 07:23,707372571,0,8388608,5,region4_1646037700
2021-10-05 07:23,707381969,0,14638389,2,region4_1646037701
2021-10-05 07:23,706165511,1595696,786959,2,region4_1646037697
2021-10-05 07:23,706165511,150,135344,2,region4_1646037697
2021-10-05 07:23,707338882,0,5282149,2,region4_1646037701
2021-10-05 07:23,706369475,1294299,7094309,2,region4_1646037697
2021-10-05 07:23,707252804,1048576,1048576,5,region4_1646037700
2021-10-05 07:23,707252804,2097152,1048576,5,region4_1646037700
2021-10-05 07:23,707252804,0,1048576,5,region4_1646037700
2021-10-05 07:23,707253758,0,1048576,5,region4_1646037700
2021-10-05 07:23,707253758,1048576,1048576,5,region4_1646037700
2021-10-05 07:23,707253758,4194304,146214,5,region4_1646037700
2021-10-05 07:23,707253758,3145728,1048576,5,region4_1646037700
2021-10-05 07:23,707253758,2097152,1048576,5,region4_1646037700
2021-10-05 07:23,706416260,0,829074,2,region4_1646037697
2021-10-05 07:23,707252804,6291456,1048576,5,region4_1646037700
2021-10-05 07:23,707252804,7340032,1048576,5,region4_1646037700
2021-10-05 07:23,707252804,5242880,1048576,5,region4_1646037700
2021-10-05 07:23,707252804,4194304,1048576,5,region4_1646037700
2021-10-05 07:23,707252804,3145728,1048576,5,region4_1646037700
2021-10-05 07:23,706156065,150,786886,2,region4_1646037697
2021-10-05 07:23,706156065,2129103,1817436,2,region4_1646037697
2021-10-05 07:23,707219557,0,1352442,2,region4_1646037697
2021-10-05 07:23,707219557,1352442,3492223,2,region4_1646037697
2021-10-05 07:23,706666108,0,4227684,2,region4_1646037696
2021-10-05 07:23,706904539,0,6029647,2,region4_1646037698
2021-10-05 07:23,707197357,0,7778101,3,region4_1646037697
2021-10-05 07:23,706383716,4456560,3932048,2,region4_1646037697
2021-10-05 07:23,706290861,0,990714,2,region4_1646037697
2021-10-05 07:23,706290861,3246092,1803141,2,region4_1646037697
2021-10-05 07:23,706165511,2097701,1964693,2,region4_1646037697
2021-10-05 07:23,706165511,150,868588,2,region4_1646037697
2021-10-05 07:23,706156325,3427261,634039,2,region4_1646037697
2021-10-05 07:23,707378408,0,425143,5,region4_1646037700
2021-10-05 07:23,706807238,1877424,46776,2,region4_1646037697
2021-10-05 07:23,706807238,1845176,27940,2,region4_1646037697
2021-10-05 07:23,707362653,2149489,5818350,2,region4_1646037697
2021-10-05 07:23,707362653,7967839,420769,2,region4_1646037697
2021-10-05 07:23,706530555,246780,1333963,2,region4_1646037697
2021-10-05 07:23,707380473,0,8388608,2,region4_1646037696
2021-10-05 07:23,707188997,6291456,793639,5,region4_1646037700
2021-10-05 07:23,707188997,5242880,1048576,5,region4_1646037700
2021-10-05 07:23,707188997,4194304,1048576,5,region4_1646037700
2021-10-05 07:23,707188997,3145728,1048576,5,region4_1646037700
2021-10-05 07:23,707188997,2097152,1048576,5,region4_1646037700
2021-10-05 07:23,707188997,1048576,1048576,5,region4_1646037700
2021-10-05 07:23,707188997,0,1048576,5,region4_1646037700
2021-10-05 07:23,706849929,0,8388608,2,region4_1646037698
2021-10-05 07:23,707278413,0,8388608,2,region4_1646037696
2021-10-05 07:23,707291614,0,8388608,2,region4_1646037696
2021-10-05 07:23,706156325,1084144,736470,2,region4_1646037697
2021-10-05 07:23,706156325,0,19701,2,region4_1646037697
2021-10-05 07:23,706487798,46308,27951,2,region4_1646037697
2021-10-05 07:23,707191326,0,8379487,3,region4_1646037699
2021-10-05 07:23,707193588,0,8388608,4,region4_1646037698
2021-10-05 07:23,707317413,0,5311737,2,region4_1646037696
2021-10-05 07:23,706822163,44566,1451128,2,region4_1646037697
2021-10-05 07:23,707343845,0,1810549,5,region4_1646037700
2021-10-05 07:23,706976876,0,8388608,2,region4_1646037698
2021-10-05 07:23,706487798,78521,46240,2,region4_1646037697
2021-10-05 07:23,706487798,1458284,1313294,2,region4_1646037697
2021-10-05 07:23,706165509,1686586,649494,2,region4_1646037697
2021-10-05 07:23,706165509,1951997,2156920,2,region4_1646037697
2021-10-05 07:23,706165509,150,897087,2,region4_1646037697
2021-10-05 07:23,706165509,150,134818,2,region4_1646037697
2021-10-05 07:23,707190778,0,8388608,4,region4_1646037698
2021-10-05 07:23,706601035,0,8388608,2,region4_1646037696
2021-10-05 07:23,706667064,0,1199656,2,region4_1646037697
2021-10-05 07:23,706442874,2920461,5468147,2,region4_1646037696
2021-10-05 07:23,707307399,0,7154429,2,region4_1646037698
2021-10-05 07:23,707255040,4509140,323163,2,region4_1646037696
2021-10-05 07:23,707266781,0,8388608,2,region4_1646037696
2021-10-05 07:23,707300778,0,8388608,2,region4_1646037698
2021-10-05 07:23,706399725,4336499,2885,2,region4_1646037697
2021-10-05 07:23,706399725,6821140,1567468,2,region4_1646037697
2021-10-05 07:23,706399725,4341053,157821,2,region4_1646037697
2021-10-05 07:23,706399725,917486,3419013,2,region4_1646037697
2021-10-05 07:23,706595945,0,801722,2,region4_1646037697
2021-10-05 07:23,706595945,801722,2842,2,region4_1646037697
2021-10-05 07:23,706595945,806168,170409,2,region4_1646037697
2021-10-05 07:23,707266174,0,8388608,2,region4_1646037696
2021-10-05 07:23,707347883,1094267,2612565,2,region4_1646037696
2021-10-05 07:23,707192201,7126013,1262595,2,region4_1646037697
2021-10-05 07:23,707192201,0,7126013,2,region4_1646037697
2021-10-05 07:23,706706474,2767809,16384,2,region4_1646037697
2021-10-05 07:23,707218252,283534,6204111,2,region4_1646037701
2021-10-05 07:23,706706474,1922700,29454,2,region4_1646037697
2021-10-05 07:23,706706474,2759828,7981,2,region4_1646037697
2021-10-05 07:23,706234784,0,173763,2,region4_1646037697
2021-10-05 07:23,706479653,2147224,6241384,2,region4_1646037696
2021-10-05 07:23,707291968,4023061,2826,2,region4_1646037697
2021-10-05 07:23,707291968,4118039,16384,2,region4_1646037697
2021-10-05 07:23,707291968,601168,257036,2,region4_1646037697
2021-10-05 07:23,707291968,594781,2872,2,region4_1646037697
2021-10-05 07:23,706454880,933247,1675196,2,region4_1646037697
2021-10-05 07:23,707004727,3064622,4066189,2,region4_1646037697
2021-10-05 07:23,707004727,0,3064622,2,region4_1646037697
2021-10-05 07:23,706796398,3667771,8916,2,region4_1646037697
2021-10-05 07:23,706558847,0,8388608,2,region4_1646037696
2021-10-05 07:23,706677836,0,745918,2,region4_1646037697
2021-10-05 07:23,706299445,0,98029,2,region4_1646037697
2021-10-05 07:23,707016259,2187552,1278,2,region4_1646037696
2021-10-05 07:23,707016259,6380426,114250,2,region4_1646037696
2021-10-05 07:23,706951219,0,7457267,2,region4_1646037697
2021-10-05 07:23,707002559,5483792,769067,2,region4_1646037696
2021-10-05 07:23,706168434,2043826,1851330,2,region4_1646037697
2021-10-05 07:23,706168434,150,858149,2,region4_1646037697
2021-10-05 07:23,707316899,0,8371861,2,region4_1646037697
2021-10-05 07:23,706410035,5823307,2565301,2,region4_1646037697
2021-10-05 07:23,707316899,8371861,16747,2,region4_1646037697
2021-10-05 07:23,706386185,1868495,155439,2,region4_1646037697
2021-10-05 07:23,706386185,18714,202085,2,region4_1646037697
2021-10-05 07:23,707330513,5424950,1637872,2,region4_1646037696
2021-10-05 07:23,706456062,7888457,500151,2,region4_1646037697
2021-10-05 07:23,706456062,0,555286,2,region4_1646037697
2021-10-05 07:23,707375470,0,8029703,4,region4_1646037702
2021-10-05 07:23,707405012,4194304,1048576,5,region4_1646037700
2021-10-05 07:23,707405012,2097152,1048576,5,region4_1646037700
2021-10-05 07:23,707405012,0,1048576,5,region4_1646037700
2021-10-05 07:23,707405012,6291456,1048576,5,region4_1646037700
2021-10-05 07:23,707405012,5242880,1048576,5,region4_1646037700
2021-10-05 07:23,707405012,7340032,1048576,5,region4_1646037700
2021-10-05 07:23,707405012,3145728,1048576,5,region4_1646037700
2021-10-05 07:23,707405012,1048576,1048576,5,region4_1646037700
2021-10-05 07:23,706630141,0,1362635,2,region4_1646037697
2021-10-05 07:23,707309602,0,306542,2,region4_1646037697
2021-10-05 07:23,707309602,306542,4608418,2,region4_1646037697
2021-10-05 07:23,707347303,0,6522899,2,region4_1646037698
2021-10-05 07:23,707247466,0,5612377,3,region4_1646037699
2021-10-05 07:23,706498325,0,1208886,2,region4_1646037697
2021-10-05 07:23,707260969,4850857,3537751,2,region4_1646037697
2021-10-05 07:23,707347303,6522899,8296232,2,region4_1646037698
2021-10-05 07:23,706880074,0,3791508,2,region4_1646037697
2021-10-05 07:23,707317472,2097152,1048576,5,region4_1646037700
2021-10-05 07:23,707317472,1048576,1048576,5,region4_1646037700
2021-10-05 07:23,707317472,0,1048576,5,region4_1646037700
2021-10-05 07:23,707317472,3145728,953560,5,region4_1646037700
2021-10-05 07:23,706387910,1289896,2944,2,region4_1646037697
2021-10-05 07:23,707224127,0,7242058,2,region4_1646037698
2021-10-05 07:23,706646963,0,8388608,2,region4_1646037696
2021-10-05 07:23,706387910,4617562,142564,2,region4_1646037697
2021-10-05 07:23,706387910,1293051,1997082,2,region4_1646037697
2021-10-05 07:23,707406557,0,8388608,4,region4_1646037702
2021-10-05 07:23,707002559,5483792,769067,2,region4_1646037696
2021-10-05 07:23,707285519,0,625143,2,region4_1646037698
2021-10-05 07:23,707347429,4551,8384057,2,region4_1646037696
2021-10-05 07:23,706319213,0,1312,2,region4_1646037703
2021-10-05 07:23,706319213,0,1312,2,region4_1646037703
2021-10-05 07:23,706227525,1746341,3552688,2,region4_1646037697
2021-10-05 07:23,706227525,7467926,920682,2,region4_1646037697
2021-10-05 07:23,707054045,0,1408969,4,region4_1646037697
2021-10-05 07:23,707220361,0,3791880,2,region4_1646037697
2021-10-05 07:23,706165914,4101604,16384,2,region4_1646037697
2021-10-05 07:23,706165914,3839704,8723,2,region4_1646037697
2021-10-05 07:23,706183902,1161118,832351,2,region4_1646037697
2021-10-05 07:23,706183902,2961,36468,2,region4_1646037697
2021-10-05 07:23,707371907,1048576,1048576,5,region4_1646037700
2021-10-05 07:23,707371907,0,1048576,5,region4_1646037700
2021-10-05 07:23,707220361,3791880,4596728,2,region4_1646037697
2021-10-05 07:23,706807238,1845176,27940,2,region4_1646037697
2021-10-05 07:23,706807238,1877424,46776,2,region4_1646037697
2021-10-05 07:23,707371907,4194304,1048576,5,region4_1646037700
2021-10-05 07:23,707371907,2097152,1048576,5,region4_1646037700
2021-10-05 07:23,707371907,3145728,1048576,5,region4_1646037700
2021-10-05 07:23,706530555,445557,1135186,2,region4_1646037697
2021-10-05 07:23,706325070,5700458,2688150,2,region4_1646037697
2021-10-05 07:23,706822163,44566,1451128,2,region4_1646037697
2021-10-05 07:23,706679836,1037518,932024,2,region4_1646037697
2021-10-05 07:23,707371907,6291456,96356,5,region4_1646037700
2021-10-05 07:23,707371907,5242880,1048576,5,region4_1646037700
2021-10-05 07:23,706300787,2707255,672981,2,region4_1646037697
2021-10-05 07:23,706300787,4759737,718395,2,region4_1646037697
2021-10-05 07:23,707364991,0,865150,5,region4_1646037700
2021-10-05 07:23,707382730,0,3478447,2,region4_1646037696
2021-10-05 07:23,706593806,0,1344,2,region4_1646037703
2021-10-05 07:23,707501785,0,8388608,2,region4_1646037698
2021-10-05 07:23,706169177,7736922,651686,2,region4_1646037697
2021-10-05 07:23,706169177,8292,2730377,2,region4_1646037697
2021-10-05 07:23,706169177,8292,2730377,2,region4_1646037697
2021-10-05 07:23,706169177,7736922,651686,2,region4_1646037697
2021-10-05 07:24,707338130,0,7726868,2,region4_1646037698
2021-10-05 07:24,707049637,0,1240837,1,region4_1646037696
2021-10-05 07:24,706454700,4840853,2002030,2,region4_1646037697
2021-10-05 07:24,706454700,0,4840853,2,region4_1646037697
2021-10-05 07:24,707162360,17201,2446491,2,region4_1646037697
2021-10-05 07:24,706507937,849755,3571582,2,region4_1646037697
2021-10-05 07:24,706507937,4421337,2886,2,region4_1646037697
2021-10-05 07:24,707051978,2823766,8063,2,region4_1646037697
2021-10-05 07:24,707051978,2831829,16384,2,region4_1646037697
2021-10-05 07:24,706487798,46308,27951,2,region4_1646037697
2021-10-05 07:24,706507937,4425818,162568,2,region4_1646037697
2021-10-05 07:24,706507937,6885720,1502888,2,region4_1646037697
2021-10-05 07:24,707051978,1985606,29570,2,region4_1646037697
2021-10-05 07:24,706598534,0,285670,2,region4_1646037697
2021-10-05 07:24,707292431,7562715,160151,2,region4_1646037696
2021-10-05 07:24,707358551,0,4174334,2,region4_1646037697
2021-10-05 07:24,707358551,4174334,4214274,2,region4_1646037697
2021-10-05 07:24,706487798,1458284,1313294,2,region4_1646037697
2021-10-05 07:24,706487798,78521,46240,2,region4_1646037697
2021-10-05 07:24,706706474,1922700,29454,2,region4_1646037697
2021-10-05 07:24,706231915,0,8388608,2,region4_1646037698
2021-10-05 07:24,707469122,0,8388608,5,region4_1646037700
2021-10-05 07:24,707278794,0,1048576,5,region4_1646037700
2021-10-05 07:24,707522631,0,8388608,2,region4_1646037698
2021-10-05 07:24,707278794,5242880,325144,5,region4_1646037700
2021-10-05 07:24,707278794,2097152,1048576,5,region4_1646037700
2021-10-05 07:24,707278794,1048576,1048576,5,region4_1646037700
2021-10-05 07:24,707278794,4194304,1048576,5,region4_1646037700
2021-10-05 07:24,707278794,3145728,1048576,5,region4_1646037700
2021-10-05 07:24,706523106,0,5198969,2,region4_1646037703
2021-10-05 07:24,706481856,0,8388608,2,region4_1646037701
2021-10-05 07:24,706169177,8292,2730377,2,region4_1646037697
2021-10-05 07:24,707261450,0,8388608,3,region4_1646037699
2021-10-05 07:24,706156065,2321666,50431,2,region4_1646037697
2021-10-05 07:24,706156065,150,1000216,2,region4_1646037697
2021-10-05 07:24,707373355,0,8388608,2,region4_1646037698
2021-10-05 07:24,706487358,0,482309,2,region4_1646037697
2021-10-05 07:24,706170737,3958829,16384,2,region4_1646037697
2021-10-05 07:24,706169177,7736922,651686,2,region4_1646037697
2021-10-05 07:24,707266806,0,3855754,5,region4_1646037700
2021-10-05 07:24,706412369,0,1144,2,region4_1646037703
2021-10-05 07:24,706412369,0,1144,2,region4_1646037703
2021-10-05 07:24,707038357,0,598846,2,region4_1646037697
2021-10-05 07:24,707038357,598846,4110381,2,region4_1646037697
2021-10-05 07:24,707276254,0,366988,2,region4_1646037697
2021-10-05 07:24,707276254,7404883,983725,2,region4_1646037697
2021-10-05 07:24,706170737,3696993,8612,2,region4_1646037697
2021-10-05 07:24,706410035,5823307,2565301,2,region4_1646037697
2021-10-05 07:24,706849929,0,8388608,2,region4_1646037696
2021-10-05 07:24,706169177,8292,2730377,2,region4_1646037697
2021-10-05 07:24,706904539,0,6029647,2,region4_1646037696
2021-10-05 07:24,706883565,0,2404769,2,region4_1646037696
2021-10-05 07:24,706535399,0,8388608,2,region4_1646037696
2021-10-05 07:24,706713019,0,369983,2,region4_1646037698
2021-10-05 07:24,706156065,2129103,1817436,2,region4_1646037697
2021-10-05 07:24,706156065,150,786886,2,region4_1646037697
2021-10-05 07:24,706979157,6418157,16384,2,region4_1646037697
2021-10-05 07:24,706979157,5853789,6053,2,region4_1646037697
2021-10-05 07:24,706979157,6418157,16384,2,region4_1646037697
2021-10-05 07:24,706880148,6794515,65590,2,region4_1646037697
2021-10-05 07:24,706880148,6792950,1496,2,region4_1646037697
2021-10-05 07:24,706165511,2333437,49218,2,region4_1646037697
2021-10-05 07:24,706165511,150,984948,2,region4_1646037697
2021-10-05 07:24,707113643,794338,1222618,2,region4_1646037697
2021-10-05 07:24,707499007,0,662274,2,region4_1646037696
2021-10-05 07:24,706667064,1119193,80463,2,region4_1646037697
2021-10-05 07:24,706871794,0,2821344,2,region4_1646037696
2021-10-05 07:24,706321980,0,1270,2,region4_1646037703
2021-10-05 07:24,706321980,0,1270,2,region4_1646037703
2021-10-05 07:24,706231915,0,8388608,2,region4_1646037696
2021-10-05 07:24,706338591,0,8388608,2,region4_1646037696
2021-10-05 07:24,706957898,0,7794585,2,region4_1646037697
2021-10-05 07:24,706979157,6418157,16384,2,region4_1646037697
2021-10-05 07:24,707484655,0,6193954,3,region4_1646037699
2021-10-05 07:24,706165511,150,868588,2,region4_1646037697
2021-10-05 07:24,706165511,2097701,1964693,2,region4_1646037697
2021-10-05 07:24,706807238,1877424,46776,2,region4_1646037697
2021-10-05 07:24,706807238,1845176,27940,2,region4_1646037697
2021-10-05 07:24,706957898,7794585,594023,2,region4_1646037697
2021-10-05 07:24,706428724,4093730,4294878,2,region4_1646037697
2021-10-05 07:24,707369790,1433916,412717,2,region4_1646037697
2021-10-05 07:24,707369790,3585539,4597078,2,region4_1646037697
2021-10-05 07:24,707369790,3527,51405,2,region4_1646037697
2021-10-05 07:24,707369790,8182617,205991,2,region4_1646037697
2021-10-05 07:24,706979157,5853789,6053,2,region4_1646037697
2021-10-05 07:24,706724714,1825436,6563172,2,region4_1646037697
2021-10-05 07:24,706724714,0,1825436,2,region4_1646037697
2021-10-05 07:24,707336041,0,3140579,4,region4_1646037698
2021-10-05 07:24,706383716,4456560,3932048,2,region4_1646037697
2021-10-05 07:24,706771943,0,1105194,2,region4_1646037697
2021-10-05 07:24,706771943,2870662,896078,2,region4_1646037697
2021-10-05 07:24,706319213,0,1312,2,region4_1646037703
2021-10-05 07:24,706319213,0,1312,2,region4_1646037703
2021-10-05 07:24,706319213,0,1312,2,region4_1646037703
2021-10-05 07:24,706771943,6250324,2138284,2,region4_1646037697
2021-10-05 07:24,706620262,0,1733233,2,region4_1646037696
2021-10-05 07:24,706726152,0,3276800,1,region4_1646037696
2021-10-05 07:24,707270001,0,5276897,5,region4_1646037700
2021-10-05 07:24,707283097,0,8388608,2,region4_1646037696
2021-10-05 07:24,707294327,0,4321081,5,region4_1646037700
2021-10-05 07:24,707515567,3145728,1048576,5,region4_1646037700
2021-10-05 07:24,707515567,1048576,1048576,5,region4_1646037700
2021-10-05 07:24,707515567,5242880,1048576,5,region4_1646037700
2021-10-05 07:24,707515567,4194304,1048576,5,region4_1646037700
2021-10-05 07:24,707515567,2097152,1048576,5,region4_1646037700
2021-10-05 07:24,707515567,0,1048576,5,region4_1646037700
2021-10-05 07:24,707290282,5067577,858951,2,region4_1646037697
2021-10-05 07:24,707290282,3518,245541,2,region4_1646037697
2021-10-05 07:24,706738780,0,8388608,2,region4_1646037696
2021-10-05 07:24,706677836,0,745918,2,region4_1646037697
2021-10-05 07:24,706713907,189788,1411984,2,region4_1646037697
2021-10-05 07:24,706815547,0,18362,1,region4_1646037696
2021-10-05 07:24,706169177,7736922,651686,2,region4_1646037697
2021-10-05 07:24,707515567,7340032,1048576,5,region4_1646037700
2021-10-05 07:24,707515567,6291456,1048576,5,region4_1646037700
2021-10-05 07:24,707290282,0,2199244,2,region4_1646037697
2021-10-05 07:24,707290282,3944835,2266986,2,region4_1646037697
2021-10-05 07:24,707290282,7568430,820178,2,region4_1646037697
2021-10-05 07:24,707290282,1411108,336497,2,region4_1646037697
2021-10-05 07:24,706632218,8315466,73142,2,region4_1646037696
2021-10-05 07:24,706156325,1084144,736470,2,region4_1646037697
2021-10-05 07:24,706156325,3427261,310811,2,region4_1646037697
2021-10-05 07:24,706156325,0,19701,2,region4_1646037697
2021-10-05 07:24,706988406,1904525,29426,2,region4_1646037697
2021-10-05 07:24,706988406,2742196,7882,2,region4_1646037697
2021-10-05 07:24,706988406,2750078,16384,2,region4_1646037697
2021-10-05 07:24,706593806,0,1344,2,region4_1646037703
2021-10-05 07:24,706630141,0,1362635,2,region4_1646037697
2021-10-05 07:24,706343680,0,1268,2,region4_1646037703
2021-10-05 07:24,706333704,0,2677,2,region4_1646037703
2021-10-05 07:24,706333704,0,2677,2,region4_1646037703
2021-10-05 07:24,706709804,0,8388608,2,region4_1646037696
2021-10-05 07:24,706319191,5707609,2402459,2,region4_1646037701
2021-10-05 07:24,706319191,1131879,754598,2,region4_1646037701
2021-10-05 07:24,706157493,0,8080583,2,region4_1646037697
2021-10-05 07:24,707484747,2064151,906665,2,region4_1646037696
2021-10-05 07:24,706165509,2285905,50175,2,region4_1646037697
2021-10-05 07:24,706165509,150,916917,2,region4_1646037697
2021-10-05 07:24,707354655,1869850,4238337,2,region4_1646037696
2021-10-05 07:24,706277202,0,614289,4,region4_1646037696
2021-10-05 07:24,706353791,2650703,5737905,2,region4_1646037696
2021-10-05 07:24,706157493,8080583,6830690,2,region4_1646037697
2021-10-05 07:24,707000573,2590668,1048576,2,region4_1646037696
2021-10-05 07:24,706369475,1294299,7094309,2,region4_1646037697
2021-10-05 07:24,707487400,0,1048576,2,region4_1646037703
2021-10-05 07:24,706822163,1048133,447561,2,region4_1646037697
2021-10-05 07:24,707403753,0,8388608,5,region4_1646037700
2021-10-05 07:24,706815547,18362,8351884,1,region4_1646037696
2021-10-05 07:24,707371231,3256515,3975,2,region4_1646037703
2021-10-05 07:24,707371231,3592197,16384,2,region4_1646037703
2021-10-05 07:24,706487798,46308,27951,2,region4_1646037697
2021-10-05 07:24,706849929,0,8388608,2,region4_1646037698
2021-10-05 07:24,707500824,3170859,2109902,2,region4_1646037696
2021-10-05 07:24,706807238,1877424,46776,2,region4_1646037697
2021-10-05 07:24,706807238,1845176,27940,2,region4_1646037697
2021-10-05 07:24,706487798,1458284,1313294,2,region4_1646037697
2021-10-05 07:24,706996632,0,1379070,1,region4_1646037696
2021-10-05 07:24,706165509,1951997,2156920,2,region4_1646037697
2021-10-05 07:24,706165509,150,897087,2,region4_1646037697
2021-10-05 07:24,706735287,0,5907017,2,region4_1646037697
2021-10-05 07:24,707543071,0,8388608,2,region4_1646037696
2021-10-05 07:24,707283003,0,8388608,3,region4_1646037696
2021-10-05 07:24,706350841,0,2891544,2,region4_1646037697
2021-10-05 07:24,707346435,0,7698,5,region4_1646037700
2021-10-05 07:24,707456955,0,500298,5,region4_1646037700
2021-10-05 07:24,707478107,0,1048576,5,region4_1646037700
2021-10-05 07:24,706735287,5907017,8388608,2,region4_1646037697
2021-10-05 07:24,706974994,2841471,2038902,2,region4_1646037697
2021-10-05 07:24,707548872,0,8388608,5,region4_1646037700
2021-10-05 07:24,707574930,1048576,498724,5,region4_1646037700
2021-10-05 07:24,707574930,0,1048576,5,region4_1646037700
2021-10-05 07:24,706231915,0,8388608,2,region4_1646037698
2021-10-05 07:24,706323412,844038,265431,2,region4_1646037697
2021-10-05 07:24,706412369,0,1144,2,region4_1646037703
2021-10-05 07:24,707384070,0,8388608,2,region4_1646037698
2021-10-05 07:24,707478107,1048576,1048576,5,region4_1646037700
2021-10-05 07:24,707478107,4194304,1048576,5,region4_1646037700
2021-10-05 07:24,707478107,3145728,1048576,5,region4_1646037700
2021-10-05 07:24,707478107,7340032,1048576,5,region4_1646037700
2021-10-05 07:24,707478107,6291456,1048576,5,region4_1646037700
2021-10-05 07:24,707478107,5242880,1048576,5,region4_1646037700
2021-10-05 07:24,707478107,2097152,1048576,5,region4_1646037700
2021-10-05 07:24,706735287,14295625,358155,2,region4_1646037697
2021-10-05 07:24,706686821,0,276,1,region4_1646037697
2021-10-05 07:24,707340331,8171888,122646,2,region4_1646037697
2021-10-05 07:24,707340331,8170257,1447,2,region4_1646037697
2021-10-05 07:24,706487798,46308,27951,2,region4_1646037697
2021-10-05 07:24,706686821,276,8388056,1,region4_1646037697
2021-10-05 07:24,706610983,0,2578334,2,region4_1646037697
2021-10-05 07:24,707475616,0,7244731,2,region4_1646037698
2021-10-05 07:24,707589717,2097152,1048576,5,region4_1646037700
2021-10-05 07:24,707589717,1048576,1048576,5,region4_1646037700
2021-10-05 07:24,707589717,0,1048576,5,region4_1646037700
2021-10-05 07:24,707398833,0,575328,5,region4_1646037700
2021-10-05 07:24,706706474,2759828,7981,2,region4_1646037697
2021-10-05 07:24,706706474,1922700,29454,2,region4_1646037697
2021-10-05 07:24,706706474,2767809,16384,2,region4_1646037697
2021-10-05 07:24,706234784,0,173763,2,region4_1646037696
2021-10-05 07:24,707589717,6291456,1048576,5,region4_1646037700
2021-10-05 07:24,707589717,7340032,1048576,5,region4_1646037700
2021-10-05 07:24,707589717,5242880,1048576,5,region4_1646037700
2021-10-05 07:24,707589717,4194304,1048576,5,region4_1646037700
2021-10-05 07:24,707589717,3145728,1048576,5,region4_1646037700
2021-10-05 07:24,707333971,0,1491217,2,region4_1646037697
2021-10-05 07:24,707333971,1491217,3256020,2,region4_1646037697
2021-10-05 07:24,706566024,0,2641797,2,region4_1646037697
2021-10-05 07:24,706974994,2841471,2038902,2,region4_1646037697
2021-10-05 07:24,706280414,0,6112070,2,region4_1646037698
2021-10-05 07:24,706264534,0,3551531,2,region4_1646037697
2021-10-05 07:24,707497974,7936415,266218,2,region4_1646037696
2021-10-05 07:24,706169177,0,184363,2,region4_1646037697
2021-10-05 07:24,706973963,23,8386578,2,region4_1646037697
2021-10-05 07:24,707316899,0,8371861,2,region4_1646037697
2021-10-05 07:24,706397910,0,1224840,2,region4_1646037696
2021-10-05 07:24,706973963,8386601,2007,2,region4_1646037697
2021-10-05 07:24,706374077,2329047,1521484,2,region4_1646037697
2021-10-05 07:24,706374077,2319868,9128,2,region4_1646037697
2021-10-05 07:24,707408711,0,1870093,2,region4_1646037703
2021-10-05 07:24,707412164,0,8388608,4,region4_1646037702
2021-10-05 07:24,706169177,0,1212781,2,region4_1646037697
2021-10-05 07:24,706921961,0,586,1,region4_1646037697
2021-10-05 07:24,706921961,586,8387436,1,region4_1646037697
2021-10-05 07:24,707555367,4345678,333344,2,region4_1646037696
2021-10-05 07:24,707603755,0,8388608,5,region4_1646037700
2021-10-05 07:24,706321980,0,1270,2,region4_1646037703
2021-10-05 07:24,706321980,0,1270,2,region4_1646037703
2021-10-05 07:24,707316899,8371861,16747,2,region4_1646037697
2021-10-05 07:24,706338764,628968,361175,2,region4_1646037697
2021-10-05 07:24,706386117,5838676,4412,2,region4_1646037696
2021-10-05 07:24,707546472,0,4194304,2,region4_1646037698
2021-10-05 07:24,707578377,0,3457733,2,region4_1646037696
2021-10-05 07:24,706421665,0,2445,2,region4_1646037703
2021-10-05 07:24,706421665,0,2445,2,region4_1646037703
2021-10-05 07:24,706429571,1044264,2864671,2,region4_1646037696
2021-10-05 07:24,707506207,7796974,591634,2,region4_1646037697
2021-10-05 07:24,707546472,4194304,4194304,2,region4_1646037698
2021-10-05 07:24,706483286,1784088,1696,2,region4_1646037697
2021-10-05 07:24,706483286,0,1784088,2,region4_1646037697
2021-10-05 07:24,706483286,1901479,16384,2,region4_1646037697
2021-10-05 07:24,707506207,0,7796974,2,region4_1646037697
2021-10-05 07:24,706307302,7534619,561,2,region4_1646037697
2021-10-05 07:24,706307302,7536061,852547,2,region4_1646037697
2021-10-05 07:24,706307302,0,57992,2,region4_1646037697
2021-10-05 07:24,706677836,0,745918,2,region4_1646037697
2021-10-05 07:24,706343680,0,1268,2,region4_1646037703
2021-10-05 07:24,706343680,0,1268,2,region4_1646037703
2021-10-05 07:24,706234784,0,173763,2,region4_1646037697
2021-10-05 07:24,707415726,0,8388608,2,region4_1646037698
2021-10-05 07:24,706396222,150,862900,2,region4_1646037697
2021-10-05 07:24,706396222,1928208,2106250,2,region4_1646037697
2021-10-05 07:24,707051978,1985606,29570,2,region4_1646037697
2021-10-05 07:24,707491887,6044297,8388608,2,region4_1646037697
2021-10-05 07:24,707491887,0,6044297,2,region4_1646037697
2021-10-05 07:24,706333704,0,2677,2,region4_1646037703
2021-10-05 07:24,706333704,0,2677,2,region4_1646037703
2021-10-05 07:24,707402348,0,538579,5,region4_1646037700
2021-10-05 07:24,707429262,0,1186891,2,region4_1646037696
2021-10-05 07:24,707469137,0,8388608,2,region4_1646037701
2021-10-05 07:24,707491887,14432905,163633,2,region4_1646037697
2021-10-05 07:24,706168434,2382355,50349,2,region4_1646037697
2021-10-05 07:24,706168434,150,916258,2,region4_1646037697
2021-10-05 07:24,706630141,0,1362635,2,region4_1646037697
2021-10-05 07:24,706667064,1119193,80463,2,region4_1646037697
2021-10-05 07:24,707337438,0,8388608,2,region4_1646037698
2021-10-05 07:24,707353475,19196,67339,2,region4_1646037703
2021-10-05 07:24,707359120,0,3336741,2,region4_1646037696
2021-10-05 07:24,706832975,0,6262001,2,region4_1646037696
2021-10-05 07:24,706351888,2764147,9010,2,region4_1646037697
2021-10-05 07:24,706351888,2773240,1329486,2,region4_1646037697
2021-10-05 07:24,707162360,17201,2446491,2,region4_1646037697
2021-10-05 07:24,707353475,1773597,2444519,2,region4_1646037703
2021-10-05 07:24,707353475,5824374,2564234,2,region4_1646037703
2021-10-05 07:24,706460134,6862436,98961,2,region4_1646037696
2021-10-05 07:24,706838018,0,8388608,2,region4_1646037696
2021-10-05 07:24,707316899,0,8371861,2,region4_1646037697
2021-10-05 07:24,706443599,0,8388608,2,region4_1646037696
2021-10-05 07:24,706429571,854144,3054791,2,region4_1646037697
2021-10-05 07:24,706429571,1044264,2864671,2,region4_1646037696
2021-10-05 07:24,706429571,844684,9393,2,region4_1646037697
2021-10-05 07:24,707316899,8371861,16747,2,region4_1646037697
2021-10-05 07:24,707084184,4814539,16384,2,region4_1646037697
2021-10-05 07:24,707084184,4629497,1806,2,region4_1646037697
2021-10-05 07:24,707482937,8344278,44330,2,region4_1646037696
2021-10-05 07:24,707482937,4564447,240553,2,region4_1646037696
2021-10-05 07:24,707359736,0,8388608,2,region4_1646037698
2021-10-05 07:24,707084184,4814539,16384,2,region4_1646037697
2021-10-05 07:24,707577740,0,7386382,2,region4_1646037698
2021-10-05 07:24,706234784,0,173763,2,region4_1646037696
2021-10-05 07:24,707141589,0,370224,2,region4_1646037696
2021-10-05 07:24,706235452,2722,1881425,2,region4_1646037697
2021-10-05 07:24,707352215,0,5493264,3,region4_1646037699
2021-10-05 07:24,707468054,4693847,16384,2,region4_1646037697
2021-10-05 07:24,707468054,4696001,1465,2,region4_1646037697
2021-10-05 07:24,707468054,4693847,16384,2,region4_1646037697
2021-10-05 07:24,706165509,1686586,649494,2,region4_1646037696
2021-10-05 07:24,707069557,0,952504,2,region4_1646037697
2021-10-05 07:24,707069557,952504,7436104,2,region4_1646037697
2021-10-05 07:24,707595734,0,8388608,2,region4_1646037701
2021-10-05 07:24,707349946,0,4238459,5,region4_1646037700
2021-10-05 07:24,706165509,442035,8788,2,region4_1646037696
2021-10-05 07:24,706438291,0,2960633,2,region4_1646037697
2021-10-05 07:24,707045670,0,14888979,2,region4_1646037706
2021-10-05 07:24,707368303,354,3771734,2,region4_1646037697
2021-10-05 07:24,707598526,6736500,1413673,2,region4_1646037696
2021-10-05 07:24,707219643,2069873,16384,2,region4_1646037697
2021-10-05 07:24,707219643,85723,1933718,2,region4_1646037697
2021-10-05 07:24,707219643,2019441,6288,2,region4_1646037697
2021-10-05 07:25,706976876,0,8388608,2,region4_1646037696
2021-10-05 07:25,707381929,0,10789709,4,region4_1646037697
2021-10-05 07:25,707564324,0,57088,5,region4_1646037700
2021-10-05 07:25,707322370,6430928,1957680,2,region4_1646037697
2021-10-05 07:25,707598526,2629918,297474,2,region4_1646037696
2021-10-05 07:25,707357064,0,4747995,4,region4_1646037698
2021-10-05 07:25,707597278,6705811,1682797,2,region4_1646037696
2021-10-05 07:25,707364337,1965418,1048576,2,region4_1646037696
2021-10-05 07:25,707478168,0,7382370,2,region4_1646037698
2021-10-05 07:25,707545789,1514669,6873939,2,region4_1646037697
2021-10-05 07:25,707545789,0,1514669,2,region4_1646037697
2021-10-05 07:25,707603872,7449789,86023,2,region4_1646037697
2021-10-05 07:25,706807238,1877424,46776,2,region4_1646037697
2021-10-05 07:25,706807238,1845176,27940,2,region4_1646037697
2021-10-05 07:25,706822163,1048133,447561,2,region4_1646037697
2021-10-05 07:25,707512007,0,6476289,2,region4_1646037698
2021-10-05 07:25,707578387,2862907,16384,2,region4_1646037697
2021-10-05 07:25,707162360,17201,2446491,2,region4_1646037697
2021-10-05 07:25,706421665,0,2445,2,region4_1646037703
2021-10-05 07:25,707051978,2823766,8063,2,region4_1646037697
2021-10-05 07:25,707051978,1985606,29570,2,region4_1646037697
2021-10-05 07:25,707066517,3419412,4134818,2,region4_1646037696
2021-10-05 07:25,707066517,0,2535358,2,region4_1646037696
2021-10-05 07:25,707412346,0,3325636,2,region4_1646037698
2021-10-05 07:25,706273422,191827,7211305,2,region4_1646037703
2021-10-05 07:25,706273422,0,191827,2,region4_1646037703
2021-10-05 07:25,706483753,0,6047975,2,region4_1646037697
2021-10-05 07:25,706483753,6047975,2340633,2,region4_1646037697
2021-10-05 07:25,707412346,3325636,11496458,2,region4_1646037698
2021-10-05 07:25,707472877,0,8388608,4,region4_1646037696
2021-10-05 07:25,706435536,0,2903031,2,region4_1646037697
2021-10-05 07:25,706601035,0,8388608,2,region4_1646037696
2021-10-05 07:25,706970665,0,4194304,2,region4_1646037698
2021-10-05 07:25,707018786,29793,8093,2,region4_1646037696
2021-10-05 07:25,707018786,1427614,39498,2,region4_1646037696
2021-10-05 07:25,707006311,0,70,1,region4_1646037696
2021-10-05 07:25,706165914,4101604,16384,2,region4_1646037697
2021-10-05 07:25,706165914,3839704,8723,2,region4_1646037697
2021-10-05 07:25,706492303,1677356,2403,2,region4_1646037697
2021-10-05 07:25,706492303,1714091,16384,2,region4_1646037697
2021-10-05 07:25,706970665,4194304,4194304,2,region4_1646037698
2021-10-05 07:25,706489341,3122735,931578,2,region4_1646037697
2021-10-05 07:25,706489341,3113953,8699,2,region4_1646037697
2021-10-05 07:25,707551491,0,4818708,4,region4_1646037698
2021-10-05 07:25,707051978,2831829,16384,2,region4_1646037697
2021-10-05 07:25,707051978,2823766,8063,2,region4_1646037697
2021-10-05 07:25,706580525,0,6242668,2,region4_1646037698
2021-10-05 07:25,706795586,5516235,16384,2,region4_1646037697
2021-10-05 07:25,706795586,5470723,3076,2,region4_1646037697
2021-10-05 07:25,706638042,1428725,1303355,2,region4_1646037697
2021-10-05 07:25,706665237,3127906,873650,2,region4_1646037697
2021-10-05 07:25,706665237,3119216,8607,2,region4_1646037697
2021-10-05 07:25,706568536,0,7981127,2,region4_1646037701
2021-10-05 07:25,706957898,0,7794585,2,region4_1646037697
2021-10-05 07:25,706680552,0,5697997,2,region4_1646037697
2021-10-05 07:25,707521773,0,8388608,2,region4_1646037698
2021-10-05 07:25,706386185,1868495,155439,2,region4_1646037697
2021-10-05 07:25,706386185,18714,202085,2,region4_1646037697
2021-10-05 07:25,706957898,7794585,594023,2,region4_1646037697
2021-10-05 07:25,706680552,5697997,2690611,2,region4_1646037697
2021-10-05 07:25,706278498,0,3378255,2,region4_1646037696
2021-10-05 07:25,706156065,150,135429,2,region4_1646037697
2021-10-05 07:25,706859800,0,7710,1,region4_1646037696
2021-10-05 07:25,706501619,0,1096376,2,region4_1646037697
2021-10-05 07:25,707113643,1150390,866566,2,region4_1646037697
2021-10-05 07:25,706156065,2321666,50431,2,region4_1646037697
2021-10-05 07:25,706859800,7710,8377041,1,region4_1646037696
2021-10-05 07:25,706674859,0,8388608,2,region4_1646037696
2021-10-05 07:25,707545137,0,424410,2,region4_1646037696
2021-10-05 07:25,706299445,0,98029,2,region4_1646037697
2021-10-05 07:25,707626640,3078937,2585917,2,region4_1646037701
2021-10-05 07:25,707626640,7898601,490007,2,region4_1646037701
2021-10-05 07:25,707626640,115966,80616,2,region4_1646037701
2021-10-05 07:25,706580278,0,24,1,region4_1646037697
2021-10-05 07:25,706302550,0,3025679,2,region4_1646037697
2021-10-05 07:25,707538926,0,333616,2,region4_1646037701
2021-10-05 07:25,707538926,2762051,4429612,2,region4_1646037701
2021-10-05 07:25,706495023,0,8388608,2,region4_1646037701
2021-10-05 07:25,706957898,0,7794585,2,region4_1646037697
2021-10-05 07:25,706580278,0,24,1,region4_1646037697
2021-10-05 07:25,706856243,0,6864639,2,region4_1646037696
2021-10-05 07:25,707532215,0,282697,2,region4_1646037697
2021-10-05 07:25,707574132,0,8388608,2,region4_1646037698
2021-10-05 07:25,706957898,7794585,594023,2,region4_1646037697
2021-10-05 07:25,706988406,2742196,7882,2,region4_1646037697
2021-10-05 07:25,706988406,2750078,16384,2,region4_1646037697
2021-10-05 07:25,707037458,0,3298777,2,region4_1646037697
2021-10-05 07:25,707618792,0,8388608,4,region4_1646037702
2021-10-05 07:25,707632589,3807903,353548,2,region4_1646037696
2021-10-05 07:25,706937628,6491272,1897336,2,region4_1646037696
2021-10-05 07:25,706988406,1904525,29426,2,region4_1646037697
2021-10-05 07:25,707037458,3298777,4368300,2,region4_1646037697
2021-10-05 07:25,706165511,2333437,49218,2,region4_1646037697
2021-10-05 07:25,706165511,150,135344,2,region4_1646037697
2021-10-05 07:25,706677836,0,745918,2,region4_1646037697
2021-10-05 07:25,706355032,1260967,1994011,2,region4_1646037696
2021-10-05 07:25,706355032,5513487,881077,2,region4_1646037696
2021-10-05 07:25,707463244,0,3216761,2,region4_1646037696
2021-10-05 07:25,706579702,0,527230,2,region4_1646037697
2021-10-05 07:25,707512649,0,591418,2,region4_1646037697
2021-10-05 07:25,706867918,0,1246312,2,region4_1646037697
2021-10-05 07:25,706351888,3009488,1007376,2,region4_1646037696
2021-10-05 07:25,707571477,0,8388608,5,region4_1646037700
2021-10-05 07:25,707638200,0,2734659,5,region4_1646037700
2021-10-05 07:25,706338764,628968,361175,2,region4_1646037696
2021-10-05 07:25,706988406,1904525,29426,2,region4_1646037697
2021-10-05 07:25,706988406,2742196,7882,2,region4_1646037697
2021-10-05 07:25,706983393,0,4528005,2,region4_1646037698
2021-10-05 07:25,706299445,0,98029,2,region4_1646037697
2021-10-05 07:25,706454541,3794013,4594595,2,region4_1646037697
2021-10-05 07:25,706454541,0,3794013,2,region4_1646037697
2021-10-05 07:25,706299445,0,98029,2,region4_1646037697
2021-10-05 07:25,706257509,0,8388608,2,region4_1646037696
2021-10-05 07:25,706830625,0,1066628,2,region4_1646037697
2021-10-05 07:25,706404007,7158507,1230101,2,region4_1646037696
2021-10-05 07:25,706156325,3427261,634039,2,region4_1646037697
2021-10-05 07:25,706979409,0,7256023,2,region4_1646037697
2021-10-05 07:25,707197357,0,610507,1,region4_1646037697
2021-10-05 07:25,707197357,610507,7167594,1,region4_1646037697
2021-10-05 07:25,707542289,0,8388608,3,region4_1646037696
2021-10-05 07:25,707555328,0,8388608,2,region4_1646037696
2021-10-05 07:25,706932212,0,8388608,3,region4_1646037699
2021-10-05 07:25,707628046,1592703,6795905,2,region4_1646037701
2021-10-05 07:25,707628046,0,160532,2,region4_1646037701
2021-10-05 07:25,706410035,5823307,2565301,2,region4_1646037697
2021-10-05 07:25,707007510,0,6471818,2,region4_1646037697
2021-10-05 07:25,707450655,0,8388608,2,region4_1646037696
2021-10-05 07:25,706973963,23,8386578,2,region4_1646037697
2021-10-05 07:25,707454281,0,463569,2,region4_1646037696
2021-10-05 07:25,707492833,0,8388608,2,region4_1646037696
2021-10-05 07:25,707523488,0,8388608,3,region4_1646037696
2021-10-05 07:25,707553374,0,8388608,2,region4_1646037698
2021-10-05 07:25,706351888,3009488,1007376,2,region4_1646037696
2021-10-05 07:25,706410035,5823307,2565301,2,region4_1646037697
2021-10-05 07:25,706428724,1923,2927963,2,region4_1646037697
2021-10-05 07:25,706428724,4093730,4294878,2,region4_1646037697
2021-10-05 07:25,706973963,8386601,2007,2,region4_1646037697
2021-10-05 07:25,707007510,6471818,1916790,2,region4_1646037697
2021-10-05 07:25,706437057,261,1095386,2,region4_1646037697
2021-10-05 07:25,706437057,3343123,428975,2,region4_1646037697
2021-10-05 07:25,706437057,5983926,645271,2,region4_1646037697
2021-10-05 07:25,706168434,444701,8661,2,region4_1646037696
2021-10-05 07:25,706168434,1585537,847167,2,region4_1646037696
2021-10-05 07:25,707113643,794338,1222618,2,region4_1646037697
2021-10-05 07:25,707010014,0,3375488,2,region4_1646037696
2021-10-05 07:25,706488605,0,8388608,2,region4_1646037696
2021-10-05 07:25,707433804,0,239515,2,region4_1646037697
2021-10-05 07:25,707469052,0,8388608,3,region4_1646037696
2021-10-05 07:25,706165509,150,134818,2,region4_1646037697
2021-10-05 07:25,706165509,2285905,50175,2,region4_1646037697
2021-10-05 07:25,706706474,2759828,7981,2,region4_1646037697
2021-10-05 07:25,706706474,2767809,16384,2,region4_1646037697
2021-10-05 07:25,706999878,3512616,1540204,2,region4_1646037697
2021-10-05 07:25,706999878,4877341,2417,2,region4_1646037697
2021-10-05 07:25,707242667,0,8388520,3,region4_1646037697
2021-10-05 07:25,707433804,3920906,4467702,2,region4_1646037697
2021-10-05 07:25,706468423,6491827,1133291,2,region4_1646037697
2021-10-05 07:25,707051978,1985606,29570,2,region4_1646037697
2021-10-05 07:25,707051978,2831829,16384,2,region4_1646037697
2021-10-05 07:25,706706474,1922700,29454,2,region4_1646037697
2021-10-05 07:25,706999878,0,1449835,2,region4_1646037697
2021-10-05 07:25,707471006,0,14833708,2,region4_1646037701
2021-10-05 07:25,706170737,3958829,16384,2,region4_1646037697
2021-10-05 07:25,706170737,3696993,8612,2,region4_1646037697
2021-10-05 07:25,707162360,844188,52498,2,region4_1646037697
2021-10-05 07:25,707162360,17201,2446491,2,region4_1646037697
2021-10-05 07:25,707500805,7745359,271037,2,region4_1646037696
2021-10-05 07:25,706239617,1746870,867731,2,region4_1646037697
2021-10-05 07:25,706239617,0,145342,2,region4_1646037697
2021-10-05 07:25,707633907,0,678230,2,region4_1646037697
2021-10-05 07:25,707633907,678230,4190192,2,region4_1646037697
2021-10-05 07:25,706973963,23,8386578,2,region4_1646037697
2021-10-05 07:25,707619621,0,8388608,2,region4_1646037698
2021-10-05 07:25,706931385,355,3649253,2,region4_1646037697
2021-10-05 07:25,707481857,1379307,401230,2,region4_1646037697
2021-10-05 07:25,707481857,3363,225370,2,region4_1646037697
2021-10-05 07:25,707481857,3348060,3333202,2,region4_1646037697
2021-10-05 07:25,707481857,7990764,397844,2,region4_1646037697
2021-10-05 07:25,706168434,1585537,847167,2,region4_1646037696
2021-10-05 07:25,707570184,0,8372622,3,region4_1646037699
2021-10-05 07:25,706973963,8386601,2007,2,region4_1646037697
2021-10-05 07:25,707030832,0,8388608,2,region4_1646037698
2021-10-05 07:25,707253514,0,8388608,2,region4_1646037698
2021-10-05 07:25,706970170,0,1652197,2,region4_1646037698
2021-10-05 07:25,706369475,1294299,7094309,2,region4_1646037697
2021-10-05 07:25,707481072,0,14813325,2,region4_1646037698
2021-10-05 07:25,706760321,5037675,8388608,2,region4_1646037697
2021-10-05 07:25,706760321,0,459777,2,region4_1646037697
2021-10-05 07:25,706156065,150,3946389,2,region4_1646037697
2021-10-05 07:25,707024457,491122,254064,2,region4_1646037696
2021-10-05 07:25,707024457,4486369,941223,2,region4_1646037696
2021-10-05 07:25,707354655,1869850,4238337,2,region4_1646037696
2021-10-05 07:25,707623612,0,8253072,2,region4_1646037697
2021-10-05 07:25,706789909,849519,7539089,2,region4_1646037701
2021-10-05 07:25,707013883,0,8241439,4,region4_1646037702
2021-10-05 07:25,707463306,0,6935530,2,region4_1646037698
2021-10-05 07:25,706760321,13426283,1193426,2,region4_1646037697
2021-10-05 07:25,707603065,0,1366928,1,region4_1646037696
2021-10-05 07:25,707040311,0,10790888,4,region4_1646037697
2021-10-05 07:25,707591835,0,8388608,2,region4_1646037701
2021-10-05 07:25,707600402,0,8515588,2,region4_1646037698
2021-10-05 07:25,707603065,1366928,1366928,1,region4_1646037696
2021-10-05 07:25,707506207,7796974,591634,2,region4_1646037697
2021-10-05 07:25,707600402,8515588,2503509,2,region4_1646037698
2021-10-05 07:25,707603065,2733856,1366928,1,region4_1646037696
2021-10-05 07:25,706988406,2750078,16384,2,region4_1646037697
2021-10-05 07:25,706988406,2742196,7882,2,region4_1646037697
2021-10-05 07:25,706988406,1904525,29426,2,region4_1646037697
2021-10-05 07:25,706593806,0,1344,2,region4_1646037703
2021-10-05 07:25,706593806,0,1344,2,region4_1646037703
2021-10-05 07:25,707027798,6501189,1887419,2,region4_1646037696
2021-10-05 07:25,706205242,0,11875,2,region4_1646037703
2021-10-05 07:25,707506207,0,7796974,2,region4_1646037697
2021-10-05 07:25,706165511,150,4062244,2,region4_1646037697
2021-10-05 07:25,706386117,1900860,13508,2,region4_1646037697
2021-10-05 07:25,706386117,5838676,4412,2,region4_1646037697
2021-10-05 07:25,706386117,1922086,82971,2,region4_1646037697
2021-10-05 07:25,706539990,0,6041,2,region4_1646037697
2021-10-05 07:25,706667064,1119193,80463,2,region4_1646037697
2021-10-05 07:25,707113643,1150390,866566,2,region4_1646037697
2021-10-05 07:25,707603065,4100784,1366928,1,region4_1646037696
2021-10-05 07:25,706355032,1260967,800914,2,region4_1646037697
2021-10-05 07:25,706355032,2837,34582,2,region4_1646037697
2021-10-05 07:25,706441900,6103680,16384,2,region4_1646037697
2021-10-05 07:25,706441900,6103619,61,2,region4_1646037697
2021-10-05 07:25,706441900,6103619,61,2,region4_1646037697
2021-10-05 07:25,706441900,1653452,14000,2,region4_1646037697
2021-10-05 07:25,706441900,6103680,16384,2,region4_1646037697
2021-10-05 07:25,707603065,5467712,1366928,1,region4_1646037696
2021-10-05 07:25,706948438,0,900876,4,region4_1646037696
2021-10-05 07:25,706321527,0,115753,2,region4_1646037696
2021-10-05 07:25,707024440,0,8388608,2,region4_1646037698
2021-10-05 07:25,707043441,65573,237694,2,region4_1646037696
2021-10-05 07:25,707043441,3797147,881984,2,region4_1646037696
2021-10-05 07:25,707511298,6730011,886073,2,region4_1646037696
2021-10-05 07:25,707511298,2979583,232611,2,region4_1646037696
2021-10-05 07:25,706321527,152767,3222066,2,region4_1646037696
2021-10-05 07:25,707000573,0,3552385,2,region4_1646037696
2021-10-05 07:25,707586507,3625325,16384,2,region4_1646037697
2021-10-05 07:25,707603065,6834640,1366928,1,region4_1646037696
2021-10-05 07:25,707024097,1048576,1048576,5,region4_1646037700
2021-10-05 07:25,707024097,0,1048576,5,region4_1646037700
2021-10-05 07:25,707541680,0,2061397,2,region4_1646037701
2021-10-05 07:25,707541680,4096406,4292202,2,region4_1646037701
2021-10-05 07:25,707603065,8201568,187040,1,region4_1646037696
2021-10-05 07:25,706985996,19110,3169901,2,region4_1646037696
2021-10-05 07:25,706156325,1084144,736470,2,region4_1646037697
2021-10-05 07:25,706156325,0,19701,2,region4_1646037697
2021-10-05 07:25,706156325,3427261,310811,2,region4_1646037697
2021-10-05 07:25,707024097,2097152,1048576,5,region4_1646037700
2021-10-05 07:25,707494605,0,8388608,2,region4_1646037698
2021-10-05 07:25,707506207,0,7796974,2,region4_1646037697
2021-10-05 07:25,707506207,7796974,591634,2,region4_1646037697
2021-10-05 07:25,707623612,8253072,135536,2,region4_1646037697
2021-10-05 07:25,707024097,3145728,1048576,5,region4_1646037700
2021-10-05 07:25,707586507,3311688,2861,2,region4_1646037697
2021-10-05 07:25,707586507,3625325,16384,2,region4_1646037697
2021-10-05 07:25,706496624,2123998,2226748,2,region4_1646037697
2021-10-05 07:25,706496624,234,402640,2,region4_1646037697
2021-10-05 07:25,706230918,7514841,565,2,region4_1646037697
2021-10-05 07:25,706230918,7516275,872333,2,region4_1646037697
2021-10-05 07:25,706230918,0,50048,2,region4_1646037697
2021-10-05 07:25,707024097,4194304,51507,5,region4_1646037700
2021-10-05 07:25,707049775,4910588,1828678,2,region4_1646037696
2021-10-05 07:25,707069557,0,952504,2,region4_1646037697
2021-10-05 07:25,707586507,0,228993,2,region4_1646037697
2021-10-05 07:25,706972183,0,8388608,5,region4_1646037700
2021-10-05 07:25,706412369,0,1144,2,region4_1646037703
2021-10-05 07:25,706412369,0,1144,2,region4_1646037703
2021-10-05 07:25,707021262,0,8388608,2,region4_1646037698
2021-10-05 07:25,707069557,952504,7436104,2,region4_1646037697
2021-10-05 07:25,706988406,2750078,16384,2,region4_1646037697
2021-10-05 07:25,707050951,0,3372707,2,region4_1646037696
2021-10-05 07:25,706165509,150,4108767,2,region4_1646037697
2021-10-05 07:25,706169177,8292,2730377,2,region4_1646037697
2021-10-05 07:25,706169177,7736922,651686,2,region4_1646037697
2021-10-05 07:25,706549648,5383119,3005489,2,region4_1646037697
2021-10-05 07:25,706537323,0,23889,2,region4_1646037696
2021-10-05 07:25,707591796,4658503,387658,2,region4_1646037697
2021-10-05 07:25,707591796,7127,1675260,2,region4_1646037697
2021-10-05 07:25,706983629,7288585,129122,2,region4_1646037697
2021-10-05 07:25,706983629,7286950,1451,2,region4_1646037697
2021-10-05 07:25,707019726,4917982,1451,2,region4_1646037697
2021-10-05 07:25,707019726,4915839,16384,2,region4_1646037697
2021-10-05 07:25,707019726,4915839,16384,2,region4_1646037697
2021-10-05 07:25,706549648,0,5383119,2,region4_1646037697
2021-10-05 07:25,706537323,60744,3314846,2,region4_1646037696
2021-10-05 07:26,707025485,4255105,447659,2,region4_1646037697
2021-10-05 07:26,707025485,0,4255105,2,region4_1646037697
2021-10-05 07:26,707522312,717243,4795869,2,region4_1646037697
2021-10-05 07:26,707522312,0,717243,2,region4_1646037697
2021-10-05 07:26,706951871,0,8388608,2,region4_1646037698
2021-10-05 07:26,706864569,0,636,1,region4_1646037697
2021-10-05 07:26,707051877,1494364,3629828,2,region4_1646037697
2021-10-05 07:26,707051877,0,1494364,2,region4_1646037697
2021-10-05 07:26,706668581,0,2579920,2,region4_1646037696
2021-10-05 07:26,707572804,0,112381,2,region4_1646037697
2021-10-05 07:26,707572804,1337870,2586,2,region4_1646037697
2021-10-05 07:26,707004058,14633546,616,2,region4_1646037697
2021-10-05 07:26,706864569,636,8387653,1,region4_1646037697
2021-10-05 07:26,707069557,0,952504,2,region4_1646037697
2021-10-05 07:26,706169177,7736922,651686,2,region4_1646037697
2021-10-05 07:26,706169177,8292,2730377,2,region4_1646037697
2021-10-05 07:26,707046605,7340032,1048576,5,region4_1646037700
2021-10-05 07:26,707046605,6291456,1048576,5,region4_1646037700
2021-10-05 07:26,707046605,5242880,1048576,5,region4_1646037700
2021-10-05 07:26,707046605,4194304,1048576,5,region4_1646037700
2021-10-05 07:26,707046605,3145728,1048576,5,region4_1646037700
2021-10-05 07:26,707046605,2097152,1048576,5,region4_1646037700
2021-10-05 07:26,707046605,1048576,1048576,5,region4_1646037700
2021-10-05 07:26,707046605,0,1048576,5,region4_1646037700
2021-10-05 07:26,707069557,952504,7436104,2,region4_1646037697
2021-10-05 07:26,706169177,8292,2730377,2,region4_1646037697
2021-10-05 07:26,707566053,0,5833461,2,region4_1646037697
2021-10-05 07:26,706961588,4390802,2882,2,region4_1646037697
2021-10-05 07:26,707566053,5833461,2555147,2,region4_1646037697
2021-10-05 07:26,706822163,1048133,447561,2,region4_1646037697
2021-10-05 07:26,707016259,2187552,351333,2,region4_1646037696
2021-10-05 07:26,707016259,6380426,114250,2,region4_1646037696
2021-10-05 07:26,706169177,7736922,651686,2,region4_1646037697
2021-10-05 07:26,706169177,8292,2730377,2,region4_1646037697
2021-10-05 07:26,706586146,3325225,2836093,2,region4_1646037701
2021-10-05 07:26,706586146,1282805,337735,2,region4_1646037701
2021-10-05 07:26,706321980,0,1270,2,region4_1646037703
2021-10-05 07:26,706807238,1845176,27940,2,region4_1646037697
2021-10-05 07:26,706807238,1877424,46776,2,region4_1646037697
2021-10-05 07:26,707004058,0,1096758,2,region4_1646037697
2021-10-05 07:26,707004058,1096758,8388608,2,region4_1646037697
2021-10-05 07:26,706393568,0,2972357,2,region4_1646037697
2021-10-05 07:26,706393568,2972357,5416251,2,region4_1646037697
2021-10-05 07:26,707601231,188,149352,2,region4_1646037697
2021-10-05 07:26,707004058,9485366,5148180,2,region4_1646037697
2021-10-05 07:26,707018159,2898110,266138,2,region4_1646037696
2021-10-05 07:26,707018159,8256978,131630,2,region4_1646037696
2021-10-05 07:26,707052578,0,6512105,2,region4_1646037697
2021-10-05 07:26,706429571,1044264,2864671,2,region4_1646037696
2021-10-05 07:26,706405790,0,5800900,2,region4_1646037697
2021-10-05 07:26,707070518,0,5950272,2,region4_1646037701
2021-10-05 07:26,706169177,7736922,651686,2,region4_1646037697
2021-10-05 07:26,707103295,0,373146,2,region4_1646037697
2021-10-05 07:26,707103295,373146,4352111,2,region4_1646037697
2021-10-05 07:26,707038357,0,598846,2,region4_1646037697
2021-10-05 07:26,707070518,8095115,293493,2,region4_1646037701
2021-10-05 07:26,706487798,1458284,1313294,2,region4_1646037697
2021-10-05 07:26,706487798,46308,27951,2,region4_1646037697
2021-10-05 07:26,706487798,78521,46240,2,region4_1646037697
2021-10-05 07:26,707038357,598846,4110381,2,region4_1646037697
2021-10-05 07:26,707540370,1659326,418357,2,region4_1646037696
2021-10-05 07:26,706319213,0,1312,2,region4_1646037703
2021-10-05 07:26,707560168,2412687,1633629,2,region4_1646037697
2021-10-05 07:26,706343680,0,1268,2,region4_1646037703
2021-10-05 07:26,706980789,0,8388608,2,region4_1646037701
2021-10-05 07:26,706333704,0,2677,2,region4_1646037703
2021-10-05 07:26,706333704,0,2677,2,region4_1646037703
2021-10-05 07:26,706943902,0,426112,2,region4_1646037696
2021-10-05 07:26,706428724,4093730,4294878,2,region4_1646037696
2021-10-05 07:26,706428724,2372081,557805,2,region4_1646037696
2021-10-05 07:26,706428724,104443,115096,2,region4_1646037696
2021-10-05 07:26,706329036,7106063,931922,2,region4_1646037696
2021-10-05 07:26,706329036,4784160,700574,2,region4_1646037696
2021-10-05 07:26,706356798,84793,935555,2,region4_1646037696
2021-10-05 07:26,707100429,4842341,1454,2,region4_1646037697
2021-10-05 07:26,707100429,4840162,16384,2,region4_1646037697
2021-10-05 07:26,707100429,4840162,16384,2,region4_1646037697
2021-10-05 07:26,707637618,0,8388608,3,region4_1646037699
2021-10-05 07:26,706457915,4577016,16384,2,region4_1646037697
2021-10-05 07:26,707606429,14610142,622,2,region4_1646037697
2021-10-05 07:26,706593806,0,1344,2,region4_1646037703
2021-10-05 07:26,706521159,0,1139506,2,region4_1646037697
2021-10-05 07:26,706965451,0,4399098,2,region4_1646037701
2021-10-05 07:26,706521159,1452803,6935805,2,region4_1646037697
2021-10-05 07:26,706882496,2721431,5667177,2,region4_1646037697
2021-10-05 07:26,706882496,0,2093125,2,region4_1646037697
2021-10-05 07:26,707563659,0,1889925,2,region4_1646037697
2021-10-05 07:26,706965451,368896,2482379,2,region4_1646037701
2021-10-05 07:26,706965451,7305020,37019,2,region4_1646037701
2021-10-05 07:26,707070139,0,2583225,2,region4_1646037697
2021-10-05 07:26,706795586,5470723,3076,2,region4_1646037697
2021-10-05 07:26,706795586,5516235,16384,2,region4_1646037697
2021-10-05 07:26,707038357,0,598846,2,region4_1646037697
2021-10-05 07:26,707606429,0,1411627,2,region4_1646037697
2021-10-05 07:26,707606429,1411627,8388608,2,region4_1646037697
2021-10-05 07:26,706955313,0,8388608,3,region4_1646037699
2021-10-05 07:26,707038357,598846,4110381,2,region4_1646037697
2021-10-05 07:26,707605918,0,482228,4,region4_1646037696
2021-10-05 07:26,707606429,9800235,4809907,2,region4_1646037697
2021-10-05 07:26,706951894,0,352447,2,region4_1646037696
2021-10-05 07:26,707037458,0,3298777,2,region4_1646037697
2021-10-05 07:26,706457915,4577016,16384,2,region4_1646037697
2021-10-05 07:26,707596545,0,345217,2,region4_1646037697
2021-10-05 07:26,706646439,7011496,16384,2,region4_1646037697
2021-10-05 07:26,706360534,355091,2226108,2,region4_1646037697
2021-10-05 07:26,707037458,3298777,4368300,2,region4_1646037697
2021-10-05 07:26,706646439,6836245,2436,2,region4_1646037697
2021-10-05 07:26,707077582,0,449961,2,region4_1646037696
2021-10-05 07:26,707108368,1775208,1902149,2,region4_1646037697
2021-10-05 07:26,706969412,0,5242880,2,region4_1646037703
2021-10-05 07:26,706986795,1048576,238080,5,region4_1646037700
2021-10-05 07:26,706986795,0,1048576,5,region4_1646037700
2021-10-05 07:26,706457915,4577016,16384,2,region4_1646037697
2021-10-05 07:26,706677836,0,745918,2,region4_1646037697
2021-10-05 07:26,707062090,7661684,726924,2,region4_1646037703
2021-10-05 07:26,707062090,0,791833,2,region4_1646037703
2021-10-05 07:26,707122560,6511550,424290,2,region4_1646037696
2021-10-05 07:26,707591891,0,535464,4,region4_1646037696
2021-10-05 07:26,706996879,0,8388608,2,region4_1646037698
2021-10-05 07:26,707037458,0,3298777,2,region4_1646037697
2021-10-05 07:26,707122560,3259330,1897834,2,region4_1646037696
2021-10-05 07:26,706421665,0,2445,2,region4_1646037703
2021-10-05 07:26,707037458,3298777,4368300,2,region4_1646037697
2021-10-05 07:26,707094734,2542347,16384,2,region4_1646037697
2021-10-05 07:26,707578499,0,8388608,2,region4_1646037698
2021-10-05 07:26,707607887,0,658861,5,region4_1646037700
2021-10-05 07:26,706156094,3997461,16384,2,region4_1646037703
2021-10-05 07:26,706999707,3154322,16384,2,region4_1646037703
2021-10-05 07:26,706999707,2772027,1550,2,region4_1646037703
2021-10-05 07:26,706999707,3154322,16384,2,region4_1646037703
2021-10-05 07:26,706630141,517025,2164069,2,region4_1646037697
2021-10-05 07:26,706630141,0,1362635,2,region4_1646037697
2021-10-05 07:26,707033121,7877106,511502,2,region4_1646037703
2021-10-05 07:26,706209848,0,20137,2,region4_1646037703
2021-10-05 07:26,706227525,3249466,548172,2,region4_1646037696
2021-10-05 07:26,706227525,995492,750849,2,region4_1646037696
2021-10-05 07:26,706383716,4456560,3932048,2,region4_1646037697
2021-10-05 07:26,706957075,17572,225258,2,region4_1646037703
2021-10-05 07:26,707007784,7771441,617167,2,region4_1646037703
2021-10-05 07:26,707007784,15920,203748,2,region4_1646037703
2021-10-05 07:26,706913841,0,8388348,1,region4_1646037697
2021-10-05 07:26,706978613,0,8388608,4,region4_1646037702
2021-10-05 07:26,707065500,6508639,1495239,2,region4_1646037696
2021-10-05 07:26,707065500,0,281408,2,region4_1646037696
2021-10-05 07:26,706495798,7524752,2382,2,region4_1646037697
2021-10-05 07:26,706495798,7713043,16384,2,region4_1646037697
2021-10-05 07:26,706404780,0,235,1,region4_1646037697
2021-10-05 07:26,706495798,0,2463729,2,region4_1646037697
2021-10-05 07:26,706495798,7713043,16384,2,region4_1646037697
2021-10-05 07:26,706338899,19581,3352794,2,region4_1646037696
2021-10-05 07:26,707022213,0,567446,4,region4_1646037696
2021-10-05 07:26,706404780,235,8388138,1,region4_1646037697
2021-10-05 07:26,707103312,0,8388608,2,region4_1646037701
2021-10-05 07:26,707114529,0,899333,2,region4_1646037696
2021-10-05 07:26,706496624,22,4818947,2,region4_1646037697
2021-10-05 07:26,706321980,0,1270,2,region4_1646037703
2021-10-05 07:26,706643650,4283627,2412,2,region4_1646037697
2021-10-05 07:26,706338899,250301,3122074,2,region4_1646037696
2021-10-05 07:26,706891377,1734943,92321,2,region4_1646037697
2021-10-05 07:26,707129207,2211553,2855,2,region4_1646037697
2021-10-05 07:26,706643650,6912501,287559,2,region4_1646037697
2021-10-05 07:26,706643650,4286442,1561046,2,region4_1646037697
2021-10-05 07:26,706643650,2970790,646015,2,region4_1646037697
2021-10-05 07:26,706405790,0,5800900,2,region4_1646037697
2021-10-05 07:26,706338764,628968,361175,2,region4_1646037696
2021-10-05 07:26,707038540,0,8388608,2,region4_1646037698
2021-10-05 07:26,707115544,0,7556654,2,region4_1646037701
2021-10-05 07:26,707601887,0,615769,4,region4_1646037696
2021-10-05 07:26,707384899,0,8388608,2,region4_1646037696
2021-10-05 07:26,706643650,5102289,717813,2,region4_1646037697
2021-10-05 07:26,706404780,0,235,1,region4_1646037697
2021-10-05 07:26,706961554,3145728,1048576,5,region4_1646037700
2021-10-05 07:26,706961554,1048576,1048576,5,region4_1646037700
2021-10-05 07:26,706961554,0,1048576,5,region4_1646037700
2021-10-05 07:26,706961554,2097152,1048576,5,region4_1646037700
2021-10-05 07:26,706996176,1402325,1411615,2,region4_1646037696
2021-10-05 07:26,706343680,0,1268,2,region4_1646037703
2021-10-05 07:26,707122992,1440332,2338,2,region4_1646037697
2021-10-05 07:26,707096817,6828823,1559785,2,region4_1646037703
2021-10-05 07:26,706954246,7340032,1048576,5,region4_1646037700
2021-10-05 07:26,706954246,6291456,1048576,5,region4_1646037700
2021-10-05 07:26,706954246,5242880,1048576,5,region4_1646037700
2021-10-05 07:26,706954246,3145728,1048576,5,region4_1646037700
2021-10-05 07:26,706954246,0,1048576,5,region4_1646037700
2021-10-05 07:26,706954246,1048576,1048576,5,region4_1646037700
2021-10-05 07:26,706954246,4194304,1048576,5,region4_1646037700
2021-10-05 07:26,706954246,2097152,1048576,5,region4_1646037700
2021-10-05 07:26,706961554,4194304,1048576,5,region4_1646037700
2021-10-05 07:26,706961554,6291456,1048576,5,region4_1646037700
2021-10-05 07:26,706961554,7340032,1048576,5,region4_1646037700
2021-10-05 07:26,706961554,5242880,1048576,5,region4_1646037700
2021-10-05 07:26,706638042,1331289,26093,2,region4_1646037697
2021-10-05 07:26,707142662,0,7545060,2,region4_1646037698
2021-10-05 07:26,706496624,1016,4349730,2,region4_1646037697
2021-10-05 07:26,706933590,0,120573,2,region4_1646037697
2021-10-05 07:26,706988325,2340318,3560235,2,region4_1646037697
2021-10-05 07:26,706988325,7104872,1283736,2,region4_1646037697
2021-10-05 07:26,706988325,3798,241621,2,region4_1646037697
2021-10-05 07:26,706374077,2329047,960727,2,region4_1646037697
2021-10-05 07:26,706374077,2319868,9128,2,region4_1646037697
2021-10-05 07:26,706374077,3586941,8722,2,region4_1646037697
2021-10-05 07:26,706374077,3834140,16384,2,region4_1646037697
2021-10-05 07:26,706646963,0,8388608,2,region4_1646037696
2021-10-05 07:26,707128914,0,8388608,2,region4_1646037698
2021-10-05 07:26,707141304,2413296,2941,2,region4_1646037697
2021-10-05 07:26,706956873,179726,890620,2,region4_1646037697
2021-10-05 07:26,706956873,178087,1639,2,region4_1646037697
2021-10-05 07:26,706981524,0,8388023,1,region4_1646037697
2021-10-05 07:26,706254683,1631424,554,2,region4_1646037697
2021-10-05 07:26,707007510,0,6471818,2,region4_1646037697
2021-10-05 07:26,706516706,4641233,3747375,2,region4_1646037697
2021-10-05 07:26,706386185,1868495,155439,2,region4_1646037697
2021-10-05 07:26,706254683,2991026,1059709,2,region4_1646037697
2021-10-05 07:26,706254683,8326869,61739,2,region4_1646037697
2021-10-05 07:26,706254683,1632854,235880,2,region4_1646037697
2021-10-05 07:26,707014748,0,3917458,2,region4_1646037701
2021-10-05 07:26,707014748,5420262,2367508,2,region4_1646037701
2021-10-05 07:26,706264534,3377582,173949,2,region4_1646037697
2021-10-05 07:26,706264534,0,1073782,2,region4_1646037697
2021-10-05 07:26,706351888,3009488,1007376,2,region4_1646037696
2021-10-05 07:26,706709804,0,8388608,2,region4_1646037696
2021-10-05 07:26,706800630,2641501,5747107,2,region4_1646037697
2021-10-05 07:26,706457915,4577016,16384,2,region4_1646037697
2021-10-05 07:26,707109472,0,545011,4,region4_1646037696
2021-10-05 07:26,707114529,903940,7484668,2,region4_1646037696
2021-10-05 07:26,707007510,6471818,1916790,2,region4_1646037697
2021-10-05 07:26,707007510,0,6471818,2,region4_1646037697
2021-10-05 07:26,707010967,0,8388608,4,region4_1646037698
2021-10-05 07:26,706369475,1294299,7094309,2,region4_1646037696
2021-10-05 07:26,706390023,6369248,2019360,2,region4_1646037697
2021-10-05 07:26,706943900,0,2193584,2,region4_1646037697
2021-10-05 07:26,706980739,4194304,1048576,5,region4_1646037700
2021-10-05 07:26,706980739,2097152,1048576,5,region4_1646037700
2021-10-05 07:26,706980739,1048576,1048576,5,region4_1646037700
2021-10-05 07:26,706980739,0,1048576,5,region4_1646037700
2021-10-05 07:26,706980739,7340032,80475,5,region4_1646037700
2021-10-05 07:26,706980739,6291456,1048576,5,region4_1646037700
2021-10-05 07:26,706980739,5242880,1048576,5,region4_1646037700
2021-10-05 07:26,706980739,3145728,1048576,5,region4_1646037700
2021-10-05 07:26,707007510,6471818,1916790,2,region4_1646037697
2021-10-05 07:26,706800630,2637854,3311,2,region4_1646037697
2021-10-05 07:26,707051978,2823766,8063,2,region4_1646037697
2021-10-05 07:26,707051978,1985606,29570,2,region4_1646037697
2021-10-05 07:26,707051978,2831829,16384,2,region4_1646037697
2021-10-05 07:26,707059419,0,8388608,2,region4_1646037696
2021-10-05 07:26,706168434,1585537,847167,2,region4_1646037696
2021-10-05 07:26,706168434,444701,8661,2,region4_1646037696
2021-10-05 07:26,707103295,373146,4352111,2,region4_1646037697
2021-10-05 07:26,707103295,0,373146,2,region4_1646037697
2021-10-05 07:26,706943900,1405611,6423444,2,region4_1646037697
2021-10-05 07:26,706943900,0,1405611,2,region4_1646037697
2021-10-05 07:26,706579445,0,2883584,1,region4_1646037696
2021-10-05 07:26,706562600,1463813,13375871,2,region4_1646037701
2021-10-05 07:26,707103295,0,373146,2,region4_1646037697
2021-10-05 07:26,707138984,354,3821638,2,region4_1646037697
2021-10-05 07:26,707103295,373146,4352111,2,region4_1646037697
2021-10-05 07:26,706457915,4592324,357,2,region4_1646037697
2021-10-05 07:26,706457915,4577016,16384,2,region4_1646037697
2021-10-05 07:26,706270804,7260665,1127943,2,region4_1646037697
2021-10-05 07:26,706270804,1131275,2134540,2,region4_1646037697
2021-10-05 07:26,706270804,1129854,575,2,region4_1646037697
2021-10-05 07:26,707075457,0,7550809,2,region4_1646037698
2021-10-05 07:26,706295764,4013805,1092277,2,region4_1646037697
2021-10-05 07:26,706295764,561,1515576,2,region4_1646037697
2021-10-05 07:26,706729523,3312423,305587,2,region4_1646037697
2021-10-05 07:26,706404873,0,165727,2,region4_1646037696
2021-10-05 07:26,706295764,5729977,2165026,2,region4_1646037697
2021-10-05 07:26,706404873,202683,3166075,2,region4_1646037696
2021-10-05 07:26,706232690,3487661,582930,2,region4_1646037697
2021-10-05 07:26,706232690,0,108176,2,region4_1646037697
2021-10-05 07:26,707152193,986128,1227107,2,region4_1646037697
2021-10-05 07:26,706785420,0,907048,2,region4_1646037696
2021-10-05 07:26,706785420,0,897702,2,region4_1646037696
2021-10-05 07:26,707109921,0,8388608,5,region4_1646037700
2021-10-05 07:26,707123050,2097152,344580,5,region4_1646037700
2021-10-05 07:26,707123050,1048576,1048576,5,region4_1646037700
2021-10-05 07:26,707123050,0,1048576,5,region4_1646037700
2021-10-05 07:26,706338764,628968,361175,2,region4_1646037697
2021-10-05 07:26,706488473,6391294,1997314,2,region4_1646037697
2021-10-05 07:26,706488473,0,6391294,2,region4_1646037697
2021-10-05 07:26,706558847,0,8388608,2,region4_1646037696
2021-10-05 07:26,707086075,0,8388608,2,region4_1646037696
2021-10-05 07:26,707140348,0,8371822,3,region4_1646037699
2021-10-05 07:26,707006070,0,10485760,5,region4_1646037700
2021-10-05 07:26,706530555,246780,1333963,2,region4_1646037697
2021-10-05 07:26,707058398,0,8388608,2,region4_1646037701
2021-10-05 07:26,707081831,0,8388608,2,region4_1646037698
2021-10-05 07:26,707105624,0,14832857,2,region4_1646037701
2021-10-05 07:26,706421665,0,2445,2,region4_1646037703
2021-10-05 07:26,707173634,0,317,5,region4_1646037700
2021-10-05 07:26,706263690,0,13218,2,region4_1646037703
2021-10-05 07:26,706692543,0,500,1,region4_1646037697
2021-10-05 07:26,707135793,0,435417,2,region4_1646037697
2021-10-05 07:26,707135793,5046762,8388608,2,region4_1646037697
2021-10-05 07:26,706692543,500,8387608,1,region4_1646037697
2021-10-05 07:26,706849929,0,8388608,2,region4_1646037696
2021-10-05 07:26,707118765,983359,16384,2,region4_1646037697
2021-10-05 07:26,707118765,983359,16384,2,region4_1646037697
2021-10-05 07:26,707118765,765224,1615,2,region4_1646037697
2021-10-05 07:26,707129701,0,7516275,2,region4_1646037697
2021-10-05 07:26,707022579,0,193,5,region4_1646037700
2021-10-05 07:26,706795586,5470723,3076,2,region4_1646037697
2021-10-05 07:26,706795586,5516235,16384,2,region4_1646037697
2021-10-05 07:26,707113643,1150390,866566,2,region4_1646037697
2021-10-05 07:26,707135793,13435370,1156102,2,region4_1646037697
2021-10-05 07:26,706746308,0,3813334,2,region4_1646037697
2021-10-05 07:27,707006070,10485760,4418271,5,region4_1646037700
2021-10-05 07:27,706860204,5744999,2643609,2,region4_1646037697
2021-10-05 07:27,706564884,2566316,274794,2,region4_1646037697
2021-10-05 07:27,707059469,1623073,16384,2,region4_1646037697
2021-10-05 07:27,707129701,7516275,872333,2,region4_1646037697
2021-10-05 07:27,706860204,0,5744999,2,region4_1646037697
2021-10-05 07:27,706659381,193,153290,2,region4_1646037697
2021-10-05 07:27,707059469,1427383,1637,2,region4_1646037697
2021-10-05 07:27,707059469,1623073,16384,2,region4_1646037697
2021-10-05 07:27,706939229,5318035,3070573,2,region4_1646037697
2021-10-05 07:27,706939229,22,5318013,2,region4_1646037697
2021-10-05 07:27,706976876,0,8388608,2,region4_1646037698
2021-10-05 07:27,707054618,0,3363412,2,region4_1646037696
2021-10-05 07:27,707141589,0,370224,2,region4_1646037696
2021-10-05 07:27,707176180,0,7629825,4,region4_1646037702
2021-10-05 07:27,706314251,0,879015,2,region4_1646037697
2021-10-05 07:27,707052578,0,6512105,2,region4_1646037697
2021-10-05 07:27,707070974,0,4132,3,region4_1646037699
2021-10-05 07:27,706706474,2767809,16384,2,region4_1646037697
2021-10-05 07:27,707154473,0,4026,3,region4_1646037699
2021-10-05 07:27,706396222,150,882488,2,region4_1646037697
2021-10-05 07:27,706396222,2113372,49781,2,region4_1646037697
2021-10-05 07:27,707082834,0,4669,3,region4_1646037699
2021-10-05 07:27,706420935,6293318,2095290,2,region4_1646037697
2021-10-05 07:27,706706474,1922700,29454,2,region4_1646037697
2021-10-05 07:27,706706474,2759828,7981,2,region4_1646037697
2021-10-05 07:27,707139534,0,5430113,3,region4_1646037699
2021-10-05 07:27,706579445,2883584,3276800,1,region4_1646037696
2021-10-05 07:27,707017115,0,238328,5,region4_1646037700
2021-10-05 07:27,707000573,0,3639244,2,region4_1646037698
2021-10-05 07:27,706444902,0,770,1,region4_1646037697
2021-10-05 07:27,706444902,770,8387452,1,region4_1646037697
2021-10-05 07:27,707176536,1060997,390529,2,region4_1646037696
2021-10-05 07:27,707192076,664,7609985,2,region4_1646037701
2021-10-05 07:27,707136209,2546088,2327804,2,region4_1646037697
2021-10-05 07:27,707145906,7806157,419125,2,region4_1646037696
2021-10-05 07:27,707117926,0,607124,4,region4_1646037696
2021-10-05 07:27,707137205,0,6624995,2,region4_1646037697
2021-10-05 07:27,706351888,2773240,1243624,2,region4_1646037697
2021-10-05 07:27,706351888,2764147,9010,2,region4_1646037697
2021-10-05 07:27,707151716,3145728,1048576,5,region4_1646037700
2021-10-05 07:27,707151716,6291456,1048576,5,region4_1646037700
2021-10-05 07:27,707151716,5242880,1048576,5,region4_1646037700
2021-10-05 07:27,707151716,4194304,1048576,5,region4_1646037700
2021-10-05 07:27,707151716,2097152,1048576,5,region4_1646037700
2021-10-05 07:27,707151716,7340032,1048576,5,region4_1646037700
2021-10-05 07:27,707151716,1048576,1048576,5,region4_1646037700
2021-10-05 07:27,707151716,0,1048576,5,region4_1646037700
2021-10-05 07:27,707091293,5038260,324283,2,region4_1646037696
2021-10-05 07:27,707176989,7263280,262191,2,region4_1646037696
2021-10-05 07:27,707186872,0,5429439,3,region4_1646037699
2021-10-05 07:27,707018786,1427614,39498,2,region4_1646037696
2021-10-05 07:27,707018786,29793,145927,2,region4_1646037696
2021-10-05 07:27,707054045,0,1408969,2,region4_1646037698
2021-10-05 07:27,706601035,0,8388608,2,region4_1646037696
2021-10-05 07:27,707137205,6624995,1763613,2,region4_1646037697
2021-10-05 07:27,707184473,0,7810285,4,region4_1646037697
2021-10-05 07:27,707018169,0,72496,2,region4_1646037697
2021-10-05 07:27,706170737,2926637,1048576,2,region4_1646037696
2021-10-05 07:27,707112092,547622,1470,2,region4_1646037697
2021-10-05 07:27,707112092,540499,16384,2,region4_1646037697
2021-10-05 07:27,707112092,540499,16384,2,region4_1646037697
2021-10-05 07:27,707201005,0,8388608,2,region4_1646037696
2021-10-05 07:27,707069577,3050327,5338281,2,region4_1646037697
2021-10-05 07:27,707113945,0,8379547,3,region4_1646037699
2021-10-05 07:27,706565048,721257,2452225,2,region4_1646037696
2021-10-05 07:27,706565048,6540450,1009620,2,region4_1646037696
2021-10-05 07:27,707072830,1048576,1048576,5,region4_1646037700
2021-10-05 07:27,707072830,2097152,1048576,5,region4_1646037700
2021-10-05 07:27,707072830,0,1048576,5,region4_1646037700
2021-10-05 07:27,706350841,0,2891544,2,region4_1646037697
2021-10-05 07:27,706610983,0,2578334,2,region4_1646037697
2021-10-05 07:27,707072830,3145728,1048576,5,region4_1646037700
2021-10-05 07:27,706156065,150,786886,2,region4_1646037697
2021-10-05 07:27,706156065,2129103,1817436,2,region4_1646037697
2021-10-05 07:27,706457915,4592324,357,2,region4_1646037697
2021-10-05 07:27,707034378,0,8177706,5,region4_1646037700
2021-10-05 07:27,706566024,0,2641797,2,region4_1646037697
2021-10-05 07:27,707167843,1048576,1048576,5,region4_1646037700
2021-10-05 07:27,707167843,0,1048576,5,region4_1646037700
2021-10-05 07:27,707072830,4194304,1048576,5,region4_1646037700
2021-10-05 07:27,707167843,4194304,725720,5,region4_1646037700
2021-10-05 07:27,707167843,2097152,1048576,5,region4_1646037700
2021-10-05 07:27,707167843,3145728,1048576,5,region4_1646037700
2021-10-05 07:27,706855180,0,8075800,2,region4_1646037701
2021-10-05 07:27,707007020,2859551,2663903,2,region4_1646037697
2021-10-05 07:27,707007020,0,146651,2,region4_1646037697
2021-10-05 07:27,707072830,5242880,98081,5,region4_1646037700
2021-10-05 07:27,706370097,7728003,660605,2,region4_1646037697
2021-10-05 07:27,707031308,2097152,1048576,5,region4_1646037700
2021-10-05 07:27,707031308,1048576,1048576,5,region4_1646037700
2021-10-05 07:27,707031308,0,1048576,5,region4_1646037700
2021-10-05 07:27,706165511,2097701,1964693,2,region4_1646037697
2021-10-05 07:27,706165511,150,868588,2,region4_1646037697
2021-10-05 07:27,706667064,0,1199656,2,region4_1646037697
2021-10-05 07:27,707031308,3145728,1048576,5,region4_1646037700
2021-10-05 07:27,707031308,5242880,1048576,5,region4_1646037700
2021-10-05 07:27,707031308,4194304,1048576,5,region4_1646037700
2021-10-05 07:27,706457915,4592324,357,2,region4_1646037697
2021-10-05 07:27,707031308,7340032,1048576,5,region4_1646037700
2021-10-05 07:27,707031308,6291456,1048576,5,region4_1646037700
2021-10-05 07:27,706156065,2321666,50431,2,region4_1646037697
2021-10-05 07:27,706156065,150,135429,2,region4_1646037697
2021-10-05 07:27,706936446,2055920,1834087,2,region4_1646037697
2021-10-05 07:27,706936446,5102362,141694,2,region4_1646037697
2021-10-05 07:27,706936446,2052733,2992,2,region4_1646037697
2021-10-05 07:27,707194821,0,436756,2,region4_1646037697
2021-10-05 07:27,707194821,5043049,8388608,2,region4_1646037697
2021-10-05 07:27,706525744,0,719876,2,region4_1646037697
2021-10-05 07:27,706231915,0,8388608,2,region4_1646037696
2021-10-05 07:27,706165511,2333437,49218,2,region4_1646037697
2021-10-05 07:27,706165511,150,135344,2,region4_1646037697
2021-10-05 07:27,707135171,0,40797,5,region4_1646037700
2021-10-05 07:27,707103052,0,4165451,2,region4_1646037697
2021-10-05 07:27,707194821,13431657,1167847,2,region4_1646037697
2021-10-05 07:27,706156325,1084144,736470,2,region4_1646037697
2021-10-05 07:27,706156325,0,19701,2,region4_1646037697
2021-10-05 07:27,706156325,3427261,310811,2,region4_1646037697
2021-10-05 07:27,707041529,0,4530366,5,region4_1646037700
2021-10-05 07:27,707075160,0,4161896,2,region4_1646037697
2021-10-05 07:27,707037932,0,2147019,2,region4_1646037697
2021-10-05 07:27,706665507,5485965,16384,2,region4_1646037697
2021-10-05 07:27,706665507,5492831,1468,2,region4_1646037697
2021-10-05 07:27,706797836,0,3777608,2,region4_1646037697
2021-10-05 07:27,707022650,1266678,16384,2,region4_1646037697
2021-10-05 07:27,707052578,0,6512105,2,region4_1646037697
2021-10-05 07:27,706780431,0,2632753,2,region4_1646037697
2021-10-05 07:27,706780431,0,1567956,2,region4_1646037697
2021-10-05 07:27,707022650,1266678,16384,2,region4_1646037697
2021-10-05 07:27,707022650,1056761,1632,2,region4_1646037697
2021-10-05 07:27,707055947,0,7224108,2,region4_1646037698
2021-10-05 07:27,707013933,0,4120436,2,region4_1646037697
2021-10-05 07:27,707025703,0,141318,2,region4_1646037697
2021-10-05 07:27,706689314,193,153510,2,region4_1646037697
2021-10-05 07:27,706165509,1951997,2156920,2,region4_1646037697
2021-10-05 07:27,706165509,150,897087,2,region4_1646037697
2021-10-05 07:27,707025703,8029041,359567,2,region4_1646037697
2021-10-05 07:27,706658410,193,155926,2,region4_1646037697
2021-10-05 07:27,707232893,0,3366988,2,region4_1646037696
2021-10-05 07:27,707058377,0,565345,4,region4_1646037696
2021-10-05 07:27,706498325,0,1208886,2,region4_1646037697
2021-10-05 07:27,706808786,0,729333,2,region4_1646037697
2021-10-05 07:27,707149742,0,4249449,2,region4_1646037697
2021-10-05 07:27,706579445,6160384,2228224,1,region4_1646037696
2021-10-05 07:27,706457915,4577016,16384,2,region4_1646037697
2021-10-05 07:27,706156325,3427261,634039,2,region4_1646037697
2021-10-05 07:27,707227159,354,3733489,2,region4_1646037697
2021-10-05 07:27,707112669,0,1699172,4,region4_1646037696
2021-10-05 07:27,707064484,3317108,400,2,region4_1646037697
2021-10-05 07:27,707143991,0,2627080,2,region4_1646037697
2021-10-05 07:27,707154526,0,1048576,5,region4_1646037700
2021-10-05 07:27,707046562,0,101935,2,region4_1646037703
2021-10-05 07:27,707046562,4767168,1379628,2,region4_1646037703
2021-10-05 07:27,706438291,0,2960633,2,region4_1646037697
2021-10-05 07:27,707083330,0,8058816,2,region4_1646037698
2021-10-05 07:27,706752873,4577327,1495,2,region4_1646037697
2021-10-05 07:27,706752873,4570416,16384,2,region4_1646037697
2021-10-05 07:27,707143991,2627080,55867,2,region4_1646037697
2021-10-05 07:27,707145000,1048576,1048576,5,region4_1646037700
2021-10-05 07:27,707145000,0,1048576,5,region4_1646037700
2021-10-05 07:27,707219010,0,8388608,2,region4_1646037696
2021-10-05 07:27,707042544,3979716,1784363,2,region4_1646037697
2021-10-05 07:27,707042544,1527,186902,2,region4_1646037697
2021-10-05 07:27,706832975,0,6262001,2,region4_1646037696
2021-10-05 07:27,706752873,0,228576,2,region4_1646037697
2021-10-05 07:27,707145000,4194304,62211,5,region4_1646037700
2021-10-05 07:27,707145000,3145728,1048576,5,region4_1646037700
2021-10-05 07:27,707145000,2097152,1048576,5,region4_1646037700
2021-10-05 07:27,706743160,0,1469485,2,region4_1646037697
2021-10-05 07:27,706503382,2087106,3064,2,region4_1646037697
2021-10-05 07:27,706503382,2093074,7192,2,region4_1646037697
2021-10-05 07:27,706503382,5767911,225476,2,region4_1646037697
2021-10-05 07:27,707094202,0,8388608,5,region4_1646037700
2021-10-05 07:27,707143991,0,2627080,2,region4_1646037697
2021-10-05 07:27,707078048,115,933066,2,region4_1646037697
2021-10-05 07:27,706752873,228576,4348751,2,region4_1646037697
2021-10-05 07:27,707154526,1048576,1048576,5,region4_1646037700
2021-10-05 07:27,706807238,1877424,46776,2,region4_1646037697
2021-10-05 07:27,706807238,1845176,27940,2,region4_1646037697
2021-10-05 07:27,706822163,44566,1451128,2,region4_1646037697
2021-10-05 07:27,706679836,1037518,932024,2,region4_1646037697
2021-10-05 07:27,707064964,2229546,1278106,2,region4_1646037696
2021-10-05 07:27,707088748,15894,210600,2,region4_1646037703
2021-10-05 07:27,707097095,0,8388329,3,region4_1646037697
2021-10-05 07:27,707106110,7134333,2886,2,region4_1646037697
2021-10-05 07:27,706351376,1852012,1653994,2,region4_1646037697
2021-10-05 07:27,707185651,3993857,1290499,2,region4_1646037703
2021-10-05 07:27,706521305,0,5781841,2,region4_1646037697
2021-10-05 07:27,706165509,2285905,50175,2,region4_1646037697
2021-10-05 07:27,706165509,150,134818,2,region4_1646037697
2021-10-05 07:27,707070526,0,8388608,2,region4_1646037696
2021-10-05 07:27,707088748,8100265,288343,2,region4_1646037703
2021-10-05 07:27,706416260,0,829074,2,region4_1646037697
2021-10-05 07:27,707106110,7138948,185292,2,region4_1646037697
2021-10-05 07:27,707146035,1048576,1048576,5,region4_1646037700
2021-10-05 07:27,707146035,0,1048576,5,region4_1646037700
2021-10-05 07:27,706461826,0,8388608,2,region4_1646037701
2021-10-05 07:27,706498999,0,597,1,region4_1646037697
2021-10-05 07:27,706521305,5781841,2606767,2,region4_1646037697
2021-10-05 07:27,707146035,2097152,1027201,5,region4_1646037700
2021-10-05 07:27,707186836,0,8388608,2,region4_1646037701
2021-10-05 07:27,707227132,2097152,1048576,5,region4_1646037700
2021-10-05 07:27,707227132,1048576,1048576,5,region4_1646037700
2021-10-05 07:27,707227132,0,1048576,5,region4_1646037700
2021-10-05 07:27,706498999,597,8387414,1,region4_1646037697
2021-10-05 07:27,707154526,2097152,1048576,5,region4_1646037700
2021-10-05 07:27,707174272,0,2351,4,region4_1646037697
2021-10-05 07:27,707214875,0,8388608,2,region4_1646037698
2021-10-05 07:27,707227132,3145728,861726,5,region4_1646037700
2021-10-05 07:27,707180278,7567631,820977,2,region4_1646037703
2021-10-05 07:27,707106701,0,8388608,2,region4_1646037696
2021-10-05 07:27,707131092,0,1064330,2,region4_1646037697
2021-10-05 07:27,707153584,1283876,3139610,2,region4_1646037703
2021-10-05 07:27,707154526,3145728,1048576,5,region4_1646037700
2021-10-05 07:27,706405790,0,5800900,2,region4_1646037697
2021-10-05 07:27,706943900,1405611,6423444,2,region4_1646037697
2021-10-05 07:27,706943900,0,1405611,2,region4_1646037697
2021-10-05 07:27,706487798,1458284,1313294,2,region4_1646037697
2021-10-05 07:27,706487798,46308,27951,2,region4_1646037697
2021-10-05 07:27,706487798,78521,46240,2,region4_1646037697
2021-10-05 07:27,707242372,4198224,1638,2,region4_1646037697
2021-10-05 07:27,707242372,7499916,888692,2,region4_1646037697
2021-10-05 07:27,707242372,5567658,366266,2,region4_1646037697
2021-10-05 07:27,707242372,4203391,229233,2,region4_1646037697
2021-10-05 07:27,707062659,3649082,4739526,2,region4_1646037697
2021-10-05 07:27,707210236,0,1039483,5,region4_1646037700
2021-10-05 07:27,707153940,4454316,174901,2,region4_1646037697
2021-10-05 07:27,707153940,0,4454316,2,region4_1646037697
2021-10-05 07:27,707073411,3145728,1048576,5,region4_1646037700
2021-10-05 07:27,707073411,2097152,1048576,5,region4_1646037700
2021-10-05 07:27,707073411,6291456,1048576,5,region4_1646037700
2021-10-05 07:27,707073411,5242880,1048576,5,region4_1646037700
2021-10-05 07:27,707073411,4194304,1048576,5,region4_1646037700
2021-10-05 07:27,707073411,1048576,1048576,5,region4_1646037700
2021-10-05 07:27,707073411,0,1048576,5,region4_1646037700
2021-10-05 07:27,706800630,2637854,3311,2,region4_1646037697
2021-10-05 07:27,707064484,0,3317108,2,region4_1646037697
2021-10-05 07:27,707073411,7340032,1048576,5,region4_1646037700
2021-10-05 07:27,707154526,4194304,1048576,5,region4_1646037700
2021-10-05 07:27,706800630,2641248,5747360,2,region4_1646037697
2021-10-05 07:27,707238874,4194304,1048576,5,region4_1646037700
2021-10-05 07:27,707238874,2097152,1048576,5,region4_1646037700
2021-10-05 07:27,707238874,0,1048576,5,region4_1646037700
2021-10-05 07:27,707238874,7340032,1048576,5,region4_1646037700
2021-10-05 07:27,707238874,5242880,1048576,5,region4_1646037700
2021-10-05 07:27,707238874,1048576,1048576,5,region4_1646037700
2021-10-05 07:27,707238874,6291456,1048576,5,region4_1646037700
2021-10-05 07:27,707238874,3145728,1048576,5,region4_1646037700
2021-10-05 07:27,707064484,3317544,5071064,2,region4_1646037697
2021-10-05 07:27,707127161,2560841,2052119,2,region4_1646037697
2021-10-05 07:27,707267959,0,8388608,2,region4_1646037698
2021-10-05 07:27,706844745,850299,7017455,2,region4_1646037696
2021-10-05 07:27,707110447,0,2089445,2,region4_1646037697
2021-10-05 07:27,707110447,4569548,3819060,2,region4_1646037697
2021-10-05 07:27,707110447,2089445,2480103,2,region4_1646037697
2021-10-05 07:27,707154059,0,7804697,2,region4_1646037701
2021-10-05 07:27,707211228,0,8388608,2,region4_1646037698
2021-10-05 07:27,706489341,3113953,8699,2,region4_1646037697
2021-10-05 07:27,706489341,3122735,931578,2,region4_1646037697
2021-10-05 07:27,707057246,0,1294383,2,region4_1646037697
2021-10-05 07:27,707095254,0,8388608,4,region4_1646037698
2021-10-05 07:27,706665237,3119216,8607,2,region4_1646037697
2021-10-05 07:27,706665237,3127906,873650,2,region4_1646037697
2021-10-05 07:27,706774252,7572880,251465,2,region4_1646037696
2021-10-05 07:27,707117909,0,8374409,3,region4_1646037699
2021-10-05 07:27,707212505,0,1048576,5,region4_1646037700
2021-10-05 07:27,707246420,5071467,1248723,2,region4_1646037697
2021-10-05 07:27,707246420,0,5071467,2,region4_1646037697
2021-10-05 07:27,706815279,4022915,16384,2,region4_1646037697
2021-10-05 07:27,706815279,4025094,1472,2,region4_1646037697
2021-10-05 07:27,706815279,4022915,16384,2,region4_1646037697
2021-10-05 07:27,707212505,3145728,1048576,5,region4_1646037700
2021-10-05 07:27,707212505,2097152,1048576,5,region4_1646037700
2021-10-05 07:27,707212505,1048576,1048576,5,region4_1646037700
2021-10-05 07:27,707212505,7340032,1048576,5,region4_1646037700
2021-10-05 07:27,707212505,6291456,1048576,5,region4_1646037700
2021-10-05 07:27,707212505,5242880,1048576,5,region4_1646037700
2021-10-05 07:27,707212505,4194304,1048576,5,region4_1646037700
2021-10-05 07:27,707080582,0,3951403,4,region4_1646037702
2021-10-05 07:27,707140827,0,8388608,5,region4_1646037700
2021-10-05 07:27,707154526,5242880,1048576,5,region4_1646037700
2021-10-05 07:27,707223407,207424,6713117,2,region4_1646037701
2021-10-05 07:27,707204196,2914888,1048576,2,region4_1646037696
2021-10-05 07:27,707236388,0,8388608,2,region4_1646037696
2021-10-05 07:27,707034285,5154325,3234283,2,region4_1646037697
2021-10-05 07:27,707034285,5151109,3005,2,region4_1646037697
2021-10-05 07:27,707154526,6291456,1048576,5,region4_1646037700
2021-10-05 07:27,706522982,0,2004310,2,region4_1646037696
2021-10-05 07:27,707253514,0,8388608,2,region4_1646037696
2021-10-05 07:28,707143975,0,7579084,5,region4_1646037700
2021-10-05 07:28,706341359,1505329,2875127,2,region4_1646037697
2021-10-05 07:28,706522982,2935234,2980396,2,region4_1646037696
2021-10-05 07:28,706169177,7736922,651686,2,region4_1646037697
2021-10-05 07:28,706169177,8292,2730377,2,region4_1646037697
2021-10-05 07:28,706169177,7736922,651686,2,region4_1646037697
2021-10-05 07:28,706169177,8292,2730377,2,region4_1646037697
2021-10-05 07:28,707088256,4356760,162669,2,region4_1646037697
2021-10-05 07:28,707088256,4352258,2840,2,region4_1646037697
2021-10-05 07:28,706875763,2398666,1048576,2,region4_1646037696
2021-10-05 07:28,706875763,0,3381176,2,region4_1646037696
2021-10-05 07:28,706492303,1714091,16384,2,region4_1646037697
2021-10-05 07:28,706783908,0,6701384,2,region4_1646037696
2021-10-05 07:28,707088256,7278647,1109961,2,region4_1646037697
2021-10-05 07:28,707093618,0,8388608,4,region4_1646037698
2021-10-05 07:28,706341359,1505329,2875127,2,region4_1646037697
2021-10-05 07:28,706677836,0,745918,2,region4_1646037697
2021-10-05 07:28,706492303,1677356,2403,2,region4_1646037697
2021-10-05 07:28,707154526,7340032,2452,5,region4_1646037700
2021-10-05 07:28,706726152,3276800,3276800,1,region4_1646037696
2021-10-05 07:28,706970486,1531720,968978,2,region4_1646037696
2021-10-05 07:28,707229277,0,2650558,3,region4_1646037697
2021-10-05 07:28,706341359,1505329,2875127,2,region4_1646037697
2021-10-05 07:28,706169177,8292,2730377,2,region4_1646037697
2021-10-05 07:28,706169177,8292,2730377,2,region4_1646037697
2021-10-05 07:28,707136165,469688,16384,2,region4_1646037697
2021-10-05 07:28,707136165,476916,1422,2,region4_1646037697
2021-10-05 07:28,707136165,469688,16384,2,region4_1646037697
2021-10-05 07:28,706169177,7736922,651686,2,region4_1646037697
2021-10-05 07:28,707140077,0,7489094,2,region4_1646037698
2021-10-05 07:28,706169177,7736922,651686,2,region4_1646037697
2021-10-05 07:28,707122590,6880186,1508422,2,region4_1646037697
2021-10-05 07:28,706201464,0,984996,2,region4_1646037697
2021-10-05 07:28,706917751,0,3441960,2,region4_1646037696
2021-10-05 07:28,706630141,0,1362635,2,region4_1646037697
2021-10-05 07:28,706277202,0,614289,2,region4_1646037698
2021-10-05 07:28,707189703,0,8388608,4,region4_1646037702
2021-10-05 07:28,707197671,4207805,2844,2,region4_1646037697
2021-10-05 07:28,707197671,2277412,2863,2,region4_1646037697
2021-10-05 07:28,707197671,4302692,16384,2,region4_1646037697
2021-10-05 07:28,707197671,2282241,654091,2,region4_1646037697
2021-10-05 07:28,707228494,0,8388608,2,region4_1646037698
2021-10-05 07:28,707003769,2816,8384383,1,region4_1646037697
2021-10-05 07:28,707003769,0,2816,1,region4_1646037697
2021-10-05 07:28,707122590,0,6880186,2,region4_1646037697
2021-10-05 07:28,707040570,7597397,791211,2,region4_1646037697
2021-10-05 07:28,707040570,0,583962,2,region4_1646037697
2021-10-05 07:28,707239692,0,8380887,3,region4_1646037699
2021-10-05 07:28,707272689,0,5695,5,region4_1646037700
2021-10-05 07:28,707301890,5166605,3222003,2,region4_1646037697
2021-10-05 07:28,707301890,0,133304,2,region4_1646037697
2021-10-05 07:28,707133898,1855174,16384,2,region4_1646037697
2021-10-05 07:28,706713907,189788,1411984,2,region4_1646037697
2021-10-05 07:28,707224324,0,7435579,2,region4_1646037696
2021-10-05 07:28,706951733,0,1493420,2,region4_1646037696
2021-10-05 07:28,707143514,0,45456,5,region4_1646037700
2021-10-05 07:28,707188742,0,8388608,2,region4_1646037698
2021-10-05 07:28,707205337,526283,4433209,2,region4_1646037697
2021-10-05 07:28,706390023,6369248,2019360,2,region4_1646037697
2021-10-05 07:28,706951733,2427814,3030995,2,region4_1646037696
2021-10-05 07:28,706266683,4932568,13297,2,region4_1646037697
2021-10-05 07:28,706266683,4930430,1900,2,region4_1646037697
2021-10-05 07:28,706266683,0,4930430,2,region4_1646037697
2021-10-05 07:28,707247188,0,8381684,3,region4_1646037699
2021-10-05 07:28,707069035,2635954,1154835,2,region4_1646037697
2021-10-05 07:28,706428724,4093730,4294878,2,region4_1646037697
2021-10-05 07:28,706428724,1923,2927963,2,region4_1646037697
2021-10-05 07:28,707219026,0,8382743,3,region4_1646037699
2021-10-05 07:28,707302647,2938361,2090821,2,region4_1646037697
2021-10-05 07:28,707302647,4741,107525,2,region4_1646037697
2021-10-05 07:28,707302647,8177157,1364615,2,region4_1646037697
2021-10-05 07:28,706383716,4456560,3932048,2,region4_1646037697
2021-10-05 07:28,706165511,447828,8362,2,region4_1646037696
2021-10-05 07:28,706165511,1595696,786959,2,region4_1646037696
2021-10-05 07:28,707301017,0,1048576,5,region4_1646037700
2021-10-05 07:28,707301017,2097152,1048576,5,region4_1646037700
2021-10-05 07:28,707301017,1048576,1048576,5,region4_1646037700
2021-10-05 07:28,707301017,3145728,1048576,5,region4_1646037700
2021-10-05 07:28,706208802,1127380,1909128,2,region4_1646037697
2021-10-05 07:28,706208802,3036508,1879,2,region4_1646037697
2021-10-05 07:28,707186806,0,8388608,3,region4_1646037699
2021-10-05 07:28,707204812,7087184,1301424,2,region4_1646037697
2021-10-05 07:28,707288952,0,15910,3,region4_1646037699
2021-10-05 07:28,707301017,7340032,1048576,5,region4_1646037700
2021-10-05 07:28,707301017,6291456,1048576,5,region4_1646037700
2021-10-05 07:28,707301017,5242880,1048576,5,region4_1646037700
2021-10-05 07:28,707301017,4194304,1048576,5,region4_1646037700
2021-10-05 07:28,706208802,7204396,536225,2,region4_1646037697
2021-10-05 07:28,706208802,3039723,68518,2,region4_1646037697
2021-10-05 07:28,707158910,0,7459882,2,region4_1646037698
2021-10-05 07:28,707204812,0,7087184,2,region4_1646037697
2021-10-05 07:28,706880148,6794630,111447,2,region4_1646037697
2021-10-05 07:28,706880148,6792950,1496,2,region4_1646037697
2021-10-05 07:28,707337117,0,6170539,2,region4_1646037698
2021-10-05 07:28,707216689,5007213,16384,2,region4_1646037697
2021-10-05 07:28,707216689,5009257,1453,2,region4_1646037697
2021-10-05 07:28,707216689,0,5009257,2,region4_1646037697
2021-10-05 07:28,707216689,5007213,16384,2,region4_1646037697
2021-10-05 07:28,707282709,6291456,1048576,5,region4_1646037700
2021-10-05 07:28,707282709,5242880,1048576,5,region4_1646037700
2021-10-05 07:28,707282709,4194304,1048576,5,region4_1646037700
2021-10-05 07:28,707282709,3145728,1048576,5,region4_1646037700
2021-10-05 07:28,707282709,2097152,1048576,5,region4_1646037700
2021-10-05 07:28,707282709,1048576,1048576,5,region4_1646037700
2021-10-05 07:28,707282709,0,1048576,5,region4_1646037700
2021-10-05 07:28,707291400,0,8388608,2,region4_1646037698
2021-10-05 07:28,707282709,7340032,1048576,5,region4_1646037700
2021-10-05 07:28,707309876,0,1627049,2,region4_1646037697
2021-10-05 07:28,707337117,6170539,1559324,2,region4_1646037698
2021-10-05 07:28,706959337,6993884,4532,2,region4_1646037697
2021-10-05 07:28,706959337,6999941,699647,2,region4_1646037697
2021-10-05 07:28,707257129,5242880,1048576,5,region4_1646037700
2021-10-05 07:28,707257129,4194304,1048576,5,region4_1646037700
2021-10-05 07:28,707257129,3145728,1048576,5,region4_1646037700
2021-10-05 07:28,707257129,0,1048576,5,region4_1646037700
2021-10-05 07:28,707257129,2097152,1048576,5,region4_1646037700
2021-10-05 07:28,707257129,1048576,1048576,5,region4_1646037700
2021-10-05 07:28,706170737,2926637,1048576,2,region4_1646037696
2021-10-05 07:28,707302549,0,8375124,3,region4_1646037699
2021-10-05 07:28,707309876,1627049,3254660,2,region4_1646037697
2021-10-05 07:28,707326689,0,7196885,2,region4_1646037701
2021-10-05 07:28,707124822,0,25070,5,region4_1646037700
2021-10-05 07:28,707165968,0,8388608,2,region4_1646037701
2021-10-05 07:28,707172822,0,8388608,2,region4_1646037696
2021-10-05 07:28,707257129,9437184,1048576,5,region4_1646037700
2021-10-05 07:28,707257129,8388608,1048576,5,region4_1646037700
2021-10-05 07:28,707257129,12582912,1048576,5,region4_1646037700
2021-10-05 07:28,707257129,11534336,1048576,5,region4_1646037700
2021-10-05 07:28,707257129,10485760,1048576,5,region4_1646037700
2021-10-05 07:28,707257129,7340032,1048576,5,region4_1646037700
2021-10-05 07:28,707257129,6291456,1048576,5,region4_1646037700
2021-10-05 07:28,706188786,2306309,1048576,2,region4_1646037696
2021-10-05 07:28,706438291,1336518,68067,2,region4_1646037696
2021-10-05 07:28,706438291,2763925,196708,2,region4_1646037696
2021-10-05 07:28,707283629,0,8374893,3,region4_1646037699
2021-10-05 07:28,706383716,4456560,3932048,2,region4_1646037697
2021-10-05 07:28,706156325,738105,113501,2,region4_1646037696
2021-10-05 07:28,707234437,0,8034948,4,region4_1646037702
2021-10-05 07:28,707037932,0,2147019,2,region4_1646037697
2021-10-05 07:28,707257129,13631488,1048576,5,region4_1646037700
2021-10-05 07:28,707257129,14680064,149995,5,region4_1646037700
2021-10-05 07:28,706188786,0,3288421,2,region4_1646037696
2021-10-05 07:28,707148604,0,2893080,2,region4_1646037697
2021-10-05 07:28,706423349,0,396544,2,region4_1646037697
2021-10-05 07:28,707226714,0,8388608,4,region4_1646037702
2021-10-05 07:28,707162360,17201,2446491,2,region4_1646037697
2021-10-05 07:28,707166903,0,1004,3,region4_1646037699
2021-10-05 07:28,707051978,2831829,16384,2,region4_1646037697
2021-10-05 07:28,707051978,2823766,8063,2,region4_1646037697
2021-10-05 07:28,706438291,1336518,68067,2,region4_1646037696
2021-10-05 07:28,706438291,2763925,196708,2,region4_1646037696
2021-10-05 07:28,706299445,0,98029,2,region4_1646037697
2021-10-05 07:28,706590379,0,8388300,1,region4_1646037697
2021-10-05 07:28,707051978,1985606,29570,2,region4_1646037697
2021-10-05 07:28,707323573,0,8388608,2,region4_1646037698
2021-10-05 07:28,707192152,0,1746304,2,region4_1646037696
2021-10-05 07:28,707222949,0,7079622,2,region4_1646037697
2021-10-05 07:28,706749270,0,6682185,2,region4_1646037696
2021-10-05 07:28,707342950,0,4136571,2,region4_1646037701
2021-10-05 07:28,706485123,0,8388440,1,region4_1646037697
2021-10-05 07:28,707103052,0,4165451,2,region4_1646037697
2021-10-05 07:28,707165866,0,8369530,3,region4_1646037699
2021-10-05 07:28,707222949,7079622,1308986,2,region4_1646037697
2021-10-05 07:28,706369475,1294299,7094309,2,region4_1646037697
2021-10-05 07:28,707342950,7044146,1344462,2,region4_1646037701
2021-10-05 07:28,706156325,738105,113501,2,region4_1646037696
2021-10-05 07:28,707261220,3793393,2921,2,region4_1646037697
2021-10-05 07:28,707261220,3800742,167156,2,region4_1646037697
2021-10-05 07:28,707262020,0,8388608,2,region4_1646037698
2021-10-05 07:28,707276701,495475,104973,2,region4_1646037696
2021-10-05 07:28,707294602,0,14306782,4,region4_1646037697
2021-10-05 07:28,707261239,0,346764,2,region4_1646037697
2021-10-05 07:28,707267899,0,3438659,2,region4_1646037696
2021-10-05 07:28,707230421,0,1329142,2,region4_1646037697
2021-10-05 07:28,707230421,0,63759,2,region4_1646037697
2021-10-05 07:28,707337127,0,5393283,2,region4_1646037698
2021-10-05 07:28,706401031,0,14797211,2,region4_1646037701
2021-10-05 07:28,706401031,14797211,309,2,region4_1646037701
2021-10-05 07:28,706835117,0,8388608,2,region4_1646037701
2021-10-05 07:28,707337127,5393283,9535911,2,region4_1646037698
2021-10-05 07:28,706654128,0,5204959,2,region4_1646037697
2021-10-05 07:28,707070686,0,8388608,2,region4_1646037698
2021-10-05 07:28,707173267,2609177,5022998,2,region4_1646037697
2021-10-05 07:28,706169177,8055257,333351,2,region4_1646037697
2021-10-05 07:28,707202074,425675,4555647,2,region4_1646037696
2021-10-05 07:28,707151414,5133720,1444,2,region4_1646037697
2021-10-05 07:28,707151414,5135276,648811,2,region4_1646037697
2021-10-05 07:28,707151414,0,1916914,2,region4_1646037697
2021-10-05 07:28,707217041,0,1516799,2,region4_1646037698
2021-10-05 07:28,707266919,0,420352,2,region4_1646037697
2021-10-05 07:28,707276999,798342,95834,2,region4_1646037697
2021-10-05 07:28,707276999,794767,2843,2,region4_1646037697
2021-10-05 07:28,707276999,2010433,1271926,2,region4_1646037697
2021-10-05 07:28,707151414,1916914,3216806,2,region4_1646037697
2021-10-05 07:28,707124042,0,8388007,1,region4_1646037697
2021-10-05 07:28,707217041,1516799,3659192,2,region4_1646037698
2021-10-05 07:28,707027179,8065376,16384,2,region4_1646037697
2021-10-05 07:28,706900988,2180070,308481,2,region4_1646037696
2021-10-05 07:28,706737272,1106258,514765,2,region4_1646037696
2021-10-05 07:28,707279039,0,1164924,2,region4_1646037696
2021-10-05 07:28,707027179,8065376,16384,2,region4_1646037697
2021-10-05 07:28,707027179,8065376,16384,2,region4_1646037697
2021-10-05 07:28,707027179,8065376,16384,2,region4_1646037697
2021-10-05 07:28,707160152,0,1065801,3,region4_1646037697
2021-10-05 07:28,707167318,0,4601788,2,region4_1646037697
2021-10-05 07:28,706943900,0,1405611,2,region4_1646037697
2021-10-05 07:28,706391110,1625679,1800919,2,region4_1646037701
2021-10-05 07:28,706391110,0,245128,2,region4_1646037701
2021-10-05 07:28,707279775,5261050,187387,2,region4_1646037697
2021-10-05 07:28,707279775,8210289,178319,2,region4_1646037697
2021-10-05 07:28,707279775,5256614,2839,2,region4_1646037697
2021-10-05 07:28,707287522,0,3483946,3,region4_1646037699
2021-10-05 07:28,707344024,0,1252538,4,region4_1646037696
2021-10-05 07:28,706943900,1405611,6423444,2,region4_1646037697
2021-10-05 07:28,707244498,0,8388608,2,region4_1646037701
2021-10-05 07:28,707113643,17277,185929,2,region4_1646037697
2021-10-05 07:28,707113643,794338,1222618,2,region4_1646037697
2021-10-05 07:28,707375617,0,743260,2,region4_1646037697
2021-10-05 07:28,707244870,115,905213,2,region4_1646037697
2021-10-05 07:28,707250641,0,8388608,2,region4_1646037698
2021-10-05 07:28,707271710,0,10509685,2,region4_1646037698
2021-10-05 07:28,707271710,10509685,4291038,2,region4_1646037698
2021-10-05 07:28,707282867,3145728,1048576,5,region4_1646037700
2021-10-05 07:28,707282867,2097152,1048576,5,region4_1646037700
2021-10-05 07:28,707282867,1048576,1048576,5,region4_1646037700
2021-10-05 07:28,707282867,5242880,1048576,5,region4_1646037700
2021-10-05 07:28,707282867,4194304,1048576,5,region4_1646037700
2021-10-05 07:28,707282867,0,1048576,5,region4_1646037700
2021-10-05 07:28,707282867,7340032,1048576,5,region4_1646037700
2021-10-05 07:28,707282867,6291456,1048576,5,region4_1646037700
2021-10-05 07:28,706891377,2378444,16384,2,region4_1646037697
2021-10-05 07:28,706156065,150,786886,2,region4_1646037697
2021-10-05 07:28,706156065,2129103,1817436,2,region4_1646037697
2021-10-05 07:28,706891377,1565643,27794,2,region4_1646037697
2021-10-05 07:28,706891377,2370618,7826,2,region4_1646037697
2021-10-05 07:28,706959337,6999941,1388667,2,region4_1646037697
2021-10-05 07:28,707249648,0,7851983,2,region4_1646037701
2021-10-05 07:28,707365262,0,10644733,4,region4_1646037697
2021-10-05 07:28,707189725,0,9435066,2,region4_1646037698
2021-10-05 07:28,707189725,9435066,315873,2,region4_1646037698
2021-10-05 07:28,706386826,3289356,137990,2,region4_1646037696
2021-10-05 07:28,706502184,6762421,1252386,2,region4_1646037701
2021-10-05 07:28,706502184,0,5251081,2,region4_1646037701
2021-10-05 07:28,706360127,0,1153253,2,region4_1646037697
2021-10-05 07:28,707124042,0,8388007,1,region4_1646037697
2021-10-05 07:28,707204806,2351886,6036722,2,region4_1646037697
2021-10-05 07:28,707215258,0,2245106,2,region4_1646037697
2021-10-05 07:28,706849929,0,8388608,2,region4_1646037696
2021-10-05 07:28,707293316,0,2378511,2,region4_1646037698
2021-10-05 07:28,707204806,0,2352014,2,region4_1646037697
2021-10-05 07:28,706509720,3325,1670528,2,region4_1646037697
2021-10-05 07:28,706165511,2097701,1964693,2,region4_1646037697
2021-10-05 07:28,706165511,150,868588,2,region4_1646037697
2021-10-05 07:28,706564974,2234361,16384,2,region4_1646037697
2021-10-05 07:28,706564974,1039514,3545,2,region4_1646037697
2021-10-05 07:28,706564974,2234361,16384,2,region4_1646037697
2021-10-05 07:28,706564974,2234361,16384,2,region4_1646037697
2021-10-05 07:28,706604498,0,241997,2,region4_1646037696
2021-10-05 07:28,707195248,0,2938137,3,region4_1646037697
2021-10-05 07:28,706452805,0,5940431,2,region4_1646037697
2021-10-05 07:28,707230138,0,5171945,3,region4_1646037697
2021-10-05 07:28,707261239,0,346764,2,region4_1646037697
2021-10-05 07:28,706604498,4555155,1086486,2,region4_1646037696
2021-10-05 07:28,706299445,0,98029,2,region4_1646037697
2021-10-05 07:28,706386185,1868495,155439,2,region4_1646037697
2021-10-05 07:28,706386185,18714,202085,2,region4_1646037697
2021-10-05 07:28,707179952,0,639704,2,region4_1646037698
2021-10-05 07:28,706988406,2742196,7882,2,region4_1646037697
2021-10-05 07:28,706988406,1904525,29426,2,region4_1646037697
2021-10-05 07:28,706988406,2750078,16384,2,region4_1646037697
2021-10-05 07:28,706490315,0,3859194,2,region4_1646037697
2021-10-05 07:28,707230167,0,1279631,2,region4_1646037703
2021-10-05 07:28,707108622,1264602,1006,2,region4_1646037703
2021-10-05 07:28,707108622,1250913,16384,2,region4_1646037703
2021-10-05 07:28,706390023,6369248,2019360,2,region4_1646037697
2021-10-05 07:28,706934960,0,843752,2,region4_1646037696
2021-10-05 07:28,707250700,27887,1220616,2,region4_1646037697
2021-10-05 07:28,706934960,1788668,3004552,2,region4_1646037696
2021-10-05 07:28,706934960,8296747,91861,2,region4_1646037696
2021-10-05 07:28,707275638,3145728,1048576,5,region4_1646037700
2021-10-05 07:28,707275638,2097152,1048576,5,region4_1646037700
2021-10-05 07:28,707275638,1048576,1048576,5,region4_1646037700
2021-10-05 07:28,707275638,0,1048576,5,region4_1646037700
2021-10-05 07:28,707275638,6291456,1048576,5,region4_1646037700
2021-10-05 07:28,707275638,5242880,1048576,5,region4_1646037700
2021-10-05 07:28,707275638,4194304,1048576,5,region4_1646037700
2021-10-05 07:28,707329656,115,928120,2,region4_1646037697
2021-10-05 07:28,706156325,3427261,310811,2,region4_1646037697
2021-10-05 07:28,706156325,1084144,736470,2,region4_1646037697
2021-10-05 07:28,706508828,1167735,7220873,2,region4_1646037697
2021-10-05 07:28,706508828,1164508,2841,2,region4_1646037697
2021-10-05 07:28,707275638,7340032,1048576,5,region4_1646037700
2021-10-05 07:28,707075160,0,4161896,2,region4_1646037697
2021-10-05 07:28,706374077,2493966,1356565,2,region4_1646037696
2021-10-05 07:28,706613704,0,3944820,4,region4_1646037702
2021-10-05 07:28,707335721,0,1540309,2,region4_1646037697
2021-10-05 07:28,707356641,0,5708773,2,region4_1646037697
2021-10-05 07:28,707356641,8000522,1447,2,region4_1646037697
2021-10-05 07:28,707356641,5708773,2291749,2,region4_1646037697
2021-10-05 07:28,707410979,28997,11365,2,region4_1646037697
2021-10-05 07:28,707410979,1289492,358181,2,region4_1646037697
2021-10-05 07:28,707229030,0,2843892,2,region4_1646037697
2021-10-05 07:28,707265559,0,2837705,2,region4_1646037696
2021-10-05 07:28,706549974,3457,1674576,2,region4_1646037697
2021-10-05 07:28,707296652,0,2481815,4,region4_1646037697
2021-10-05 07:28,706420935,6293318,2095290,2,region4_1646037697
2021-10-05 07:28,707356641,8002081,386527,2,region4_1646037697
2021-10-05 07:28,707214676,0,1346300,2,region4_1646037697
2021-10-05 07:28,707229030,2843892,2169374,2,region4_1646037697
2021-10-05 07:28,706731976,0,811079,2,region4_1646037697
2021-10-05 07:29,706975602,0,7077034,2,region4_1646037698
2021-10-05 07:29,707246467,0,8388608,2,region4_1646037698
2021-10-05 07:29,707218115,0,8388608,3,region4_1646037699
2021-10-05 07:29,707243708,0,8388608,2,region4_1646037698
2021-10-05 07:29,706165509,150,897087,2,region4_1646037697
2021-10-05 07:29,706165509,1951997,2156920,2,region4_1646037697
2021-10-05 07:29,706156065,1521758,850339,2,region4_1646037696
2021-10-05 07:29,706156065,447815,8453,2,region4_1646037696
2021-10-05 07:29,707266552,0,2628823,4,region4_1646037698
2021-10-05 07:29,706610983,2371498,206836,2,region4_1646037696
2021-10-05 07:29,706610983,609801,63708,2,region4_1646037696
2021-10-05 07:29,706604498,3647161,1443663,2,region4_1646037697
2021-10-05 07:29,706604498,0,1517691,2,region4_1646037697
2021-10-05 07:29,707149742,0,4249449,2,region4_1646037697
2021-10-05 07:29,706156065,1521758,850339,2,region4_1646037696
2021-10-05 07:29,706156065,447815,8453,2,region4_1646037696
2021-10-05 07:29,707219557,0,1352442,2,region4_1646037697
2021-10-05 07:29,707221056,0,8377234,3,region4_1646037699
2021-10-05 07:29,706530555,445557,1135186,2,region4_1646037697
2021-10-05 07:29,707254723,1333,321859,2,region4_1646037697
2021-10-05 07:29,707254723,3346469,2481519,2,region4_1646037697
2021-10-05 07:29,707358596,5149,8383459,2,region4_1646037696
2021-10-05 07:29,707219557,2513734,2330931,2,region4_1646037697
2021-10-05 07:29,706610983,609801,63708,2,region4_1646037696
2021-10-05 07:29,706610983,2371498,206836,2,region4_1646037696
2021-10-05 07:29,707317742,0,1682249,2,region4_1646037696
2021-10-05 07:29,707317742,649455,1048576,2,region4_1646037696
2021-10-05 07:29,706405790,0,8388608,2,region4_1646037696
2021-10-05 07:29,706409514,616217,126001,2,region4_1646037696
2021-10-05 07:29,707317742,11007,1687026,2,region4_1646037696
2021-10-05 07:29,706374077,2493966,1356565,2,region4_1646037696
2021-10-05 07:29,707013933,0,4120436,2,region4_1646037697
2021-10-05 07:29,706595945,804951,1202588,2,region4_1646037697
2021-10-05 07:29,706595945,801722,2842,2,region4_1646037697
2021-10-05 07:29,706904539,0,6029647,2,region4_1646037698
2021-10-05 07:29,706399725,4336499,2885,2,region4_1646037697
2021-10-05 07:29,706399725,4339786,4048822,2,region4_1646037697
2021-10-05 07:29,707210257,0,2618241,2,region4_1646037697
2021-10-05 07:29,706454880,0,2608443,2,region4_1646037697
2021-10-05 07:29,707144732,4359909,4427,2,region4_1646037697
2021-10-05 07:29,707210257,2618241,5770367,2,region4_1646037697
2021-10-05 07:29,706281962,0,6129109,2,region4_1646037697
2021-10-05 07:29,706281962,6129109,2259499,2,region4_1646037697
2021-10-05 07:29,706544124,0,8388608,2,region4_1646037701
2021-10-05 07:29,706244857,3781897,2181208,2,region4_1646037697
2021-10-05 07:29,706244857,3780453,560,2,region4_1646037697
2021-10-05 07:29,706244857,1693785,570,2,region4_1646037697
2021-10-05 07:29,707244825,0,7786464,2,region4_1646037698
2021-10-05 07:29,706598534,0,987167,2,region4_1646037697
2021-10-05 07:29,706507937,4424609,3963999,2,region4_1646037697
2021-10-05 07:29,706507937,4421337,2886,2,region4_1646037697
2021-10-05 07:29,706706474,1922700,29454,2,region4_1646037697
2021-10-05 07:29,706706474,2767809,16384,2,region4_1646037697
2021-10-05 07:29,706706474,2759828,7981,2,region4_1646037697
2021-10-05 07:29,706837962,0,8388608,2,region4_1646037696
2021-10-05 07:29,706191278,4779661,1027322,2,region4_1646037697
2021-10-05 07:29,707297566,0,3432670,2,region4_1646037696
2021-10-05 07:29,706410035,5823307,2565301,2,region4_1646037697
2021-10-05 07:29,706410035,5823307,2565301,2,region4_1646037697
2021-10-05 07:29,706665074,4525215,1128219,2,region4_1646037697
2021-10-05 07:29,706665074,7315360,1073248,2,region4_1646037697
2021-10-05 07:29,706665074,1987829,57771,2,region4_1646037697
2021-10-05 07:29,706665074,1979044,3548,2,region4_1646037697
2021-10-05 07:29,706191278,0,4779661,2,region4_1646037697
2021-10-05 07:29,706266683,4932800,188830,2,region4_1646037697
2021-10-05 07:29,706266683,0,4930430,2,region4_1646037697
2021-10-05 07:29,706266683,4930430,1900,2,region4_1646037697
2021-10-05 07:29,706456839,0,14846282,2,region4_1646037701
2021-10-05 07:29,707327664,0,8373014,3,region4_1646037699
2021-10-05 07:29,707408171,7414118,974490,2,region4_1646037697
2021-10-05 07:29,707408171,0,7414118,2,region4_1646037697
2021-10-05 07:29,707426819,0,1725755,2,region4_1646037696
2021-10-05 07:29,707122590,6880186,1508422,2,region4_1646037697
2021-10-05 07:29,707259299,6291456,331047,5,region4_1646037700
2021-10-05 07:29,707259299,4194304,1048576,5,region4_1646037700
2021-10-05 07:29,707259299,2097152,1048576,5,region4_1646037700
2021-10-05 07:29,707259299,0,1048576,5,region4_1646037700
2021-10-05 07:29,707259299,3145728,1048576,5,region4_1646037700
2021-10-05 07:29,707259299,1048576,1048576,5,region4_1646037700
2021-10-05 07:29,707259299,5242880,1048576,5,region4_1646037700
2021-10-05 07:29,706208802,4885658,151871,2,region4_1646037697
2021-10-05 07:29,706208802,3041057,710589,2,region4_1646037697
2021-10-05 07:29,706858298,0,3433223,2,region4_1646037696
2021-10-05 07:29,706615328,189,146111,2,region4_1646037697
2021-10-05 07:29,707122590,0,6880186,2,region4_1646037697
2021-10-05 07:29,707250004,0,8388608,2,region4_1646037698
2021-10-05 07:29,706771943,2870662,2343414,2,region4_1646037697
2021-10-05 07:29,706771943,0,1105194,2,region4_1646037697
2021-10-05 07:29,707306315,0,8381758,3,region4_1646037699
2021-10-05 07:29,706654259,3828313,16384,2,region4_1646037697
2021-10-05 07:29,706654259,3830469,1474,2,region4_1646037697
2021-10-05 07:29,706654259,3828313,16384,2,region4_1646037697
2021-10-05 07:29,707290815,115,935765,2,region4_1646037697
2021-10-05 07:29,707358690,0,8388608,2,region4_1646037701
2021-10-05 07:29,707260222,0,6625310,3,region4_1646037699
2021-10-05 07:29,706420935,6293318,2095290,2,region4_1646037697
2021-10-05 07:29,707338595,0,330038,4,region4_1646037698
2021-10-05 07:29,707442778,0,8388608,2,region4_1646037701
2021-10-05 07:29,706758151,2874994,376093,2,region4_1646037696
2021-10-05 07:29,707482343,0,50537,2,region4_1646037701
2021-10-05 07:29,707427558,0,8388608,2,region4_1646037701
2021-10-05 07:29,707471531,0,8388453,3,region4_1646037697
2021-10-05 07:29,707501234,0,3434644,2,region4_1646037696
2021-10-05 07:29,706178513,3072409,1263144,2,region4_1646037697
2021-10-05 07:29,707250682,0,8377298,3,region4_1646037699
2021-10-05 07:29,706554504,418308,7044736,2,region4_1646037696
2021-10-05 07:29,707272652,0,7372083,2,region4_1646037698
2021-10-05 07:29,707242667,0,88,1,region4_1646037697
2021-10-05 07:29,707291716,4964593,16384,2,region4_1646037697
2021-10-05 07:29,707376260,0,8388608,3,region4_1646037699
2021-10-05 07:29,707242667,88,8388432,1,region4_1646037697
2021-10-05 07:29,706165511,447828,8362,2,region4_1646037696
2021-10-05 07:29,706667064,1119193,80463,2,region4_1646037697
2021-10-05 07:29,706723214,0,8388608,2,region4_1646037701
2021-10-05 07:29,707297586,0,8231498,5,region4_1646037700
2021-10-05 07:29,706171691,1158545,1647892,2,region4_1646037697
2021-10-05 07:29,706229773,0,709059,2,region4_1646037697
2021-10-05 07:29,706229773,8072002,316606,2,region4_1646037697
2021-10-05 07:29,706229773,8070571,569,2,region4_1646037697
2021-10-05 07:29,706383716,4456560,3932048,2,region4_1646037697
2021-10-05 07:29,707461196,0,8388608,2,region4_1646037698
2021-10-05 07:29,706156065,150,2670,2,region4_1646037697
2021-10-05 07:29,706156065,2321666,50431,2,region4_1646037697
2021-10-05 07:29,707158391,3385183,6732,2,region4_1646037697
2021-10-05 07:29,707158391,3628636,16384,2,region4_1646037697
2021-10-05 07:29,706246273,0,3264920,2,region4_1646037696
2021-10-05 07:29,707360712,4174083,2339,2,region4_1646037697
2021-10-05 07:29,707379291,4194304,1048576,5,region4_1646037700
2021-10-05 07:29,707379291,3145728,1048576,5,region4_1646037700
2021-10-05 07:29,707379291,2097152,1048576,5,region4_1646037700
2021-10-05 07:29,707379291,0,1048576,5,region4_1646037700
2021-10-05 07:29,707379291,6291456,171070,5,region4_1646037700
2021-10-05 07:29,707379291,5242880,1048576,5,region4_1646037700
2021-10-05 07:29,707379291,1048576,1048576,5,region4_1646037700
2021-10-05 07:29,706428724,4093730,4294878,2,region4_1646037697
2021-10-05 07:29,706428724,1923,2927963,2,region4_1646037697
2021-10-05 07:29,706428724,1923,2927963,2,region4_1646037697
2021-10-05 07:29,706156325,738105,113501,2,region4_1646037696
2021-10-05 07:29,707249909,0,8388608,2,region4_1646037696
2021-10-05 07:29,707313486,0,1263281,2,region4_1646037697
2021-10-05 07:29,706428724,4093730,4294878,2,region4_1646037697
2021-10-05 07:29,707328561,4655620,16384,2,region4_1646037697
2021-10-05 07:29,706169177,6458507,1300,2,region4_1646037697
2021-10-05 07:29,706726152,6553600,1835008,1,region4_1646037696
2021-10-05 07:29,706246273,3302069,126155,2,region4_1646037696
2021-10-05 07:29,706383716,4456560,3932048,2,region4_1646037697
2021-10-05 07:29,706763277,7526883,7119923,2,region4_1646037697
2021-10-05 07:29,707328561,4655620,16384,2,region4_1646037697
2021-10-05 07:29,707328561,242132,4415555,2,region4_1646037697
2021-10-05 07:29,707328561,0,242132,2,region4_1646037697
2021-10-05 07:29,707328561,4657687,1443,2,region4_1646037697
2021-10-05 07:29,706169177,6484974,1903634,2,region4_1646037697
2021-10-05 07:29,707389830,1141951,2842,2,region4_1646037697
2021-10-05 07:29,706754503,4911690,16384,2,region4_1646037697
2021-10-05 07:29,706390023,6369248,2019360,2,region4_1646037696
2021-10-05 07:29,706383716,4456560,3932048,2,region4_1646037697
2021-10-05 07:29,707358551,0,2786499,2,region4_1646037697
2021-10-05 07:29,707358551,7383939,1004669,2,region4_1646037697
2021-10-05 07:29,706165511,2333437,49218,2,region4_1646037697
2021-10-05 07:29,706165511,150,2670,2,region4_1646037697
2021-10-05 07:29,707412439,0,8388608,4,region4_1646037698
2021-10-05 07:29,706754503,4184649,3665,2,region4_1646037697
2021-10-05 07:29,706754503,2199195,2110640,2,region4_1646037697
2021-10-05 07:29,707358551,1085481,3088853,2,region4_1646037697
2021-10-05 07:29,707479247,7340032,1048576,5,region4_1646037700
2021-10-05 07:29,707479247,6291456,1048576,5,region4_1646037700
2021-10-05 07:29,707479247,5242880,1048576,5,region4_1646037700
2021-10-05 07:29,707479247,4194304,1048576,5,region4_1646037700
2021-10-05 07:29,707479247,2097152,1048576,5,region4_1646037700
2021-10-05 07:29,707479247,3145728,1048576,5,region4_1646037700
2021-10-05 07:29,707479247,1048576,1048576,5,region4_1646037700
2021-10-05 07:29,707479247,0,1048576,5,region4_1646037700
2021-10-05 07:29,707276254,0,366988,2,region4_1646037697
2021-10-05 07:29,707291716,0,1486320,2,region4_1646037697
2021-10-05 07:29,707291716,4805638,2404,2,region4_1646037697
2021-10-05 07:29,706759957,6694864,100844,2,region4_1646037697
2021-10-05 07:29,706759957,6693195,1484,2,region4_1646037697
2021-10-05 07:29,706470006,6197627,2190981,2,region4_1646037701
2021-10-05 07:29,706470006,1595149,133840,2,region4_1646037701
2021-10-05 07:29,706470006,3363535,978338,2,region4_1646037701
2021-10-05 07:29,706344393,0,8388608,2,region4_1646037698
2021-10-05 07:29,707374257,5701361,4064,2,region4_1646037703
2021-10-05 07:29,707465632,0,6864230,2,region4_1646037698
2021-10-05 07:29,707495626,540466,16384,2,region4_1646037697
2021-10-05 07:29,707495626,540466,16384,2,region4_1646037697
2021-10-05 07:29,707495626,547612,1460,2,region4_1646037697
2021-10-05 07:29,706369475,1294299,7094309,2,region4_1646037697
2021-10-05 07:29,707374257,5735494,256926,2,region4_1646037703
2021-10-05 07:29,707379286,0,1673001,2,region4_1646037696
2021-10-05 07:29,707379286,640130,1048576,2,region4_1646037696
2021-10-05 07:29,707379286,0,1688714,2,region4_1646037696
2021-10-05 07:29,706350841,1519535,70309,2,region4_1646037696
2021-10-05 07:29,706350841,2693954,197590,2,region4_1646037696
2021-10-05 07:29,706822163,1048133,447561,2,region4_1646037697
2021-10-05 07:29,707487604,3676709,16384,2,region4_1646037703
2021-10-05 07:29,706807238,1877424,46776,2,region4_1646037697
2021-10-05 07:29,706807238,1845176,27940,2,region4_1646037697
2021-10-05 07:29,706423349,1706673,3940882,2,region4_1646037697
2021-10-05 07:29,707329465,3923921,2604552,2,region4_1646037697
2021-10-05 07:29,707329465,920087,178246,2,region4_1646037697
2021-10-05 07:29,707329465,915758,2799,2,region4_1646037697
2021-10-05 07:29,706654128,0,5204959,2,region4_1646037697
2021-10-05 07:29,707270883,0,6201913,2,region4_1646037697
2021-10-05 07:29,707270883,6201913,2186695,2,region4_1646037697
2021-10-05 07:29,707033121,7877106,511502,2,region4_1646037703
2021-10-05 07:29,707430332,0,1817177,2,region4_1646037698
2021-10-05 07:29,706350841,2693954,197590,2,region4_1646037696
2021-10-05 07:29,707271363,0,8388608,4,region4_1646037698
2021-10-05 07:29,707160152,0,1065801,1,region4_1646037697
2021-10-05 07:29,707421119,6138356,185503,2,region4_1646037697
2021-10-05 07:29,707421119,6134081,2885,2,region4_1646037697
2021-10-05 07:29,707430332,1817177,7708172,2,region4_1646037698
2021-10-05 07:29,707007784,15920,203748,2,region4_1646037703
2021-10-05 07:29,707007784,7771441,617167,2,region4_1646037703
2021-10-05 07:29,706487798,78521,46240,2,region4_1646037697
2021-10-05 07:29,706487798,46308,27951,2,region4_1646037697
2021-10-05 07:29,706487798,1458284,1313294,2,region4_1646037697
2021-10-05 07:29,706834630,0,1713792,2,region4_1646037696
2021-10-05 07:29,707369790,4601542,1019302,2,region4_1646037697
2021-10-05 07:29,707369790,1433916,412717,2,region4_1646037697
2021-10-05 07:29,707369790,3527,51405,2,region4_1646037697
2021-10-05 07:29,707369790,6743416,1645192,2,region4_1646037697
2021-10-05 07:29,707341437,0,8388608,2,region4_1646037696
2021-10-05 07:29,707474864,0,8388608,2,region4_1646037701
2021-10-05 07:29,707046993,5290923,1460,2,region4_1646037697
2021-10-05 07:29,707046993,5284023,16384,2,region4_1646037697
2021-10-05 07:29,706624905,4330521,1225385,2,region4_1646037701
2021-10-05 07:29,706624905,0,2003370,2,region4_1646037701
2021-10-05 07:29,706624905,7831455,145918,2,region4_1646037701
2021-10-05 07:29,706752873,4570416,16384,2,region4_1646037697
2021-10-05 07:29,706752873,4577327,1495,2,region4_1646037697
2021-10-05 07:29,707457416,0,925573,2,region4_1646037697
2021-10-05 07:29,707484289,5783863,2604745,2,region4_1646037697
2021-10-05 07:29,707290282,3518,245541,2,region4_1646037697
2021-10-05 07:29,707290282,5059283,1152538,2,region4_1646037697
2021-10-05 07:29,707290282,1411108,336497,2,region4_1646037697
2021-10-05 07:29,706752873,228576,4348751,2,region4_1646037697
2021-10-05 07:29,706752873,0,228576,2,region4_1646037697
2021-10-05 07:29,706523106,0,5198969,2,region4_1646037703
2021-10-05 07:29,706523106,0,5198969,2,region4_1646037703
2021-10-05 07:29,707417854,353,3683069,2,region4_1646037697
2021-10-05 07:29,707471452,0,7021530,3,region4_1646037699
2021-10-05 07:29,707380622,0,8378302,3,region4_1646037699
2021-10-05 07:29,706165509,150,2661,2,region4_1646037697
2021-10-05 07:29,706165509,2285905,50175,2,region4_1646037697
2021-10-05 07:29,707280744,7146656,61459,2,region4_1646037697
2021-10-05 07:29,706264534,3377582,173949,2,region4_1646037696
2021-10-05 07:29,706264534,88649,985133,2,region4_1646037696
2021-10-05 07:29,706264534,2214052,55797,2,region4_1646037696
2021-10-05 07:29,707511566,0,8378997,3,region4_1646037699
2021-10-05 07:29,707399207,0,2271061,2,region4_1646037697
2021-10-05 07:29,707399207,2271061,6117547,2,region4_1646037697
2021-10-05 07:29,707437094,1374227,2536938,2,region4_1646037697
2021-10-05 07:29,707531542,0,13017,3,region4_1646037699
2021-10-05 07:29,707096817,6828823,1559785,2,region4_1646037703
2021-10-05 07:29,706370097,7728003,660605,2,region4_1646037697
2021-10-05 07:29,707486509,4194304,1048576,5,region4_1646037700
2021-10-05 07:29,707486509,2097152,1048576,5,region4_1646037700
2021-10-05 07:29,707486509,1048576,1048576,5,region4_1646037700
2021-10-05 07:29,707486509,0,1048576,5,region4_1646037700
2021-10-05 07:29,707486509,3145728,1048576,5,region4_1646037700
2021-10-05 07:29,706370097,7728003,660605,2,region4_1646037697
2021-10-05 07:29,706935971,0,3432745,2,region4_1646037696
2021-10-05 07:29,707353475,7887607,501001,2,region4_1646037697
2021-10-05 07:29,707353475,1236,3392589,2,region4_1646037697
2021-10-05 07:29,707486509,6291456,1048576,5,region4_1646037700
2021-10-05 07:29,707486509,5242880,1048576,5,region4_1646037700
2021-10-05 07:29,707486509,7340032,1048576,5,region4_1646037700
2021-10-05 07:29,707158391,3628636,16384,2,region4_1646037697
2021-10-05 07:29,707158391,3385183,6732,2,region4_1646037697
2021-10-05 07:29,706169177,8292,2730377,2,region4_1646037697
2021-10-05 07:29,706169177,7736922,651686,2,region4_1646037697
2021-10-05 07:29,706360127,2248924,164936,2,region4_1646037697
2021-10-05 07:29,706383716,4456560,3932048,2,region4_1646037697
2021-10-05 07:29,707204806,2351886,6036722,2,region4_1646037697
2021-10-05 07:29,706702557,4272408,1455277,2,region4_1646037701
2021-10-05 07:29,706702557,7144331,1244277,2,region4_1646037701
2021-10-05 07:29,706702557,496977,1109553,2,region4_1646037701
2021-10-05 07:29,707502884,0,8388608,2,region4_1646037696
2021-10-05 07:30,707343908,194,155509,2,region4_1646037697
2021-10-05 07:30,707424792,2776740,16384,2,region4_1646037697
2021-10-05 07:30,707424792,0,2780391,2,region4_1646037697
2021-10-05 07:30,707424792,2776740,16384,2,region4_1646037697
2021-10-05 07:30,707424819,0,10305507,4,region4_1646037697
2021-10-05 07:30,707430291,0,8388608,2,region4_1646037698
2021-10-05 07:30,707408711,1870093,6518515,2,region4_1646037697
2021-10-05 07:30,706979157,6418157,16384,2,region4_1646037697
2021-10-05 07:30,706979157,5853789,6053,2,region4_1646037697
2021-10-05 07:30,706979157,6418157,16384,2,region4_1646037697
2021-10-05 07:30,706615328,2152323,1718303,2,region4_1646037697
2021-10-05 07:30,706615328,72,95481,2,region4_1646037697
2021-10-05 07:30,706156065,150,3946389,2,region4_1646037697
2021-10-05 07:30,706677836,0,745918,2,region4_1646037697
2021-10-05 07:30,707277970,2565755,16384,2,region4_1646037697
2021-10-05 07:30,707434105,0,8388608,2,region4_1646037696
2021-10-05 07:30,706181914,4424401,397104,2,region4_1646037697
2021-10-05 07:30,706181914,4420502,2340,2,region4_1646037697
2021-10-05 07:30,706787666,5438074,1637825,2,region4_1646037696
2021-10-05 07:30,706169177,7736922,651686,2,region4_1646037697
2021-10-05 07:30,706508828,3640129,3124915,2,region4_1646037697
2021-10-05 07:30,706508828,1168944,170278,2,region4_1646037697
2021-10-05 07:30,706490315,4933702,3454906,2,region4_1646037697
2021-10-05 07:30,706490315,0,2300971,2,region4_1646037697
2021-10-05 07:30,706156065,1521758,850339,2,region4_1646037696
2021-10-05 07:30,707509193,0,8388608,2,region4_1646037701
2021-10-05 07:30,706169177,7736922,651686,2,region4_1646037697
2021-10-05 07:30,706169177,8292,2730377,2,region4_1646037697
2021-10-05 07:30,706610983,2371498,206836,2,region4_1646037696
2021-10-05 07:30,706610983,609801,63708,2,region4_1646037696
2021-10-05 07:30,706630141,0,1362635,2,region4_1646037697
2021-10-05 07:30,706156065,447815,8453,2,region4_1646037696
2021-10-05 07:30,706452805,994224,3326162,2,region4_1646037697
2021-10-05 07:30,706452805,7452395,936213,2,region4_1646037697
2021-10-05 07:30,706599826,664,7530234,2,region4_1646037701
2021-10-05 07:30,706264534,2214052,55797,2,region4_1646037696
2021-10-05 07:30,706264534,3377582,173949,2,region4_1646037696
2021-10-05 07:30,706264534,88649,985133,2,region4_1646037696
2021-10-05 07:30,707401172,4336500,2838,2,region4_1646037697
2021-10-05 07:30,707401172,293351,2615124,2,region4_1646037697
2021-10-05 07:30,706374077,2493966,1356565,2,region4_1646037696
2021-10-05 07:30,706508828,1164508,2841,2,region4_1646037697
2021-10-05 07:30,706420935,6293318,2095290,2,region4_1646037696
2021-10-05 07:30,706231915,0,8388608,2,region4_1646037698
2021-10-05 07:30,707401172,7192614,1195994,2,region4_1646037697
2021-10-05 07:30,707401172,4340862,178313,2,region4_1646037697
2021-10-05 07:30,706508828,0,1164508,2,region4_1646037697
2021-10-05 07:30,707486599,0,8388608,2,region4_1646037698
2021-10-05 07:30,706428724,2372081,557805,2,region4_1646037696
2021-10-05 07:30,706428724,104443,115096,2,region4_1646037696
2021-10-05 07:30,706428724,4093730,4294878,2,region4_1646037696
2021-10-05 07:30,707576133,0,8388608,2,region4_1646037701
2021-10-05 07:30,706654259,3828313,16384,2,region4_1646037697
2021-10-05 07:30,706156065,150,786886,2,region4_1646037697
2021-10-05 07:30,706156065,2129103,1817436,2,region4_1646037697
2021-10-05 07:30,706169177,7736922,651686,2,region4_1646037697
2021-10-05 07:30,707359362,1048576,1048576,5,region4_1646037700
2021-10-05 07:30,707359362,0,1048576,5,region4_1646037700
2021-10-05 07:30,706357779,2786832,1783612,2,region4_1646037697
2021-10-05 07:30,707338442,0,9675849,4,region4_1646037697
2021-10-05 07:30,706595945,801722,2842,2,region4_1646037697
2021-10-05 07:30,707565919,0,2019,3,region4_1646037697
2021-10-05 07:30,706731976,0,811079,2,region4_1646037697
2021-10-05 07:30,707359362,7340032,1048576,5,region4_1646037700
2021-10-05 07:30,707359362,6291456,1048576,5,region4_1646037700
2021-10-05 07:30,707359362,5242880,1048576,5,region4_1646037700
2021-10-05 07:30,707359362,4194304,1048576,5,region4_1646037700
2021-10-05 07:30,707359362,3145728,1048576,5,region4_1646037700
2021-10-05 07:30,707359362,2097152,1048576,5,region4_1646037700
2021-10-05 07:30,706595945,806168,170409,2,region4_1646037697
2021-10-05 07:30,706595945,0,801722,2,region4_1646037697
2021-10-05 07:30,706654259,3830469,1474,2,region4_1646037697
2021-10-05 07:30,706654259,3828313,16384,2,region4_1646037697
2021-10-05 07:30,706454880,933247,1675196,2,region4_1646037697
2021-10-05 07:30,707195248,0,2938137,1,region4_1646037697
2021-10-05 07:30,707384644,6236814,2151794,2,region4_1646037697
2021-10-05 07:30,707384644,0,6236814,2,region4_1646037697
2021-10-05 07:30,706399725,6821140,1567468,2,region4_1646037697
2021-10-05 07:30,706399725,917486,3419013,2,region4_1646037697
2021-10-05 07:30,706399725,4341053,157821,2,region4_1646037697
2021-10-05 07:30,706399725,4336499,2885,2,region4_1646037697
2021-10-05 07:30,707449922,0,8374717,3,region4_1646037699
2021-10-05 07:30,706341359,1505329,2875127,2,region4_1646037697
2021-10-05 07:30,706169177,8292,2730377,2,region4_1646037697
2021-10-05 07:30,707344978,4714088,16384,2,region4_1646037697
2021-10-05 07:30,707344978,337013,4379106,2,region4_1646037697
2021-10-05 07:30,707344978,4714088,16384,2,region4_1646037697
2021-10-05 07:30,707344978,0,337013,2,region4_1646037697
2021-10-05 07:30,707344978,4716119,1460,2,region4_1646037697
2021-10-05 07:30,706165511,2097701,1964693,2,region4_1646037697
2021-10-05 07:30,706165511,150,868588,2,region4_1646037697
2021-10-05 07:30,706974994,2841471,2038902,2,region4_1646037697
2021-10-05 07:30,706307983,0,1374356,2,region4_1646037697
2021-10-05 07:30,706169177,8292,2730377,2,region4_1646037697
2021-10-05 07:30,706598534,0,285670,2,region4_1646037697
2021-10-05 07:30,706507937,6885720,1502888,2,region4_1646037697
2021-10-05 07:30,706507937,4425818,162568,2,region4_1646037697
2021-10-05 07:30,706507937,849755,3571582,2,region4_1646037697
2021-10-05 07:30,706507937,4421337,2886,2,region4_1646037697
2021-10-05 07:30,707502048,0,8381160,3,region4_1646037699
2021-10-05 07:30,706860635,0,14622665,2,region4_1646037701
2021-10-05 07:30,706234784,0,173763,2,region4_1646037697
2021-10-05 07:30,707467350,1841819,170712,2,region4_1646037697
2021-10-05 07:30,707467350,1837406,2885,2,region4_1646037697
2021-10-05 07:30,707478687,0,14821114,2,region4_1646037701
2021-10-05 07:30,707542593,0,8388608,4,region4_1646037696
2021-10-05 07:30,706617094,1059,2691342,2,region4_1646037703
2021-10-05 07:30,707162360,17201,2446491,2,region4_1646037697
2021-10-05 07:30,706771943,6250324,2138284,2,region4_1646037697
2021-10-05 07:30,706771943,0,1105194,2,region4_1646037697
2021-10-05 07:30,706771943,2870662,896078,2,region4_1646037697
2021-10-05 07:30,707158391,3628636,16384,2,region4_1646037697
2021-10-05 07:30,707594750,0,1165315,4,region4_1646037696
2021-10-05 07:30,706696550,6631952,291837,2,region4_1646037696
2021-10-05 07:30,706156325,1084144,736470,2,region4_1646037697
2021-10-05 07:30,706156325,0,19701,2,region4_1646037697
2021-10-05 07:30,707493932,0,8387703,3,region4_1646037697
2021-10-05 07:30,707051978,2823766,8063,2,region4_1646037697
2021-10-05 07:30,707051978,1985606,29570,2,region4_1646037697
2021-10-05 07:30,707051978,2831829,16384,2,region4_1646037697
2021-10-05 07:30,707158391,3385183,6732,2,region4_1646037697
2021-10-05 07:30,706168434,150,2679,2,region4_1646037697
2021-10-05 07:30,706168434,2382355,50349,2,region4_1646037697
2021-10-05 07:30,706905672,0,1243172,2,region4_1646037696
2021-10-05 07:30,707384899,0,8388608,2,region4_1646037696
2021-10-05 07:30,707429592,0,8379049,3,region4_1646037699
2021-10-05 07:30,707490550,2116952,2903,2,region4_1646037697
2021-10-05 07:30,707490550,2121249,190337,2,region4_1646037697
2021-10-05 07:30,707490550,6082947,1675113,2,region4_1646037697
2021-10-05 07:30,707500160,0,2694806,2,region4_1646037696
2021-10-05 07:30,707573905,0,2378542,2,region4_1646037697
2021-10-05 07:30,707573905,2378542,6010066,2,region4_1646037697
2021-10-05 07:30,707372127,2070063,1633,2,region4_1646037697
2021-10-05 07:30,706732676,2298601,1772819,2,region4_1646037697
2021-10-05 07:30,706396222,432886,8831,2,region4_1646037696
2021-10-05 07:30,706396222,1736976,426177,2,region4_1646037696
2021-10-05 07:30,706396222,432886,8831,2,region4_1646037696
2021-10-05 07:30,706396222,1736976,426177,2,region4_1646037696
2021-10-05 07:30,706165511,150,4062244,2,region4_1646037697
2021-10-05 07:30,707343986,0,8378180,3,region4_1646037699
2021-10-05 07:30,707372127,7477210,911398,2,region4_1646037697
2021-10-05 07:30,707372127,2075569,399817,2,region4_1646037697
2021-10-05 07:30,707415840,193,140922,2,region4_1646037697
2021-10-05 07:30,707529617,0,3423293,2,region4_1646037696
2021-10-05 07:30,706369475,1294299,7094309,2,region4_1646037696
2021-10-05 07:30,707478625,0,944591,3,region4_1646037697
2021-10-05 07:30,707424938,0,40,3,region4_1646037699
2021-10-05 07:30,707122590,6880186,1508422,2,region4_1646037697
2021-10-05 07:30,707153940,4454316,174901,2,region4_1646037697
2021-10-05 07:30,707153940,0,4454316,2,region4_1646037697
2021-10-05 07:30,707489449,353,3631968,2,region4_1646037697
2021-10-05 07:30,706165509,1951997,2156920,2,region4_1646037697
2021-10-05 07:30,706165509,150,897087,2,region4_1646037697
2021-10-05 07:30,706178473,5294374,332411,2,region4_1646037697
2021-10-05 07:30,707580223,0,723882,5,region4_1646037700
2021-10-05 07:30,707594733,6291456,1048576,5,region4_1646037700
2021-10-05 07:30,707594733,5242880,1048576,5,region4_1646037700
2021-10-05 07:30,707594733,4194304,1048576,5,region4_1646037700
2021-10-05 07:30,707594733,3145728,1048576,5,region4_1646037700
2021-10-05 07:30,707594733,2097152,1048576,5,region4_1646037700
2021-10-05 07:30,707594733,0,1048576,5,region4_1646037700
2021-10-05 07:30,707594733,1048576,1048576,5,region4_1646037700
2021-10-05 07:30,707122590,0,6880186,2,region4_1646037697
2021-10-05 07:30,706888165,3641840,1466,2,region4_1646037697
2021-10-05 07:30,706888165,3639621,16384,2,region4_1646037697
2021-10-05 07:30,706891006,1012026,5494,2,region4_1646037697
2021-10-05 07:30,707594733,8388608,1048576,5,region4_1646037700
2021-10-05 07:30,707594733,9437184,287730,5,region4_1646037700
2021-10-05 07:30,707594733,7340032,1048576,5,region4_1646037700
2021-10-05 07:30,706891006,1018485,808726,2,region4_1646037697
2021-10-05 07:30,707434074,0,1664655,2,region4_1646037697
2021-10-05 07:30,706525744,0,719876,2,region4_1646037703
2021-10-05 07:30,707517148,186,141705,2,region4_1646037697
2021-10-05 07:30,707446446,1984067,3004927,2,region4_1646037697
2021-10-05 07:30,706843408,3793205,16384,2,region4_1646037697
2021-10-05 07:30,706821766,3799200,16384,2,region4_1646037697
2021-10-05 07:30,707059419,0,8388608,2,region4_1646037696
2021-10-05 07:30,706843408,3616930,5497,2,region4_1646037697
2021-10-05 07:30,707113643,1150390,866566,2,region4_1646037697
2021-10-05 07:30,707392743,3630644,5476,2,region4_1646037697
2021-10-05 07:30,706821766,3622363,5591,2,region4_1646037697
2021-10-05 07:30,706779021,0,2642909,2,region4_1646037696
2021-10-05 07:30,706779021,2642909,1048576,2,region4_1646037696
2021-10-05 07:30,707403938,0,1246740,2,region4_1646037697
2021-10-05 07:30,706958395,3041400,293085,2,region4_1646037696
2021-10-05 07:30,706958395,8054843,333765,2,region4_1646037696
2021-10-05 07:30,706156325,0,4061300,2,region4_1646037697
2021-10-05 07:30,706564884,2566316,274794,2,region4_1646037697
2021-10-05 07:30,707422743,2097152,135113,5,region4_1646037700
2021-10-05 07:30,707422743,1048576,1048576,5,region4_1646037700
2021-10-05 07:30,707422743,0,1048576,5,region4_1646037700
2021-10-05 07:30,706416260,0,829074,2,region4_1646037697
2021-10-05 07:30,707565919,995,1024,1,region4_1646037697
2021-10-05 07:30,707574001,0,529886,1,region4_1646037696
2021-10-05 07:30,706875631,4390531,1907970,2,region4_1646037696
2021-10-05 07:30,707398492,0,8381549,3,region4_1646037699
2021-10-05 07:30,706350841,1519535,70309,2,region4_1646037696
2021-10-05 07:30,707446184,7340032,1048576,5,region4_1646037700
2021-10-05 07:30,707446184,6291456,1048576,5,region4_1646037700
2021-10-05 07:30,707446184,5242880,1048576,5,region4_1646037700
2021-10-05 07:30,707446184,4194304,1048576,5,region4_1646037700
2021-10-05 07:30,707446184,3145728,1048576,5,region4_1646037700
2021-10-05 07:30,707446184,2097152,1048576,5,region4_1646037700
2021-10-05 07:30,707446184,1048576,1048576,5,region4_1646037700
2021-10-05 07:30,707446184,0,1048576,5,region4_1646037700
2021-10-05 07:30,707478625,0,944591,1,region4_1646037697
2021-10-05 07:30,707574001,529886,1366897,1,region4_1646037696
2021-10-05 07:30,706530017,0,3635469,2,region4_1646037701
2021-10-05 07:30,706530017,5747408,443315,2,region4_1646037701
2021-10-05 07:30,707396330,0,2425168,4,region4_1646037697
2021-10-05 07:30,707546604,3520963,16384,2,region4_1646037697
2021-10-05 07:30,707546604,3523181,1464,2,region4_1646037697
2021-10-05 07:30,707546604,3520963,16384,2,region4_1646037697
2021-10-05 07:30,707574001,1896783,1366897,1,region4_1646037696
2021-10-05 07:30,706956547,8116960,271648,2,region4_1646037696
2021-10-05 07:30,706181705,4561323,1420302,2,region4_1646037697
2021-10-05 07:30,706181705,3804,750198,2,region4_1646037697
2021-10-05 07:30,706779021,2642909,1048576,2,region4_1646037696
2021-10-05 07:30,707162333,0,1265423,2,region4_1646037697
2021-10-05 07:30,707574001,3263680,1366897,1,region4_1646037696
2021-10-05 07:30,706984069,188,160415,2,region4_1646037697
2021-10-05 07:30,706988406,2742196,7882,2,region4_1646037697
2021-10-05 07:30,706988406,2750078,16384,2,region4_1646037697
2021-10-05 07:30,706988406,1904525,29426,2,region4_1646037697
2021-10-05 07:30,707162333,1265423,4043381,2,region4_1646037697
2021-10-05 07:30,707574001,4630577,1366897,1,region4_1646037696
2021-10-05 07:30,707499318,0,6601176,4,region4_1646037698
2021-10-05 07:30,706428724,1923,2927963,2,region4_1646037697
2021-10-05 07:30,706428724,4093730,4294878,2,region4_1646037697
2021-10-05 07:30,707497588,0,2892712,4,region4_1646037697
2021-10-05 07:30,706165509,150,4108767,2,region4_1646037697
2021-10-05 07:30,706165914,3839704,8723,2,region4_1646037697
2021-10-05 07:30,706165914,4101604,16384,2,region4_1646037697
2021-10-05 07:30,706168434,150,858149,2,region4_1646037697
2021-10-05 07:30,706168434,2043826,1851330,2,region4_1646037697
2021-10-05 07:30,707574001,5997474,307125,1,region4_1646037696
2021-10-05 07:30,707613787,4428490,2842,2,region4_1646037697
2021-10-05 07:30,706261840,4637714,16384,2,region4_1646037697
2021-10-05 07:30,706261840,4637714,16384,2,region4_1646037697
2021-10-05 07:30,706261840,4637714,16384,2,region4_1646037697
2021-10-05 07:30,706779021,0,2642909,2,region4_1646037696
2021-10-05 07:30,707613787,7472270,840703,2,region4_1646037697
2021-10-05 07:30,707613787,4432856,180898,2,region4_1646037697
2021-10-05 07:30,707174272,0,2351,2,region4_1646037698
2021-10-05 07:30,706165036,0,44,2,region4_1646037703
2021-10-05 07:30,706165036,0,44,2,region4_1646037697
2021-10-05 07:30,707621000,0,5217925,4,region4_1646037698
2021-10-05 07:30,706261840,3949451,66140,2,region4_1646037697
2021-10-05 07:30,706261840,3948852,540,2,region4_1646037697
2021-10-05 07:30,706261840,4082732,475,2,region4_1646037697
2021-10-05 07:30,706962443,3651016,5485,2,region4_1646037697
2021-10-05 07:30,706962443,3835983,16384,2,region4_1646037697
2021-10-05 07:30,707491110,0,8388608,2,region4_1646037701
2021-10-05 07:30,706369475,1294299,7094309,2,region4_1646037697
2021-10-05 07:30,707629975,0,7264368,4,region4_1646037702
2021-10-05 07:30,707450268,0,494090,5,region4_1646037700
2021-10-05 07:30,706165036,0,44,2,region4_1646037697
2021-10-05 07:30,706165036,0,44,2,region4_1646037697
2021-10-05 07:30,706165036,0,44,2,region4_1646037697
2021-10-05 07:30,707517669,0,1150087,5,region4_1646037700
2021-10-05 07:30,706185936,0,8388608,2,region4_1646037696
2021-10-05 07:30,707602126,2353300,227612,2,region4_1646037697
2021-10-05 07:30,707602126,2349041,2802,2,region4_1646037697
2021-10-05 07:30,706891377,599242,60673,2,region4_1646037697
2021-10-05 07:30,707431521,0,8388608,5,region4_1646037700
2021-10-05 07:30,706779021,2642909,1048576,2,region4_1646037696
2021-10-05 07:30,706779021,0,2642909,2,region4_1646037696
2021-10-05 07:30,707487513,2097152,786562,5,region4_1646037700
2021-10-05 07:30,707487513,1048576,1048576,5,region4_1646037700
2021-10-05 07:30,707487513,0,1048576,5,region4_1646037700
2021-10-05 07:30,706165036,0,44,2,region4_1646037703
2021-10-05 07:30,706926400,2442,18709,2,region4_1646037697
2021-10-05 07:30,706926400,1876339,60315,2,region4_1646037697
2021-10-05 07:30,706428724,4093730,4294878,2,region4_1646037697
2021-10-05 07:30,707465766,2582612,16384,2,region4_1646037697
2021-10-05 07:30,707465766,2589785,1446,2,region4_1646037697
2021-10-05 07:30,707419914,6291456,1048576,5,region4_1646037700
2021-10-05 07:30,707419914,5242880,1048576,5,region4_1646037700
2021-10-05 07:30,707419914,1048576,1048576,5,region4_1646037700
2021-10-05 07:30,707419914,3145728,1048576,5,region4_1646037700
2021-10-05 07:30,707419914,2097152,1048576,5,region4_1646037700
2021-10-05 07:30,707419914,0,1048576,5,region4_1646037700
2021-10-05 07:30,707419914,7340032,1048576,5,region4_1646037700
2021-10-05 07:30,707419914,4194304,1048576,5,region4_1646037700
2021-10-05 07:30,706967916,2318,18676,2,region4_1646037697
2021-10-05 07:30,706967916,1887511,59910,2,region4_1646037697
2021-10-05 07:30,706633565,6618884,1048576,2,region4_1646037701
2021-10-05 07:30,706633565,6526220,1141240,2,region4_1646037701
2021-10-05 07:30,707140348,0,8371822,1,region4_1646037696
2021-10-05 07:30,706406685,1750706,315,2,region4_1646037697
2021-10-05 07:30,706406685,1751056,6637552,2,region4_1646037697
2021-10-05 07:30,706406685,0,1750706,2,region4_1646037697
2021-10-05 07:30,707433804,0,239515,2,region4_1646037697
2021-10-05 07:30,707433804,6660706,1727902,2,region4_1646037697
2021-10-05 07:30,707569970,0,8388608,2,region4_1646037698
2021-10-05 07:30,707653457,6685370,1703238,2,region4_1646037697
2021-10-05 07:30,707653457,963141,5722229,2,region4_1646037697
2021-10-05 07:30,707437187,0,3188476,2,region4_1646037696
2021-10-05 07:30,706633565,0,2574401,2,region4_1646037701
2021-10-05 07:30,707492058,0,3754294,2,region4_1646037696
2021-10-05 07:30,707513670,0,8388608,2,region4_1646037698
2021-10-05 07:30,706369475,1294299,7094309,2,region4_1646037697
2021-10-05 07:30,706779021,2642909,1048576,2,region4_1646037696
2021-10-05 07:30,707513644,0,3422646,2,region4_1646037696
2021-10-05 07:30,707586987,0,4032675,2,region4_1646037698
2021-10-05 07:30,707488896,5296996,3091612,2,region4_1646037697
2021-10-05 07:30,707488896,0,5296996,2,region4_1646037697
2021-10-05 07:30,706386185,12075,101298,2,region4_1646037697
2021-10-05 07:30,706781286,6130869,2257739,2,region4_1646037697
2021-10-05 07:30,706781286,6040471,90398,2,region4_1646037697
2021-10-05 07:30,707373355,0,8388608,2,region4_1646037696
2021-10-05 07:30,707481857,4423797,1100990,2,region4_1646037697
2021-10-05 07:30,707481857,1379307,401230,2,region4_1646037697
2021-10-05 07:30,707481857,7990764,397844,2,region4_1646037697
2021-10-05 07:30,707481857,3363,225370,2,region4_1646037697
2021-10-05 07:30,706416260,0,829074,2,region4_1646037696
2021-10-05 07:30,707590059,1728161,187645,2,region4_1646037697
2021-10-05 07:30,707590059,1723776,2857,2,region4_1646037697
2021-10-05 07:30,707637264,0,1048576,5,region4_1646037700
2021-10-05 07:30,707637264,1048576,273102,5,region4_1646037700
2021-10-05 07:30,707639220,0,705156,2,region4_1646037697
2021-10-05 07:30,706386185,1868495,1012921,2,region4_1646037697
2021-10-05 07:30,706781286,6040144,308,2,region4_1646037697
2021-10-05 07:30,706781286,3775549,2264595,2,region4_1646037697
2021-10-05 07:30,706781286,0,3775549,2,region4_1646037697
2021-10-05 07:30,706435536,2711820,191211,2,region4_1646037696
2021-10-05 07:30,706435536,0,46610,2,region4_1646037696
2021-10-05 07:30,706435536,2711820,191211,2,region4_1646037696
2021-10-05 07:30,706435536,1428458,67287,2,region4_1646037696
2021-10-05 07:30,706435536,0,46610,2,region4_1646037696
2021-10-05 07:30,707661697,0,6798331,2,region4_1646037701
2021-10-05 07:30,706187995,6456354,1131160,2,region4_1646037701
2021-10-05 07:30,706187995,6538938,1048576,2,region4_1646037701
2021-10-05 07:31,706187995,0,6284755,2,region4_1646037701
2021-10-05 07:31,706965860,5853123,2535485,2,region4_1646037697
2021-10-05 07:31,706965860,5788681,64442,2,region4_1646037697
2021-10-05 07:31,707454421,5368952,3019656,2,region4_1646037697
2021-10-05 07:31,707454421,0,5368952,2,region4_1646037697
2021-10-05 07:31,706886735,0,3365830,2,region4_1646037696
2021-10-05 07:31,706264534,3377582,173949,2,region4_1646037696
2021-10-05 07:31,706264534,88649,985133,2,region4_1646037696
2021-10-05 07:31,706264534,2214052,55797,2,region4_1646037696
2021-10-05 07:31,707496608,0,8388608,2,region4_1646037698
2021-10-05 07:31,706886735,3402833,23035,2,region4_1646037696
2021-10-05 07:31,707674211,0,5369487,4,region4_1646037698
2021-10-05 07:31,706965860,5077006,711348,2,region4_1646037697
2021-10-05 07:31,706965860,0,5077006,2,region4_1646037697
2021-10-05 07:31,706965860,5788354,308,2,region4_1646037697
2021-10-05 07:31,706165914,3839704,8723,2,region4_1646037697
2021-10-05 07:31,706165914,4101604,16384,2,region4_1646037697
2021-10-05 07:31,706936321,2249223,6139385,2,region4_1646037697
2021-10-05 07:31,706936321,0,2249223,2,region4_1646037697
2021-10-05 07:31,706403692,0,8388608,2,region4_1646037701
2021-10-05 07:31,706482957,187,147913,2,region4_1646037697
2021-10-05 07:31,707530942,0,8379647,3,region4_1646037699
2021-10-05 07:31,706416260,0,829074,2,region4_1646037697
2021-10-05 07:31,707631431,0,735828,3,region4_1646037697
2021-10-05 07:31,707634083,4194304,1048576,5,region4_1646037700
2021-10-05 07:31,707634083,2097152,1048576,5,region4_1646037700
2021-10-05 07:31,707634083,1048576,1048576,5,region4_1646037700
2021-10-05 07:31,707634083,0,1048576,5,region4_1646037700
2021-10-05 07:31,707634083,3145728,1048576,5,region4_1646037700
2021-10-05 07:31,706909850,0,1019844,2,region4_1646037696
2021-10-05 07:31,707667310,274008,2946,2,region4_1646037697
2021-10-05 07:31,706652816,6077928,2190734,2,region4_1646037701
2021-10-05 07:31,706652816,0,4353277,2,region4_1646037701
2021-10-05 07:31,706779021,0,2642909,2,region4_1646037696
2021-10-05 07:31,706576314,8130237,1477,2,region4_1646037697
2021-10-05 07:31,706576314,8131897,115834,2,region4_1646037697
2021-10-05 07:31,707634083,8388608,1048576,5,region4_1646037700
2021-10-05 07:31,707634083,7340032,1048576,5,region4_1646037700
2021-10-05 07:31,707634083,6291456,1048576,5,region4_1646037700
2021-10-05 07:31,707634083,5242880,1048576,5,region4_1646037700
2021-10-05 07:31,707634083,10485760,498387,5,region4_1646037700
2021-10-05 07:31,707634083,9437184,1048576,5,region4_1646037700
2021-10-05 07:31,707646858,0,3793794,3,region4_1646037699
2021-10-05 07:31,706530555,445557,1135186,2,region4_1646037697
2021-10-05 07:31,707648111,0,7405522,3,region4_1646037699
2021-10-05 07:31,707667310,5959702,933216,2,region4_1646037697
2021-10-05 07:31,707667310,3266262,861041,2,region4_1646037697
2021-10-05 07:31,707667310,278556,178658,2,region4_1646037697
2021-10-05 07:31,707204806,2351886,6036722,2,region4_1646037697
2021-10-05 07:31,707584352,841649,2885,2,region4_1646037697
2021-10-05 07:31,707584352,845593,126137,2,region4_1646037697
2021-10-05 07:31,707608770,0,8388608,2,region4_1646037698
2021-10-05 07:31,706743160,0,1469485,2,region4_1646037697
2021-10-05 07:31,707635962,0,1110435,3,region4_1646037699
2021-10-05 07:31,707317970,0,959274,3,region4_1646037699
2021-10-05 07:31,707438295,0,960251,3,region4_1646037699
2021-10-05 07:31,707127161,2560841,2052119,2,region4_1646037697
2021-10-05 07:31,706807747,0,14747885,2,region4_1646037698
2021-10-05 07:31,706779021,0,2642909,2,region4_1646037696
2021-10-05 07:31,707046562,4767168,1379628,2,region4_1646037703
2021-10-05 07:31,707046562,0,102866,2,region4_1646037703
2021-10-05 07:31,707046562,0,101935,2,region4_1646037703
2021-10-05 07:31,707502355,0,7539638,3,region4_1646037699
2021-10-05 07:31,707601288,0,8388608,2,region4_1646037698
2021-10-05 07:31,707682775,0,566262,2,region4_1646037698
2021-10-05 07:31,706861997,5037575,308905,2,region4_1646037696
2021-10-05 07:31,707606044,0,1108617,3,region4_1646037699
2021-10-05 07:31,706428724,1923,2927963,2,region4_1646037697
2021-10-05 07:31,706428724,4093730,4294878,2,region4_1646037697
2021-10-05 07:31,706994169,6675587,48284,2,region4_1646037697
2021-10-05 07:31,706994169,0,2641435,2,region4_1646037697
2021-10-05 07:31,706994169,6675258,310,2,region4_1646037697
2021-10-05 07:31,706994169,2641435,4033823,2,region4_1646037697
2021-10-05 07:31,706168434,150,3895006,2,region4_1646037697
2021-10-05 07:31,706234784,0,4129515,2,region4_1646037697
2021-10-05 07:31,706247703,3661114,1126607,2,region4_1646037701
2021-10-05 07:31,706247703,0,2315469,2,region4_1646037701
2021-10-05 07:31,706247703,6231213,1629747,2,region4_1646037701
2021-10-05 07:31,707652785,0,5588579,2,region4_1646037696
2021-10-05 07:31,706994169,6723871,1664737,2,region4_1646037697
2021-10-05 07:31,706180587,16342,3402697,2,region4_1646037696
2021-10-05 07:31,707645280,1048576,1048576,5,region4_1646037700
2021-10-05 07:31,707645280,0,1048576,5,region4_1646037700
2021-10-05 07:31,707349734,812746,733102,2,region4_1646037697
2021-10-05 07:31,707349734,811193,1441,2,region4_1646037697
2021-10-05 07:31,707185651,3993857,1290499,2,region4_1646037703
2021-10-05 07:31,707498255,3145728,755555,5,region4_1646037700
2021-10-05 07:31,707498255,2097152,1048576,5,region4_1646037700
2021-10-05 07:31,707498255,1048576,1048576,5,region4_1646037700
2021-10-05 07:31,707498255,0,1048576,5,region4_1646037700
2021-10-05 07:31,707088748,15894,210600,2,region4_1646037703
2021-10-05 07:31,707088748,8100265,288343,2,region4_1646037703
2021-10-05 07:31,707522312,0,5513112,2,region4_1646037697
2021-10-05 07:31,707645280,2097152,1048576,5,region4_1646037700
2021-10-05 07:31,707349734,0,811193,2,region4_1646037697
2021-10-05 07:31,707596094,1048576,1048576,5,region4_1646037700
2021-10-05 07:31,707596094,0,1048576,5,region4_1646037700
2021-10-05 07:31,706706474,2767809,16384,2,region4_1646037697
2021-10-05 07:31,706706474,1922700,29454,2,region4_1646037697
2021-10-05 07:31,706706474,2759828,7981,2,region4_1646037697
2021-10-05 07:31,707645280,5242880,1048576,5,region4_1646037700
2021-10-05 07:31,707645280,4194304,1048576,5,region4_1646037700
2021-10-05 07:31,707645280,3145728,1048576,5,region4_1646037700
2021-10-05 07:31,706779021,0,2642909,2,region4_1646037696
2021-10-05 07:31,706779021,2642909,1048576,2,region4_1646037696
2021-10-05 07:31,707180278,7567631,820977,2,region4_1646037703
2021-10-05 07:31,707506573,0,1048576,5,region4_1646037700
2021-10-05 07:31,706565048,3448,1828755,2,region4_1646037697
2021-10-05 07:31,707531580,628369,1461,2,region4_1646037697
2021-10-05 07:31,707531580,621233,16384,2,region4_1646037697
2021-10-05 07:31,706170737,3696993,8612,2,region4_1646037697
2021-10-05 07:31,706170737,3958829,16384,2,region4_1646037697
2021-10-05 07:31,707596094,6291456,1048576,5,region4_1646037700
2021-10-05 07:31,707596094,3145728,1048576,5,region4_1646037700
2021-10-05 07:31,707596094,2097152,1048576,5,region4_1646037700
2021-10-05 07:31,707596094,7340032,1048576,5,region4_1646037700
2021-10-05 07:31,707596094,5242880,1048576,5,region4_1646037700
2021-10-05 07:31,707596094,4194304,1048576,5,region4_1646037700
2021-10-05 07:31,706706474,0,893844,2,region4_1646037697
2021-10-05 07:31,707631431,0,735828,1,region4_1646037697
2021-10-05 07:31,707645280,6291456,1048576,5,region4_1646037700
2021-10-05 07:31,707645280,7340032,1048576,5,region4_1646037700
2021-10-05 07:31,707506573,1048576,1048576,5,region4_1646037700
2021-10-05 07:31,707405433,0,4362862,2,region4_1646037696
2021-10-05 07:31,707153584,1283876,3139610,2,region4_1646037703
2021-10-05 07:31,707506573,3145728,1048576,5,region4_1646037700
2021-10-05 07:31,707506573,2097152,1048576,5,region4_1646037700
2021-10-05 07:31,707539125,0,784370,2,region4_1646037697
2021-10-05 07:31,707670616,0,3118289,2,region4_1646037696
2021-10-05 07:31,706490315,0,550904,2,region4_1646037697
2021-10-05 07:31,707506573,7340032,1048576,5,region4_1646037700
2021-10-05 07:31,707506573,6291456,1048576,5,region4_1646037700
2021-10-05 07:31,707506573,5242880,1048576,5,region4_1646037700
2021-10-05 07:31,707506573,4194304,1048576,5,region4_1646037700
2021-10-05 07:31,707627378,0,882360,3,region4_1646037699
2021-10-05 07:31,706972378,0,14741194,2,region4_1646037698
2021-10-05 07:31,707437918,0,8375271,3,region4_1646037699
2021-10-05 07:31,707553161,1783556,2836856,2,region4_1646037697
2021-10-05 07:31,707516496,0,8388608,2,region4_1646037696
2021-10-05 07:31,707557983,0,8388608,5,region4_1646037700
2021-10-05 07:31,707638610,0,8388608,3,region4_1646037699
2021-10-05 07:31,707324459,0,946579,2,region4_1646037697
2021-10-05 07:31,706779021,0,2642909,2,region4_1646037696
2021-10-05 07:31,706779021,2642909,1048576,2,region4_1646037696
2021-10-05 07:31,706452805,1535212,886029,2,region4_1646037697
2021-10-05 07:31,707451272,0,965168,2,region4_1646037697
2021-10-05 07:31,706474707,0,7968519,2,region4_1646037698
2021-10-05 07:31,707070526,0,8388608,2,region4_1646037696
2021-10-05 07:31,707582244,0,881075,3,region4_1646037699
2021-10-05 07:31,707631396,0,8388608,2,region4_1646037696
2021-10-05 07:31,707649645,0,953,4,region4_1646037698
2021-10-05 07:31,706396222,1736976,426177,2,region4_1646037696
2021-10-05 07:31,706170737,3696993,8612,2,region4_1646037697
2021-10-05 07:31,706170737,3958829,16384,2,region4_1646037697
2021-10-05 07:31,706396222,432886,8831,2,region4_1646037696
2021-10-05 07:31,707070139,0,191943,2,region4_1646037697
2021-10-05 07:31,707070139,2043328,539897,2,region4_1646037697
2021-10-05 07:31,706572573,0,14810441,2,region4_1646037701
2021-10-05 07:31,707493932,0,1810,1,region4_1646037697
2021-10-05 07:31,707672843,0,5554809,3,region4_1646037699
2021-10-05 07:31,706779021,0,2642909,2,region4_1646037696
2021-10-05 07:31,707493932,1810,8385893,1,region4_1646037697
2021-10-05 07:31,707564739,334178,16384,2,region4_1646037697
2021-10-05 07:31,707564739,334178,16384,2,region4_1646037697
2021-10-05 07:31,707564739,341344,1451,2,region4_1646037697
2021-10-05 07:31,706716769,1715777,110513,2,region4_1646037697
2021-10-05 07:31,706716769,1714137,1456,2,region4_1646037697
2021-10-05 07:31,707106701,0,8388608,2,region4_1646037696
2021-10-05 07:31,706405790,0,5800900,2,region4_1646037697
2021-10-05 07:31,707525383,115,887123,2,region4_1646037697
2021-10-05 07:31,707650325,0,8388608,3,region4_1646037699
2021-10-05 07:31,706263887,1182617,866769,2,region4_1646037701
2021-10-05 07:31,707510895,0,8388608,2,region4_1646037701
2021-10-05 07:31,707058705,6849476,1539132,2,region4_1646037696
2021-10-05 07:31,707596545,0,345217,2,region4_1646037697
2021-10-05 07:31,706350764,0,4870339,2,region4_1646037696
2021-10-05 07:31,706926038,2317,18707,2,region4_1646037697
2021-10-05 07:31,706926038,1876348,58877,2,region4_1646037697
2021-10-05 07:31,706263887,4742533,2796110,2,region4_1646037701
2021-10-05 07:31,706806556,0,8388608,2,region4_1646037701
2021-10-05 07:31,707533088,0,3179779,2,region4_1646037697
2021-10-05 07:31,707533088,3179779,1753118,2,region4_1646037697
2021-10-05 07:31,707476582,0,567607,2,region4_1646037698
2021-10-05 07:31,707565320,0,8376323,3,region4_1646037699
2021-10-05 07:31,707611924,0,5640473,2,region4_1646037698
2021-10-05 07:31,707675935,0,30074,2,region4_1646037696
2021-10-05 07:31,707611924,5640473,5412646,2,region4_1646037698
2021-10-05 07:31,707629366,0,4129,5,region4_1646037700
2021-10-05 07:31,707678480,0,7368154,2,region4_1646037698
2021-10-05 07:31,707681993,0,5210158,3,region4_1646037699
2021-10-05 07:31,706165914,3839704,8723,2,region4_1646037697
2021-10-05 07:31,706165914,4101604,16384,2,region4_1646037697
2021-10-05 07:31,707662698,0,8388608,2,region4_1646037701
2021-10-05 07:31,707681702,0,7068040,3,region4_1646037699
2021-10-05 07:31,707717341,0,6221166,3,region4_1646037699
2021-10-05 07:31,706165914,1810953,2028751,2,region4_1646037697
2021-10-05 07:31,707573983,211711,2843,2,region4_1646037697
2021-10-05 07:31,707646223,0,5147994,4,region4_1646037697
2021-10-05 07:31,706428724,1923,2927963,2,region4_1646037697
2021-10-05 07:31,706753533,4821007,3567601,2,region4_1646037701
2021-10-05 07:31,706753533,59458,2624186,2,region4_1646037701
2021-10-05 07:31,706525744,0,719876,2,region4_1646037703
2021-10-05 07:31,707687390,0,2268903,2,region4_1646037696
2021-10-05 07:31,707668610,0,4551083,5,region4_1646037700
2021-10-05 07:31,707653619,0,8388608,4,region4_1646037698
2021-10-05 07:31,706508828,4087546,852164,2,region4_1646037697
2021-10-05 07:31,706508828,1168944,170278,2,region4_1646037697
2021-10-05 07:31,707568609,0,8388608,3,region4_1646037699
2021-10-05 07:31,707573983,216151,159361,2,region4_1646037697
2021-10-05 07:31,707573983,3185153,2703718,2,region4_1646037697
2021-10-05 07:31,707662236,0,108632,3,region4_1646037699
2021-10-05 07:31,707704605,0,8388608,3,region4_1646037699
2021-10-05 07:31,707715742,0,1919425,2,region4_1646037697
2021-10-05 07:31,706487551,3507361,161712,2,region4_1646037697
2021-10-05 07:31,706487551,235397,1198,2,region4_1646037697
2021-10-05 07:31,706487551,226300,9030,2,region4_1646037697
2021-10-05 07:31,706487551,1372440,23569,2,region4_1646037697
2021-10-05 07:31,707620351,0,3868075,2,region4_1646037698
2021-10-05 07:31,706435536,2711820,191211,2,region4_1646037696
2021-10-05 07:31,707660437,6291456,1048576,5,region4_1646037700
2021-10-05 07:31,707660437,4194304,1048576,5,region4_1646037700
2021-10-05 07:31,707660437,2097152,1048576,5,region4_1646037700
2021-10-05 07:31,707660437,7340032,1048576,5,region4_1646037700
2021-10-05 07:31,707660437,5242880,1048576,5,region4_1646037700
2021-10-05 07:31,707660437,3145728,1048576,5,region4_1646037700
2021-10-05 07:31,707660437,1048576,1048576,5,region4_1646037700
2021-10-05 07:31,707660437,0,1048576,5,region4_1646037700
2021-10-05 07:31,706988325,8345081,43527,2,region4_1646037697
2021-10-05 07:31,706988325,3798,241621,2,region4_1646037697
2021-10-05 07:31,706988325,4707749,1192804,2,region4_1646037697
2021-10-05 07:31,706988325,2340318,514206,2,region4_1646037697
2021-10-05 07:31,706975844,3721903,467475,2,region4_1646037696
2021-10-05 07:31,707052177,5478419,278064,2,region4_1646037696
2021-10-05 07:31,706525744,0,719876,2,region4_1646037703
2021-10-05 07:31,707555379,4508425,1048576,2,region4_1646037696
2021-10-05 07:31,707680405,0,8388608,2,region4_1646037698
2021-10-05 07:31,707685442,3859280,16384,2,region4_1646037697
2021-10-05 07:31,707685442,3573344,2768,2,region4_1646037697
2021-10-05 07:31,707767010,7340032,1048576,5,region4_1646037700
2021-10-05 07:31,707767010,3145728,1048576,5,region4_1646037700
2021-10-05 07:31,707767010,2097152,1048576,5,region4_1646037700
2021-10-05 07:31,707767010,6291456,1048576,5,region4_1646037700
2021-10-05 07:31,707767010,5242880,1048576,5,region4_1646037700
2021-10-05 07:31,707767010,4194304,1048576,5,region4_1646037700
2021-10-05 07:31,707767010,0,1048576,5,region4_1646037700
2021-10-05 07:31,707767010,1048576,1048576,5,region4_1646037700
2021-10-05 07:31,706508828,1164508,2841,2,region4_1646037697
2021-10-05 07:31,706369475,1294299,7094309,2,region4_1646037697
2021-10-05 07:31,707542577,0,4194304,2,region4_1646037698
2021-10-05 07:31,707555379,0,4707681,2,region4_1646037696
2021-10-05 07:31,707542577,4194304,4194304,2,region4_1646037698
2021-10-05 07:31,707224324,0,7435579,2,region4_1646037696
2021-10-05 07:31,706566024,2447650,194147,2,region4_1646037696
2021-10-05 07:31,706566024,1195676,66772,2,region4_1646037696
2021-10-05 07:31,707568490,0,3837824,3,region4_1646037699
2021-10-05 07:31,707555379,4708709,827547,2,region4_1646037696
2021-10-05 07:31,706292688,3535839,8768,2,region4_1646037697
2021-10-05 07:31,706292688,3781841,16384,2,region4_1646037697
2021-10-05 07:31,706405790,0,5800900,2,region4_1646037697
2021-10-05 07:31,707248314,7527507,16384,2,region4_1646037697
2021-10-05 07:31,707243358,0,604049,2,region4_1646037697
2021-10-05 07:31,707708268,0,6824927,4,region4_1646037698
2021-10-05 07:31,707739330,3607850,16384,2,region4_1646037697
2021-10-05 07:31,707248314,7534371,1522,2,region4_1646037697
2021-10-05 07:31,707248314,7527507,16384,2,region4_1646037697
2021-10-05 07:31,707662164,0,63413,4,region4_1646037696
2021-10-05 07:31,707337057,8083280,305328,2,region4_1646037697
2021-10-05 07:31,707337057,4399534,2885,2,region4_1646037697
2021-10-05 07:31,707337057,4403954,174339,2,region4_1646037697
2021-10-05 07:31,707739330,3292034,2866,2,region4_1646037697
2021-10-05 07:31,707739330,3607850,16384,2,region4_1646037697
2021-10-05 07:31,706990482,4277419,96804,2,region4_1646037697
2021-10-05 07:31,706169177,7736922,651686,2,region4_1646037697
2021-10-05 07:31,706169177,8292,2730377,2,region4_1646037697
2021-10-05 07:31,706496960,3634096,29687,2,region4_1646037697
2021-10-05 07:31,706496960,2238866,8998,2,region4_1646037697
2021-10-05 07:31,706496960,2247947,1496,2,region4_1646037697
2021-10-05 07:31,707059469,1623073,16384,2,region4_1646037697
2021-10-05 07:32,706466801,3106699,805137,2,region4_1646037697
2021-10-05 07:32,707730530,6290127,16384,2,region4_1646037697
2021-10-05 07:32,707059469,1427383,1637,2,region4_1646037697
2021-10-05 07:32,707059469,1623073,16384,2,region4_1646037697
2021-10-05 07:32,706566024,2447650,194147,2,region4_1646037696
2021-10-05 07:32,706169177,8292,2730377,2,region4_1646037697
2021-10-05 07:32,707118765,983359,16384,2,region4_1646037697
2021-10-05 07:32,707118765,765224,1615,2,region4_1646037697
2021-10-05 07:32,707118765,983359,16384,2,region4_1646037697
2021-10-05 07:32,707606715,0,7364904,3,region4_1646037699
2021-10-05 07:32,707629314,0,7698974,3,region4_1646037699
2021-10-05 07:32,707699523,115,954021,2,region4_1646037697
2021-10-05 07:32,706169177,8292,2730377,2,region4_1646037697
2021-10-05 07:32,706169177,7736922,651686,2,region4_1646037697
2021-10-05 07:32,707730530,4471859,8371,2,region4_1646037697
2021-10-05 07:32,706169177,7736922,651686,2,region4_1646037697
2021-10-05 07:32,707584266,4345435,4043173,2,region4_1646037697
2021-10-05 07:32,707730530,0,4455821,2,region4_1646037697
2021-10-05 07:32,707584266,0,1915353,2,region4_1646037697
2021-10-05 07:32,707612673,0,8388608,3,region4_1646037699
2021-10-05 07:32,706811002,0,1276076,2,region4_1646037696
2021-10-05 07:32,706428724,4093730,4294878,2,region4_1646037697
2021-10-05 07:32,707615925,0,6687922,3,region4_1646037699
2021-10-05 07:32,707668284,0,3043496,3,region4_1646037699
2021-10-05 07:32,707694096,1048576,1048576,5,region4_1646037700
2021-10-05 07:32,707694096,0,1048576,5,region4_1646037700
2021-10-05 07:32,707730530,4455821,16038,2,region4_1646037697
2021-10-05 07:32,707643945,0,8375619,3,region4_1646037699
2021-10-05 07:32,707694096,7340032,1048576,5,region4_1646037700
2021-10-05 07:32,707694096,6291456,1048576,5,region4_1646037700
2021-10-05 07:32,707694096,3145728,1048576,5,region4_1646037700
2021-10-05 07:32,707694096,5242880,1048576,5,region4_1646037700
2021-10-05 07:32,707694096,4194304,1048576,5,region4_1646037700
2021-10-05 07:32,707694096,2097152,1048576,5,region4_1646037700
2021-10-05 07:32,706341359,1505329,2875127,2,region4_1646037697
2021-10-05 07:32,706615335,3777200,1500,2,region4_1646037697
2021-10-05 07:32,706615335,3767973,9145,2,region4_1646037697
2021-10-05 07:32,707076650,6224207,93129,2,region4_1646037697
2021-10-05 07:32,707076650,6222549,1475,2,region4_1646037697
2021-10-05 07:32,707172822,0,8388608,2,region4_1646037696
2021-10-05 07:32,706960589,0,420264,2,region4_1646037696
2021-10-05 07:32,706165914,3069412,1048576,2,region4_1646037696
2021-10-05 07:32,706841557,0,8388608,2,region4_1646037701
2021-10-05 07:32,707692812,0,8388608,2,region4_1646037701
2021-10-05 07:32,706170737,3958829,16384,2,region4_1646037697
2021-10-05 07:32,707594655,3145728,108282,5,region4_1646037700
2021-10-05 07:32,707594655,2097152,1048576,5,region4_1646037700
2021-10-05 07:32,707594655,1048576,1048576,5,region4_1646037700
2021-10-05 07:32,707594655,0,1048576,5,region4_1646037700
2021-10-05 07:32,706170737,1717786,1979207,2,region4_1646037697
2021-10-05 07:32,706170737,3696993,8612,2,region4_1646037697
2021-10-05 07:32,707654797,0,8388608,3,region4_1646037699
2021-10-05 07:32,706167075,152661,559739,2,region4_1646037696
2021-10-05 07:32,707647662,0,8388608,3,region4_1646037699
2021-10-05 07:32,706894279,0,14735977,2,region4_1646037698
2021-10-05 07:32,707635967,0,8388608,3,region4_1646037699
2021-10-05 07:32,706201200,2194111,1904214,2,region4_1646037697
2021-10-05 07:32,707612571,0,14826873,2,region4_1646037701
2021-10-05 07:32,707624390,0,3805746,3,region4_1646037699
2021-10-05 07:32,706938944,2370960,1048576,2,region4_1646037696
2021-10-05 07:32,706374077,2319868,9128,2,region4_1646037697
2021-10-05 07:32,706938944,0,3352957,2,region4_1646037696
2021-10-05 07:32,706374077,2329047,1521484,2,region4_1646037697
2021-10-05 07:32,706554782,2187496,1690457,2,region4_1646037697
2021-10-05 07:32,706264534,0,2925644,2,region4_1646037697
2021-10-05 07:32,707679799,0,8388608,2,region4_1646037698
2021-10-05 07:32,707694477,0,5744120,4,region4_1646037698
2021-10-05 07:32,707801244,0,8388608,2,region4_1646037698
2021-10-05 07:32,707639165,0,1448,3,region4_1646037699
2021-10-05 07:32,707640481,1552747,1696329,2,region4_1646037697
2021-10-05 07:32,707693574,342,90459,2,region4_1646037697
2021-10-05 07:32,707693574,7520268,447238,2,region4_1646037697
2021-10-05 07:32,706169177,7736922,651686,2,region4_1646037697
2021-10-05 07:32,706975602,0,7077034,2,region4_1646037696
2021-10-05 07:32,707640481,1552747,1696329,2,region4_1646037697
2021-10-05 07:32,706961588,4396599,36020,2,region4_1646037697
2021-10-05 07:32,706961588,4390802,2882,2,region4_1646037697
2021-10-05 07:32,707632235,0,8388608,2,region4_1646037698
2021-10-05 07:32,707635449,0,7840069,2,region4_1646037701
2021-10-05 07:32,706261591,0,8388608,2,region4_1646037696
2021-10-05 07:32,707760843,0,8388608,4,region4_1646037698
2021-10-05 07:32,706598534,0,285670,2,region4_1646037696
2021-10-05 07:32,707760829,0,12454,5,region4_1646037700
2021-10-05 07:32,707857688,0,127838,3,region4_1646037699
2021-10-05 07:32,706939752,0,7332486,2,region4_1646037698
2021-10-05 07:32,707755226,0,416795,5,region4_1646037700
2021-10-05 07:32,707784972,0,4503050,2,region4_1646037697
2021-10-05 07:32,707784972,4503050,136440,2,region4_1646037697
2021-10-05 07:32,707809703,0,99293,2,region4_1646037697
2021-10-05 07:32,707657864,0,8388608,3,region4_1646037699
2021-10-05 07:32,707665467,0,3761481,3,region4_1646037699
2021-10-05 07:32,707704339,0,5074017,3,region4_1646037699
2021-10-05 07:32,706390023,8032039,356569,2,region4_1646037697
2021-10-05 07:32,706390023,6369248,2019360,2,region4_1646037697
2021-10-05 07:32,707033491,0,3008956,1,region4_1646037696
2021-10-05 07:32,707842973,0,8388608,2,region4_1646037701
2021-10-05 07:32,706595686,7244194,1048576,2,region4_1646037705
2021-10-05 07:32,707022650,1266678,16384,2,region4_1646037697
2021-10-05 07:32,707022650,1056761,1632,2,region4_1646037697
2021-10-05 07:32,707022650,1266678,16384,2,region4_1646037697
2021-10-05 07:32,707717266,0,8388608,3,region4_1646037699
2021-10-05 07:32,706169177,8292,2730377,2,region4_1646037697
2021-10-05 07:32,707795927,2278972,2889,2,region4_1646037697
2021-10-05 07:32,706525744,0,719876,2,region4_1646037696
2021-10-05 07:32,707795927,2283204,357383,2,region4_1646037697
2021-10-05 07:32,706374077,2329047,960727,2,region4_1646037697
2021-10-05 07:32,706900109,0,390110,2,region4_1646037697
2021-10-05 07:32,707143991,2627080,55867,2,region4_1646037697
2021-10-05 07:32,707143991,1079792,1547288,2,region4_1646037697
2021-10-05 07:32,707637993,6911811,1076150,2,region4_1646037701
2021-10-05 07:32,707637993,6939385,1048576,2,region4_1646037701
2021-10-05 07:32,706264534,1048817,24965,2,region4_1646037697
2021-10-05 07:32,706264534,3377582,173949,2,region4_1646037697
2021-10-05 07:32,707661736,0,8383057,3,region4_1646037699
2021-10-05 07:32,707265559,0,2837705,2,region4_1646037696
2021-10-05 07:32,707472522,0,62735,4,region4_1646037696
2021-10-05 07:32,707637993,0,252791,2,region4_1646037701
2021-10-05 07:32,707637993,1621347,3388850,2,region4_1646037701
2021-10-05 07:32,707689277,0,8388608,3,region4_1646037699
2021-10-05 07:32,707334768,0,410823,2,region4_1646037697
2021-10-05 07:32,706396222,150,862900,2,region4_1646037697
2021-10-05 07:32,706396222,1928208,2106250,2,region4_1646037697
2021-10-05 07:32,707874376,0,8388608,3,region4_1646037699
2021-10-05 07:32,707661800,0,8388608,3,region4_1646037699
2021-10-05 07:32,707861105,0,8388608,4,region4_1646037702
2021-10-05 07:32,706351888,2773240,1329486,2,region4_1646037697
2021-10-05 07:32,706351888,2764147,9010,2,region4_1646037697
2021-10-05 07:32,707676823,0,4406648,2,region4_1646037697
2021-10-05 07:32,707259879,3898320,2357990,2,region4_1646037697
2021-10-05 07:32,707062822,2209968,246053,2,region4_1646037696
2021-10-05 07:32,707062822,7109263,1134449,2,region4_1646037696
2021-10-05 07:32,707763508,7685658,6908307,2,region4_1646037697
2021-10-05 07:32,707763508,0,7685658,2,region4_1646037697
2021-10-05 07:32,706363666,0,8388608,2,region4_1646037698
2021-10-05 07:32,707512649,0,3032524,2,region4_1646037696
2021-10-05 07:32,707658649,6534679,2780,2,region4_1646037697
2021-10-05 07:32,707658649,6532056,2221,2,region4_1646037697
2021-10-05 07:32,706405790,0,8388608,2,region4_1646037696
2021-10-05 07:32,707242372,4198224,1638,2,region4_1646037697
2021-10-05 07:32,707766871,4547,5801226,2,region4_1646037696
2021-10-05 07:32,706405790,0,5800900,2,region4_1646037697
2021-10-05 07:32,707362528,0,1355361,2,region4_1646037697
2021-10-05 07:32,707242372,4203391,229233,2,region4_1646037697
2021-10-05 07:32,707242372,5567658,366266,2,region4_1646037697
2021-10-05 07:32,707062659,5868691,2279875,2,region4_1646037697
2021-10-05 07:32,707745574,0,8388608,5,region4_1646037700
2021-10-05 07:32,706452805,1535212,886029,2,region4_1646037696
2021-10-05 07:32,706429571,854144,2689169,2,region4_1646037697
2021-10-05 07:32,706429571,844684,9393,2,region4_1646037697
2021-10-05 07:32,707033491,3008956,3799188,1,region4_1646037696
2021-10-05 07:32,707110447,2089445,2480103,2,region4_1646037697
2021-10-05 07:32,707570184,0,8372622,1,region4_1646037696
2021-10-05 07:32,707412834,0,1647188,4,region4_1646037697
2021-10-05 07:32,707222470,6772802,1338794,2,region4_1646037697
2021-10-05 07:32,707222470,2470793,564025,2,region4_1646037697
2021-10-05 07:32,707110447,4569548,3819060,2,region4_1646037697
2021-10-05 07:32,707875341,0,356,4,region4_1646037696
2021-10-05 07:32,707725840,0,8388608,3,region4_1646037699
2021-10-05 07:32,706299445,0,98029,2,region4_1646037697
2021-10-05 07:32,706299445,0,98029,2,region4_1646037697
2021-10-05 07:32,707652655,1048576,1048576,5,region4_1646037700
2021-10-05 07:32,707652655,0,1048576,5,region4_1646037700
2021-10-05 07:32,707672753,1048576,1048576,5,region4_1646037700
2021-10-05 07:32,707672753,0,1048576,5,region4_1646037700
2021-10-05 07:32,707677582,0,353268,2,region4_1646037697
2021-10-05 07:32,707683397,0,8388608,4,region4_1646037698
2021-10-05 07:32,706338764,628968,361175,2,region4_1646037697
2021-10-05 07:32,706959337,6993884,4532,2,region4_1646037697
2021-10-05 07:32,706959337,6999941,1388667,2,region4_1646037697
2021-10-05 07:32,707246420,0,5071467,2,region4_1646037697
2021-10-05 07:32,707246420,5071467,1248723,2,region4_1646037697
2021-10-05 07:32,707780525,0,3145728,2,region4_1646037703
2021-10-05 07:32,707088668,3361415,464124,2,region4_1646037696
2021-10-05 07:32,707896541,0,3260387,2,region4_1646037696
2021-10-05 07:32,707652655,5242880,1048576,5,region4_1646037700
2021-10-05 07:32,707652655,4194304,1048576,5,region4_1646037700
2021-10-05 07:32,707652655,3145728,1048576,5,region4_1646037700
2021-10-05 07:32,707652655,7340032,1048576,5,region4_1646037700
2021-10-05 07:32,707652655,2097152,1048576,5,region4_1646037700
2021-10-05 07:32,707652655,6291456,1048576,5,region4_1646037700
2021-10-05 07:32,707672753,2097152,1048576,5,region4_1646037700
2021-10-05 07:32,707672753,3145728,295716,5,region4_1646037700
2021-10-05 07:32,707365231,5022719,899111,2,region4_1646037697
2021-10-05 07:32,707365231,1460,276731,2,region4_1646037697
2021-10-05 07:32,707365231,2531435,771146,2,region4_1646037697
2021-10-05 07:32,707365231,6896652,769090,2,region4_1646037697
2021-10-05 07:32,707752434,0,1048576,5,region4_1646037700
2021-10-05 07:32,707752434,1048576,1048576,5,region4_1646037700
2021-10-05 07:32,707828514,403505,339949,2,region4_1646037697
2021-10-05 07:32,707828514,399154,2948,2,region4_1646037697
2021-10-05 07:32,707828514,0,631796,2,region4_1646037697
2021-10-05 07:32,707050112,2492373,1473,2,region4_1646037697
2021-10-05 07:32,707050112,2494030,97497,2,region4_1646037697
2021-10-05 07:32,707113945,0,18122,1,region4_1646037696
2021-10-05 07:32,707145586,4773801,1435,2,region4_1646037697
2021-10-05 07:32,707145586,4771662,16384,2,region4_1646037697
2021-10-05 07:32,707752434,2097152,284648,5,region4_1646037700
2021-10-05 07:32,707764354,0,5470966,2,region4_1646037698
2021-10-05 07:32,707764354,5470966,5497103,2,region4_1646037698
2021-10-05 07:32,707113945,18122,8361425,1,region4_1646037696
2021-10-05 07:32,707888989,0,63026,4,region4_1646037696
2021-10-05 07:32,707365231,7199149,1189459,2,region4_1646037697
2021-10-05 07:32,707875370,7340032,1048576,5,region4_1646037700
2021-10-05 07:32,707875370,6291456,1048576,5,region4_1646037700
2021-10-05 07:32,707875370,4194304,1048576,5,region4_1646037700
2021-10-05 07:32,707875370,5242880,1048576,5,region4_1646037700
2021-10-05 07:32,707875370,3145728,1048576,5,region4_1646037700
2021-10-05 07:32,707875370,1048576,1048576,5,region4_1646037700
2021-10-05 07:32,707875370,2097152,1048576,5,region4_1646037700
2021-10-05 07:32,707875370,0,1048576,5,region4_1646037700
2021-10-05 07:32,706745793,0,14741502,2,region4_1646037698
2021-10-05 07:32,707596466,0,8388608,3,region4_1646037696
2021-10-05 07:32,706566024,2447650,194147,2,region4_1646037696
2021-10-05 07:32,706566024,1195676,66772,2,region4_1646037696
2021-10-05 07:32,707774622,0,8388608,3,region4_1646037699
2021-10-05 07:32,707803667,1631976,684254,2,region4_1646037697
2021-10-05 07:32,707854460,0,2140361,3,region4_1646037699
2021-10-05 07:32,706178513,3072409,1263144,2,region4_1646037697
2021-10-05 07:32,707755007,0,5043716,4,region4_1646037698
2021-10-05 07:32,707894192,0,367067,2,region4_1646037697
2021-10-05 07:32,707182974,1692169,2188,2,region4_1646037697
2021-10-05 07:32,707338130,0,4844737,2,region4_1646037696
2021-10-05 07:32,707670005,0,2233113,2,region4_1646037697
2021-10-05 07:32,707670005,2233113,5972947,2,region4_1646037697
2021-10-05 07:32,707033491,6808144,1580464,1,region4_1646037696
2021-10-05 07:32,706420935,6293318,2095290,2,region4_1646037697
2021-10-05 07:32,707141304,2428750,750495,2,region4_1646037697
2021-10-05 07:32,707141304,2413296,2941,2,region4_1646037697
2021-10-05 07:32,707143779,4333757,337093,2,region4_1646037696
2021-10-05 07:32,707266919,0,420352,2,region4_1646037697
2021-10-05 07:32,707843614,0,1813254,3,region4_1646037696
2021-10-05 07:32,706396222,2113372,49781,2,region4_1646037697
2021-10-05 07:32,706396222,150,2677,2,region4_1646037697
2021-10-05 07:32,707901077,0,358921,2,region4_1646037697
2021-10-05 07:32,707338130,6095226,1631642,2,region4_1646037696
2021-10-05 07:32,707671256,0,821326,4,region4_1646037697
2021-10-05 07:32,707301890,0,133304,2,region4_1646037697
2021-10-05 07:32,706171691,1158545,1647892,2,region4_1646037697
2021-10-05 07:32,707747298,0,8388608,4,region4_1646037702
2021-10-05 07:32,707301890,8063031,325577,2,region4_1646037697
2021-10-05 07:32,707925197,0,2040021,3,region4_1646037699
2021-10-05 07:32,707680775,0,2112676,3,region4_1646037699
2021-10-05 07:32,707158391,3385183,6732,2,region4_1646037697
2021-10-05 07:32,707158391,3628636,16384,2,region4_1646037697
2021-10-05 07:32,707908746,0,6955983,4,region4_1646037698
2021-10-05 07:33,707796050,0,5416173,4,region4_1646037698
2021-10-05 07:33,707802891,0,8388608,3,region4_1646037699
2021-10-05 07:33,707683058,0,1871036,4,region4_1646037697
2021-10-05 07:33,707858639,0,7174481,4,region4_1646037698
2021-10-05 07:33,706220176,2137979,12643,2,region4_1646037697
2021-10-05 07:33,706351888,3989482,27382,2,region4_1646037697
2021-10-05 07:33,706351888,2764147,9010,2,region4_1646037697
2021-10-05 07:33,706351888,2773240,1470,2,region4_1646037697
2021-10-05 07:33,706226583,835,563176,2,region4_1646037697
2021-10-05 07:33,706226583,2318712,15362,2,region4_1646037697
2021-10-05 07:33,707929747,0,8388148,3,region4_1646037697
2021-10-05 07:33,707692261,2097152,1048576,5,region4_1646037700
2021-10-05 07:33,707692261,1048576,1048576,5,region4_1646037700
2021-10-05 07:33,707692261,0,1048576,5,region4_1646037700
2021-10-05 07:33,707873766,0,8388608,3,region4_1646037699
2021-10-05 07:33,706751281,0,621856,2,region4_1646037697
2021-10-05 07:33,707692261,7340032,553514,5,region4_1646037700
2021-10-05 07:33,707692261,6291456,1048576,5,region4_1646037700
2021-10-05 07:33,707692261,5242880,1048576,5,region4_1646037700
2021-10-05 07:33,707692261,3145728,1048576,5,region4_1646037700
2021-10-05 07:33,707692261,4194304,1048576,5,region4_1646037700
2021-10-05 07:33,707004335,0,3019808,2,region4_1646037696
2021-10-05 07:33,706435536,0,2221873,2,region4_1646037697
2021-10-05 07:33,706220176,2150622,2795029,2,region4_1646037697
2021-10-05 07:33,706266683,4930430,1900,2,region4_1646037697
2021-10-05 07:33,706266683,0,4930430,2,region4_1646037697
2021-10-05 07:33,706266683,4932800,188830,2,region4_1646037697
2021-10-05 07:33,707728816,0,8388608,4,region4_1646037698
2021-10-05 07:33,706208802,3041057,710589,2,region4_1646037697
2021-10-05 07:33,706208802,7204396,536225,2,region4_1646037697
2021-10-05 07:33,706208802,3036508,1879,2,region4_1646037697
2021-10-05 07:33,706208802,4885658,151871,2,region4_1646037697
2021-10-05 07:33,706208802,1127380,1909128,2,region4_1646037697
2021-10-05 07:33,707159564,4988961,2232,2,region4_1646037697
2021-10-05 07:33,707067135,867221,251319,2,region4_1646037696
2021-10-05 07:33,707067135,5888200,1159326,2,region4_1646037696
2021-10-05 07:33,707882226,0,304535,5,region4_1646037700
2021-10-05 07:33,707804566,6878627,379640,2,region4_1646037697
2021-10-05 07:33,707950744,0,8388608,2,region4_1646037696
2021-10-05 07:33,706174506,12570363,797,2,region4_1646037697
2021-10-05 07:33,707249909,0,8388608,2,region4_1646037696
2021-10-05 07:33,707309876,1627049,3254660,2,region4_1646037697
2021-10-05 07:33,707309876,0,1627049,2,region4_1646037697
2021-10-05 07:33,707911837,0,4194304,2,region4_1646037698
2021-10-05 07:33,707700414,0,7748881,2,region4_1646037698
2021-10-05 07:33,707911837,4194304,4194304,2,region4_1646037698
2021-10-05 07:33,707940943,0,8388608,2,region4_1646037698
2021-10-05 07:33,707765179,0,8388608,3,region4_1646037699
2021-10-05 07:33,707148604,0,2893080,2,region4_1646037697
2021-10-05 07:33,707677582,0,353268,2,region4_1646037697
2021-10-05 07:33,707182974,3153374,264288,2,region4_1646037697
2021-10-05 07:33,707182974,5198619,639949,2,region4_1646037697
2021-10-05 07:33,707182974,1694568,1608,2,region4_1646037697
2021-10-05 07:33,706429571,1937799,22031,2,region4_1646037697
2021-10-05 07:33,706429571,844684,9393,2,region4_1646037697
2021-10-05 07:33,706429571,854144,1176,2,region4_1646037697
2021-10-05 07:33,706226583,835,1957451,2,region4_1646037697
2021-10-05 07:33,706226583,3620129,32022,2,region4_1646037697
2021-10-05 07:33,707222949,0,7079622,2,region4_1646037697
2021-10-05 07:33,707829413,0,8388608,3,region4_1646037699
2021-10-05 07:33,706220176,2137979,12643,2,region4_1646037697
2021-10-05 07:33,707904311,4009287,1048576,2,region4_1646037701
2021-10-05 07:33,707222949,7079622,1308986,2,region4_1646037697
2021-10-05 07:33,706231915,0,8388608,2,region4_1646037698
2021-10-05 07:33,706905923,0,8388608,2,region4_1646037696
2021-10-05 07:33,706220176,2150622,2795029,2,region4_1646037697
2021-10-05 07:33,706390023,6369248,2019360,2,region4_1646037696
2021-10-05 07:33,707797709,0,1889033,4,region4_1646037697
2021-10-05 07:33,707102213,508970,496950,2,region4_1646037697
2021-10-05 07:33,706165914,3069412,1048576,2,region4_1646037696
2021-10-05 07:33,707084839,4405,909237,2,region4_1646037697
2021-10-05 07:33,707084839,0,3249,2,region4_1646037697
2021-10-05 07:33,707904311,0,5043479,2,region4_1646037701
2021-10-05 07:33,706595945,801722,2842,2,region4_1646037697
2021-10-05 07:33,707894192,0,367067,2,region4_1646037697
2021-10-05 07:33,707939800,0,8388608,3,region4_1646037699
2021-10-05 07:33,706399725,4336499,2885,2,region4_1646037697
2021-10-05 07:33,707694942,0,28680,3,region4_1646037699
2021-10-05 07:33,706884534,6667513,1048576,2,region4_1646037696
2021-10-05 07:33,706884534,6595118,72395,2,region4_1646037696
2021-10-05 07:33,706654128,0,5204959,2,region4_1646037697
2021-10-05 07:33,707073696,2316,18533,2,region4_1646037697
2021-10-05 07:33,707073696,1844002,58034,2,region4_1646037697
2021-10-05 07:33,706567186,0,5775528,2,region4_1646037701
2021-10-05 07:33,707327123,0,826651,4,region4_1646037697
2021-10-05 07:33,707734880,0,7696866,3,region4_1646037699
2021-10-05 07:33,707791853,0,8381620,3,region4_1646037699
2021-10-05 07:33,706567186,7832901,555707,2,region4_1646037701
2021-10-05 07:33,706399725,4341053,157821,2,region4_1646037697
2021-10-05 07:33,706399725,7283537,836202,2,region4_1646037697
2021-10-05 07:33,707967186,4641760,945401,2,region4_1646037696
2021-10-05 07:33,706490315,0,550904,2,region4_1646037696
2021-10-05 07:33,706595945,806168,170409,2,region4_1646037697
2021-10-05 07:33,706884534,0,656664,2,region4_1646037696
2021-10-05 07:33,707167318,0,4601788,2,region4_1646037697
2021-10-05 07:33,707784070,0,3652794,3,region4_1646037699
2021-10-05 07:33,706884534,2864309,3561314,2,region4_1646037696
2021-10-05 07:33,707073696,1844002,58034,2,region4_1646037697
2021-10-05 07:33,706759957,6693195,1484,2,region4_1646037697
2021-10-05 07:33,706390023,6369248,2019360,2,region4_1646037697
2021-10-05 07:33,706405790,0,5800900,2,region4_1646037697
2021-10-05 07:33,707160786,767146,1426,2,region4_1646037697
2021-10-05 07:33,707160786,768756,102324,2,region4_1646037697
2021-10-05 07:33,707704339,0,3314591,1,region4_1646037696
2021-10-05 07:33,707159564,4991404,1565,2,region4_1646037697
2021-10-05 07:33,707159564,6483445,268547,2,region4_1646037697
2021-10-05 07:33,707901003,0,697932,2,region4_1646037698
2021-10-05 07:33,707901077,0,358921,2,region4_1646037697
2021-10-05 07:33,706181914,4420502,2340,2,region4_1646037697
2021-10-05 07:33,706181914,4424401,397104,2,region4_1646037697
2021-10-05 07:33,706759957,6694748,54276,2,region4_1646037697
2021-10-05 07:33,706759957,8168642,219966,2,region4_1646037697
2021-10-05 07:33,707704339,3314591,1759426,1,region4_1646037696
2021-10-05 07:33,707901003,697932,14136021,2,region4_1646037698
2021-10-05 07:33,707817313,0,6886775,2,region4_1646037698
2021-10-05 07:33,707842051,0,622446,5,region4_1646037700
2021-10-05 07:33,707153081,3420957,2183,2,region4_1646037697
2021-10-05 07:33,707768024,4194304,1048576,5,region4_1646037700
2021-10-05 07:33,707768024,2097152,1048576,5,region4_1646037700
2021-10-05 07:33,707768024,7340032,1048576,5,region4_1646037700
2021-10-05 07:33,707768024,5242880,1048576,5,region4_1646037700
2021-10-05 07:33,707768024,1048576,1048576,5,region4_1646037700
2021-10-05 07:33,707768024,0,1048576,5,region4_1646037700
2021-10-05 07:33,707768024,6291456,1048576,5,region4_1646037700
2021-10-05 07:33,707768024,3145728,1048576,5,region4_1646037700
2021-10-05 07:33,706169177,0,184363,2,region4_1646037697
2021-10-05 07:33,706169177,0,184363,2,region4_1646037697
2021-10-05 07:33,707153081,6771998,605234,2,region4_1646037697
2021-10-05 07:33,707153081,4849142,251001,2,region4_1646037697
2021-10-05 07:33,707153081,3423335,1963,2,region4_1646037697
2021-10-05 07:33,707105352,4335181,1604299,2,region4_1646037696
2021-10-05 07:33,707105352,263918,369767,2,region4_1646037696
2021-10-05 07:33,706454880,1383295,879536,2,region4_1646037697
2021-10-05 07:33,706420935,6293318,2095290,2,region4_1646037696
2021-10-05 07:33,707861838,0,8388608,2,region4_1646037698
2021-10-05 07:33,707988435,0,8388608,2,region4_1646037698
2021-10-05 07:33,707778776,0,6969257,4,region4_1646037698
2021-10-05 07:33,707715853,0,1336727,3,region4_1646037699
2021-10-05 07:33,706374077,2319868,9128,2,region4_1646037697
2021-10-05 07:33,706374077,2329047,1521484,2,region4_1646037697
2021-10-05 07:33,706374077,0,2319868,2,region4_1646037697
2021-10-05 07:33,707779511,0,3412459,2,region4_1646037696
2021-10-05 07:33,707908111,0,558207,2,region4_1646037698
2021-10-05 07:33,707944107,0,221483,2,region4_1646037697
2021-10-05 07:33,706486544,0,375973,2,region4_1646037696
2021-10-05 07:33,707389080,2634063,2803,2,region4_1646037697
2021-10-05 07:33,707335721,588635,951674,2,region4_1646037697
2021-10-05 07:33,706554782,0,703854,2,region4_1646037697
2021-10-05 07:33,706264534,0,3937746,2,region4_1646037697
2021-10-05 07:33,707908111,558207,9025946,2,region4_1646037698
2021-10-05 07:33,706370097,7728003,660605,2,region4_1646037697
2021-10-05 07:33,707995998,0,8388608,3,region4_1646037699
2021-10-05 07:33,707226129,0,5077526,2,region4_1646037696
2021-10-05 07:33,707389080,2638256,268011,2,region4_1646037697
2021-10-05 07:33,706417920,0,1362913,2,region4_1646037697
2021-10-05 07:33,707802101,2106,2644271,2,region4_1646037696
2021-10-05 07:33,707091929,4186497,1048576,2,region4_1646037696
2021-10-05 07:33,706725421,3522017,708808,2,region4_1646037696
2021-10-05 07:33,706725421,511392,657102,2,region4_1646037696
2021-10-05 07:33,706554782,2992794,885159,2,region4_1646037697
2021-10-05 07:33,707979638,0,8379424,3,region4_1646037699
2021-10-05 07:33,707727138,0,6203885,3,region4_1646037697
2021-10-05 07:33,707434105,0,8388608,2,region4_1646037696
2021-10-05 07:33,707845346,0,2146372,3,region4_1646037697
2021-10-05 07:33,707966508,0,896819,3,region4_1646037699
2021-10-05 07:33,707856065,6525685,1429244,2,region4_1646037696
2021-10-05 07:33,707091929,0,5222238,2,region4_1646037696
2021-10-05 07:33,707957562,0,7680850,2,region4_1646037701
2021-10-05 07:33,707992141,0,8388608,3,region4_1646037699
2021-10-05 07:33,707421566,4557356,587638,2,region4_1646037697
2021-10-05 07:33,707421566,1273000,1971,2,region4_1646037697
2021-10-05 07:33,707421566,1270654,2151,2,region4_1646037697
2021-10-05 07:33,707421566,2691957,243879,2,region4_1646037697
2021-10-05 07:33,707810734,0,8388608,3,region4_1646037699
2021-10-05 07:33,707048646,2024963,900205,2,region4_1646037696
2021-10-05 07:33,707732426,0,8388608,3,region4_1646037699
2021-10-05 07:33,706435536,2711820,191211,2,region4_1646037697
2021-10-05 07:33,706435536,20178,26432,2,region4_1646037697
2021-10-05 07:33,706390023,6369248,2019360,2,region4_1646037697
2021-10-05 07:33,706914383,0,70218,2,region4_1646037697
2021-10-05 07:33,708008707,0,1645273,4,region4_1646037697
2021-10-05 07:33,707917569,0,3764764,3,region4_1646037699
2021-10-05 07:33,707950789,0,7716053,3,region4_1646037699
2021-10-05 07:33,708013693,0,947835,2,region4_1646037698
2021-10-05 07:33,706178473,5294374,332411,2,region4_1646037697
2021-10-05 07:33,707756817,0,8388608,2,region4_1646037701
2021-10-05 07:33,707976593,0,8388608,2,region4_1646037698
2021-10-05 07:33,707373716,0,8388608,2,region4_1646037696
2021-10-05 07:33,706420935,6293318,2095290,2,region4_1646037697
2021-10-05 07:33,706561286,224320,1987099,2,region4_1646037701
2021-10-05 07:33,706561286,4079135,643441,2,region4_1646037701
2021-10-05 07:33,706405790,0,5800900,2,region4_1646037697
2021-10-05 07:33,707945991,0,1053755,3,region4_1646037699
2021-10-05 07:33,707675935,0,30074,2,region4_1646037696
2021-10-05 07:33,706338764,0,590430,2,region4_1646037697
2021-10-05 07:33,706338764,590430,3307400,2,region4_1646037697
2021-10-05 07:33,707805346,0,8378697,3,region4_1646037699
2021-10-05 07:33,706561286,6035888,2352720,2,region4_1646037701
2021-10-05 07:33,707894171,0,1048576,5,region4_1646037700
2021-10-05 07:33,707894171,2097152,1048576,5,region4_1646037700
2021-10-05 07:33,707894171,1048576,1048576,5,region4_1646037700
2021-10-05 07:33,707894171,3145728,1048576,5,region4_1646037700
2021-10-05 07:33,707369327,74,82967,2,region4_1646037697
2021-10-05 07:33,707775543,0,8388608,3,region4_1646037699
2021-10-05 07:33,707894171,4194304,1026577,5,region4_1646037700
2021-10-05 07:33,707919360,0,8388608,2,region4_1646037698
2021-10-05 07:33,707938093,1898376,307039,2,region4_1646037696
2021-10-05 07:33,707781269,0,8388608,2,region4_1646037698
2021-10-05 07:33,706390023,6369248,2019360,2,region4_1646037697
2021-10-05 07:33,707790863,0,339,5,region4_1646037700
2021-10-05 07:33,707355774,730243,233127,2,region4_1646037697
2021-10-05 07:33,707355774,2534111,568045,2,region4_1646037697
2021-10-05 07:33,708025711,0,8388608,3,region4_1646037699
2021-10-05 07:33,706819329,0,5095207,2,region4_1646037697
2021-10-05 07:33,707158391,3385183,6732,2,region4_1646037697
2021-10-05 07:33,707158391,3628636,16384,2,region4_1646037697
2021-10-05 07:33,707815708,7340032,1048576,5,region4_1646037700
2021-10-05 07:33,707815708,6291456,1048576,5,region4_1646037700
2021-10-05 07:33,707815708,5242880,1048576,5,region4_1646037700
2021-10-05 07:33,707815708,4194304,1048576,5,region4_1646037700
2021-10-05 07:33,707815708,3145728,1048576,5,region4_1646037700
2021-10-05 07:33,707815708,2097152,1048576,5,region4_1646037700
2021-10-05 07:33,707815708,1048576,1048576,5,region4_1646037700
2021-10-05 07:33,707815708,0,1048576,5,region4_1646037700
2021-10-05 07:33,707847830,0,7157927,2,region4_1646037698
2021-10-05 07:33,706819329,5095207,2157037,2,region4_1646037697
2021-10-05 07:33,706181705,4561323,1420302,2,region4_1646037697
2021-10-05 07:33,706181705,3804,750198,2,region4_1646037697
2021-10-05 07:33,708006898,0,5269028,3,region4_1646037699
2021-10-05 07:33,708047313,0,8388608,2,region4_1646037698
2021-10-05 07:33,706169177,0,1212781,2,region4_1646037697
2021-10-05 07:33,707027607,1834571,1125851,2,region4_1646037696
2021-10-05 07:33,707313486,0,1263281,2,region4_1646037697
2021-10-05 07:33,706266642,4031364,570,2,region4_1646037697
2021-10-05 07:33,706266642,4032817,2201213,2,region4_1646037697
2021-10-05 07:33,707844611,0,7080541,3,region4_1646037699
2021-10-05 07:33,707887248,2675849,657787,2,region4_1646037697
2021-10-05 07:33,707950741,0,8388608,3,region4_1646037699
2021-10-05 07:33,708074067,0,5356425,4,region4_1646037698
2021-10-05 07:33,707878847,0,8388608,2,region4_1646037698
2021-10-05 07:33,707577297,225992,1837722,2,region4_1646037697
2021-10-05 07:33,707860623,0,1316597,3,region4_1646037699
2021-10-05 07:34,707885415,0,904857,3,region4_1646037699
2021-10-05 07:34,707904895,0,5163618,4,region4_1646037698
2021-10-05 07:34,706771943,288049,817145,2,region4_1646037696
2021-10-05 07:34,706169177,7736922,651686,2,region4_1646037697
2021-10-05 07:34,706169177,8292,2730377,2,region4_1646037697
2021-10-05 07:34,707977228,0,375536,2,region4_1646037697
2021-10-05 07:34,706553453,6670599,1595,2,region4_1646037697
2021-10-05 07:34,706553453,6967827,16384,2,region4_1646037697
2021-10-05 07:34,706169177,8292,2730377,2,region4_1646037697
2021-10-05 07:34,706169177,7736922,651686,2,region4_1646037697
2021-10-05 07:34,706169177,8292,2730377,2,region4_1646037697
2021-10-05 07:34,707897258,0,980679,2,region4_1646037698
2021-10-05 07:34,707427558,0,8388608,2,region4_1646037701
2021-10-05 07:34,707416733,4286688,2168,2,region4_1646037697
2021-10-05 07:34,706169177,7736922,651686,2,region4_1646037697
2021-10-05 07:34,707587135,6869632,2145,2,region4_1646037697
2021-10-05 07:34,707897258,980679,6427250,2,region4_1646037698
2021-10-05 07:34,707780658,0,8388608,2,region4_1646037696
2021-10-05 07:34,707839541,0,8388608,2,region4_1646037696
2021-10-05 07:34,707999544,0,8388608,4,region4_1646037698
2021-10-05 07:34,707817366,0,7714365,3,region4_1646037699
2021-10-05 07:34,707956451,0,9344860,4,region4_1646037697
2021-10-05 07:34,706444734,0,3859891,2,region4_1646037696
2021-10-05 07:34,706396222,150,4034308,2,region4_1646037697
2021-10-05 07:34,706169177,7736922,651686,2,region4_1646037697
2021-10-05 07:34,706659998,210641,1574846,2,region4_1646037696
2021-10-05 07:34,706444734,5314676,2128256,2,region4_1646037696
2021-10-05 07:34,708045868,0,24813,5,region4_1646037700
2021-10-05 07:34,708067186,0,8202781,2,region4_1646037698
2021-10-05 07:34,707515403,115,1212422,2,region4_1646037697
2021-10-05 07:34,707396330,0,2425168,2,region4_1646037698
2021-10-05 07:34,706659998,8076266,312342,2,region4_1646037696
2021-10-05 07:34,707481401,2558295,1546,2,region4_1646037697
2021-10-05 07:34,707481401,6197024,635046,2,region4_1646037697
2021-10-05 07:34,707481401,4168871,251128,2,region4_1646037697
2021-10-05 07:34,707481401,2555898,2186,2,region4_1646037697
2021-10-05 07:34,706976876,0,8388608,2,region4_1646037698
2021-10-05 07:34,707970424,0,3731289,3,region4_1646037699
2021-10-05 07:34,707429058,3903360,2151,2,region4_1646037697
2021-10-05 07:34,707494798,1525327,1521,2,region4_1646037697
2021-10-05 07:34,707494798,1523002,2114,2,region4_1646037697
2021-10-05 07:34,707494798,5152718,634971,2,region4_1646037697
2021-10-05 07:34,707494798,3123034,251394,2,region4_1646037697
2021-10-05 07:34,707715369,0,8388608,3,region4_1646037696
2021-10-05 07:34,706351888,2764147,9010,2,region4_1646037697
2021-10-05 07:34,707206760,3016729,418950,2,region4_1646037696
2021-10-05 07:34,707831910,0,7063931,3,region4_1646037699
2021-10-05 07:34,707856184,0,3737473,3,region4_1646037699
2021-10-05 07:34,706351888,2773240,1329486,2,region4_1646037697
2021-10-05 07:34,706351888,0,2764147,2,region4_1646037697
2021-10-05 07:34,707914920,0,8388608,3,region4_1646037699
2021-10-05 07:34,708011225,0,9251,5,region4_1646037700
2021-10-05 07:34,708102129,0,19674,5,region4_1646037700
2021-10-05 07:34,706169177,8292,2730377,2,region4_1646037697
2021-10-05 07:34,706631846,0,14845632,2,region4_1646037701
2021-10-05 07:34,707457416,0,925573,2,region4_1646037697
2021-10-05 07:34,706416260,0,829074,2,region4_1646037696
2021-10-05 07:34,707878913,0,7195673,2,region4_1646037698
2021-10-05 07:34,707968769,0,7702687,2,region4_1646037701
2021-10-05 07:34,708084439,0,24,3,region4_1646037697
2021-10-05 07:34,707367558,0,410188,2,region4_1646037696
2021-10-05 07:34,706416260,0,829074,2,region4_1646037697
2021-10-05 07:34,707368468,788746,1048576,2,region4_1646037696
2021-10-05 07:34,708125856,0,8388608,2,region4_1646037696
2021-10-05 07:34,707399207,2271061,6117547,2,region4_1646037697
2021-10-05 07:34,707871209,8347838,40770,2,region4_1646037696
2021-10-05 07:34,706673697,565089,2251884,2,region4_1646037697
2021-10-05 07:34,706370097,7728003,660605,2,region4_1646037697
2021-10-05 07:34,707219026,0,8382743,1,region4_1646037696
2021-10-05 07:34,707283629,0,13715,1,region4_1646037696
2021-10-05 07:34,707807392,0,8388608,2,region4_1646037696
2021-10-05 07:34,706460899,1538419,543,2,region4_1646037697
2021-10-05 07:34,707416733,4289051,1811,2,region4_1646037697
2021-10-05 07:34,707416733,5757317,239837,2,region4_1646037697
2021-10-05 07:34,708046552,0,1845965,3,region4_1646037696
2021-10-05 07:34,707257727,0,6993156,2,region4_1646037698
2021-10-05 07:34,707643168,2563277,2160,2,region4_1646037697
2021-10-05 07:34,706460899,1539833,1988945,2,region4_1646037697
2021-10-05 07:34,707416733,7664690,597529,2,region4_1646037697
2021-10-05 07:34,708024016,1939941,3283221,2,region4_1646037697
2021-10-05 07:34,708024016,0,1939941,2,region4_1646037697
2021-10-05 07:34,706462391,0,2139815,2,region4_1646037697
2021-10-05 07:34,707283629,13715,8361178,1,region4_1646037696
2021-10-05 07:34,707587135,6871972,1805,2,region4_1646037697
2021-10-05 07:34,707587135,8345331,43277,2,region4_1646037697
2021-10-05 07:34,708137940,0,7714226,3,region4_1646037699
2021-10-05 07:34,706405790,0,5800900,2,region4_1646037697
2021-10-05 07:34,707992064,0,8388608,2,region4_1646037701
2021-10-05 07:34,707587135,3391616,259540,2,region4_1646037697
2021-10-05 07:34,707993687,1415653,710223,2,region4_1646037697
2021-10-05 07:34,708105453,0,368841,2,region4_1646037697
2021-10-05 07:34,707147787,7545528,2935,2,region4_1646037697
2021-10-05 07:34,707147787,7682194,189673,2,region4_1646037697
2021-10-05 07:34,707959859,0,1743599,3,region4_1646037699
2021-10-05 07:34,706954747,0,3407474,2,region4_1646037696
2021-10-05 07:34,707923903,0,9347794,4,region4_1646037697
2021-10-05 07:34,707429058,7665432,656674,2,region4_1646037697
2021-10-05 07:34,707429058,5567052,259351,2,region4_1646037697
2021-10-05 07:34,707429058,3905722,1521,2,region4_1646037697
2021-10-05 07:34,708073274,0,366094,2,region4_1646037697
2021-10-05 07:34,708086630,0,360873,2,region4_1646037697
2021-10-05 07:34,706420935,6293318,2095290,2,region4_1646037697
2021-10-05 07:34,707249171,3415229,6759,2,region4_1646037697
2021-10-05 07:34,707249171,3659877,16384,2,region4_1646037697
2021-10-05 07:34,708068894,0,8380684,3,region4_1646037699
2021-10-05 07:34,708083837,0,1759277,3,region4_1646037699
2021-10-05 07:34,707727138,6202885,1000,1,region4_1646037697
2021-10-05 07:34,707817041,0,8388608,3,region4_1646037699
2021-10-05 07:34,707872087,0,8388608,3,region4_1646037699
2021-10-05 07:34,707910113,0,8388608,3,region4_1646037699
2021-10-05 07:34,708014485,0,1084715,3,region4_1646037699
2021-10-05 07:34,707727138,4369446,1834439,1,region4_1646037697
2021-10-05 07:34,707727138,0,4369446,1,region4_1646037697
2021-10-05 07:34,707977825,0,377071,2,region4_1646037697
2021-10-05 07:34,708016584,0,369124,2,region4_1646037697
2021-10-05 07:34,706422958,3027558,5361050,2,region4_1646037701
2021-10-05 07:34,707906108,0,1644879,2,region4_1646037698
2021-10-05 07:34,707657008,0,1562571,3,region4_1646037699
2021-10-05 07:34,706420935,6293318,2095290,2,region4_1646037697
2021-10-05 07:34,707643168,6380051,667034,2,region4_1646037697
2021-10-05 07:34,707643168,4250790,263338,2,region4_1646037697
2021-10-05 07:34,707643168,2565648,1519,2,region4_1646037697
2021-10-05 07:34,707924556,0,5736264,2,region4_1646037696
2021-10-05 07:34,706390023,6369248,2019360,2,region4_1646037697
2021-10-05 07:34,707878939,0,7831864,4,region4_1646037702
2021-10-05 07:34,708047306,0,348823,2,region4_1646037697
2021-10-05 07:34,707328319,246,3676286,2,region4_1646037697
2021-10-05 07:34,708061263,0,312877,3,region4_1646037699
2021-10-05 07:34,707631396,0,8388608,2,region4_1646037696
2021-10-05 07:34,706976876,0,8388608,2,region4_1646037696
2021-10-05 07:34,707435802,2150536,837761,2,region4_1646037697
2021-10-05 07:34,708107981,0,359726,2,region4_1646037697
2021-10-05 07:34,707950108,0,7494234,2,region4_1646037701
2021-10-05 07:34,707534619,900801,764130,2,region4_1646037697
2021-10-05 07:34,707372127,2070063,1633,2,region4_1646037697
2021-10-05 07:34,706812107,0,8388608,2,region4_1646037698
2021-10-05 07:34,706598534,0,285670,2,region4_1646037697
2021-10-05 07:34,707447708,4363715,2217,2,region4_1646037697
2021-10-05 07:34,707372127,7477210,911398,2,region4_1646037697
2021-10-05 07:34,707372127,2075569,399817,2,region4_1646037697
2021-10-05 07:34,706772646,0,8388608,2,region4_1646037696
2021-10-05 07:34,707447708,6304730,290325,2,region4_1646037697
2021-10-05 07:34,707447708,4366175,1769,2,region4_1646037697
2021-10-05 07:34,708008726,3145728,319162,5,region4_1646037700
2021-10-05 07:34,708008726,2097152,1048576,5,region4_1646037700
2021-10-05 07:34,708008726,1048576,1048576,5,region4_1646037700
2021-10-05 07:34,708008726,0,1048576,5,region4_1646037700
2021-10-05 07:34,706390023,6369248,2019360,2,region4_1646037697
2021-10-05 07:34,708062162,958840,103670,2,region4_1646037697
2021-10-05 07:34,708062162,1908003,16384,2,region4_1646037697
2021-10-05 07:34,708062162,1828231,79772,2,region4_1646037697
2021-10-05 07:34,707434074,242835,766191,2,region4_1646037697
2021-10-05 07:34,707977228,0,375536,2,region4_1646037697
2021-10-05 07:34,707709373,5279447,824765,2,region4_1646037697
2021-10-05 07:34,707709373,598859,2202,2,region4_1646037697
2021-10-05 07:34,707709373,2672553,306500,2,region4_1646037697
2021-10-05 07:34,707709373,601320,1784,2,region4_1646037697
2021-10-05 07:34,707704036,0,150232,2,region4_1646037697
2021-10-05 07:34,707704036,2330189,781171,2,region4_1646037697
2021-10-05 07:34,708045147,0,1624092,2,region4_1646037696
2021-10-05 07:34,706423349,1706673,3940882,2,region4_1646037697
2021-10-05 07:34,707379706,0,8388608,2,region4_1646037696
2021-10-05 07:34,708054531,0,7666782,3,region4_1646037699
2021-10-05 07:34,707403938,0,1246740,2,region4_1646037697
2021-10-05 07:34,706578855,0,8388608,2,region4_1646037701
2021-10-05 07:34,708188556,0,7886866,2,region4_1646037698
2021-10-05 07:34,707557764,10232164,2945,2,region4_1646037697
2021-10-05 07:34,708123418,0,8388608,2,region4_1646037698
2021-10-05 07:34,708100346,0,8377254,3,region4_1646037699
2021-10-05 07:34,707814435,4807620,2202,2,region4_1646037697
2021-10-05 07:34,706507937,4421337,2886,2,region4_1646037697
2021-10-05 07:34,707840971,374718,2184,2,region4_1646037697
2021-10-05 07:34,707814435,6802931,300019,2,region4_1646037697
2021-10-05 07:34,707814435,4810080,1836,2,region4_1646037697
2021-10-05 07:34,706874792,0,680709,2,region4_1646037696
2021-10-05 07:34,707996007,0,8388608,3,region4_1646037699
2021-10-05 07:34,706507937,4425818,162568,2,region4_1646037697
2021-10-05 07:34,706507937,7332076,867020,2,region4_1646037697
2021-10-05 07:34,707946538,6291456,1048576,5,region4_1646037700
2021-10-05 07:34,707946538,3145728,1048576,5,region4_1646037700
2021-10-05 07:34,707946538,2097152,1048576,5,region4_1646037700
2021-10-05 07:34,707946538,1048576,1048576,5,region4_1646037700
2021-10-05 07:34,707946538,0,1048576,5,region4_1646037700
2021-10-05 07:34,707946538,7340032,1048576,5,region4_1646037700
2021-10-05 07:34,707946538,5242880,1048576,5,region4_1646037700
2021-10-05 07:34,707946538,4194304,1048576,5,region4_1646037700
2021-10-05 07:34,708106238,0,8388608,3,region4_1646037699
2021-10-05 07:34,707921279,1048576,1048576,5,region4_1646037700
2021-10-05 07:34,707921279,0,1048576,5,region4_1646037700
2021-10-05 07:34,707921279,2097152,1048576,5,region4_1646037700
2021-10-05 07:34,707921279,4194304,1048576,5,region4_1646037700
2021-10-05 07:34,707921279,3145728,1048576,5,region4_1646037700
2021-10-05 07:34,707959859,0,1743599,1,region4_1646037696
2021-10-05 07:34,708044299,63726,2691,2,region4_1646037697
2021-10-05 07:34,708086630,0,360873,2,region4_1646037697
2021-10-05 07:34,707472522,0,62735,2,region4_1646037696
2021-10-05 07:34,708103250,0,7547977,2,region4_1646037696
2021-10-05 07:34,708103250,6516691,1048576,2,region4_1646037696
2021-10-05 07:34,707921279,7340032,1048576,5,region4_1646037700
2021-10-05 07:34,707921279,6291456,1048576,5,region4_1646037700
2021-10-05 07:34,707921279,5242880,1048576,5,region4_1646037700
2021-10-05 07:34,706370097,7728003,660605,2,region4_1646037697
2021-10-05 07:34,707271027,2012285,1311127,2,region4_1646037696
2021-10-05 07:34,708219093,0,1048576,5,region4_1646037700
2021-10-05 07:34,708219093,2097152,617995,5,region4_1646037700
2021-10-05 07:34,708219093,1048576,1048576,5,region4_1646037700
2021-10-05 07:34,708193351,0,103541,3,region4_1646037699
2021-10-05 07:34,707166214,0,276116,2,region4_1646037696
2021-10-05 07:34,707166214,5268491,1355639,2,region4_1646037696
2021-10-05 07:34,707078048,188,153977,2,region4_1646037697
2021-10-05 07:34,706890030,5143575,3245033,2,region4_1646037697
2021-10-05 07:34,708187848,0,5210533,2,region4_1646037697
2021-10-05 07:34,707586642,0,1668137,2,region4_1646037697
2021-10-05 07:34,707988396,0,8388608,2,region4_1646037696
2021-10-05 07:34,707963608,1541854,2190,2,region4_1646037697
2021-10-05 07:34,708073274,0,366094,2,region4_1646037697
2021-10-05 07:34,708105453,0,368841,2,region4_1646037697
2021-10-05 07:34,707840971,2350964,297493,2,region4_1646037697
2021-10-05 07:34,707840971,377160,1822,2,region4_1646037697
2021-10-05 07:34,708177997,0,4194304,2,region4_1646037698
2021-10-05 07:34,708181437,0,8388608,2,region4_1646037698
2021-10-05 07:34,706932212,0,2218724,1,region4_1646037696
2021-10-05 07:34,706190847,2691918,802,2,region4_1646037697
2021-10-05 07:34,706190847,2677777,16384,2,region4_1646037697
2021-10-05 07:34,707963608,3571284,303261,2,region4_1646037697
2021-10-05 07:34,707963608,6159683,819670,2,region4_1646037697
2021-10-05 07:34,707963608,1544303,1812,2,region4_1646037697
2021-10-05 07:34,706416260,0,829074,2,region4_1646037697
2021-10-05 07:34,707840971,4858965,792334,2,region4_1646037697
2021-10-05 07:34,708177997,4194304,4194304,2,region4_1646037698
2021-10-05 07:35,707587944,0,8388608,2,region4_1646037696
2021-10-05 07:35,706190847,2691918,802,2,region4_1646037697
2021-10-05 07:35,706190847,2677777,16384,2,region4_1646037697
2021-10-05 07:35,706190847,2677777,16384,2,region4_1646037697
2021-10-05 07:35,706190847,2691918,802,2,region4_1646037697
2021-10-05 07:35,707977825,0,377071,2,region4_1646037697
2021-10-05 07:35,707989640,4194304,85271,5,region4_1646037700
2021-10-05 07:35,707989640,2097152,1048576,5,region4_1646037700
2021-10-05 07:35,707989640,0,1048576,5,region4_1646037700
2021-10-05 07:35,707989640,3145728,1048576,5,region4_1646037700
2021-10-05 07:35,707989640,1048576,1048576,5,region4_1646037700
2021-10-05 07:35,706300094,840,151386,2,region4_1646037697
2021-10-05 07:35,706177303,3796,372509,2,region4_1646037703
2021-10-05 07:35,706190847,2691918,802,2,region4_1646037697
2021-10-05 07:35,707216689,5009257,1453,2,region4_1646037697
2021-10-05 07:35,707216689,5007213,16384,2,region4_1646037697
2021-10-05 07:35,706220275,0,2105032,2,region4_1646037696
2021-10-05 07:35,707512153,2490613,2841,2,region4_1646037697
2021-10-05 07:35,707512153,2802263,16384,2,region4_1646037697
2021-10-05 07:35,707512153,2802263,16384,2,region4_1646037697
2021-10-05 07:35,707141085,137429,187028,2,region4_1646037697
2021-10-05 07:35,707141085,4236952,113187,2,region4_1646037697
2021-10-05 07:35,708016584,0,369124,2,region4_1646037697
2021-10-05 07:35,707811088,0,8388608,3,region4_1646037699
2021-10-05 07:35,707141085,1442739,55029,2,region4_1646037697
2021-10-05 07:35,708049972,0,24,3,region4_1646037697
2021-10-05 07:35,706630192,7044223,1344385,2,region4_1646037696
2021-10-05 07:35,706341359,1505329,2875127,2,region4_1646037697
2021-10-05 07:35,707260222,0,1946132,1,region4_1646037696
2021-10-05 07:35,706405790,0,5800900,2,region4_1646037697
2021-10-05 07:35,707987263,3145728,1048576,5,region4_1646037700
2021-10-05 07:35,707987263,7340032,1048576,5,region4_1646037700
2021-10-05 07:35,707987263,1048576,1048576,5,region4_1646037700
2021-10-05 07:35,707987263,6291456,1048576,5,region4_1646037700
2021-10-05 07:35,707987263,5242880,1048576,5,region4_1646037700
2021-10-05 07:35,707987263,4194304,1048576,5,region4_1646037700
2021-10-05 07:35,707987263,2097152,1048576,5,region4_1646037700
2021-10-05 07:35,707987263,0,1048576,5,region4_1646037700
2021-10-05 07:35,706772394,420445,2858275,2,region4_1646037701
2021-10-05 07:35,706772394,5155676,3232932,2,region4_1646037701
2021-10-05 07:35,708156717,0,8388608,3,region4_1646037696
2021-10-05 07:35,708147590,0,7234341,2,region4_1646037701
2021-10-05 07:35,707598248,3376986,16384,2,region4_1646037697
2021-10-05 07:35,707598248,3059916,2809,2,region4_1646037697
2021-10-05 07:35,707598248,3376986,16384,2,region4_1646037697
2021-10-05 07:35,707987349,524651,85000,2,region4_1646037697
2021-10-05 07:35,707987349,619540,58136,2,region4_1646037697
2021-10-05 07:35,707987349,4913,433518,2,region4_1646037697
2021-10-05 07:35,706199274,3348225,56031,2,region4_1646037696
2021-10-05 07:35,706199274,0,3311490,2,region4_1646037696
2021-10-05 07:35,707703153,2722220,16384,2,region4_1646037697
2021-10-05 07:35,706410035,5823307,2565301,2,region4_1646037696
2021-10-05 07:35,707598248,0,1158290,2,region4_1646037697
2021-10-05 07:35,707309362,49067,629681,2,region4_1646037697
2021-10-05 07:35,706360127,2248924,164936,2,region4_1646037697
2021-10-05 07:35,708003587,1435543,890180,2,region4_1646037697
2021-10-05 07:35,708107981,0,359726,2,region4_1646037697
2021-10-05 07:35,706178513,3072409,1263144,2,region4_1646037697
2021-10-05 07:35,707170790,10305380,2939,2,region4_1646037697
2021-10-05 07:35,707856575,0,414095,4,region4_1646037696
2021-10-05 07:35,707244870,187,139716,2,region4_1646037697
2021-10-05 07:35,708047306,0,348823,2,region4_1646037697
2021-10-05 07:35,707210077,0,6118135,2,region4_1646037696
2021-10-05 07:35,706500283,0,3402692,2,region4_1646037696
2021-10-05 07:35,707375575,74,94672,2,region4_1646037697
2021-10-05 07:35,708225180,0,8388608,3,region4_1646037696
2021-10-05 07:35,706888165,3641840,1466,2,region4_1646037697
2021-10-05 07:35,706888165,3639621,16384,2,region4_1646037697
2021-10-05 07:35,706490315,0,550904,2,region4_1646037697
2021-10-05 07:35,707740956,0,6317590,2,region4_1646037696
2021-10-05 07:35,707210077,7379048,306251,2,region4_1646037696
2021-10-05 07:35,707329656,187,147169,2,region4_1646037697
2021-10-05 07:35,706452805,994224,1427017,2,region4_1646037697
2021-10-05 07:35,706452805,7452395,936213,2,region4_1646037697
2021-10-05 07:35,707997628,3145728,1048576,5,region4_1646037700
2021-10-05 07:35,707997628,1048576,1048576,5,region4_1646037700
2021-10-05 07:35,707997628,0,1048576,5,region4_1646037700
2021-10-05 07:35,707997628,2097152,1048576,5,region4_1646037700
2021-10-05 07:35,706490315,4933702,3454906,2,region4_1646037697
2021-10-05 07:35,707356641,8002153,102570,2,region4_1646037697
2021-10-05 07:35,707356641,8000522,1447,2,region4_1646037697
2021-10-05 07:35,708199723,0,8388608,2,region4_1646037698
2021-10-05 07:35,707317310,8014861,373747,2,region4_1646037697
2021-10-05 07:35,707317310,4312516,340969,2,region4_1646037697
2021-10-05 07:35,707317310,1996107,2111,2,region4_1646037697
2021-10-05 07:35,707317310,1993579,2222,2,region4_1646037697
2021-10-05 07:35,707997628,4194304,963787,5,region4_1646037700
2021-10-05 07:35,706525744,0,719876,2,region4_1646037697
2021-10-05 07:35,706171691,1158545,1647892,2,region4_1646037697
2021-10-05 07:35,707151414,5135348,99179,2,region4_1646037697
2021-10-05 07:35,707151414,5133720,1444,2,region4_1646037697
2021-10-05 07:35,707311612,0,8388608,3,region4_1646037699
2021-10-05 07:35,708017434,0,7751179,4,region4_1646037702
2021-10-05 07:35,707259893,5035914,369156,2,region4_1646037697
2021-10-05 07:35,707201874,1945981,56097,2,region4_1646037697
2021-10-05 07:35,707201874,144106,213192,2,region4_1646037697
2021-10-05 07:35,707201874,4282732,117301,2,region4_1646037697
2021-10-05 07:35,707610911,5065884,180809,2,region4_1646037697
2021-10-05 07:35,707610911,5061569,2845,2,region4_1646037697
2021-10-05 07:35,707671256,0,821326,2,region4_1646037697
2021-10-05 07:35,707259893,5034012,1086,2,region4_1646037697
2021-10-05 07:35,708023331,1027059,701135,2,region4_1646037696
2021-10-05 07:35,706598534,0,987167,2,region4_1646037696
2021-10-05 07:35,707306578,5087525,1802366,2,region4_1646037697
2021-10-05 07:35,707306578,1095017,184326,2,region4_1646037697
2021-10-05 07:35,707306578,1090539,2887,2,region4_1646037697
2021-10-05 07:35,707327123,0,826651,2,region4_1646037697
2021-10-05 07:35,706508828,1168944,170278,2,region4_1646037697
2021-10-05 07:35,706508828,3640129,1299581,2,region4_1646037697
2021-10-05 07:35,706598534,586384,400783,2,region4_1646037696
2021-10-05 07:35,706508828,0,1164508,2,region4_1646037697
2021-10-05 07:35,706508828,1164508,2841,2,region4_1646037697
2021-10-05 07:35,708191819,7340032,1048576,5,region4_1646037700
2021-10-05 07:35,708191819,6291456,1048576,5,region4_1646037700
2021-10-05 07:35,708191819,5242880,1048576,5,region4_1646037700
2021-10-05 07:35,708191819,4194304,1048576,5,region4_1646037700
2021-10-05 07:35,708191819,0,1048576,5,region4_1646037700
2021-10-05 07:35,708191819,2097152,1048576,5,region4_1646037700
2021-10-05 07:35,708191819,1048576,1048576,5,region4_1646037700
2021-10-05 07:35,708191819,3145728,1048576,5,region4_1646037700
2021-10-05 07:35,707246510,302293,2926,2,region4_1646037697
2021-10-05 07:35,706370097,7728003,660605,2,region4_1646037697
2021-10-05 07:35,707990839,0,2704847,3,region4_1646037699
2021-10-05 07:35,708125271,3068084,2253,2,region4_1646037697
2021-10-05 07:35,707246510,4483061,108964,2,region4_1646037697
2021-10-05 07:35,707246510,1711620,55192,2,region4_1646037697
2021-10-05 07:35,707246510,447845,191289,2,region4_1646037697
2021-10-05 07:35,707330854,0,403144,2,region4_1646037696
2021-10-05 07:35,706976551,0,3799188,1,region4_1646037696
2021-10-05 07:35,707517362,0,2836598,2,region4_1646037697
2021-10-05 07:35,707394834,0,8388608,2,region4_1646037696
2021-10-05 07:35,708082297,0,3403150,2,region4_1646037696
2021-10-05 07:35,707529796,0,5177558,2,region4_1646037697
2021-10-05 07:35,707529796,5175519,16384,2,region4_1646037697
2021-10-05 07:35,707529796,5177558,1466,2,region4_1646037697
2021-10-05 07:35,707325023,0,6158440,2,region4_1646037698
2021-10-05 07:35,708007618,6381531,2271,2,region4_1646037697
2021-10-05 07:35,708007618,0,51608,2,region4_1646037697
2021-10-05 07:35,708007618,6379003,2189,2,region4_1646037697
2021-10-05 07:35,708102898,1486249,2336531,2,region4_1646037697
2021-10-05 07:35,707529796,5175519,16384,2,region4_1646037697
2021-10-05 07:35,707297817,2290595,16384,2,region4_1646037697
2021-10-05 07:35,707297817,0,117106,2,region4_1646037697
2021-10-05 07:35,706984069,5658885,2729723,2,region4_1646037697
2021-10-05 07:35,706984069,2169200,1787824,2,region4_1646037697
2021-10-05 07:35,706984069,0,5658885,2,region4_1646037697
2021-10-05 07:35,706984069,72,91880,2,region4_1646037697
2021-10-05 07:35,707730930,1511570,16384,2,region4_1646037697
2021-10-05 07:35,707430798,0,375486,4,region4_1646037696
2021-10-05 07:35,706353217,733288,7655320,2,region4_1646037701
2021-10-05 07:35,706410035,0,1125878,2,region4_1646037697
2021-10-05 07:35,706410035,5823307,2565301,2,region4_1646037697
2021-10-05 07:35,706452805,0,8388608,2,region4_1646037696
2021-10-05 07:35,708124139,0,6173168,2,region4_1646037698
2021-10-05 07:35,707730930,1511570,16384,2,region4_1646037697
2021-10-05 07:35,708093214,3567877,1048576,2,region4_1646037696
2021-10-05 07:35,707290815,188,153207,2,region4_1646037697
2021-10-05 07:35,708183743,0,52973,5,region4_1646037700
2021-10-05 07:35,708228520,0,6747226,4,region4_1646037698
2021-10-05 07:35,708093214,0,4613021,2,region4_1646037696
2021-10-05 07:35,707328561,4655620,16384,2,region4_1646037697
2021-10-05 07:35,707328561,4657687,1443,2,region4_1646037697
2021-10-05 07:35,708228456,2097152,1048576,5,region4_1646037700
2021-10-05 07:35,708228456,1048576,1048576,5,region4_1646037700
2021-10-05 07:35,708228456,0,1048576,5,region4_1646037700
2021-10-05 07:35,706399725,917486,3419013,2,region4_1646037697
2021-10-05 07:35,706399725,4336499,2885,2,region4_1646037697
2021-10-05 07:35,708125271,5633685,376771,2,region4_1646037697
2021-10-05 07:35,708125271,3070676,2295,2,region4_1646037697
2021-10-05 07:35,708228456,7340032,1048576,5,region4_1646037700
2021-10-05 07:35,708228456,6291456,1048576,5,region4_1646037700
2021-10-05 07:35,708228456,5242880,1048576,5,region4_1646037700
2021-10-05 07:35,708228456,4194304,1048576,5,region4_1646037700
2021-10-05 07:35,708228456,3145728,1048576,5,region4_1646037700
2021-10-05 07:35,706399725,6821140,1298599,2,region4_1646037697
2021-10-05 07:35,706399725,4341053,157821,2,region4_1646037697
2021-10-05 07:35,706454880,933247,1329584,2,region4_1646037697
2021-10-05 07:35,706595945,0,801722,2,region4_1646037697
2021-10-05 07:35,706595945,806168,170409,2,region4_1646037697
2021-10-05 07:35,706595945,801722,2842,2,region4_1646037697
2021-10-05 07:35,707563813,0,8388608,2,region4_1646037696
2021-10-05 07:35,707344978,4716119,1460,2,region4_1646037697
2021-10-05 07:35,707344978,4714088,16384,2,region4_1646037697
2021-10-05 07:35,706834776,7586314,802294,2,region4_1646037701
2021-10-05 07:35,706834776,0,5237081,2,region4_1646037701
2021-10-05 07:35,707749661,460003,196598,2,region4_1646037697
2021-10-05 07:35,707749661,309614,2879,2,region4_1646037697
2021-10-05 07:35,707749661,1923512,57547,2,region4_1646037697
2021-10-05 07:35,707749661,4686777,117619,2,region4_1646037697
2021-10-05 07:35,706543568,0,8378388,2,region4_1646037696
2021-10-05 07:35,707312883,0,8388608,3,region4_1646037699
2021-10-05 07:35,706454620,0,14637698,2,region4_1646037701
2021-10-05 07:35,708026534,0,8388608,3,region4_1646037699
2021-10-05 07:35,708089683,8103261,2871,2,region4_1646037697
2021-10-05 07:35,706383716,4456560,3932048,2,region4_1646037697
2021-10-05 07:35,706771943,288049,817145,2,region4_1646037697
2021-10-05 07:35,708228497,0,6583958,2,region4_1646037698
2021-10-05 07:35,707299199,0,509043,2,region4_1646037698
2021-10-05 07:35,706474112,0,4334504,2,region4_1646037697
2021-10-05 07:35,707175857,0,2218724,1,region4_1646037696
2021-10-05 07:35,707299199,11658511,1282761,2,region4_1646037698
2021-10-05 07:35,707299199,0,11658511,2,region4_1646037698
2021-10-05 07:35,707312942,0,675511,5,region4_1646037700
2021-10-05 07:35,706507937,6885720,1313376,2,region4_1646037697
2021-10-05 07:35,706507937,4425818,162568,2,region4_1646037697
2021-10-05 07:35,706507937,4421337,2886,2,region4_1646037697
2021-10-05 07:35,706507937,849755,3571582,2,region4_1646037697
2021-10-05 07:35,708119341,0,4194304,2,region4_1646037698
2021-10-05 07:35,706370097,7728003,660605,2,region4_1646037697
2021-10-05 07:35,706181914,4424401,397104,2,region4_1646037697
2021-10-05 07:35,706181914,4420502,2340,2,region4_1646037697
2021-10-05 07:35,707322141,0,8388608,3,region4_1646037699
2021-10-05 07:35,707356807,0,7564315,2,region4_1646037698
2021-10-05 07:35,708028462,0,8388608,4,region4_1646037698
2021-10-05 07:35,708066530,0,8388608,3,region4_1646037699
2021-10-05 07:35,706598534,0,285670,2,region4_1646037697
2021-10-05 07:35,708119341,4194304,4194304,2,region4_1646037698
2021-10-05 07:35,706224942,0,4351296,2,region4_1646037697
2021-10-05 07:35,706171691,1158545,1647892,2,region4_1646037697
2021-10-05 07:35,708212477,0,7471390,2,region4_1646037698
2021-10-05 07:35,706932212,2218724,3799188,1,region4_1646037696
2021-10-05 07:35,708068115,0,186225,3,region4_1646037699
2021-10-05 07:35,707372849,8002191,1497,2,region4_1646037697
2021-10-05 07:35,707372849,7995290,16384,2,region4_1646037697
2021-10-05 07:35,707372849,7995290,16384,2,region4_1646037697
2021-10-05 07:35,707328728,0,3224914,3,region4_1646037699
2021-10-05 07:35,706840727,0,366213,2,region4_1646037697
2021-10-05 07:35,706976551,3799188,1627827,1,region4_1646037696
2021-10-05 07:35,708056095,2659948,397134,2,region4_1646037697
2021-10-05 07:35,708056095,6244849,1134027,2,region4_1646037697
2021-10-05 07:35,708093951,0,2278744,2,region4_1646037698
2021-10-05 07:35,707353147,0,1308803,2,region4_1646037696
2021-10-05 07:35,708173844,0,8388608,3,region4_1646037699
2021-10-05 07:35,708157585,4028096,2353,2,region4_1646037697
2021-10-05 07:35,708157585,4025450,2291,2,region4_1646037697
2021-10-05 07:35,708157585,2998025,411052,2,region4_1646037697
2021-10-05 07:35,708157585,7016843,395481,2,region4_1646037697
2021-10-05 07:35,707349734,812818,120898,2,region4_1646037697
2021-10-05 07:35,707349734,811193,1441,2,region4_1646037697
2021-10-05 07:35,707410454,5217683,16384,2,region4_1646037697
2021-10-05 07:35,707410454,5217683,16384,2,region4_1646037697
2021-10-05 07:35,708156544,0,7656450,3,region4_1646037699
2021-10-05 07:35,707330168,0,1048576,5,region4_1646037700
2021-10-05 07:35,707330168,2097152,458300,5,region4_1646037700
2021-10-05 07:35,707330168,1048576,1048576,5,region4_1646037700
2021-10-05 07:35,706390023,6369248,2019360,2,region4_1646037697
2021-10-05 07:35,707410454,0,5219750,2,region4_1646037697
2021-10-05 07:35,707410454,5219750,1470,2,region4_1646037697
2021-10-05 07:35,708168808,0,8376646,3,region4_1646037699
2021-10-05 07:35,708221347,0,1494599,2,region4_1646037696
2021-10-05 07:35,706771943,6250324,2138284,2,region4_1646037697
2021-10-05 07:35,706771943,0,1105194,2,region4_1646037697
2021-10-05 07:35,708101470,0,8388608,4,region4_1646037696
2021-10-05 07:35,706405790,0,5800900,2,region4_1646037697
2021-10-05 07:35,706350841,0,2184105,2,region4_1646037697
2021-10-05 07:35,707310721,0,2808083,2,region4_1646037697
2021-10-05 07:35,707525383,187,139275,2,region4_1646037697
2021-10-05 07:35,707861234,0,44130,3,region4_1646037699
2021-10-05 07:35,707306451,7738006,1509,2,region4_1646037697
2021-10-05 07:35,707306451,7731136,16384,2,region4_1646037697
2021-10-05 07:35,707310721,2808083,3338232,2,region4_1646037697
2021-10-05 07:35,706610983,0,1652567,2,region4_1646037697
2021-10-05 07:35,707161184,3830386,1169552,2,region4_1646037696
2021-10-05 07:35,707158391,3385183,6732,2,region4_1646037697
2021-10-05 07:35,707158391,3628636,16384,2,region4_1646037697
2021-10-05 07:35,708134662,0,32459,3,region4_1646037699
2021-10-05 07:35,706281237,911,307590,2,region4_1646037697
2021-10-05 07:35,707308024,0,45047,2,region4_1646037697
2021-10-05 07:35,707317120,3574598,119452,2,region4_1646037696
2021-10-05 07:35,707317120,3694050,1048576,2,region4_1646037696
2021-10-05 07:35,707317970,0,959274,1,region4_1646037696
2021-10-05 07:35,707260222,1946132,3799188,1,region4_1646037696
2021-10-05 07:35,706566024,0,1938667,2,region4_1646037697
2021-10-05 07:35,708171279,0,8379980,3,region4_1646037699
2021-10-05 07:35,708198955,0,6973227,4,region4_1646037698
2021-10-05 07:35,707948628,0,401641,2,region4_1646037697
2021-10-05 07:35,708135436,0,7280435,2,region4_1646037697
2021-10-05 07:35,707391566,3003379,3158571,2,region4_1646037697
2021-10-05 07:35,707391566,7418537,970071,2,region4_1646037697
2021-10-05 07:35,707391566,3118,1223474,2,region4_1646037697
2021-10-05 07:35,708135436,7280435,7327787,2,region4_1646037697
2021-10-05 07:35,706473086,0,3021209,2,region4_1646037697
2021-10-05 07:35,708197345,0,7054027,3,region4_1646037699
2021-10-05 07:35,706490315,0,8388608,2,region4_1646037696
2021-10-05 07:35,707217455,1541989,262070,2,region4_1646037696
2021-10-05 07:35,707217455,6948728,1038288,2,region4_1646037696
2021-10-05 07:35,706849929,0,8388608,2,region4_1646037698
2021-10-05 07:35,706473086,3021209,1276307,2,region4_1646037697
2021-10-05 07:35,706423349,0,5647555,2,region4_1646037696
2021-10-05 07:35,706287123,0,2410448,2,region4_1646037697
2021-10-05 07:35,707349184,0,173333,2,region4_1646037697
2021-10-05 07:35,707349184,1873647,872890,2,region4_1646037697
2021-10-05 07:35,706287123,0,2410448,2,region4_1646037697
2021-10-05 07:35,708084432,0,8316073,3,region4_1646037699
2021-10-05 07:35,708151704,3738906,2259,2,region4_1646037697
2021-10-05 07:35,708156717,0,2097152,1,region4_1646037696
2021-10-05 07:35,708200375,0,5049415,3,region4_1646037699
2021-10-05 07:35,707319350,5010613,16384,2,region4_1646037697
2021-10-05 07:35,707331351,0,779559,2,region4_1646037697
2021-10-05 07:35,707390056,0,8388608,3,region4_1646037699
2021-10-05 07:35,706169177,8292,2730377,2,region4_1646037697
2021-10-05 07:35,706169177,7736922,651686,2,region4_1646037697
2021-10-05 07:35,706169177,7736922,651686,2,region4_1646037697
2021-10-05 07:35,706169177,8292,2730377,2,region4_1646037697
2021-10-05 07:35,706169177,8292,2730377,2,region4_1646037697
2021-10-05 07:35,708156717,2097152,2097152,1,region4_1646037696
2021-10-05 07:35,706178473,5294374,332411,2,region4_1646037697
2021-10-05 07:36,707347025,0,4034681,4,region4_1646037698
2021-10-05 07:36,708117066,0,8388608,4,region4_1646037698
2021-10-05 07:36,707635962,0,1110435,1,region4_1646037696
2021-10-05 07:36,706584521,0,469093,2,region4_1646037697
2021-10-05 07:36,707375250,0,1655459,3,region4_1646037699
2021-10-05 07:36,708181444,0,1586248,3,region4_1646037699
2021-10-05 07:36,707328460,0,8388608,2,region4_1646037701
2021-10-05 07:36,707175857,2218724,3799188,1,region4_1646037696
2021-10-05 07:36,707391650,550614,420261,2,region4_1646037697
2021-10-05 07:36,707391650,4372898,1215262,2,region4_1646037697
2021-10-05 07:36,708156717,4194304,2097152,1,region4_1646037696
2021-10-05 07:36,706169177,7736922,651686,2,region4_1646037697
2021-10-05 07:36,708103806,0,831510,3,region4_1646037699
2021-10-05 07:36,708156717,6291456,2097152,1,region4_1646037696
2021-10-05 07:36,706246740,0,4290296,2,region4_1646037698
2021-10-05 07:36,708181383,0,4565511,2,region4_1646037696
2021-10-05 07:36,708216800,0,7653232,2,region4_1646037698
2021-10-05 07:36,706169177,7736922,651686,2,region4_1646037697
2021-10-05 07:36,708151704,3741567,2608,2,region4_1646037697
2021-10-05 07:36,708151704,7078163,437494,2,region4_1646037697
2021-10-05 07:36,706383716,4456560,3932048,2,region4_1646037697
2021-10-05 07:36,707561866,5595496,16384,2,region4_1646037697
2021-10-05 07:36,707561866,5595496,16384,2,region4_1646037697
2021-10-05 07:36,707561866,5597554,1454,2,region4_1646037697
2021-10-05 07:36,708265600,0,7415203,2,region4_1646037698
2021-10-05 07:36,707371699,2068892,1719838,2,region4_1646037696
2021-10-05 07:36,707430648,0,8606,3,region4_1646037697
2021-10-05 07:36,708179595,0,4129392,4,region4_1646037698
2021-10-05 07:36,706932212,6017912,2370696,1,region4_1646037696
2021-10-05 07:36,707561866,5234328,363226,2,region4_1646037697
2021-10-05 07:36,707561866,0,5234328,2,region4_1646037697
2021-10-05 07:36,708267173,0,5649559,3,region4_1646037699
2021-10-05 07:36,706243716,2479776,2192860,2,region4_1646037697
2021-10-05 07:36,706243716,2478331,566,2,region4_1646037697
2021-10-05 07:36,707377347,5362600,3026008,2,region4_1646037697
2021-10-05 07:36,707377347,0,5362600,2,region4_1646037697
2021-10-05 07:36,707423407,0,7433181,2,region4_1646037698
2021-10-05 07:36,706181914,4424401,462280,2,region4_1646037697
2021-10-05 07:36,706181705,3804,750198,2,region4_1646037697
2021-10-05 07:36,706181705,4561323,1420302,2,region4_1646037697
2021-10-05 07:36,708136356,0,1971518,2,region4_1646037698
2021-10-05 07:36,707550447,4569889,3818719,2,region4_1646037697
2021-10-05 07:36,708200385,0,18338,4,region4_1646037696
2021-10-05 07:36,707550447,0,4569889,2,region4_1646037697
2021-10-05 07:36,707302743,2127111,2265,2,region4_1646037697
2021-10-05 07:36,707349080,0,7066588,3,region4_1646037699
2021-10-05 07:36,707423236,0,8388608,2,region4_1646037698
2021-10-05 07:36,707310023,0,1885469,2,region4_1646037696
2021-10-05 07:36,707346417,0,2399590,2,region4_1646037698
2021-10-05 07:36,707373716,0,8388608,2,region4_1646037696
2021-10-05 07:36,706416260,0,829074,2,region4_1646037697
2021-10-05 07:36,707774451,0,10223280,4,region4_1646037697
2021-10-05 07:36,707346417,2399590,9042567,2,region4_1646037698
2021-10-05 07:36,708149938,0,8388608,3,region4_1646037699
2021-10-05 07:36,707319350,4851335,2440,2,region4_1646037697
2021-10-05 07:36,708172014,1147243,1290264,2,region4_1646037697
2021-10-05 07:36,708226924,0,648102,3,region4_1646037699
2021-10-05 07:36,707339901,0,7799203,3,region4_1646037699
2021-10-05 07:36,706180694,0,3402956,2,region4_1646037696
2021-10-05 07:36,706771943,0,8388608,2,region4_1646037696
2021-10-05 07:36,707353994,3640648,469730,2,region4_1646037697
2021-10-05 07:36,707353994,7929335,459273,2,region4_1646037697
2021-10-05 07:36,707758284,479439,4624783,2,region4_1646037697
2021-10-05 07:36,707758284,0,479439,2,region4_1646037697
2021-10-05 07:36,706454880,1383295,879536,2,region4_1646037696
2021-10-05 07:36,707453948,0,1283252,2,region4_1646037697
2021-10-05 07:36,708196559,0,8388608,3,region4_1646037699
2021-10-05 07:36,707030215,1147372,1048576,2,region4_1646037696
2021-10-05 07:36,706199938,0,14633254,2,region4_1646037701
2021-10-05 07:36,707327275,0,375906,1,region4_1646037696
2021-10-05 07:36,708264837,0,8388608,3,region4_1646037699
2021-10-05 07:36,707302743,5379095,418259,2,region4_1646037697
2021-10-05 07:36,707302743,2129762,2547,2,region4_1646037697
2021-10-05 07:36,707163973,0,3426718,1,region4_1646037696
2021-10-05 07:36,707394510,5480512,915543,2,region4_1646037697
2021-10-05 07:36,707394510,2160823,423376,2,region4_1646037697
2021-10-05 07:36,707394510,2155316,1617,2,region4_1646037697
2021-10-05 07:36,706438291,0,2079194,2,region4_1646037697
2021-10-05 07:36,706420935,6293318,2095290,2,region4_1646037697
2021-10-05 07:36,707465945,0,8388608,3,region4_1646037699
2021-10-05 07:36,707030215,0,1985898,2,region4_1646037696
2021-10-05 07:36,707313006,0,5733307,4,region4_1646037698
2021-10-05 07:36,706416260,0,829074,2,region4_1646037697
2021-10-05 07:36,708226085,2097152,853097,5,region4_1646037700
2021-10-05 07:36,708226085,1048576,1048576,5,region4_1646037700
2021-10-05 07:36,708226085,0,1048576,5,region4_1646037700
2021-10-05 07:36,707334768,0,410823,2,region4_1646037697
2021-10-05 07:36,707175857,6017912,2370696,1,region4_1646037696
2021-10-05 07:36,706169177,8292,2730377,2,region4_1646037697
2021-10-05 07:36,707438295,0,960251,1,region4_1646037696
2021-10-05 07:36,707320723,0,684066,4,region4_1646037696
2021-10-05 07:36,706390023,6369248,2019360,2,region4_1646037697
2021-10-05 07:36,707780658,0,8388608,2,region4_1646037696
2021-10-05 07:36,707905881,0,3647230,3,region4_1646037699
2021-10-05 07:36,707325090,0,2515629,3,region4_1646037699
2021-10-05 07:36,707352552,508628,2981633,2,region4_1646037697
2021-10-05 07:36,707260222,5745320,879989,1,region4_1646037696
2021-10-05 07:36,708170509,0,7795634,4,region4_1646037702
2021-10-05 07:36,707381697,0,3253316,2,region4_1646037697
2021-10-05 07:36,707381697,6808483,1580125,2,region4_1646037697
2021-10-05 07:36,707381697,3253316,3555167,2,region4_1646037697
2021-10-05 07:36,707481726,0,6159701,2,region4_1646037698
2021-10-05 07:36,707627378,0,882360,1,region4_1646037696
2021-10-05 07:36,706153905,7418,1138918,2,region4_1646037703
2021-10-05 07:36,706153905,7418,1138918,2,region4_1646037703
2021-10-05 07:36,707381025,17596,1623689,2,region4_1646037696
2021-10-05 07:36,706178473,5294374,332411,2,region4_1646037697
2021-10-05 07:36,706178473,0,1339161,2,region4_1646037697
2021-10-05 07:36,707331341,0,1048576,5,region4_1646037700
2021-10-05 07:36,707201284,0,1172828,2,region4_1646037697
2021-10-05 07:36,707457644,0,1968058,2,region4_1646037701
2021-10-05 07:36,707457644,3303993,4172509,2,region4_1646037701
2021-10-05 07:36,706586146,3325225,2836093,2,region4_1646037701
2021-10-05 07:36,706586146,1282805,337735,2,region4_1646037701
2021-10-05 07:36,707331341,5242880,1048576,5,region4_1646037700
2021-10-05 07:36,707331341,2097152,1048576,5,region4_1646037700
2021-10-05 07:36,707331341,7340032,1048576,5,region4_1646037700
2021-10-05 07:36,707331341,6291456,1048576,5,region4_1646037700
2021-10-05 07:36,707331341,4194304,1048576,5,region4_1646037700
2021-10-05 07:36,707331341,3145728,1048576,5,region4_1646037700
2021-10-05 07:36,707331341,1048576,1048576,5,region4_1646037700
2021-10-05 07:36,707546140,115,1210237,2,region4_1646037697
2021-10-05 07:36,708240678,0,6294694,4,region4_1646037702
2021-10-05 07:36,708228444,0,6318423,3,region4_1646037699
2021-10-05 07:36,707839541,0,8388608,2,region4_1646037696
2021-10-05 07:36,706417538,0,3349712,2,region4_1646037697
2021-10-05 07:36,706174506,12570363,797,2,region4_1646037697
2021-10-05 07:36,707450521,289692,1355067,2,region4_1646037697
2021-10-05 07:36,706990874,1453705,1640067,2,region4_1646037697
2021-10-05 07:36,707297741,8012520,376088,2,region4_1646037697
2021-10-05 07:36,707297741,3538962,441324,2,region4_1646037697
2021-10-05 07:36,707297741,608134,2622,2,region4_1646037697
2021-10-05 07:36,707297741,605481,2250,2,region4_1646037697
2021-10-05 07:36,707327805,2097152,711407,5,region4_1646037700
2021-10-05 07:36,707327805,0,1048576,5,region4_1646037700
2021-10-05 07:36,707327805,1048576,1048576,5,region4_1646037700
2021-10-05 07:36,707339838,0,8388608,2,region4_1646037696
2021-10-05 07:36,706417538,3349712,8388608,2,region4_1646037697
2021-10-05 07:36,706175429,0,3398102,2,region4_1646037696
2021-10-05 07:36,707327275,375906,3799188,1,region4_1646037696
2021-10-05 07:36,706417538,11738320,831448,2,region4_1646037697
2021-10-05 07:36,707646223,0,5147994,2,region4_1646037698
2021-10-05 07:36,706174506,0,3400538,2,region4_1646037697
2021-10-05 07:36,707367341,2374372,5132506,2,region4_1646037697
2021-10-05 07:36,707412834,0,1647188,2,region4_1646037698
2021-10-05 07:36,706174506,3400538,8388608,2,region4_1646037697
2021-10-05 07:36,707367341,0,2374372,2,region4_1646037697
2021-10-05 07:36,707390867,0,8388608,3,region4_1646037699
2021-10-05 07:36,707416167,0,3015624,2,region4_1646037697
2021-10-05 07:36,707490719,0,1831331,3,region4_1646037699
2021-10-05 07:36,707325041,3173,8385435,2,region4_1646037701
2021-10-05 07:36,706489341,3122735,931578,2,region4_1646037697
2021-10-05 07:36,706489341,3113953,8699,2,region4_1646037697
2021-10-05 07:36,706174506,11789146,781217,2,region4_1646037697
2021-10-05 07:36,707433442,0,1563181,2,region4_1646037697
2021-10-05 07:36,707433442,2874186,2159449,2,region4_1646037697
2021-10-05 07:36,707496006,0,509674,3,region4_1646037699
2021-10-05 07:36,707557520,0,341476,2,region4_1646037697
2021-10-05 07:36,707433442,0,383763,2,region4_1646037697
2021-10-05 07:36,707433442,2025701,3007934,2,region4_1646037697
2021-10-05 07:36,706665237,3127906,873650,2,region4_1646037697
2021-10-05 07:36,706665237,3119216,8607,2,region4_1646037697
2021-10-05 07:36,707349006,0,8388608,3,region4_1646037699
2021-10-05 07:36,707517297,0,711907,4,region4_1646037696
2021-10-05 07:36,707331428,0,351574,2,region4_1646037697
2021-10-05 07:36,707340533,0,2066,3,region4_1646037699
2021-10-05 07:36,707388794,3137391,2243,2,region4_1646037697
2021-10-05 07:36,707373827,7322455,180054,2,region4_1646037696
2021-10-05 07:36,707373827,4273756,822163,2,region4_1646037696
2021-10-05 07:36,707373827,362381,4133,2,region4_1646037696
2021-10-05 07:36,707387965,3380,1563149,2,region4_1646037697
2021-10-05 07:36,707387965,3106939,3210227,2,region4_1646037697
2021-10-05 07:36,707387965,7516705,871903,2,region4_1646037697
2021-10-05 07:36,707468809,0,8388608,2,region4_1646037698
2021-10-05 07:36,707807392,0,8388608,2,region4_1646037696
2021-10-05 07:36,707444844,0,8388608,3,region4_1646037699
2021-10-05 07:36,707515403,187,132613,2,region4_1646037697
2021-10-05 07:36,707341922,0,5218847,2,region4_1646037696
2021-10-05 07:36,707319221,0,8388608,3,region4_1646037699
2021-10-05 07:36,707468763,0,5199484,2,region4_1646037698
2021-10-05 07:36,707321522,0,8388608,3,region4_1646037699
2021-10-05 07:36,706231593,0,7662607,2,region4_1646037701
2021-10-05 07:36,707500674,0,50464,2,region4_1646037697
2021-10-05 07:36,707500674,50464,8388608,2,region4_1646037697
2021-10-05 07:36,708228377,7149603,1239005,2,region4_1646037697
2021-10-05 07:36,707338442,0,7766529,2,region4_1646037698
2021-10-05 07:36,707529157,0,2861774,2,region4_1646037697
2021-10-05 07:36,707338442,7766529,1909320,2,region4_1646037698
2021-10-05 07:36,707363933,4194304,1048576,5,region4_1646037700
2021-10-05 07:36,707363933,3145728,1048576,5,region4_1646037700
2021-10-05 07:36,707363933,2097152,1048576,5,region4_1646037700
2021-10-05 07:36,707363933,1048576,1048576,5,region4_1646037700
2021-10-05 07:36,707363933,5242880,1048576,5,region4_1646037700
2021-10-05 07:36,707363933,0,1048576,5,region4_1646037700
2021-10-05 07:36,706245265,7238239,1150369,2,region4_1646037697
2021-10-05 07:36,706245265,7236810,559,2,region4_1646037697
2021-10-05 07:36,707317159,0,1602487,2,region4_1646037697
2021-10-05 07:36,707363933,6291456,1048576,5,region4_1646037700
2021-10-05 07:36,707363933,7340032,694601,5,region4_1646037700
2021-10-05 07:36,706528064,0,685832,4,region4_1646037696
2021-10-05 07:36,707513186,0,8388608,2,region4_1646037696
2021-10-05 07:36,707344355,0,2972738,2,region4_1646037697
2021-10-05 07:36,707500674,8439072,1210840,2,region4_1646037697
2021-10-05 07:36,706383716,4456560,3932048,2,region4_1646037697
2021-10-05 07:36,707388794,5991835,428427,2,region4_1646037697
2021-10-05 07:36,707388794,3140021,2572,2,region4_1646037697
2021-10-05 07:36,706617094,1059,2691342,2,region4_1646037703
2021-10-05 07:36,707421348,0,375853,2,region4_1646037697
2021-10-05 07:36,706990448,3657427,4731181,2,region4_1646037701
2021-10-05 07:36,706990448,0,2193825,2,region4_1646037701
2021-10-05 07:36,707475214,1093704,2813082,2,region4_1646037697
2021-10-05 07:36,707540212,0,8155731,3,region4_1646037699
2021-10-05 07:36,706454880,0,2608443,2,region4_1646037696
2021-10-05 07:36,707298511,6786305,2585,2,region4_1646037697
2021-10-05 07:36,707298511,6783646,2272,2,region4_1646037697
2021-10-05 07:36,707340604,0,4194304,2,region4_1646037698
2021-10-05 07:36,707340604,4194304,4194304,2,region4_1646037698
2021-10-05 07:36,707386001,7340032,1048576,5,region4_1646037700
2021-10-05 07:36,707386001,6291456,1048576,5,region4_1646037700
2021-10-05 07:36,707386001,5242880,1048576,5,region4_1646037700
2021-10-05 07:36,707386001,4194304,1048576,5,region4_1646037700
2021-10-05 07:36,707386001,3145728,1048576,5,region4_1646037700
2021-10-05 07:36,707386001,2097152,1048576,5,region4_1646037700
2021-10-05 07:36,707386001,1048576,1048576,5,region4_1646037700
2021-10-05 07:36,707386001,0,1048576,5,region4_1646037700
2021-10-05 07:37,706428724,1923,2927963,2,region4_1646037697
2021-10-05 07:37,706428724,4093730,4294878,2,region4_1646037697
2021-10-05 07:37,707386001,8388608,467101,5,region4_1646037700
2021-10-05 07:37,707449539,2143003,2683581,2,region4_1646037697
2021-10-05 07:37,707550992,0,8377345,3,region4_1646037699
2021-10-05 07:37,706508828,1206946,132276,2,region4_1646037696
2021-10-05 07:37,706508828,4087546,852164,2,region4_1646037696
2021-10-05 07:37,707394431,0,8148592,2,region4_1646037701
2021-10-05 07:37,707533209,0,8388608,3,region4_1646037699
2021-10-05 07:37,707380207,2115284,2294,2,region4_1646037697
2021-10-05 07:37,707434084,5756911,1048576,2,region4_1646037706
2021-10-05 07:37,707493515,2291539,16384,2,region4_1646037697
2021-10-05 07:37,706424102,0,3449263,1,region4_1646037696
2021-10-05 07:37,707570250,4714868,2095549,2,region4_1646037697
2021-10-05 07:37,707570250,6811997,1093131,2,region4_1646037697
2021-10-05 07:37,707570250,0,4714868,2,region4_1646037697
2021-10-05 07:37,707570250,6810417,1468,2,region4_1646037697
2021-10-05 07:37,706508828,0,1164508,2,region4_1646037696
2021-10-05 07:37,707493515,1980775,2812,2,region4_1646037697
2021-10-05 07:37,706508828,1206724,7181884,2,region4_1646037696
2021-10-05 07:37,707557520,0,341476,2,region4_1646037697
2021-10-05 07:37,707327275,4175094,1335733,1,region4_1646037696
2021-10-05 07:37,706370097,7728003,660605,2,region4_1646037697
2021-10-05 07:37,707568363,0,2639378,3,region4_1646037699
2021-10-05 07:37,707312356,2100461,409730,2,region4_1646037697
2021-10-05 07:37,707312356,6266697,1198168,2,region4_1646037697
2021-10-05 07:37,706360127,0,2413860,2,region4_1646037696
2021-10-05 07:37,707400823,0,3397227,2,region4_1646037696
2021-10-05 07:37,707418991,0,8388467,3,region4_1646037697
2021-10-05 07:37,706420935,6293318,2095290,2,region4_1646037697
2021-10-05 07:37,707564440,0,8388608,3,region4_1646037699
2021-10-05 07:37,707584761,0,4588439,2,region4_1646037696
2021-10-05 07:37,706507937,4463812,3924796,2,region4_1646037696
2021-10-05 07:37,706507937,0,4421337,2,region4_1646037696
2021-10-05 07:37,707529796,5175519,16384,2,region4_1646037697
2021-10-05 07:37,707529796,5177558,1466,2,region4_1646037697
2021-10-05 07:37,707529796,5175519,16384,2,region4_1646037697
2021-10-05 07:37,707328608,7692095,2275,2,region4_1646037697
2021-10-05 07:37,706369475,1294299,7094309,2,region4_1646037697
2021-10-05 07:37,707487965,0,8388608,4,region4_1646037696
2021-10-05 07:37,707434084,0,6754190,2,region4_1646037706
2021-10-05 07:37,707015679,46155,7508686,2,region4_1646037701
2021-10-05 07:37,706990874,1453705,1640067,2,region4_1646037697
2021-10-05 07:37,707380207,4772688,401825,2,region4_1646037697
2021-10-05 07:37,707380207,2117949,2484,2,region4_1646037697
2021-10-05 07:37,707409146,4601639,1897440,2,region4_1646037701
2021-10-05 07:37,707409146,4601639,1897440,2,region4_1646037701
2021-10-05 07:37,707409146,5450503,1048576,2,region4_1646037701
2021-10-05 07:37,707409146,5450503,1048576,2,region4_1646037701
2021-10-05 07:37,707493515,2291539,16384,2,region4_1646037697
2021-10-05 07:37,707314446,0,2577033,2,region4_1646037696
2021-10-05 07:37,706369475,1294299,7094309,2,region4_1646037697
2021-10-05 07:37,707410454,5217683,16384,2,region4_1646037697
2021-10-05 07:37,707410454,5219750,1470,2,region4_1646037697
2021-10-05 07:37,707410454,5217683,16384,2,region4_1646037697
2021-10-05 07:37,707417561,0,8388608,3,region4_1646037696
2021-10-05 07:37,707521341,0,5187069,2,region4_1646037697
2021-10-05 07:37,707535383,0,14797594,2,region4_1646037698
2021-10-05 07:37,707583422,0,7502295,4,region4_1646037702
2021-10-05 07:37,707507909,0,5808032,3,region4_1646037699
2021-10-05 07:37,707591373,0,8388608,2,region4_1646037696
2021-10-05 07:37,707440379,0,8388608,2,region4_1646037698
2021-10-05 07:37,707467868,115,1245891,2,region4_1646037697
2021-10-05 07:37,707346232,0,8388608,3,region4_1646037699
2021-10-05 07:37,707434443,4194304,1048576,5,region4_1646037700
2021-10-05 07:37,707434443,3145728,1048576,5,region4_1646037700
2021-10-05 07:37,707434443,2097152,1048576,5,region4_1646037700
2021-10-05 07:37,707434443,0,1048576,5,region4_1646037700
2021-10-05 07:37,707434443,6291456,1048576,5,region4_1646037700
2021-10-05 07:37,707434443,5242880,1048576,5,region4_1646037700
2021-10-05 07:37,707434443,1048576,1048576,5,region4_1646037700
2021-10-05 07:37,707587944,0,8388608,2,region4_1646037696
2021-10-05 07:37,707328608,7694725,2332,2,region4_1646037697
2021-10-05 07:37,707332134,0,2087572,3,region4_1646037699
2021-10-05 07:37,707396592,0,8388608,3,region4_1646037699
2021-10-05 07:37,706595945,845221,1162318,2,region4_1646037696
2021-10-05 07:37,706595945,0,801722,2,region4_1646037696
2021-10-05 07:37,707434443,7340032,1048576,5,region4_1646037700
2021-10-05 07:37,706299445,0,98029,2,region4_1646037696
2021-10-05 07:37,707448604,0,8388608,2,region4_1646037701
2021-10-05 07:37,707526327,0,2633125,2,region4_1646037697
2021-10-05 07:37,706399725,0,4336499,2,region4_1646037696
2021-10-05 07:37,707255958,0,458400,1,region4_1646037696
2021-10-05 07:37,707500532,0,3183952,3,region4_1646037699
2021-10-05 07:37,707526327,11021733,3613171,2,region4_1646037697
2021-10-05 07:37,707526327,2633125,8388608,2,region4_1646037697
2021-10-05 07:37,707561866,5597554,1454,2,region4_1646037697
2021-10-05 07:37,707561866,5595496,16384,2,region4_1646037697
2021-10-05 07:37,707561866,5595496,16384,2,region4_1646037697
2021-10-05 07:37,706399725,4380992,4007616,2,region4_1646037696
2021-10-05 07:37,707421348,0,375853,2,region4_1646037697
2021-10-05 07:37,707520708,6893904,990782,2,region4_1646037697
2021-10-05 07:37,707520708,3425411,338017,2,region4_1646037697
2021-10-05 07:37,707520708,1181866,2101,2,region4_1646037697
2021-10-05 07:37,707520708,1179285,2274,2,region4_1646037697
2021-10-05 07:37,706390023,6369248,2019360,2,region4_1646037697
2021-10-05 07:37,707424229,0,1445108,3,region4_1646037699
2021-10-05 07:37,706731976,0,811079,2,region4_1646037697
2021-10-05 07:37,707356877,1316760,2286,2,region4_1646037697
2021-10-05 07:37,707356877,7166031,1017816,2,region4_1646037697
2021-10-05 07:37,707356877,3617481,347460,2,region4_1646037697
2021-10-05 07:37,707356877,1319369,2183,2,region4_1646037697
2021-10-05 07:37,706507937,7332076,867020,2,region4_1646037696
2021-10-05 07:37,706507937,4464164,124222,2,region4_1646037696
2021-10-05 07:37,707395080,0,2306167,2,region4_1646037697
2021-10-05 07:37,706951946,0,14806370,2,region4_1646037701
2021-10-05 07:37,706951946,14806370,332,2,region4_1646037701
2021-10-05 07:37,707486091,0,8025119,2,region4_1646037698
2021-10-05 07:37,707395080,2306167,2971523,2,region4_1646037697
2021-10-05 07:37,707508693,0,8388608,3,region4_1646037699
2021-10-05 07:37,707437397,6829677,2224,2,region4_1646037697
2021-10-05 07:37,707437397,6827073,2281,2,region4_1646037697
2021-10-05 07:37,707546140,187,133530,2,region4_1646037697
2021-10-05 07:37,706410035,5823307,2565301,2,region4_1646037696
2021-10-05 07:37,707573201,0,8388608,2,region4_1646037698
2021-10-05 07:37,707594240,0,405641,5,region4_1646037700
2021-10-05 07:37,707360313,0,6700458,2,region4_1646037698
2021-10-05 07:37,707368739,0,8388608,3,region4_1646037699
2021-10-05 07:37,707392867,0,1048576,5,region4_1646037700
2021-10-05 07:37,707392867,2097152,473839,5,region4_1646037700
2021-10-05 07:37,707392867,1048576,1048576,5,region4_1646037700
2021-10-05 07:37,707404771,1048576,1048576,5,region4_1646037700
2021-10-05 07:37,707404771,0,1048576,5,region4_1646037700
2021-10-05 07:37,707404771,5242880,1048576,5,region4_1646037700
2021-10-05 07:37,707404771,3145728,1048576,5,region4_1646037700
2021-10-05 07:37,707404771,4194304,1048576,5,region4_1646037700
2021-10-05 07:37,707404771,2097152,1048576,5,region4_1646037700
2021-10-05 07:37,707430798,0,375484,2,region4_1646037696
2021-10-05 07:37,707594247,3050107,362778,2,region4_1646037697
2021-10-05 07:37,706264265,664,7566682,2,region4_1646037701
2021-10-05 07:37,707360313,6700458,1330128,2,region4_1646037698
2021-10-05 07:37,707365440,0,357392,4,region4_1646037696
2021-10-05 07:37,707404771,14680064,150246,5,region4_1646037700
2021-10-05 07:37,707404771,12582912,1048576,5,region4_1646037700
2021-10-05 07:37,707404771,10485760,1048576,5,region4_1646037700
2021-10-05 07:37,707404771,8388608,1048576,5,region4_1646037700
2021-10-05 07:37,707404771,13631488,1048576,5,region4_1646037700
2021-10-05 07:37,707404771,11534336,1048576,5,region4_1646037700
2021-10-05 07:37,707404771,9437184,1048576,5,region4_1646037700
2021-10-05 07:37,707404771,7340032,1048576,5,region4_1646037700
2021-10-05 07:37,707404771,6291456,1048576,5,region4_1646037700
2021-10-05 07:37,706424102,3449263,3449263,1,region4_1646037696
2021-10-05 07:37,707358928,0,7055576,4,region4_1646037702
2021-10-05 07:37,706737272,1106258,514765,2,region4_1646037696
2021-10-05 07:37,706679053,0,7730015,2,region4_1646037701
2021-10-05 07:37,707578639,0,1012863,3,region4_1646037699
2021-10-05 07:37,707538590,0,7515068,2,region4_1646037698
2021-10-05 07:37,707570250,6810417,1468,2,region4_1646037697
2021-10-05 07:37,707570250,6812069,129012,2,region4_1646037697
2021-10-05 07:37,707409146,0,4461338,2,region4_1646037701
2021-10-05 07:37,707574565,0,8388608,3,region4_1646037699
2021-10-05 07:37,707617960,4124967,966097,2,region4_1646037697
2021-10-05 07:37,707617960,755978,329498,2,region4_1646037697
2021-10-05 07:37,707426226,0,6768378,3,region4_1646037699
2021-10-05 07:37,707575859,0,434592,2,region4_1646037697
2021-10-05 07:37,706350779,0,427233,2,region4_1646037697
2021-10-05 07:37,707027179,8065376,16384,2,region4_1646037697
2021-10-05 07:37,707027179,8065376,16384,2,region4_1646037697
2021-10-05 07:37,707577297,225992,1413590,2,region4_1646037697
2021-10-05 07:37,707622577,0,8388608,2,region4_1646037701
2021-10-05 07:37,707027179,8065376,16384,2,region4_1646037697
2021-10-05 07:37,707563813,0,8388608,2,region4_1646037696
2021-10-05 07:37,707572553,294,1708399,2,region4_1646037697
2021-10-05 07:37,707605496,0,7556084,2,region4_1646037698
2021-10-05 07:37,706427735,0,1959181,1,region4_1646037696
2021-10-05 07:37,707572553,2853303,421974,2,region4_1646037697
2021-10-05 07:37,706990874,1453705,1640067,2,region4_1646037697
2021-10-05 07:37,706990874,4846922,2262681,2,region4_1646037697
2021-10-05 07:37,707533284,0,7216356,2,region4_1646037696
2021-10-05 07:37,707519448,0,1174762,3,region4_1646037699
2021-10-05 07:37,707610167,368758,928305,2,region4_1646037697
2021-10-05 07:37,707631638,6962673,305027,2,region4_1646037697
2021-10-05 07:37,707631638,4903411,2037,2,region4_1646037697
2021-10-05 07:37,707631638,4900840,2281,2,region4_1646037697
2021-10-05 07:37,707395972,0,8388343,3,region4_1646037697
2021-10-05 07:37,707408356,0,553887,2,region4_1646037697
2021-10-05 07:37,707586684,0,8388608,3,region4_1646037699
2021-10-05 07:37,707010576,0,1261810,2,region4_1646037701
2021-10-05 07:37,707010576,3288669,4108434,2,region4_1646037701
2021-10-05 07:37,707561042,0,8388608,3,region4_1646037699
2021-10-05 07:37,707596380,5256605,16384,2,region4_1646037697
2021-10-05 07:37,707596380,5258686,1461,2,region4_1646037697
2021-10-05 07:37,707432555,0,14840556,2,region4_1646037698
2021-10-05 07:37,706592258,0,8196440,2,region4_1646037701
2021-10-05 07:37,707255958,458400,3799188,1,region4_1646037696
2021-10-05 07:37,707467868,187,147500,2,region4_1646037697
2021-10-05 07:37,707491550,0,704185,3,region4_1646037699
2021-10-05 07:37,706350841,2693954,197590,2,region4_1646037697
2021-10-05 07:37,707393564,0,691702,2,region4_1646037697
2021-10-05 07:37,707418109,0,8388608,3,region4_1646037699
2021-10-05 07:37,706416260,0,829074,2,region4_1646037697
2021-10-05 07:37,707022099,0,1494403,2,region4_1646037701
2021-10-05 07:37,707022099,3798275,4590333,2,region4_1646037701
2021-10-05 07:37,707393564,691702,4743469,2,region4_1646037697
2021-10-05 07:37,706610983,2371498,206836,2,region4_1646037697
2021-10-05 07:37,707472554,0,1136728,3,region4_1646037699
2021-10-05 07:37,707473551,0,960294,3,region4_1646037699
2021-10-05 07:37,706904539,0,6029647,2,region4_1646037696
2021-10-05 07:37,706178513,3072409,1263144,2,region4_1646037697
2021-10-05 07:37,706424102,6898526,1490082,1,region4_1646037696
2021-10-05 07:37,707573767,0,8388608,3,region4_1646037699
2021-10-05 07:37,707596466,0,2097152,1,region4_1646037696
2021-10-05 07:37,706174506,12570363,797,2,region4_1646037697
2021-10-05 07:37,707397260,4123651,4264957,2,region4_1646037697
2021-10-05 07:37,707397260,3816,1588165,2,region4_1646037697
2021-10-05 07:37,707497079,8388608,1048576,5,region4_1646037700
2021-10-05 07:37,707497079,6291456,1048576,5,region4_1646037700
2021-10-05 07:37,707497079,5242880,1048576,5,region4_1646037700
2021-10-05 07:37,707497079,3145728,1048576,5,region4_1646037700
2021-10-05 07:37,707497079,0,1048576,5,region4_1646037700
2021-10-05 07:37,707497079,9437184,1048576,5,region4_1646037700
2021-10-05 07:37,707497079,7340032,1048576,5,region4_1646037700
2021-10-05 07:37,707497079,4194304,1048576,5,region4_1646037700
2021-10-05 07:37,707497079,2097152,1048576,5,region4_1646037700
2021-10-05 07:37,707497079,1048576,1048576,5,region4_1646037700
2021-10-05 07:37,707503362,0,8388608,3,region4_1646037699
2021-10-05 07:37,706299445,0,98029,2,region4_1646037697
2021-10-05 07:37,707596466,2097152,2097152,1,region4_1646037696
2021-10-05 07:37,707497079,12582912,1048576,5,region4_1646037700
2021-10-05 07:37,707497079,10485760,1048576,5,region4_1646037700
2021-10-05 07:37,707497079,13631488,941927,5,region4_1646037700
2021-10-05 07:37,707497079,11534336,1048576,5,region4_1646037700
2021-10-05 07:37,706332627,3587022,2750730,2,region4_1646037696
2021-10-05 07:37,707592714,3713933,145175,2,region4_1646037696
2021-10-05 07:37,707592714,3859108,1048576,2,region4_1646037696
2021-10-05 07:37,707596466,4194304,2097152,1,region4_1646037696
2021-10-05 07:37,707654716,0,890667,3,region4_1646037699
2021-10-05 07:37,707437517,0,3395783,2,region4_1646037696
2021-10-05 07:37,707497754,0,3393015,2,region4_1646037696
2021-10-05 07:37,707330513,5424950,1637872,2,region4_1646037696
2021-10-05 07:37,707582631,0,1091514,3,region4_1646037699
2021-10-05 07:37,706174506,0,3400538,2,region4_1646037697
2021-10-05 07:37,706171691,1158545,1647892,2,region4_1646037697
2021-10-05 07:37,707552268,0,8388608,3,region4_1646037699
2021-10-05 07:37,707596380,0,5258686,2,region4_1646037697
2021-10-05 07:37,707596380,5256605,16384,2,region4_1646037697
2021-10-05 07:37,707596380,5258686,1461,2,region4_1646037697
2021-10-05 07:37,707596380,5256605,16384,2,region4_1646037697
2021-10-05 07:37,707596466,6291456,2097152,1,region4_1646037696
2021-10-05 07:37,706174506,3400538,8388608,2,region4_1646037697
2021-10-05 07:37,707550447,4569889,3818719,2,region4_1646037697
2021-10-05 07:37,707661527,2631653,873795,2,region4_1646037697
2021-10-05 07:37,706566024,2447650,194147,2,region4_1646037697
2021-10-05 07:37,707416960,0,1090048,3,region4_1646037699
2021-10-05 07:37,707255040,4509140,323163,2,region4_1646037696
2021-10-05 07:37,707472522,0,62735,2,region4_1646037698
2021-10-05 07:37,707533284,7304756,1083852,2,region4_1646037696
2021-10-05 07:37,707544788,0,1076966,3,region4_1646037699
2021-10-05 07:37,707550447,0,4569889,2,region4_1646037697
2021-10-05 07:37,707573199,6388726,1999882,2,region4_1646037696
2021-10-05 07:37,707632397,5445104,16384,2,region4_1646037697
2021-10-05 07:37,707632397,5447119,1476,2,region4_1646037697
2021-10-05 07:37,707632397,5445104,16384,2,region4_1646037697
2021-10-05 07:37,706174506,11789146,781217,2,region4_1646037697
2021-10-05 07:37,707431650,0,6425563,2,region4_1646037697
2021-10-05 07:37,707620555,0,8388608,2,region4_1646037698
2021-10-05 07:37,707431650,6425563,1963045,2,region4_1646037697
2021-10-05 07:37,707524046,0,866021,5,region4_1646037700
2021-10-05 07:37,707657008,0,1562571,1,region4_1646037696
2021-10-05 07:37,707488875,0,8388608,2,region4_1646037696
2021-10-05 07:37,707561753,0,8388608,2,region4_1646037696
2021-10-05 07:37,707670233,0,830504,3,region4_1646037699
2021-10-05 07:37,707500585,4003223,1048576,2,region4_1646037696
2021-10-05 07:37,707500585,3809707,193516,2,region4_1646037696
2021-10-05 07:37,706169177,7736922,651686,2,region4_1646037697
2021-10-05 07:37,706169177,8292,2730377,2,region4_1646037697
2021-10-05 07:38,706427735,1959181,3449263,1,region4_1646037696
2021-10-05 07:38,707590520,0,3257949,4,region4_1646037698
2021-10-05 07:38,707671169,0,8388608,3,region4_1646037699
2021-10-05 07:38,707492501,6291456,1048576,5,region4_1646037700
2021-10-05 07:38,707492501,4194304,1048576,5,region4_1646037700
2021-10-05 07:38,707492501,2097152,1048576,5,region4_1646037700
2021-10-05 07:38,707492501,7340032,1048576,5,region4_1646037700
2021-10-05 07:38,707492501,5242880,1048576,5,region4_1646037700
2021-10-05 07:38,707492501,3145728,1048576,5,region4_1646037700
2021-10-05 07:38,707492501,1048576,1048576,5,region4_1646037700
2021-10-05 07:38,707492501,0,1048576,5,region4_1646037700
2021-10-05 07:38,706226762,1445866,234542,2,region4_1646037697
2021-10-05 07:38,707475392,1602766,13233344,2,region4_1646037701
2021-10-05 07:38,706169177,8292,2730377,2,region4_1646037697
2021-10-05 07:38,707617394,0,8388608,3,region4_1646037699
2021-10-05 07:38,706169177,7736922,651686,2,region4_1646037697
2021-10-05 07:38,706169177,8292,2730377,2,region4_1646037697
2021-10-05 07:38,707448502,0,5139235,2,region4_1646037697
2021-10-05 07:38,707494313,0,1989354,3,region4_1646037697
2021-10-05 07:38,706169177,7736922,651686,2,region4_1646037697
2021-10-05 07:38,707448502,5139235,1351268,2,region4_1646037697
2021-10-05 07:38,707466945,5018902,371357,2,region4_1646037697
2021-10-05 07:38,706169177,7736922,651686,2,region4_1646037697
2021-10-05 07:38,707689489,0,1626649,2,region4_1646037697
2021-10-05 07:38,707478783,0,8387564,3,region4_1646037697
2021-10-05 07:38,707525629,2097152,1048576,5,region4_1646037700
2021-10-05 07:38,707525629,1048576,1048576,5,region4_1646037700
2021-10-05 07:38,707525629,0,1048576,5,region4_1646037700
2021-10-05 07:38,707525629,3145728,341485,5,region4_1646037700
2021-10-05 07:38,707540832,0,1500315,3,region4_1646037699
2021-10-05 07:38,707593648,0,32169,2,region4_1646037697
2021-10-05 07:38,706417538,0,3349712,2,region4_1646037697
2021-10-05 07:38,707656007,0,8383097,2,region4_1646037697
2021-10-05 07:38,707689489,1626649,6761959,2,region4_1646037697
2021-10-05 07:38,707255958,4257588,1211994,1,region4_1646037696
2021-10-05 07:38,707472698,3992830,2209,2,region4_1646037697
2021-10-05 07:38,707501541,2097152,1048576,5,region4_1646037700
2021-10-05 07:38,707501541,1048576,1048576,5,region4_1646037700
2021-10-05 07:38,707501541,0,1048576,5,region4_1646037700
2021-10-05 07:38,706417538,3349712,8388608,2,region4_1646037697
2021-10-05 07:38,707656007,8383097,5511,2,region4_1646037697
2021-10-05 07:38,707472698,0,572263,2,region4_1646037697
2021-10-05 07:38,707501541,7340032,1048576,5,region4_1646037700
2021-10-05 07:38,707501541,5242880,1048576,5,region4_1646037700
2021-10-05 07:38,707501541,3145728,1048576,5,region4_1646037700
2021-10-05 07:38,707501541,6291456,1048576,5,region4_1646037700
2021-10-05 07:38,707501541,4194304,1048576,5,region4_1646037700
2021-10-05 07:38,706417538,11738320,831448,2,region4_1646037697
2021-10-05 07:38,707472698,5721474,258255,2,region4_1646037697
2021-10-05 07:38,707472698,3995282,1766,2,region4_1646037697
2021-10-05 07:38,707659392,4329417,934379,2,region4_1646037697
2021-10-05 07:38,707659392,0,4329417,2,region4_1646037697
2021-10-05 07:38,707478892,0,8388608,4,region4_1646037698
2021-10-05 07:38,706181914,4424401,397104,2,region4_1646037697
2021-10-05 07:38,706181914,4420502,2340,2,region4_1646037697
2021-10-05 07:38,707692090,0,3464176,3,region4_1646037699
2021-10-05 07:38,706410035,5823307,2565301,2,region4_1646037697
2021-10-05 07:38,706355940,0,7710886,2,region4_1646037701
2021-10-05 07:38,707661082,7070154,2198,2,region4_1646037697
2021-10-05 07:38,707412834,0,1647188,2,region4_1646037697
2021-10-05 07:38,707522087,0,2088925,3,region4_1646037699
2021-10-05 07:38,707538000,5308492,16384,2,region4_1646037697
2021-10-05 07:38,707567061,0,3393270,2,region4_1646037696
2021-10-05 07:38,707632397,5445104,16384,2,region4_1646037697
2021-10-05 07:38,707632397,5445104,16384,2,region4_1646037697
2021-10-05 07:38,707632397,5447119,1476,2,region4_1646037697
2021-10-05 07:38,707510567,0,8384884,3,region4_1646037697
2021-10-05 07:38,707538000,4817174,6630,2,region4_1646037697
2021-10-05 07:38,706427735,5408444,2980164,1,region4_1646037696
2021-10-05 07:38,706428724,1923,2927963,2,region4_1646037697
2021-10-05 07:38,706428724,4093730,4294878,2,region4_1646037697
2021-10-05 07:38,707586642,426357,1241780,2,region4_1646037697
2021-10-05 07:38,707622640,0,8388608,2,region4_1646037698
2021-10-05 07:38,707632397,5382837,64282,2,region4_1646037697
2021-10-05 07:38,707632397,0,5382837,2,region4_1646037697
2021-10-05 07:38,706169177,8292,2730377,2,region4_1646037697
2021-10-05 07:38,707514509,0,490753,2,region4_1646037697
2021-10-05 07:38,706405790,0,5800900,2,region4_1646037697
2021-10-05 07:38,707602935,0,12942326,2,region4_1646037698
2021-10-05 07:38,707701452,4003143,2228,2,region4_1646037697
2021-10-05 07:38,707514509,490753,6629474,2,region4_1646037697
2021-10-05 07:38,707651155,0,8503638,2,region4_1646037698
2021-10-05 07:38,706416260,0,829074,2,region4_1646037697
2021-10-05 07:38,707651155,8503638,2890720,2,region4_1646037698
2021-10-05 07:38,707412834,0,1647188,2,region4_1646037697
2021-10-05 07:38,707655528,0,2245315,4,region4_1646037702
2021-10-05 07:38,707276385,0,2698268,2,region4_1646037697
2021-10-05 07:38,707684429,3008112,754735,2,region4_1646037697
2021-10-05 07:38,707684429,349767,257561,2,region4_1646037697
2021-10-05 07:38,707655401,0,8388608,3,region4_1646037699
2021-10-05 07:38,707276385,2698268,8388608,2,region4_1646037697
2021-10-05 07:38,707276385,11086876,3531189,2,region4_1646037697
2021-10-05 07:38,707551643,0,8388225,3,region4_1646037697
2021-10-05 07:38,707703153,2722220,16384,2,region4_1646037697
2021-10-05 07:38,707339838,0,8388608,2,region4_1646037696
2021-10-05 07:38,707567798,5890786,1461,2,region4_1646037697
2021-10-05 07:38,707567798,5892431,121486,2,region4_1646037697
2021-10-05 07:38,707631206,0,8388608,2,region4_1646037696
2021-10-05 07:38,707644210,2794,2183,2,region4_1646037697
2021-10-05 07:38,706410035,5823307,2565301,2,region4_1646037697
2021-10-05 07:38,707627801,0,8388608,3,region4_1646037699
2021-10-05 07:38,707367341,2374372,5132506,2,region4_1646037697
2021-10-05 07:38,707661082,7072611,1840,2,region4_1646037697
2021-10-05 07:38,706366718,0,3320821,2,region4_1646037697
2021-10-05 07:38,706383716,4456560,3932048,2,region4_1646037697
2021-10-05 07:38,706383716,5622276,2766332,2,region4_1646037697
2021-10-05 07:38,707367341,0,2374372,2,region4_1646037697
2021-10-05 07:38,707649807,0,1401299,3,region4_1646037699
2021-10-05 07:38,706369475,1294299,7094309,2,region4_1646037697
2021-10-05 07:38,706183902,1161118,1936613,2,region4_1646037696
2021-10-05 07:38,706183902,5906184,890670,2,region4_1646037696
2021-10-05 07:38,706178473,5294374,332411,2,region4_1646037697
2021-10-05 07:38,707572522,3775383,209329,2,region4_1646037696
2021-10-05 07:38,707572522,3984712,1048576,2,region4_1646037696
2021-10-05 07:38,706804552,0,236778,2,region4_1646037697
2021-10-05 07:38,707683058,0,1871036,2,region4_1646037698
2021-10-05 07:38,707368468,788746,1048576,2,region4_1646037696
2021-10-05 07:38,706599098,7650994,737614,2,region4_1646037696
2021-10-05 07:38,707564375,0,8388608,2,region4_1646037698
2021-10-05 07:38,706804552,236778,6524798,2,region4_1646037697
2021-10-05 07:38,707645627,0,8388608,4,region4_1646037698
2021-10-05 07:38,707572522,639480,1482174,2,region4_1646037696
2021-10-05 07:38,707579266,1195490,1369621,2,region4_1646037697
2021-10-05 07:38,707517362,3762,233803,2,region4_1646037697
2021-10-05 07:38,707517362,0,520964,2,region4_1646037697
2021-10-05 07:38,707527670,1048576,201446,5,region4_1646037700
2021-10-05 07:38,707527670,0,1048576,5,region4_1646037700
2021-10-05 07:38,707424819,0,10305507,2,region4_1646037698
2021-10-05 07:38,706438291,2763925,196708,2,region4_1646037697
2021-10-05 07:38,707412834,0,1647188,2,region4_1646037697
2021-10-05 07:38,707701452,5728013,262245,2,region4_1646037697
2021-10-05 07:38,707701452,4005614,1751,2,region4_1646037697
2021-10-05 07:38,707643405,5556387,1048576,2,region4_1646037701
2021-10-05 07:38,707643405,4699406,1905557,2,region4_1646037701
2021-10-05 07:38,707643405,4699406,1905557,2,region4_1646037701
2021-10-05 07:38,707643405,5556387,1048576,2,region4_1646037701
2021-10-05 07:38,706990874,1453705,1640067,2,region4_1646037697
2021-10-05 07:38,707712425,0,6404889,2,region4_1646037697
2021-10-05 07:38,706250388,2482763,1250570,2,region4_1646037697
2021-10-05 07:38,706250388,27434,33496,2,region4_1646037697
2021-10-05 07:38,707292431,7562715,160151,2,region4_1646037696
2021-10-05 07:38,707600846,0,520373,2,region4_1646037698
2021-10-05 07:38,706169177,6458507,1300,2,region4_1646037697
2021-10-05 07:38,706169177,6458507,1300,2,region4_1646037697
2021-10-05 07:38,707701452,4005614,1751,2,region4_1646037697
2021-10-05 07:38,707712425,6404889,1983719,2,region4_1646037697
2021-10-05 07:38,707525506,5301411,16384,2,region4_1646037697
2021-10-05 07:38,706169177,6458507,1300,2,region4_1646037697
2021-10-05 07:38,706169177,6484974,1903634,2,region4_1646037697
2021-10-05 07:38,706169177,6484974,1903634,2,region4_1646037697
2021-10-05 07:38,707701452,5728013,262245,2,region4_1646037697
2021-10-05 07:38,707513186,0,8388608,2,region4_1646037696
2021-10-05 07:38,707520701,0,90832,2,region4_1646037697
2021-10-05 07:38,707525506,4809576,6664,2,region4_1646037697
2021-10-05 07:38,707639902,3454331,4934277,2,region4_1646037696
2021-10-05 07:38,707658783,0,520017,4,region4_1646037696
2021-10-05 07:38,706492303,1714091,16384,2,region4_1646037697
2021-10-05 07:38,707520701,0,2244555,2,region4_1646037697
2021-10-05 07:38,706181705,4561323,1420302,2,region4_1646037697
2021-10-05 07:38,706181705,3804,750198,2,region4_1646037697
2021-10-05 07:38,707671256,0,821326,2,region4_1646037698
2021-10-05 07:38,706492303,1677356,2403,2,region4_1646037697
2021-10-05 07:38,706492303,0,1677356,2,region4_1646037697
2021-10-05 07:38,707520701,90832,3297477,2,region4_1646037697
2021-10-05 07:38,707651454,1048576,21569,5,region4_1646037700
2021-10-05 07:38,707651454,0,1048576,5,region4_1646037700
2021-10-05 07:38,707536073,0,8388608,2,region4_1646037698
2021-10-05 07:38,707540037,1232018,706305,2,region4_1646037697
2021-10-05 07:38,707540037,5110368,201272,2,region4_1646037697
2021-10-05 07:38,707644210,5220,1742,2,region4_1646037697
2021-10-05 07:38,707644210,4359792,749010,2,region4_1646037697
2021-10-05 07:38,707644210,1720836,255610,2,region4_1646037697
2021-10-05 07:38,707726657,1295502,6617,2,region4_1646037697
2021-10-05 07:38,707726657,1304140,758018,2,region4_1646037697
2021-10-05 07:38,707709749,0,2801624,4,region4_1646037696
2021-10-05 07:38,707726657,3188814,57579,2,region4_1646037697
2021-10-05 07:38,707726700,2334351,1710348,2,region4_1646037697
2021-10-05 07:38,707177418,4065857,110,2,region4_1646037697
2021-10-05 07:38,707177418,4049936,16384,2,region4_1646037697
2021-10-05 07:38,706595945,845772,130805,2,region4_1646037696
2021-10-05 07:38,707598901,371846,785069,2,region4_1646037697
2021-10-05 07:38,707731244,6436333,1952275,2,region4_1646037697
2021-10-05 07:38,707731244,925041,5511292,2,region4_1646037697
2021-10-05 07:38,706406685,1751056,14470,2,region4_1646037697
2021-10-05 07:38,706406685,1750706,315,2,region4_1646037697
2021-10-05 07:38,707705729,4784428,6677,2,region4_1646037697
2021-10-05 07:38,707705729,5276910,16384,2,region4_1646037697
2021-10-05 07:38,707710148,0,5235783,3,region4_1646037699
2021-10-05 07:38,707359876,3809035,1777048,2,region4_1646037697
2021-10-05 07:38,707359876,1540,174067,2,region4_1646037697
2021-10-05 07:38,707371062,4378908,268912,2,region4_1646037697
2021-10-05 07:38,707371062,4374603,2844,2,region4_1646037697
2021-10-05 07:38,706366493,2343089,1048576,2,region4_1646037696
2021-10-05 07:38,706366493,0,3325844,2,region4_1646037696
2021-10-05 07:38,707660311,0,5176133,3,region4_1646037699
2021-10-05 07:38,706990874,1453705,1640067,2,region4_1646037697
2021-10-05 07:38,707578771,4194304,1048576,5,region4_1646037700
2021-10-05 07:38,707578771,7340032,376834,5,region4_1646037700
2021-10-05 07:38,707578771,6291456,1048576,5,region4_1646037700
2021-10-05 07:38,707578771,5242880,1048576,5,region4_1646037700
2021-10-05 07:38,707578771,3145728,1048576,5,region4_1646037700
2021-10-05 07:38,707578771,2097152,1048576,5,region4_1646037700
2021-10-05 07:38,707578771,1048576,1048576,5,region4_1646037700
2021-10-05 07:38,707578771,0,1048576,5,region4_1646037700
2021-10-05 07:38,707604381,0,8388608,2,region4_1646037698
2021-10-05 07:38,706674107,6716480,1048576,2,region4_1646037701
2021-10-05 07:38,706674107,6678612,1086444,2,region4_1646037701
2021-10-05 07:38,707712411,5305096,16384,2,region4_1646037697
2021-10-05 07:38,707559686,0,8387334,3,region4_1646037697
2021-10-05 07:38,706965860,5788681,1963,2,region4_1646037697
2021-10-05 07:38,706965860,5788354,308,2,region4_1646037697
2021-10-05 07:38,707310721,2808083,3338232,2,region4_1646037697
2021-10-05 07:38,707310721,0,2808083,2,region4_1646037697
2021-10-05 07:38,707589202,6744473,710387,2,region4_1646037697
2021-10-05 07:38,707589202,4259084,243082,2,region4_1646037697
2021-10-05 07:38,707589202,2656675,1651,2,region4_1646037697
2021-10-05 07:38,707589202,2654232,2216,2,region4_1646037697
2021-10-05 07:38,706781286,6040471,2545,2,region4_1646037697
2021-10-05 07:38,706781286,6040144,308,2,region4_1646037697
2021-10-05 07:38,706674107,0,1983184,2,region4_1646037701
2021-10-05 07:38,707653764,0,8388608,3,region4_1646037699
2021-10-05 07:38,707742468,0,350365,4,region4_1646037696
2021-10-05 07:38,707500824,3170859,2109902,2,region4_1646037696
2021-10-05 07:38,706370097,7728003,660605,2,region4_1646037697
2021-10-05 07:38,707308024,0,45047,2,region4_1646037697
2021-10-05 07:38,706994169,6675258,310,2,region4_1646037697
2021-10-05 07:38,706994169,6675587,1658,2,region4_1646037697
2021-10-05 07:38,707640725,0,387183,4,region4_1646037696
2021-10-05 07:38,707659816,3315286,709948,2,region4_1646037697
2021-10-05 07:38,707659816,831444,242302,2,region4_1646037697
2021-10-05 07:38,707680074,0,3369251,2,region4_1646037698
2021-10-05 07:38,707567760,1752639,274669,2,region4_1646037697
2021-10-05 07:38,707391566,4026015,1042752,2,region4_1646037697
2021-10-05 07:38,707391566,7418537,970071,2,region4_1646037697
2021-10-05 07:38,707391566,3118,1223474,2,region4_1646037697
2021-10-05 07:38,706795586,5516235,16384,2,region4_1646037697
2021-10-05 07:38,707562476,0,3786715,3,region4_1646037699
2021-10-05 07:38,706399725,4381511,117363,2,region4_1646037696
2021-10-05 07:38,706399725,7283537,836202,2,region4_1646037696
2021-10-05 07:38,707591373,0,8388608,2,region4_1646037696
2021-10-05 07:38,707643405,0,4559116,2,region4_1646037701
2021-10-05 07:38,707680074,3369251,7804951,2,region4_1646037698
2021-10-05 07:38,707759770,0,2155975,2,region4_1646037696
2021-10-05 07:39,706795586,5470723,3076,2,region4_1646037697
2021-10-05 07:39,706266683,4930430,1900,2,region4_1646037697
2021-10-05 07:39,707698250,0,13152310,4,region4_1646037697
2021-10-05 07:39,706266683,4932800,188830,2,region4_1646037697
2021-10-05 07:39,706266683,0,4930430,2,region4_1646037697
2021-10-05 07:39,707550447,4569889,3818719,2,region4_1646037697
2021-10-05 07:39,707573763,5288598,16384,2,region4_1646037697
2021-10-05 07:39,707573763,4796977,6594,2,region4_1646037697
2021-10-05 07:39,707709573,0,204394,2,region4_1646037696
2021-10-05 07:39,707550447,0,4569889,2,region4_1646037697
2021-10-05 07:39,707799252,4656116,303542,2,region4_1646037696
2021-10-05 07:39,707799252,7157468,331775,2,region4_1646037696
2021-10-05 07:39,707813695,0,5190023,3,region4_1646037699
2021-10-05 07:39,707693008,0,4549390,3,region4_1646037699
2021-10-05 07:39,707699269,0,8388608,4,region4_1646037698
2021-10-05 07:39,706269803,0,1556230,2,region4_1646037703
2021-10-05 07:39,706795586,0,1764212,2,region4_1646037697
2021-10-05 07:39,707672103,0,8388608,2,region4_1646037701
2021-10-05 07:39,707736350,0,6432304,2,region4_1646037698
2021-10-05 07:39,707605918,0,482228,2,region4_1646037698
2021-10-05 07:39,707763406,0,2115171,3,region4_1646037697
2021-10-05 07:39,707648817,0,14847231,2,region4_1646037701
2021-10-05 07:39,707701938,0,8387641,3,region4_1646037697
2021-10-05 07:39,707609530,0,8388608,4,region4_1646037698
2021-10-05 07:39,706489341,3122735,1470,2,region4_1646037697
2021-10-05 07:39,706489341,3113953,8699,2,region4_1646037697
2021-10-05 07:39,706302786,0,6878,2,region4_1646037697
2021-10-05 07:39,707499007,0,662274,2,region4_1646037696
2021-10-05 07:39,706208802,4885658,151871,2,region4_1646037697
2021-10-05 07:39,706208802,7204396,536225,2,region4_1646037697
2021-10-05 07:39,706208802,3036508,1879,2,region4_1646037697
2021-10-05 07:39,706208802,3041057,710589,2,region4_1646037697
2021-10-05 07:39,706208802,1127380,1909128,2,region4_1646037697
2021-10-05 07:39,707453948,0,1283252,2,region4_1646037697
2021-10-05 07:39,707721527,0,8388608,3,region4_1646037699
2021-10-05 07:39,706795586,1764212,3706511,2,region4_1646037697
2021-10-05 07:39,706777465,0,8388608,2,region4_1646037701
2021-10-05 07:39,707718423,1048576,1048576,5,region4_1646037700
2021-10-05 07:39,707718423,3145728,914194,5,region4_1646037700
2021-10-05 07:39,707718423,2097152,1048576,5,region4_1646037700
2021-10-05 07:39,707718423,0,1048576,5,region4_1646037700
2021-10-05 07:39,707747115,3145728,803955,5,region4_1646037700
2021-10-05 07:39,707747115,0,1048576,5,region4_1646037700
2021-10-05 07:39,707747115,2097152,1048576,5,region4_1646037700
2021-10-05 07:39,707747115,1048576,1048576,5,region4_1646037700
2021-10-05 07:39,707337438,6136873,472,2,region4_1646037697
2021-10-05 07:39,707608159,0,1954177,3,region4_1646037699
2021-10-05 07:39,706390023,6369248,2019360,2,region4_1646037697
2021-10-05 07:39,706464089,1416075,3861409,2,region4_1646037696
2021-10-05 07:39,707105404,0,1547258,2,region4_1646037697
2021-10-05 07:39,707384070,168786,472,2,region4_1646037697
2021-10-05 07:39,707646620,1078928,1045204,2,region4_1646037697
2021-10-05 07:39,707646620,3325760,971733,2,region4_1646037697
2021-10-05 07:39,707646620,1071104,6610,2,region4_1646037697
2021-10-05 07:39,706731976,0,811079,2,region4_1646037697
2021-10-05 07:39,706299445,0,98029,2,region4_1646037696
2021-10-05 07:39,707758284,479439,4624783,2,region4_1646037697
2021-10-05 07:39,707758284,0,479439,2,region4_1646037697
2021-10-05 07:39,707831587,3573303,133315,2,region4_1646037696
2021-10-05 07:39,707831587,3706618,1048576,2,region4_1646037696
2021-10-05 07:39,707494605,5739881,466,2,region4_1646037697
2021-10-05 07:39,706665237,3127906,1474,2,region4_1646037697
2021-10-05 07:39,706665237,3119216,8607,2,region4_1646037697
2021-10-05 07:39,707703115,0,8388608,2,region4_1646037698
2021-10-05 07:39,707633654,5801280,16384,2,region4_1646037697
2021-10-05 07:39,707651601,0,834327,2,region4_1646037697
2021-10-05 07:39,707096481,0,1922734,2,region4_1646037701
2021-10-05 07:39,707096481,3571521,1777232,2,region4_1646037701
2021-10-05 07:39,707820580,0,763006,2,region4_1646037697
2021-10-05 07:39,707327123,0,826651,2,region4_1646037698
2021-10-05 07:39,707627079,4194304,1048576,5,region4_1646037700
2021-10-05 07:39,707627079,1048576,1048576,5,region4_1646037700
2021-10-05 07:39,707627079,2097152,1048576,5,region4_1646037700
2021-10-05 07:39,707627079,3145728,1048576,5,region4_1646037700
2021-10-05 07:39,707627079,0,1048576,5,region4_1646037700
2021-10-05 07:39,707633654,5460864,1584,2,region4_1646037697
2021-10-05 07:39,707341892,1761,605,2,region4_1646037697
2021-10-05 07:39,707627079,6291456,1048576,5,region4_1646037700
2021-10-05 07:39,707627079,5242880,1048576,5,region4_1646037700
2021-10-05 07:39,707627079,7340032,1048576,5,region4_1646037700
2021-10-05 07:39,707438782,0,6614849,2,region4_1646037697
2021-10-05 07:39,707701830,2097152,1048576,5,region4_1646037700
2021-10-05 07:39,707701830,1048576,1048576,5,region4_1646037700
2021-10-05 07:39,707701830,0,1048576,5,region4_1646037700
2021-10-05 07:39,707701830,3145728,1048576,5,region4_1646037700
2021-10-05 07:39,707394510,7181413,1207195,2,region4_1646037697
2021-10-05 07:39,707394510,3208,1178738,2,region4_1646037697
2021-10-05 07:39,707394510,2155316,1617,2,region4_1646037697
2021-10-05 07:39,707701830,4194304,1048576,5,region4_1646037700
2021-10-05 07:39,707701830,7340032,1048576,5,region4_1646037700
2021-10-05 07:39,707701830,5242880,1048576,5,region4_1646037700
2021-10-05 07:39,707701830,6291456,1048576,5,region4_1646037700
2021-10-05 07:39,707805253,3115450,191075,2,region4_1646037697
2021-10-05 07:39,707805253,1363667,491684,2,region4_1646037697
2021-10-05 07:39,707805253,40688,272887,2,region4_1646037697
2021-10-05 07:39,707367341,2374372,5132506,2,region4_1646037697
2021-10-05 07:39,707394510,2160823,423376,2,region4_1646037697
2021-10-05 07:39,707394510,5480512,915543,2,region4_1646037697
2021-10-05 07:39,707780240,0,2758789,2,region4_1646037697
2021-10-05 07:39,707805253,4804540,194824,2,region4_1646037697
2021-10-05 07:39,707367341,0,2374372,2,region4_1646037697
2021-10-05 07:39,707679617,0,1941535,3,region4_1646037696
2021-10-05 07:39,707759835,0,8387265,3,region4_1646037697
2021-10-05 07:39,707682729,0,8388608,2,region4_1646037698
2021-10-05 07:39,706229705,3673356,569,2,region4_1646037697
2021-10-05 07:39,706229705,3674833,2309883,2,region4_1646037697
2021-10-05 07:39,706410035,5823307,2565301,2,region4_1646037697
2021-10-05 07:39,706175395,0,813765,2,region4_1646037697
2021-10-05 07:39,707725840,0,4194304,1,region4_1646037696
2021-10-05 07:39,707215044,0,2209,2,region4_1646037696
2021-10-05 07:39,707381697,0,469442,2,region4_1646037697
2021-10-05 07:39,707381697,6808483,1580125,2,region4_1646037697
2021-10-05 07:39,707381697,3253316,3555167,2,region4_1646037697
2021-10-05 07:39,707381697,5547033,850609,2,region4_1646037697
2021-10-05 07:39,707669318,0,8388608,2,region4_1646037698
2021-10-05 07:39,707641233,0,7802192,2,region4_1646037698
2021-10-05 07:39,707724038,6195527,2245,2,region4_1646037697
2021-10-05 07:39,706559321,6448897,215736,2,region4_1646037697
2021-10-05 07:39,706559321,0,491019,2,region4_1646037697
2021-10-05 07:39,706559321,6444691,2682,2,region4_1646037697
2021-10-05 07:39,707775976,0,2518411,4,region4_1646037697
2021-10-05 07:39,707791673,0,1619411,2,region4_1646037696
2021-10-05 07:39,707757365,0,8388608,3,region4_1646037699
2021-10-05 07:39,707678772,0,8386357,3,region4_1646037697
2021-10-05 07:39,707715369,0,2097152,1,region4_1646037696
2021-10-05 07:39,706266683,0,4930430,2,region4_1646037697
2021-10-05 07:39,706266683,4930430,1900,2,region4_1646037697
2021-10-05 07:39,707740792,7340032,1048576,5,region4_1646037700
2021-10-05 07:39,707740792,6291456,1048576,5,region4_1646037700
2021-10-05 07:39,707740792,5242880,1048576,5,region4_1646037700
2021-10-05 07:39,707740792,2097152,1048576,5,region4_1646037700
2021-10-05 07:39,707740792,3145728,1048576,5,region4_1646037700
2021-10-05 07:39,707740792,1048576,1048576,5,region4_1646037700
2021-10-05 07:39,707740792,0,1048576,5,region4_1646037700
2021-10-05 07:39,707740792,4194304,1048576,5,region4_1646037700
2021-10-05 07:39,707633536,0,8125800,2,region4_1646037697
2021-10-05 07:39,706450632,7493066,495291,2,region4_1646037697
2021-10-05 07:39,706450632,4471448,387667,2,region4_1646037697
2021-10-05 07:39,706208802,1127380,1909128,2,region4_1646037697
2021-10-05 07:39,706208802,4885658,151871,2,region4_1646037697
2021-10-05 07:39,706208802,3041057,710589,2,region4_1646037697
2021-10-05 07:39,706208802,3036508,1879,2,region4_1646037697
2021-10-05 07:39,707720619,0,1129208,3,region4_1646037699
2021-10-05 07:39,707791673,1813444,3020343,2,region4_1646037696
2021-10-05 07:39,707822197,0,5571230,2,region4_1646037701
2021-10-05 07:39,707854795,0,1019997,5,region4_1646037700
2021-10-05 07:39,707633536,8125800,262808,2,region4_1646037697
2021-10-05 07:39,707387965,3380,1563149,2,region4_1646037697
2021-10-05 07:39,707387965,7516705,871903,2,region4_1646037697
2021-10-05 07:39,707387965,4140709,1062026,2,region4_1646037697
2021-10-05 07:39,706296323,0,74047,2,region4_1646037697
2021-10-05 07:39,707715369,2097152,2097152,1,region4_1646037696
2021-10-05 07:39,707715369,4194304,2097152,1,region4_1646037696
2021-10-05 07:39,707754869,0,8388608,2,region4_1646037698
2021-10-05 07:39,706375082,1621071,857051,2,region4_1646037696
2021-10-05 07:39,707637075,0,2128179,3,region4_1646037697
2021-10-05 07:39,707813034,0,14589979,4,region4_1646037697
2021-10-05 07:39,707433442,0,465963,2,region4_1646037697
2021-10-05 07:39,707433442,2874186,2159449,2,region4_1646037697
2021-10-05 07:39,707706718,6243900,1402406,2,region4_1646037701
2021-10-05 07:39,707706718,181976,4566254,2,region4_1646037701
2021-10-05 07:39,707715369,6291456,2097152,1,region4_1646037696
2021-10-05 07:39,706406685,1751056,6637552,2,region4_1646037697
2021-10-05 07:39,706406685,0,1750706,2,region4_1646037697
2021-10-05 07:39,706406685,1750706,315,2,region4_1646037697
2021-10-05 07:39,706420935,6293318,2095290,2,region4_1646037697
2021-10-05 07:39,706276325,1181333,1817,2,region4_1646037697
2021-10-05 07:39,706276325,1300493,16384,2,region4_1646037697
2021-10-05 07:39,706405790,0,5800900,2,region4_1646037697
2021-10-05 07:39,707317159,0,1602487,2,region4_1646037697
2021-10-05 07:39,706443245,0,2838908,2,region4_1646037701
2021-10-05 07:39,706443245,1790332,1048576,2,region4_1646037701
2021-10-05 07:39,706443245,1790332,1048576,2,region4_1646037701
2021-10-05 07:39,706443245,0,2838908,2,region4_1646037701
2021-10-05 07:39,706443245,0,2838908,2,region4_1646037701
2021-10-05 07:39,706443245,1790332,1048576,2,region4_1646037701
2021-10-05 07:39,706443245,0,2838908,2,region4_1646037701
2021-10-05 07:39,706443245,1790332,1048576,2,region4_1646037701
2021-10-05 07:39,707724038,7712445,376570,2,region4_1646037697
2021-10-05 07:39,707724038,6198159,2363,2,region4_1646037697
2021-10-05 07:39,707865821,0,6136023,3,region4_1646037699
2021-10-05 07:39,707038357,0,4709227,2,region4_1646037696
2021-10-05 07:39,706165036,0,44,2,region4_1646037703
2021-10-05 07:39,707665530,0,879702,2,region4_1646037697
2021-10-05 07:39,707641203,0,828110,3,region4_1646037699
2021-10-05 07:39,707675278,0,8388608,3,region4_1646037699
2021-10-05 07:39,707692884,0,1945900,3,region4_1646037699
2021-10-05 07:39,706936321,2249223,6139385,2,region4_1646037697
2021-10-05 07:39,706936321,0,2249223,2,region4_1646037697
2021-10-05 07:39,707821479,0,8388608,2,region4_1646037696
2021-10-05 07:39,707875600,0,5172541,3,region4_1646037699
2021-10-05 07:39,706165036,0,44,2,region4_1646037697
2021-10-05 07:39,707716699,0,8386930,3,region4_1646037697
2021-10-05 07:39,707147787,7545528,2935,2,region4_1646037697
2021-10-05 07:39,707699294,0,6834613,4,region4_1646037702
2021-10-05 07:39,706654128,0,5204959,2,region4_1646037697
2021-10-05 07:39,707780288,0,87919,3,region4_1646037697
2021-10-05 07:39,706428724,4093730,4294878,2,region4_1646037697
2021-10-05 07:39,706428724,1923,2927963,2,region4_1646037697
2021-10-05 07:39,707841735,0,8387119,3,region4_1646037697
2021-10-05 07:39,706165036,0,44,2,region4_1646037703
2021-10-05 07:39,706165036,0,44,2,region4_1646037697
2021-10-05 07:39,707680144,187,136607,2,region4_1646037697
2021-10-05 07:39,707690087,0,8388608,2,region4_1646037698
2021-10-05 07:39,707147787,7581806,174817,2,region4_1646037697
2021-10-05 07:39,707652837,0,8388608,3,region4_1646037699
2021-10-05 07:39,706165036,0,44,2,region4_1646037703
2021-10-05 07:39,707686503,0,2534439,4,region4_1646037697
2021-10-05 07:39,707103052,0,4165451,2,region4_1646037696
2021-10-05 07:39,707261450,0,3799188,1,region4_1646037696
2021-10-05 07:39,707711145,0,8388608,3,region4_1646037699
2021-10-05 07:39,707648244,3896728,1418484,2,region4_1646037697
2021-10-05 07:39,707648244,0,3896728,2,region4_1646037697
2021-10-05 07:39,706165036,0,44,2,region4_1646037697
2021-10-05 07:39,707715853,0,1336727,1,region4_1646037696
2021-10-05 07:39,706965860,5853123,2535485,2,region4_1646037697
2021-10-05 07:39,706965860,5788681,64442,2,region4_1646037697
2021-10-05 07:39,707707497,0,1048576,5,region4_1646037700
2021-10-05 07:39,707798408,0,1122752,3,region4_1646037697
2021-10-05 07:39,707812116,0,5205071,2,region4_1646037697
2021-10-05 07:39,706965860,0,5077006,2,region4_1646037697
2021-10-05 07:39,706965860,5788354,308,2,region4_1646037697
2021-10-05 07:39,706965860,5077006,711348,2,region4_1646037697
2021-10-05 07:39,707264039,0,636423,2,region4_1646037697
2021-10-05 07:39,706781286,6040144,308,2,region4_1646037697
2021-10-05 07:39,706781286,6130869,2257739,2,region4_1646037697
2021-10-05 07:39,706781286,6040471,90398,2,region4_1646037697
2021-10-05 07:39,707707497,2097152,299151,5,region4_1646037700
2021-10-05 07:39,707707497,1048576,1048576,5,region4_1646037700
2021-10-05 07:39,707725840,4194304,4194304,1,region4_1646037696
2021-10-05 07:39,707739046,0,8388608,2,region4_1646037701
2021-10-05 07:39,707557764,10232164,2945,2,region4_1646037697
2021-10-05 07:39,707264039,636423,8388608,2,region4_1646037697
2021-10-05 07:39,707264039,9025031,5556936,2,region4_1646037697
2021-10-05 07:39,706781286,3775549,2264595,2,region4_1646037697
2021-10-05 07:39,706781286,0,3775549,2,region4_1646037697
2021-10-05 07:39,707812116,5205071,3183537,2,region4_1646037697
2021-10-05 07:39,707869204,0,7066908,3,region4_1646037699
2021-10-05 07:39,707718451,0,43107,3,region4_1646037699
2021-10-05 07:39,707884992,0,8388608,2,region4_1646037698
2021-10-05 07:39,706369475,1294299,7094309,2,region4_1646037697
2021-10-05 07:39,707484747,2064151,906665,2,region4_1646037696
2021-10-05 07:39,707708054,0,8388608,3,region4_1646037699
2021-10-05 07:39,707716321,0,1855270,3,region4_1646037696
2021-10-05 07:39,707412033,2098997,1643340,2,region4_1646037697
2021-10-05 07:39,707822197,6478435,1910173,2,region4_1646037701
2021-10-05 07:39,707858103,4695743,3692865,2,region4_1646037697
2021-10-05 07:39,707789815,6669406,1719202,2,region4_1646037697
2021-10-05 07:39,707798408,0,1122752,1,region4_1646037697
2021-10-05 07:39,707660690,0,1478544,2,region4_1646037698
2021-10-05 07:39,707692572,0,6193727,2,region4_1646037696
2021-10-05 07:39,706793991,0,20507,1,region4_1646037696
2021-10-05 07:39,707789815,0,6669406,2,region4_1646037697
2021-10-05 07:39,707774451,0,10223280,2,region4_1646037698
2021-10-05 07:39,707432672,3020552,729320,2,region4_1646037697
2021-10-05 07:39,707729440,0,1648577,2,region4_1646037697
2021-10-05 07:39,706994169,6675587,48284,2,region4_1646037697
2021-10-05 07:39,706994169,2641435,4033823,2,region4_1646037697
2021-10-05 07:39,706994169,6675258,310,2,region4_1646037697
2021-10-05 07:39,706994169,6723871,1664737,2,region4_1646037697
2021-10-05 07:39,706994169,0,2641435,2,region4_1646037697
2021-10-05 07:39,707763230,0,8388608,2,region4_1646037696
2021-10-05 07:39,707768636,2928427,5460181,2,region4_1646037697
2021-10-05 07:39,707768636,172935,1389963,2,region4_1646037697
2021-10-05 07:39,706299445,0,98029,2,region4_1646037697
2021-10-05 07:39,707768636,167912,1650,2,region4_1646037697
2021-10-05 07:39,707325433,399221,717942,2,region4_1646037697
2021-10-05 07:39,707656007,8366260,22348,2,region4_1646037697
2021-10-05 07:39,707656007,0,8383097,2,region4_1646037697
2021-10-05 07:39,707656007,8383097,5511,2,region4_1646037697
2021-10-05 07:39,707774194,0,1054566,3,region4_1646037699
2021-10-05 07:39,707799302,187,137559,2,region4_1646037697
2021-10-05 07:39,707761467,0,8388608,2,region4_1646037698
2021-10-05 07:39,706462391,0,2139815,2,region4_1646037697
2021-10-05 07:39,707514509,0,490753,2,region4_1646037697
2021-10-05 07:39,706370097,7728003,660605,2,region4_1646037697
2021-10-05 07:39,707789973,0,501814,2,region4_1646037697
2021-10-05 07:39,707882362,0,4686195,2,region4_1646037697
2021-10-05 07:39,707555367,4345678,333344,2,region4_1646037696
2021-10-05 07:39,707514509,490753,6629474,2,region4_1646037697
2021-10-05 07:39,707738870,0,1668188,3,region4_1646037699
2021-10-05 07:39,707771836,0,8388608,3,region4_1646037699
2021-10-05 07:39,706169177,7736922,651686,2,region4_1646037697
2021-10-05 07:39,706169177,8292,2730377,2,region4_1646037697
2021-10-05 07:40,706169177,7736922,651686,2,region4_1646037697
2021-10-05 07:40,706169177,8292,2730377,2,region4_1646037697
2021-10-05 07:40,706793991,20507,8347594,1,region4_1646037696
2021-10-05 07:40,706169177,7736922,651686,2,region4_1646037697
2021-10-05 07:40,707852366,0,7722,5,region4_1646037700
2021-10-05 07:40,707687736,0,8388608,3,region4_1646037699
2021-10-05 07:40,707712425,0,6404889,2,region4_1646037697
2021-10-05 07:40,707712425,6404889,1983719,2,region4_1646037697
2021-10-05 07:40,707753762,0,8388608,3,region4_1646037699
2021-10-05 07:40,707518807,3677350,222722,2,region4_1646037707
2021-10-05 07:40,707785587,6291456,1048576,5,region4_1646037700
2021-10-05 07:40,707785587,5242880,1048576,5,region4_1646037700
2021-10-05 07:40,707785587,3145728,1048576,5,region4_1646037700
2021-10-05 07:40,707785587,2097152,1048576,5,region4_1646037700
2021-10-05 07:40,707785587,0,1048576,5,region4_1646037700
2021-10-05 07:40,707785587,7340032,1048576,5,region4_1646037700
2021-10-05 07:40,707785587,4194304,1048576,5,region4_1646037700
2021-10-05 07:40,707785587,1048576,1048576,5,region4_1646037700
2021-10-05 07:40,706169177,8292,2730377,2,region4_1646037697
2021-10-05 07:40,707750554,0,8388608,2,region4_1646037698
2021-10-05 07:40,706169177,7736922,651686,2,region4_1646037697
2021-10-05 07:40,707788084,0,1341158,3,region4_1646037699
2021-10-05 07:40,707141085,9663019,388628,2,region4_1646037697
2021-10-05 07:40,707141085,2987382,799377,2,region4_1646037697
2021-10-05 07:40,707141085,34151,178891,2,region4_1646037697
2021-10-05 07:40,707752205,0,1048576,5,region4_1646037700
2021-10-05 07:40,707752205,2097152,356650,5,region4_1646037700
2021-10-05 07:40,707752205,1048576,1048576,5,region4_1646037700
2021-10-05 07:40,707762232,0,8388570,3,region4_1646037697
2021-10-05 07:40,707724913,0,8388608,3,region4_1646037699
2021-10-05 07:40,707790468,1048576,1047907,5,region4_1646037700
2021-10-05 07:40,707790468,0,1048576,5,region4_1646037700
2021-10-05 07:40,707779400,0,8388608,3,region4_1646037699
2021-10-05 07:40,707497974,7936415,266218,2,region4_1646037696
2021-10-05 07:40,706169177,8292,2730377,2,region4_1646037697
2021-10-05 07:40,707651601,0,834327,2,region4_1646037697
2021-10-05 07:40,707747729,0,8388608,3,region4_1646037699
2021-10-05 07:40,707779246,5343077,1468,2,region4_1646037697
2021-10-05 07:40,707779246,5341027,16384,2,region4_1646037697
2021-10-05 07:40,707779246,5341027,16384,2,region4_1646037697
2021-10-05 07:40,706951552,170323,4262075,2,region4_1646037701
2021-10-05 07:40,707396236,0,1323386,2,region4_1646037697
2021-10-05 07:40,706951552,7590285,798323,2,region4_1646037701
2021-10-05 07:40,707744942,0,8388608,3,region4_1646037699
2021-10-05 07:40,707149742,0,4249449,2,region4_1646037696
2021-10-05 07:40,707798092,0,8388608,3,region4_1646037699
2021-10-05 07:40,706796187,0,8388608,2,region4_1646037696
2021-10-05 07:40,707754763,187971,707492,2,region4_1646037696
2021-10-05 07:40,706564974,1043059,159110,2,region4_1646037696
2021-10-05 07:40,706564974,1202169,1048576,2,region4_1646037696
2021-10-05 07:40,707408356,0,553887,2,region4_1646037697
2021-10-05 07:40,707797227,0,8388608,3,region4_1646037699
2021-10-05 07:40,707790733,0,8388608,3,region4_1646037699
2021-10-05 07:40,707170790,10305380,2939,2,region4_1646037697
2021-10-05 07:40,707879967,4194304,135340,5,region4_1646037700
2021-10-05 07:40,707879967,3145728,1048576,5,region4_1646037700
2021-10-05 07:40,707879967,2097152,1048576,5,region4_1646037700
2021-10-05 07:40,707879967,1048576,1048576,5,region4_1646037700
2021-10-05 07:40,707879967,0,1048576,5,region4_1646037700
2021-10-05 07:40,707706258,0,8388608,3,region4_1646037699
2021-10-05 07:40,707393564,0,5435171,2,region4_1646037697
2021-10-05 07:40,707397260,5200177,1092459,2,region4_1646037697
2021-10-05 07:40,707397260,3816,1588165,2,region4_1646037697
2021-10-05 07:40,707397260,7495358,893250,2,region4_1646037697
2021-10-05 07:40,707740894,84159,1414,2,region4_1646037697
2021-10-05 07:40,707740894,85757,117799,2,region4_1646037697
2021-10-05 07:40,707732230,0,3385647,2,region4_1646037696
2021-10-05 07:40,707813683,0,1557013,2,region4_1646037697
2021-10-05 07:40,707718500,0,3644866,2,region4_1646037698
2021-10-05 07:40,706178513,3072409,1263144,2,region4_1646037697
2021-10-05 07:40,707879861,0,8388607,3,region4_1646037697
2021-10-05 07:40,707718500,3644866,5955315,2,region4_1646037698
2021-10-05 07:40,707366580,457877,7056800,2,region4_1646037701
2021-10-05 07:40,707735461,0,3828591,3,region4_1646037699
2021-10-05 07:40,706816824,0,4683954,2,region4_1646037697
2021-10-05 07:40,707430798,0,375486,2,region4_1646037698
2021-10-05 07:40,706816824,4683954,702902,2,region4_1646037697
2021-10-05 07:40,706416260,0,829074,2,region4_1646037697
2021-10-05 07:40,707735594,0,1309412,3,region4_1646037699
2021-10-05 07:40,706678922,0,14794969,2,region4_1646037701
2021-10-05 07:40,706678922,14794969,312,2,region4_1646037701
2021-10-05 07:40,706879543,0,7530294,2,region4_1646037696
2021-10-05 07:40,707261450,3799188,3799188,1,region4_1646037696
2021-10-05 07:40,707201874,3044537,650074,2,region4_1646037697
2021-10-05 07:40,707201874,34818,180434,2,region4_1646037697
2021-10-05 07:40,707728655,168443,7065125,2,region4_1646037696
2021-10-05 07:40,706171691,1158545,1647892,2,region4_1646037697
2021-10-05 07:40,707059419,0,8388608,2,region4_1646037696
2021-10-05 07:40,706307439,408281,1093636,2,region4_1646037703
2021-10-05 07:40,707872391,0,7710032,3,region4_1646037699
2021-10-05 07:40,707746090,3727752,286644,2,region4_1646037696
2021-10-05 07:40,707746090,6099127,314455,2,region4_1646037696
2021-10-05 07:40,707834695,0,1203211,3,region4_1646037699
2021-10-05 07:40,707843142,0,1868503,3,region4_1646037696
2021-10-05 07:40,707774775,0,8388243,3,region4_1646037697
2021-10-05 07:40,707431650,0,6425563,2,region4_1646037697
2021-10-05 07:40,707431650,6520935,1867673,2,region4_1646037697
2021-10-05 07:40,706258092,0,8388608,2,region4_1646037697
2021-10-05 07:40,707839061,0,28889,3,region4_1646037699
2021-10-05 07:40,707637075,2127155,1024,1,region4_1646037697
2021-10-05 07:40,707732022,0,10272684,2,region4_1646037698
2021-10-05 07:40,707856575,0,414095,2,region4_1646037698
2021-10-05 07:40,707437214,0,670576,2,region4_1646037697
2021-10-05 07:40,707637075,0,2128179,1,region4_1646037697
2021-10-05 07:40,707732022,10272684,4555242,2,region4_1646037698
2021-10-05 07:40,707448502,5283597,1206906,2,region4_1646037697
2021-10-05 07:40,707448502,0,5139235,2,region4_1646037697
2021-10-05 07:40,707830757,0,1993133,3,region4_1646037697
2021-10-05 07:40,707656007,0,8383097,2,region4_1646037697
2021-10-05 07:40,707793896,283277,1434,2,region4_1646037697
2021-10-05 07:40,707793896,284895,107698,2,region4_1646037697
2021-10-05 07:40,707827072,0,1360589,4,region4_1646037702
2021-10-05 07:40,707860623,0,1316597,1,region4_1646037696
2021-10-05 07:40,707246510,302293,2926,2,region4_1646037697
2021-10-05 07:40,707246510,3254945,877053,2,region4_1646037697
2021-10-05 07:40,707246510,340539,181522,2,region4_1646037697
2021-10-05 07:40,707656007,8383097,5511,2,region4_1646037697
2021-10-05 07:40,707820437,7713992,121650,2,region4_1646037697
2021-10-05 07:40,707820437,7712342,1466,2,region4_1646037697
2021-10-05 07:40,707731824,0,4211731,3,region4_1646037699
2021-10-05 07:40,706428724,104443,115096,2,region4_1646037696
2021-10-05 07:40,707719947,0,8388608,3,region4_1646037699
2021-10-05 07:40,706428724,2372081,557805,2,region4_1646037696
2021-10-05 07:40,706428724,4093730,4294878,2,region4_1646037696
2021-10-05 07:40,707376457,6903858,1514,2,region4_1646037697
2021-10-05 07:40,707376457,6897002,16384,2,region4_1646037697
2021-10-05 07:40,707752986,2097152,929992,5,region4_1646037700
2021-10-05 07:40,707752986,1048576,1048576,5,region4_1646037700
2021-10-05 07:40,707752986,0,1048576,5,region4_1646037700
2021-10-05 07:40,707758242,8280469,1451,2,region4_1646037697
2021-10-05 07:40,707758242,8282104,103287,2,region4_1646037697
2021-10-05 07:40,707747904,0,8388608,3,region4_1646037699
2021-10-05 07:40,707747907,0,3381924,2,region4_1646037696
2021-10-05 07:40,706307439,408281,1093636,2,region4_1646037703
2021-10-05 07:40,707789683,5962726,405825,2,region4_1646037697
2021-10-05 07:40,707818937,7666174,185028,2,region4_1646037696
2021-10-05 07:40,707818937,4637956,541085,2,region4_1646037696
2021-10-05 07:40,707818937,345074,3938,2,region4_1646037696
2021-10-05 07:40,706319685,0,4509259,2,region4_1646037697
2021-10-05 07:40,707831645,5338532,1460,2,region4_1646037697
2021-10-05 07:40,707831645,5336454,16384,2,region4_1646037697
2021-10-05 07:40,707831645,5336454,16384,2,region4_1646037697
2021-10-05 07:40,707851579,0,712194,5,region4_1646037700
2021-10-05 07:40,707773277,0,1162955,3,region4_1646037699
2021-10-05 07:40,707810080,7496561,892047,2,region4_1646037697
2021-10-05 07:40,707810080,3001468,3274862,2,region4_1646037697
2021-10-05 07:40,707810080,3613,1242518,2,region4_1646037697
2021-10-05 07:40,707868286,0,14832390,2,region4_1646037701
2021-10-05 07:40,707384899,0,8388608,2,region4_1646037696
2021-10-05 07:40,707749661,309614,2879,2,region4_1646037697
2021-10-05 07:40,707761618,0,7596779,2,region4_1646037698
2021-10-05 07:40,707779357,0,8388608,3,region4_1646037699
2021-10-05 07:40,707075457,6430944,71282,2,region4_1646037696
2021-10-05 07:40,707075457,6502226,1048576,2,region4_1646037696
2021-10-05 07:40,707514509,0,490753,2,region4_1646037697
2021-10-05 07:40,707730930,1511570,16384,2,region4_1646037697
2021-10-05 07:40,706177303,5349,725001,2,region4_1646037697
2021-10-05 07:40,707075457,0,599239,2,region4_1646037696
2021-10-05 07:40,706406685,1751056,6637552,2,region4_1646037697
2021-10-05 07:40,706406685,0,1750706,2,region4_1646037697
2021-10-05 07:40,706406685,1750706,315,2,region4_1646037697
2021-10-05 07:40,707811158,0,1617652,3,region4_1646037699
2021-10-05 07:40,707514509,490753,6629474,2,region4_1646037697
2021-10-05 07:40,707737995,1097087,116617,2,region4_1646037697
2021-10-05 07:40,707737995,1095435,1468,2,region4_1646037697
2021-10-05 07:40,707261450,7598376,790232,1,region4_1646037696
2021-10-05 07:40,707749661,3405225,680386,2,region4_1646037697
2021-10-05 07:40,707749661,348274,178671,2,region4_1646037697
2021-10-05 07:40,707702084,1412991,327976,2,region4_1646037697
2021-10-05 07:40,707702084,5311352,820129,2,region4_1646037697
2021-10-05 07:40,707702084,3424344,279071,2,region4_1646037697
2021-10-05 07:40,707702084,1408414,2846,2,region4_1646037697
2021-10-05 07:40,706936321,2249223,6139385,2,region4_1646037697
2021-10-05 07:40,707075457,2793884,3467118,2,region4_1646037696
2021-10-05 07:40,707801647,5242880,1048576,5,region4_1646037700
2021-10-05 07:40,707801647,1048576,1048576,5,region4_1646037700
2021-10-05 07:40,707801647,4194304,1048576,5,region4_1646037700
2021-10-05 07:40,707801647,7340032,861960,5,region4_1646037700
2021-10-05 07:40,707801647,6291456,1048576,5,region4_1646037700
2021-10-05 07:40,707801647,3145728,1048576,5,region4_1646037700
2021-10-05 07:40,707801647,2097152,1048576,5,region4_1646037700
2021-10-05 07:40,707801647,0,1048576,5,region4_1646037700
2021-10-05 07:40,707022213,0,567446,2,region4_1646037697
2021-10-05 07:40,707730930,1511570,16384,2,region4_1646037697
2021-10-05 07:40,707605918,0,482228,2,region4_1646037697
2021-10-05 07:40,706383716,4456560,3932048,2,region4_1646037697
2021-10-05 07:40,707857084,8191105,197503,2,region4_1646037697
2021-10-05 07:40,707857084,3333813,482528,2,region4_1646037697
2021-10-05 07:40,707857084,266221,412552,2,region4_1646037697
2021-10-05 07:40,707601887,0,615769,2,region4_1646037697
2021-10-05 07:40,707807662,5064260,303059,2,region4_1646037697
2021-10-05 07:40,707807662,3406789,257473,2,region4_1646037697
2021-10-05 07:40,707807662,8034074,354534,2,region4_1646037697
2021-10-05 07:40,707819845,7340032,1048576,5,region4_1646037700
2021-10-05 07:40,707819845,5242880,1048576,5,region4_1646037700
2021-10-05 07:40,707819845,4194304,1048576,5,region4_1646037700
2021-10-05 07:40,707819845,2097152,1048576,5,region4_1646037700
2021-10-05 07:40,707819845,1048576,1048576,5,region4_1646037700
2021-10-05 07:40,707819845,6291456,1048576,5,region4_1646037700
2021-10-05 07:40,707819845,3145728,1048576,5,region4_1646037700
2021-10-05 07:40,707819845,0,1048576,5,region4_1646037700
2021-10-05 07:40,707327551,7075490,229795,2,region4_1646037697
2021-10-05 07:40,707327551,7072438,3001,2,region4_1646037697
2021-10-05 07:40,706390023,6369248,2019360,2,region4_1646037697
2021-10-05 07:40,706629512,401941,98633,2,region4_1646037697
2021-10-05 07:40,706629512,1328204,16384,2,region4_1646037697
2021-10-05 07:40,706629512,1250081,78123,2,region4_1646037697
2021-10-05 07:40,707868356,0,8388608,3,region4_1646037699
2021-10-05 07:40,707650325,0,4194304,1,region4_1646037696
2021-10-05 07:40,707906474,2251021,22561,2,region4_1646037703
2021-10-05 07:40,707906474,3573033,44842,2,region4_1646037703
2021-10-05 07:40,707906474,19808,403648,2,region4_1646037703
2021-10-05 07:40,707906474,7395,11730,2,region4_1646037703
2021-10-05 07:40,706307439,1501917,1093636,2,region4_1646037703
2021-10-05 07:40,706781286,6130869,2257739,2,region4_1646037697
2021-10-05 07:40,706781286,6040471,90398,2,region4_1646037697
2021-10-05 07:40,707712425,0,6404889,2,region4_1646037697
2021-10-05 07:40,707892630,0,1256381,3,region4_1646037699
2021-10-05 07:40,707906474,2273582,22561,2,region4_1646037703
2021-10-05 07:40,707906474,3573033,44842,2,region4_1646037703
2021-10-05 07:40,707906474,20051,403405,2,region4_1646037703
2021-10-05 07:40,707770769,0,8388608,3,region4_1646037699
2021-10-05 07:40,707843979,768521,7135,2,region4_1646037697
2021-10-05 07:40,707712425,6404889,1983719,2,region4_1646037697
2021-10-05 07:40,707739691,0,8388608,3,region4_1646037699
2021-10-05 07:40,707811114,0,26396,5,region4_1646037700
2021-10-05 07:40,706410035,5823307,2565301,2,region4_1646037697
2021-10-05 07:40,706781286,3775549,2264595,2,region4_1646037697
2021-10-05 07:40,707811088,0,4194304,1,region4_1646037696
2021-10-05 07:40,707280988,1190889,879379,2,region4_1646037701
2021-10-05 07:40,707280988,4809387,2856810,2,region4_1646037701
2021-10-05 07:40,706965860,0,5077006,2,region4_1646037697
2021-10-05 07:40,707109472,0,545011,2,region4_1646037697
2021-10-05 07:40,707873239,0,8388608,3,region4_1646037699
2021-10-05 07:40,706328645,0,14645516,2,region4_1646037701
2021-10-05 07:40,707459673,74,72602,2,region4_1646037697
2021-10-05 07:40,707598526,2629918,297474,2,region4_1646037696
2021-10-05 07:40,707892660,0,960,5,region4_1646037700
2021-10-05 07:40,707720936,0,1539987,3,region4_1646037699
2021-10-05 07:40,707720015,0,2067667,3,region4_1646037697
2021-10-05 07:40,706571465,3967,354990,2,region4_1646037697
2021-10-05 07:40,706571465,535655,84522,2,region4_1646037697
2021-10-05 07:40,707751995,0,383,5,region4_1646037700
2021-10-05 07:40,707817041,0,4194304,1,region4_1646037696
2021-10-05 07:40,707840033,0,8313939,3,region4_1646037699
2021-10-05 07:40,707864926,2097152,1048576,5,region4_1646037700
2021-10-05 07:40,707864926,1048576,1048576,5,region4_1646037700
2021-10-05 07:40,707864926,3145728,1048576,5,region4_1646037700
2021-10-05 07:40,707864926,0,1048576,5,region4_1646037700
2021-10-05 07:40,706571465,627977,376631,2,region4_1646037697
2021-10-05 07:40,706994169,6723871,1664737,2,region4_1646037697
2021-10-05 07:40,706994169,0,2641435,2,region4_1646037697
2021-10-05 07:40,706994169,6675587,48284,2,region4_1646037697
2021-10-05 07:40,706994169,2641435,4033823,2,region4_1646037697
2021-10-05 07:40,706994169,6675258,310,2,region4_1646037697
2021-10-05 07:40,707864926,7340032,1048576,5,region4_1646037700
2021-10-05 07:40,707864926,6291456,1048576,5,region4_1646037700
2021-10-05 07:40,707864926,4194304,1048576,5,region4_1646037700
2021-10-05 07:40,707864926,5242880,1048576,5,region4_1646037700
2021-10-05 07:40,707900048,0,6737708,3,region4_1646037697
2021-10-05 07:40,707907660,0,1073839,3,region4_1646037699
2021-10-05 07:41,706293626,4315104,348354,2,region4_1646037697
2021-10-05 07:41,706293626,4313722,543,2,region4_1646037697
2021-10-05 07:41,707831331,823562,7565046,2,region4_1646037701
2021-10-05 07:41,706994169,8020648,367960,2,region4_1646037697
2021-10-05 07:41,706369475,1294299,7094309,2,region4_1646037696
2021-10-05 07:41,707262074,7707452,2725380,2,region4_1646037697
2021-10-05 07:41,707262074,4299745,1699966,2,region4_1646037697
2021-10-05 07:41,707633536,0,8125800,2,region4_1646037697
2021-10-05 07:41,707839014,289320,7356541,2,region4_1646037697
2021-10-05 07:41,707221359,5324477,188188,2,region4_1646037697
2021-10-05 07:41,707221359,5321452,2990,2,region4_1646037697
2021-10-05 07:41,706405790,0,5800900,2,region4_1646037697
2021-10-05 07:41,707633536,8125800,262808,2,region4_1646037697
2021-10-05 07:41,707414365,0,656032,2,region4_1646037697
2021-10-05 07:41,707839014,0,289320,2,region4_1646037697
2021-10-05 07:41,707839014,7645861,742747,2,region4_1646037697
2021-10-05 07:41,707935001,0,6960416,3,region4_1646037699
2021-10-05 07:41,707745830,0,1131252,2,region4_1646037696
2021-10-05 07:41,707745887,0,711262,5,region4_1646037700
2021-10-05 07:41,707786212,187,135925,2,region4_1646037697
2021-10-05 07:41,707875560,549,255701,2,region4_1646037703
2021-10-05 07:41,707875560,1453635,772654,2,region4_1646037703
2021-10-05 07:41,707262074,1072159,953840,2,region4_1646037697
2021-10-05 07:41,707833515,0,2961494,3,region4_1646037699
2021-10-05 07:41,707754683,0,8388608,2,region4_1646037701
2021-10-05 07:41,706219545,0,33954,2,region4_1646037697
2021-10-05 07:41,707914571,0,8388608,3,region4_1646037699
2021-10-05 07:41,707859866,549,268352,2,region4_1646037703
2021-10-05 07:41,707859866,1498529,921853,2,region4_1646037703
2021-10-05 07:41,707520701,90832,3297477,2,region4_1646037697
2021-10-05 07:41,707520701,0,90832,2,region4_1646037697
2021-10-05 07:41,707905747,0,1174032,3,region4_1646037699
2021-10-05 07:41,707792311,0,524689,2,region4_1646037697
2021-10-05 07:41,707598901,842607,314308,2,region4_1646037697
2021-10-05 07:41,707812012,0,4841513,3,region4_1646037697
2021-10-05 07:41,707817041,4194304,4194304,1,region4_1646037696
2021-10-05 07:41,707859552,0,1106119,2,region4_1646037696
2021-10-05 07:41,706299445,0,98029,2,region4_1646037697
2021-10-05 07:41,707883603,0,7993152,2,region4_1646037698
2021-10-05 07:41,706410035,5823307,2565301,2,region4_1646037697
2021-10-05 07:41,707811088,4194304,4194304,1,region4_1646037696
2021-10-05 07:41,707881902,0,1560473,4,region4_1646037696
2021-10-05 07:41,707760569,0,345301,2,region4_1646037703
2021-10-05 07:41,707455350,0,350169,2,region4_1646037703
2021-10-05 07:41,707455350,0,350169,2,region4_1646037703
