Session_ID,Block_ID,IO_Offset,IO_Size,Op_Name,User
2023-03-19 06:58,3520734935,0,256,2,region6_2231479902
2023-03-19 06:58,3520734935,0,256,2,region6_2231479902
2023-03-19 06:58,3520724438,0,4583177,2,region6_2231479903
2023-03-19 06:58,3520762029,0,54656,2,region6_2231479902
2023-03-19 06:58,3520686476,0,8482388,2,region6_2231479904
2023-03-19 06:58,3520762029,0,54656,2,region6_2231479902
2023-03-19 06:58,3520788675,0,8388608,2,region6_2231479906
2023-03-19 06:58,3520922118,0,8388608,2,region6_2231479907
2023-03-19 06:58,3520732855,0,8388608,2,region6_2231479906
2023-03-19 06:58,3520992296,21624832,1000832,2,region6_2231479902
2023-03-19 06:58,3520729402,0,735181,2,region6_2231479908
2023-03-19 06:58,3520760642,7075072,45376,2,region6_2231479902
2023-03-19 06:58,3520660119,5781367,1410091,2,region6_2231479903
2023-03-19 06:58,3520660119,3057540,1355391,2,region6_2231479903
2023-03-19 06:58,3520984752,0,8388608,4,region6_2231479911
2023-03-19 06:58,3521039007,0,8388608,4,region6_2231479906
2023-03-19 06:58,3520672172,0,8375590,3,region6_2231479910
2023-03-19 06:58,3520783476,0,1443248,2,region6_2231479904
2023-03-19 06:58,3520783476,1414064,7067504,2,region6_2231479904
2023-03-19 06:58,3520952475,0,1517154,2,region6_2231479903
2023-03-19 06:58,3521026101,0,1408,2,region6_2231479902
2023-03-19 06:58,3520790584,0,128,2,region6_2231479902
2023-03-19 06:58,3520888499,0,4393582,2,region6_2231479907
2023-03-19 06:58,3520965181,1441458,6947150,2,region6_2231479907
2023-03-19 06:58,3520790584,0,128,2,region6_2231479902
2023-03-19 06:58,3520926529,0,8388608,4,region6_2231479911
2023-03-19 06:58,3520787357,0,5653029,2,region6_2231479906
2023-03-19 06:58,3520796766,5954304,179584,2,region6_2231479902
2023-03-19 06:58,3520755856,0,8388608,2,region6_2231479907
2023-03-19 06:58,3520934103,0,3151266,2,region6_2231479907
2023-03-19 06:58,3520683255,17714304,16789056,2,region6_2231479902
2023-03-19 06:58,3521122208,14032284,1138,2,region6_2231479916
2023-03-19 06:58,3521175947,0,8388608,4,region6_2231479918
2023-03-19 06:58,3520684432,0,4843115,2,region6_2231479907
2023-03-19 06:58,3521213701,0,177,2,region6_2231479914
2023-03-19 06:58,3520690085,3032016,9801,2,region6_2231479905
2023-03-19 06:58,3521061532,8862976,189504,2,region6_2231479902
2023-03-19 06:58,3521110541,2911034,1584066,2,region6_2231479903
2023-03-19 06:58,3521110541,3446524,1048576,2,region6_2231479903
2023-03-19 06:58,3520873811,1808871,276903,2,region6_2231479907
2023-03-19 06:58,3520890809,4744828,146112,2,region6_2231479902
2023-03-19 06:58,3520760676,269357,98702,2,region6_2231479905
2023-03-19 06:58,3520789767,2946272,48,2,region6_2231479902
2023-03-19 06:58,3520799047,4194304,4180996,1,region6_2231479910
2023-03-19 06:58,3520799047,0,4194304,1,region6_2231479910
2023-03-19 06:59,3520729396,0,569427,4,region6_2231479913
2023-03-19 06:59,3521270222,2703520,142464,2,region6_2231479902
2023-03-19 06:59,3521311418,0,3566885,3,region6_2231479910
2023-03-19 06:59,3521149106,0,193,2,region6_2231479914
2023-03-19 06:59,3521324192,2328785,967210,2,region6_2231479907
2023-03-19 06:59,3521324192,6260649,29758,2,region6_2231479907
2023-03-19 06:59,3521368563,0,5438978,4,region6_2231479911
2023-03-19 06:59,3521490691,6440811,124160,2,region6_2231479902
2023-03-19 06:59,3520931850,0,1486,2,region6_2231479905
2023-03-19 06:59,3521122208,14032284,1138,2,region6_2231479916
2023-03-19 06:59,3520955859,0,52378,2,region6_2231479902
2023-03-19 06:59,3521231512,0,8388608,5,region6_2231479909
2023-03-19 06:59,3521352567,3156864,48,2,region6_2231479902
2023-03-19 06:59,3520992296,40276352,1000832,2,region6_2231479902
2023-03-19 06:59,3520992296,40276352,1000832,2,region6_2231479902
2023-03-19 06:59,3521238007,0,8356953,3,region6_2231479910
2023-03-19 06:59,3520726406,0,70091,2,region6_2231479902
2023-03-19 06:59,3520771211,0,6994744,4,region6_2231479913
2023-03-19 06:59,3521288919,1796027,14688,2,region6_2231479916
2023-03-19 06:59,3521519910,83312,8398256,2,region6_2231479902
2023-03-19 06:59,3521519910,0,4145664,2,region6_2231479902
2023-03-19 06:59,3521479565,0,162215,2,region6_2231479902
2023-03-19 06:59,3521448915,0,8388608,2,region6_2231479906
2023-03-19 06:59,3521573708,0,6827312,2,region6_2231479902
2023-03-19 06:59,3521542025,733810,214101,2,region6_2231479902
2023-03-19 06:59,3521542025,0,733810,2,region6_2231479902
2023-03-19 06:59,3521573708,6429360,2052208,2,region6_2231479902
2023-03-19 06:59,3521323754,0,8388608,2,region6_2231479917
2023-03-19 06:59,3521490201,5280224,48,2,region6_2231479902
2023-03-19 06:59,3521280467,1563389,175084,2,region6_2231479907
2023-03-19 06:59,3521280467,5014237,441879,2,region6_2231479907
2023-03-19 06:59,3521284307,0,8388608,2,region6_2231479911
2023-03-19 06:59,3521549613,0,28109,2,region6_2231479902
2023-03-19 06:59,3521663610,6926470,1462138,2,region6_2231479903
2023-03-19 06:59,3521663610,0,4998794,2,region6_2231479903
2023-03-19 06:59,3521741690,8368458,6417416,2,region6_2231479916
2023-03-19 06:59,3521651627,0,665082,2,region6_2231479916
2023-03-19 06:59,3521651627,665082,5960329,2,region6_2231479916
2023-03-19 06:59,3521493823,0,74483,2,region6_2231479916
2023-03-19 06:59,3521493823,74483,8314125,2,region6_2231479916
2023-03-19 06:59,3521519910,8477824,3744,2,region6_2231479902
2023-03-19 06:59,3521209739,0,5607870,4,region6_2231479923
2023-03-19 06:59,3521209184,0,560864,5,region6_2231479912
2023-03-19 06:59,3521317182,0,176,2,region6_2231479902
2023-03-19 06:59,3521218905,368752,8112816,2,region6_2231479902
2023-03-19 06:59,3521218905,0,5968432,2,region6_2231479902
2023-03-19 06:59,3521381527,0,3089,5,region6_2231479909
2023-03-19 06:59,3521703609,0,14906,2,region6_2231479902
2023-03-19 06:59,3521436026,0,8388608,2,region6_2231479907
2023-03-19 06:59,3521088669,0,10485760,5,region6_2231479909
2023-03-19 06:59,3521274425,0,5005,2,region6_2231479902
2023-03-19 06:59,3521310581,6936640,125952,2,region6_2231479902
2023-03-19 06:59,3521471193,0,6994024,4,region6_2231479913
2023-03-19 06:59,3521558104,0,176,2,region6_2231479902
2023-03-19 06:59,3520854544,0,2112,2,region6_2231479902
2023-03-19 06:59,3520889714,0,6990731,4,region6_2231479913
2023-03-19 06:59,3520945088,0,8481568,2,region6_2231479904
2023-03-19 06:59,3520920462,0,512,2,region6_2231479902
2023-03-19 06:59,3521088669,10485760,2758944,5,region6_2231479909
2023-03-19 06:59,3521118703,0,1033,2,region6_2231479914
2023-03-19 06:59,3521753690,0,8871,2,region6_2231479902
2023-03-19 06:59,3521119355,0,8388608,4,region6_2231479919
2023-03-19 06:59,3520932578,1030016,48,2,region6_2231479902
2023-03-19 06:59,3521277971,0,8388608,2,region6_2231479903
2023-03-19 06:59,3520780779,1805824,48,2,region6_2231479902
2023-03-19 06:59,3521844927,969045,4610231,2,region6_2231479903
2023-03-19 06:59,3521505124,0,2988000,2,region6_2231479903
2023-03-19 06:59,3521555124,0,176,2,region6_2231479902
2023-03-19 06:59,3521649836,0,31981,2,region6_2231479902
2023-03-19 06:59,3521118153,4169072,1048576,2,region6_2231479907
2023-03-19 06:59,3521118153,3625954,1591694,2,region6_2231479907
2023-03-19 06:59,3521152202,0,8481568,6,region6_2231479912
2023-03-19 06:59,3521158527,0,8388608,5,region6_2231479909
2023-03-19 06:59,3521198614,0,3109920,2,region6_2231479904
2023-03-19 06:59,3521198614,3109920,5371648,2,region6_2231479904
2023-03-19 06:59,3521380856,0,8481568,5,region6_2231479909
2023-03-19 06:59,3521465612,0,60877,2,region6_2231479902
2023-03-19 06:59,3521586599,0,696001,2,region6_2231479906
2023-03-19 06:59,3521909144,0,135042,2,region6_2231479902
2023-03-19 06:59,3521198614,3109968,5371600,2,region6_2231479904
2023-03-19 06:59,3521473746,0,1460,2,region6_2231479902
2023-03-19 06:59,3520686529,0,8015704,1,region6_2231479910
2023-03-19 06:59,3521555249,0,6986760,2,region6_2231479906
2023-03-19 06:59,3521899125,0,176,2,region6_2231479902
2023-03-19 06:59,3521899125,8192,112384,2,region6_2231479902
2023-03-19 06:59,3520889164,9868,4194304,1,region6_2231479910
2023-03-19 06:59,3520889164,0,9868,1,region6_2231479910
2023-03-19 06:59,3521380071,0,1839456,2,region6_2231479904
2023-03-19 06:59,3521528431,3847872,31872,2,region6_2231479902
2023-03-19 06:59,3521555249,6986760,4207,2,region6_2231479906
2023-03-19 06:59,3521844900,0,8481568,5,region6_2231479909
2023-03-19 06:59,3521899125,8192,112384,2,region6_2231479902
2023-03-19 06:59,3520846330,0,7361514,3,region6_2231479910
2023-03-19 06:59,3520889164,4204172,4174567,1,region6_2231479910
2023-03-19 06:59,3520959417,7690592,698016,2,region6_2231479903
2023-03-19 06:59,3520959417,2669797,84212,2,region6_2231479903
2023-03-19 06:59,3520959417,0,908384,2,region6_2231479903
2023-03-19 06:59,3521280454,0,6990530,4,region6_2231479913
2023-03-19 06:59,3521312654,0,8481568,5,region6_2231479909
2023-03-19 06:59,3521909144,135042,590238,2,region6_2231479902
2023-03-19 06:59,3520889138,6150944,96000,2,region6_2231479902
2023-03-19 06:59,3521380071,1839504,6642064,2,region6_2231479904
2023-03-19 06:59,3521380071,1839456,6642112,2,region6_2231479904
2023-03-19 06:59,3521294753,0,8388608,2,region6_2231479906
2023-03-19 06:59,3521950594,3364121,1267965,2,region6_2231479907
2023-03-19 06:59,3521089815,0,176,2,region6_2231479902
2023-03-19 06:59,3520696041,4317803,1315904,2,region6_2231479902
2023-03-19 06:59,3521152004,0,176,2,region6_2231479902
2023-03-19 06:59,3521946510,0,1043,2,region6_2231479914
2023-03-19 06:59,3520958398,0,8388608,5,region6_2231479909
2023-03-19 06:59,3521126645,8379456,6037,2,region6_2231479905
2023-03-19 06:59,3521525155,0,115712,2,region6_2231479902
2023-03-19 06:59,3520709221,0,3091744,2,region6_2231479904
2023-03-19 06:59,3520709221,3091744,5389824,2,region6_2231479904
2023-03-19 06:59,3520709221,0,3084320,2,region6_2231479904
2023-03-19 06:59,3521020378,0,7252,2,region6_2231479902
2023-03-19 06:59,3521214838,4240224,15680,2,region6_2231479902
2023-03-19 06:59,3521909144,725280,590238,2,region6_2231479902
2023-03-19 06:59,3520709221,0,8481568,2,region6_2231479904
2023-03-19 06:59,3520721800,5412004,196746,2,region6_2231479902
2023-03-19 06:59,3521121509,0,8779,2,region6_2231479902
2023-03-19 06:59,3522035482,0,456384,2,region6_2231479902
2023-03-19 06:59,3520763600,0,1012958,2,region6_2231479903
2023-03-19 06:59,3520763600,2946866,4058525,2,region6_2231479903
2023-03-19 06:59,3520934586,400561,324008,2,region6_2231479907
2023-03-19 06:59,3520934586,166216,558353,2,region6_2231479907
2023-03-19 06:59,3521032910,4145504,48,2,region6_2231479902
2023-03-19 06:59,3521209739,0,5607870,2,region6_2231479920
2023-03-19 06:59,3521262160,0,2229276,2,region6_2231479903
2023-03-19 06:59,3521572730,0,8388608,5,region6_2231479909
2023-03-19 06:59,3521868551,0,963632,2,region6_2231479902
2023-03-19 06:59,3521868551,1141568,7340000,2,region6_2231479902
2023-03-19 06:59,3522035482,181888,274496,2,region6_2231479902
2023-03-19 06:59,3520721800,5608750,178362,2,region6_2231479902
2023-03-19 06:59,3520721800,5739914,47198,2,region6_2231479902
2023-03-19 06:59,3521542797,1959200,286144,2,region6_2231479902
2023-03-19 06:59,3521786784,0,616930,2,region6_2231479907
2023-03-19 06:59,3521909144,1315518,590238,2,region6_2231479902
2023-03-19 06:59,3521952466,7795328,48,2,region6_2231479902
2023-03-19 06:59,3521324192,0,8388608,2,region6_2231479911
2023-03-19 06:59,3521773582,1178577,569621,2,region6_2231479911
2023-03-19 06:59,3521943510,0,8481568,5,region6_2231479912
2023-03-19 06:59,3520998785,6544555,101894,2,region6_2231479905
2023-03-19 06:59,3521050873,0,4586032,2,region6_2231479904
2023-03-19 06:59,3520906486,2732280,785728,2,region6_2231479907
2023-03-19 06:59,3520906486,584287,84887,2,region6_2231479907
2023-03-19 07:00,3521050873,3487664,4993904,2,region6_2231479904
2023-03-19 07:00,3521909128,0,8481568,2,region6_2231479904
2023-03-19 07:00,3520762029,0,54656,2,region6_2231479902
2023-03-19 07:00,3521559369,0,8388608,5,region6_2231479909
2023-03-19 07:00,3521909144,1905756,393492,2,region6_2231479902
2023-03-19 07:00,3520858439,3571838,48,2,region6_2231479902
2023-03-19 07:00,3521909144,2299312,196746,2,region6_2231479902
2023-03-19 07:00,3522143401,0,8481568,5,region6_2231479909
2023-03-19 07:00,3521335272,5070265,1048576,2,region6_2231479907
2023-03-19 07:00,3521449156,0,2293565,4,region6_2231479913
2023-03-19 07:00,3521732817,0,92256,2,region6_2231479902
2023-03-19 07:00,3520762029,0,54656,2,region6_2231479902
2023-03-19 07:00,3521073485,0,2298,2,region6_2231479902
2023-03-19 07:00,3521149738,3095962,1048576,2,region6_2231479903
2023-03-19 07:00,3521280445,289815,8098793,2,region6_2231479903
2023-03-19 07:00,3522161544,8299391,89217,2,region6_2231479928
2023-03-19 07:00,3520810802,0,136404,2,region6_2231479902
2023-03-19 07:00,3521280445,1963770,5301031,2,region6_2231479903
2023-03-19 07:00,3521654693,7665091,723517,2,region6_2231479907
2023-03-19 07:00,3521654693,1177231,1121114,2,region6_2231479907
2023-03-19 07:00,3521654693,5581060,95455,2,region6_2231479907
2023-03-19 07:00,3521909144,2496058,590238,2,region6_2231479902
2023-03-19 07:00,3522161878,0,711880,2,region6_2231479905
2023-03-19 07:00,3521153267,0,8388608,2,region6_2231479903
2023-03-19 07:00,3521219692,0,5822737,2,region6_2231479903
2023-03-19 07:00,3521423999,0,8373242,3,region6_2231479910
2023-03-19 07:00,3521712539,0,32141,2,region6_2231479902
2023-03-19 07:00,3521852700,0,176,2,region6_2231479902
2023-03-19 07:00,3521260482,0,1796509,1,region6_2231479910
2023-03-19 07:00,3521599072,1368668,6988,2,region6_2231479905
2023-03-19 07:00,3521948850,0,6990831,4,region6_2231479913
2023-03-19 07:00,3521091916,0,8218479,2,region6_2231479911
2023-03-19 07:00,3520952389,0,16634,2,region6_2231479902
2023-03-19 07:00,3521909144,3086296,590238,2,region6_2231479902
2023-03-19 07:00,3521963647,0,6990582,4,region6_2231479913
2023-03-19 07:00,3522087845,5324960,44224,2,region6_2231479902
2023-03-19 07:00,3521851229,0,8388608,2,region6_2231479917
2023-03-19 07:00,3521704088,1661440,1443456,2,region6_2231479902
2023-03-19 07:00,3520672852,0,2031855,2,region6_2231479907
2023-03-19 07:00,3520672852,5402799,2706780,2,region6_2231479907
2023-03-19 07:00,3520672852,7061003,1048576,2,region6_2231479907
2023-03-19 07:00,3520672852,4526433,671204,2,region6_2231479907
2023-03-19 07:00,3521005674,38720064,113856,2,region6_2231479902
2023-03-19 07:00,3521260482,1796509,4795590,1,region6_2231479910
2023-03-19 07:00,3521605332,0,13920,2,region6_2231479902
2023-03-19 07:00,3521794526,0,6426620,2,region6_2231479907
2023-03-19 07:00,3521744253,0,7745838,2,region6_2231479903
2023-03-19 07:00,3521909144,3676534,590238,2,region6_2231479902
2023-03-19 07:00,3521231491,0,1225053,5,region6_2231479909
2023-03-19 07:00,3520934586,166216,558353,2,region6_2231479907
2023-03-19 07:00,3520934586,400561,324008,2,region6_2231479907
2023-03-19 07:00,3521563278,0,1023034,2,region6_2231479906
2023-03-19 07:00,3521909144,4266772,590238,2,region6_2231479902
2023-03-19 07:00,3522017282,0,8382185,3,region6_2231479910
2023-03-19 07:00,3522086006,0,2641410,2,region6_2231479903
2023-03-19 07:00,3521041432,0,476160,2,region6_2231479907
2023-03-19 07:00,3521118729,4495844,169093,2,region6_2231479903
2023-03-19 07:00,3521218930,0,1804887,2,region6_2231479907
2023-03-19 07:00,3521388818,0,3358784,2,region6_2231479904
2023-03-19 07:00,3521388818,0,8481568,2,region6_2231479904
2023-03-19 07:00,3521363857,0,6418931,2,region6_2231479907
2023-03-19 07:00,3521559365,0,2452299,2,region6_2231479905
2023-03-19 07:00,3521130635,0,8388608,2,region6_2231479903
2023-03-19 07:00,3521943020,7669584,173301,2,region6_2231479907
2023-03-19 07:00,3521612176,0,9165,2,region6_2231479902
2023-03-19 07:00,3521085938,485774,162985,2,region6_2231479907
2023-03-19 07:00,3521730032,0,9773,2,region6_2231479902
2023-03-19 07:00,3521909144,4857010,590238,2,region6_2231479902
2023-03-19 07:00,3521192805,0,2293255,2,region6_2231479911
2023-03-19 07:00,3522250509,2227680,34048,2,region6_2231479902
2023-03-19 07:00,3521083305,0,8388608,4,region6_2231479911
2023-03-19 07:00,3521493837,5060195,12427,2,region6_2231479907
2023-03-19 07:00,3521493837,6196677,378438,2,region6_2231479907
2023-03-19 07:00,3521542240,0,8481568,5,region6_2231479909
2023-03-19 07:00,3522027683,5081120,91264,2,region6_2231479902
2023-03-19 07:00,3522189036,0,8481568,2,region6_2231479904
2023-03-19 07:00,3521909144,5447248,590238,2,region6_2231479902
2023-03-19 07:00,3522287628,0,176,2,region6_2231479902
2023-03-19 07:00,3521978168,192,1408,2,region6_2231479902
2023-03-19 07:00,3521867826,0,8388009,1,region6_2231479905
2023-03-19 07:00,3521147677,0,6989135,2,region6_2231479906
2023-03-19 07:00,3521147677,6989135,1646,2,region6_2231479906
2023-03-19 07:00,3522366313,3438048,48,2,region6_2231479902
2023-03-19 07:00,3521490683,4508192,1590208,2,region6_2231479902
2023-03-19 07:00,3521909144,6037486,655820,2,region6_2231479902
2023-03-19 07:00,3521466525,8093563,295045,2,region6_2231479907
2023-03-19 07:00,3521954243,0,25165824,3,region6_2231479911
2023-03-19 07:00,3521466525,7697799,303735,2,region6_2231479907
2023-03-19 07:00,3521466525,0,5397606,2,region6_2231479907
2023-03-19 07:00,3521810651,0,117253,2,region6_2231479902
2023-03-19 07:00,3521956302,0,8481568,5,region6_2231479909
2023-03-19 07:00,3521502123,0,8481568,2,region6_2231479904
2023-03-19 07:00,3521810651,0,407813,2,region6_2231479902
2023-03-19 07:00,3521867826,0,3322,1,region6_2231479905
2023-03-19 07:00,3521916012,0,8378048,1,region6_2231479910
2023-03-19 07:00,3521810651,407813,138344,2,region6_2231479902
2023-03-19 07:00,3521909144,6693306,590238,2,region6_2231479902
2023-03-19 07:00,3521948804,0,25172410,3,region6_2231479916
2023-03-19 07:00,3522144805,0,2082962,5,region6_2231479909
2023-03-19 07:00,3521122208,14032284,1138,2,region6_2231479905
2023-03-19 07:00,3521332771,0,8388608,2,region6_2231479907
2023-03-19 07:00,3521540464,256,256,2,region6_2231479902
2023-03-19 07:00,3522297601,0,8388608,4,region6_2231479919
2023-03-19 07:00,3521631887,0,1001,2,region6_2231479914
2023-03-19 07:00,3522031811,237728,20544,2,region6_2231479902
2023-03-19 07:00,3521909144,7283544,590238,2,region6_2231479902
2023-03-19 07:00,3522446116,3426015,1281905,2,region6_2231479907
2023-03-19 07:00,3522446116,945495,609724,2,region6_2231479907
2023-03-19 07:00,3521683422,0,7834165,2,region6_2231479903
2023-03-19 07:00,3522037872,0,489745,2,region6_2231479905
2023-03-19 07:00,3521045689,0,100844,2,region6_2231479902
2023-03-19 07:00,3521829590,0,1048576,5,region6_2231479909
2023-03-19 07:00,3521249493,0,8388608,2,region6_2231479903
2023-03-19 07:00,3520992296,20294592,1000832,2,region6_2231479902
2023-03-19 07:00,3521291721,498810,2020336,2,region6_2231479903
2023-03-19 07:00,3521363857,0,6418931,2,region6_2231479906
2023-03-19 07:00,3521045689,391404,213120,2,region6_2231479902
2023-03-19 07:00,3521045689,100844,503680,2,region6_2231479902
2023-03-19 07:00,3521829590,1048576,1048576,5,region6_2231479909
2023-03-19 07:00,3521122208,14032284,1138,2,region6_2231479905
2023-03-19 07:00,3521759854,5891280,2590288,2,region6_2231479904
2023-03-19 07:00,3521759854,0,5891232,2,region6_2231479904
2023-03-19 07:00,3521759854,5891232,2590336,2,region6_2231479904
2023-03-19 07:00,3521759854,0,2810976,2,region6_2231479904
2023-03-19 07:00,3521909144,7873782,524656,2,region6_2231479902
2023-03-19 07:00,3521965726,0,698961,2,region6_2231479907
2023-03-19 07:00,3522390453,0,53696,2,region6_2231479902
2023-03-19 07:00,3521686290,6892192,48320,2,region6_2231479902
2023-03-19 07:00,3522389096,0,3828694,5,region6_2231479909
2023-03-19 07:00,3521528876,0,4954,2,region6_2231479902
2023-03-19 07:00,3520791764,0,56781,2,region6_2231479902
2023-03-19 07:00,3521448920,0,8388608,2,region6_2231479906
2023-03-19 07:00,3521909144,8398438,83130,2,region6_2231479902
2023-03-19 07:00,3522298700,74488,3034817,2,region6_2231479911
2023-03-19 07:00,3522298700,7661409,90532,2,region6_2231479911
2023-03-19 07:00,3522298700,4227469,44028,2,region6_2231479911
2023-03-19 07:00,3522491193,3788408,40916,2,region6_2231479907
2023-03-19 07:00,3522491193,0,20472,2,region6_2231479907
2023-03-19 07:00,3521795275,0,8388608,2,region6_2231479907
2023-03-19 07:00,3521276577,81945,1654470,2,region6_2231479905
2023-03-19 07:00,3521471151,0,1280,2,region6_2231479902
2023-03-19 07:00,3521751615,0,8371644,1,region6_2231479910
2023-03-19 07:00,3521767137,0,25165824,3,region6_2231479911
2023-03-19 07:00,3521122208,14032284,1138,2,region6_2231479905
2023-03-19 07:00,3522460082,6657967,1730641,2,region6_2231479916
2023-03-19 07:00,3521301946,904561,1048576,2,region6_2231479905
2023-03-19 07:00,3521301946,904561,1048576,2,region6_2231479905
2023-03-19 07:00,3521424654,1073117,7315491,2,region6_2231479907
2023-03-19 07:00,3522310470,0,12576,2,region6_2231479902
2023-03-19 07:00,3521301946,904561,1048576,2,region6_2231479905
2023-03-19 07:00,3521424654,8192177,196431,2,region6_2231479907
2023-03-19 07:00,3521424654,3244089,2403189,2,region6_2231479907
2023-03-19 07:00,3522325503,7985634,26694,2,region6_2231479907
2023-03-19 07:00,3522325503,3022624,617903,2,region6_2231479907
2023-03-19 07:00,3522517061,1467731,878738,2,region6_2231479911
2023-03-19 07:00,3521278047,2489432,5899176,2,region6_2231479903
2023-03-19 07:00,3521295157,0,3507407,5,region6_2231479909
2023-03-19 07:00,3521302268,0,8481568,2,region6_2231479902
2023-03-19 07:00,3521302268,0,856848,2,region6_2231479902
2023-03-19 07:00,3521465790,0,8388608,4,region6_2231479919
2023-03-19 07:00,3520794225,0,152982,2,region6_2231479902
2023-03-19 07:00,3522537553,0,8388608,4,region6_2231479918
2023-03-19 07:00,3521829590,1048576,1048576,5,region6_2231479909
2023-03-19 07:00,3521956323,7108706,1279902,2,region6_2231479907
2023-03-19 07:00,3521956323,4464105,1316112,2,region6_2231479907
2023-03-19 07:00,3521956323,737512,1187170,2,region6_2231479907
2023-03-19 07:00,3522142969,0,1060,2,region6_2231479914
2023-03-19 07:00,3520794225,0,152982,2,region6_2231479902
2023-03-19 07:00,3521411570,0,8388608,2,region6_2231479906
2023-03-19 07:00,3522487395,0,8376682,1,region6_2231479910
2023-03-19 07:00,3521829590,2097152,1048576,5,region6_2231479909
2023-03-19 07:00,3521552852,0,3962,2,region6_2231479902
2023-03-19 07:00,3522188054,7903918,484690,2,region6_2231479907
2023-03-19 07:01,3521411945,0,8388608,2,region6_2231479906
2023-03-19 07:01,3521969358,1847888,6633680,2,region6_2231479902
2023-03-19 07:01,3521969358,0,1861792,2,region6_2231479902
2023-03-19 07:01,3521552425,3517792,48,2,region6_2231479902
2023-03-19 07:01,3521751640,0,1035,2,region6_2231479914
2023-03-19 07:01,3521829590,4194304,1048576,5,region6_2231479909
2023-03-19 07:01,3521829590,3145728,1048576,5,region6_2231479909
2023-03-19 07:01,3520763952,0,8388608,2,region6_2231479906
2023-03-19 07:01,3522442211,4373760,140224,2,region6_2231479902
2023-03-19 07:01,3522330566,5778848,48,2,region6_2231479902
2023-03-19 07:01,3521502744,0,605983,4,region6_2231479905
2023-03-19 07:01,3521911259,0,74490,2,region6_2231479902
2023-03-19 07:01,3522053772,0,8388608,2,region6_2231479906
2023-03-19 07:01,3522277427,0,8481568,2,region6_2231479904
2023-03-19 07:01,3522035052,5405254,5937,2,region6_2231479905
2023-03-19 07:01,3522037892,4723314,2361657,1,region6_2231479910
2023-03-19 07:01,3522037892,2361657,2361657,1,region6_2231479910
2023-03-19 07:01,3522053329,1942680,48,2,region6_2231479902
2023-03-19 07:01,3522400632,0,4714117,2,region6_2231479903
2023-03-19 07:01,3522037892,7084971,916270,1,region6_2231479910
2023-03-19 07:01,3520798005,1164208,1048576,2,region6_2231479905
2023-03-19 07:01,3520798005,1164208,1048576,2,region6_2231479905
2023-03-19 07:01,3522053724,930502,999241,2,region6_2231479907
2023-03-19 07:01,3522053724,5298504,728325,2,region6_2231479907
2023-03-19 07:01,3521761809,0,6990531,4,region6_2231479913
2023-03-19 07:01,3521338852,152278,1053116,2,region6_2231479908
2023-03-19 07:01,3522143967,0,4374763,2,region6_2231479907
2023-03-19 07:01,3521933577,0,2509527,2,region6_2231479933
2023-03-19 07:01,3522220957,0,1048576,5,region6_2231479909
2023-03-19 07:01,3522590667,1721216,48,2,region6_2231479902
2023-03-19 07:01,3521544219,5656055,2732553,2,region6_2231479903
2023-03-19 07:01,3521544219,0,2859257,2,region6_2231479903
2023-03-19 07:01,3521744303,999328,48,2,region6_2231479902
2023-03-19 07:01,3521767837,0,8388608,2,region6_2231479933
2023-03-19 07:01,3521241083,4089248,206656,2,region6_2231479902
2023-03-19 07:01,3522220957,1048576,1048576,5,region6_2231479909
2023-03-19 07:01,3521122208,14032284,1138,2,region6_2231479905
2023-03-19 07:01,3522508446,7413088,1068480,2,region6_2231479902
2023-03-19 07:01,3522546696,0,8388608,2,region6_2231479917
2023-03-19 07:01,3521911240,0,107149,4,region6_2231479919
2023-03-19 07:01,3522251699,0,8481568,5,region6_2231479909
2023-03-19 07:01,3520782592,4359079,2090033,2,region6_2231479907
2023-03-19 07:01,3522492066,5848788,1147653,2,region6_2231479905
2023-03-19 07:01,3522321939,0,6349,2,region6_2231479902
2023-03-19 07:01,3521829590,5242880,1048576,5,region6_2231479909
2023-03-19 07:01,3521829590,6291456,1048576,5,region6_2231479909
2023-03-19 07:01,3522220957,2097152,1048576,5,region6_2231479909
2023-03-19 07:01,3522367666,6107568,114571,2,region6_2231479907
2023-03-19 07:01,3522367666,8104405,133709,2,region6_2231479907
2023-03-19 07:01,3522367666,2019178,1078777,2,region6_2231479907
2023-03-19 07:01,3522647843,0,5210,2,region6_2231479902
2023-03-19 07:01,3522653853,0,8388608,2,region6_2231479907
2023-03-19 07:01,3522182173,0,2185525,4,region6_2231479913
2023-03-19 07:01,3522321905,3508608,48,2,region6_2231479902
2023-03-19 07:01,3521689456,0,1043,2,region6_2231479914
2023-03-19 07:01,3522148841,0,9172,2,region6_2231479902
2023-03-19 07:01,3522293380,0,4400214,2,region6_2231479907
2023-03-19 07:01,3522515598,0,8388608,4,region6_2231479920
2023-03-19 07:01,3521418887,0,8388608,2,region6_2231479906
2023-03-19 07:01,3522220957,3145728,1048576,5,region6_2231479909
2023-03-19 07:01,3521286340,5776796,2611812,2,region6_2231479907
2023-03-19 07:01,3521286340,2710286,1518605,2,region6_2231479907
2023-03-19 07:01,3521771581,0,7821,2,region6_2231479902
2023-03-19 07:01,3521775536,0,8481568,2,region6_2231479904
2023-03-19 07:01,3522195429,128,512,2,region6_2231479902
2023-03-19 07:01,3522220957,4194304,1048576,5,region6_2231479909
2023-03-19 07:01,3522328404,1603200,1728,2,region6_2231479902
2023-03-19 07:01,3521703676,7591680,54208,2,region6_2231479902
2023-03-19 07:01,3521894022,0,6362,2,region6_2231479902
2023-03-19 07:01,3522389370,0,8388608,2,region6_2231479917
2023-03-19 07:01,3522483483,3764352,38336,2,region6_2231479902
2023-03-19 07:01,3522757471,0,6991648,4,region6_2231479913
2023-03-19 07:01,3522339394,3492945,1048576,2,region6_2231479907
2023-03-19 07:01,3522339394,2950969,1590552,2,region6_2231479907
2023-03-19 07:01,3522424850,0,8388608,5,region6_2231479909
2023-03-19 07:01,3522575850,0,1430,2,region6_2231479902
2023-03-19 07:01,3521502744,0,605983,2,region6_2231479905
2023-03-19 07:01,3522768304,0,8388608,2,region6_2231479903
2023-03-19 07:01,3522874935,0,6994229,4,region6_2231479913
2023-03-19 07:01,3521962226,0,8388608,4,region6_2231479927
2023-03-19 07:01,3522044391,0,1938490,5,region6_2231479912
2023-03-19 07:01,3522101097,0,2667,5,region6_2231479909
2023-03-19 07:01,3522220957,5242880,1048576,5,region6_2231479909
2023-03-19 07:01,3522404992,0,176,2,region6_2231479902
2023-03-19 07:01,3521976439,8620447,1216384,2,region6_2231479902
2023-03-19 07:01,3522037733,0,176,2,region6_2231479902
2023-03-19 07:01,3521122208,14032284,1138,2,region6_2231479916
2023-03-19 07:01,3522981412,0,6993942,2,region6_2231479906
2023-03-19 07:01,3522990898,0,7839399,2,region6_2231479906
2023-03-19 07:01,3521719606,2126800,1049312,2,region6_2231479902
2023-03-19 07:01,3522203578,0,1048576,5,region6_2231479909
2023-03-19 07:01,3522459134,0,67213,2,region6_2231479902
2023-03-19 07:01,3522651714,1996576,154944,2,region6_2231479902
2023-03-19 07:01,3522660741,964896,7423712,2,region6_2231479907
2023-03-19 07:01,3522220957,6291456,1048576,5,region6_2231479909
2023-03-19 07:01,3522805737,0,6991491,5,region6_2231479909
2023-03-19 07:01,3522277244,0,8481568,2,region6_2231479904
2023-03-19 07:01,3522489801,0,176,2,region6_2231479902
2023-03-19 07:01,3522502667,0,1771003,2,region6_2231479905
2023-03-19 07:01,3521829590,6291456,1048576,5,region6_2231479909
2023-03-19 07:01,3521948804,25165824,6586,1,region6_2231479916
2023-03-19 07:01,3522159502,0,2710,4,region6_2231479913
2023-03-19 07:01,3521719606,3176112,983730,2,region6_2231479902
2023-03-19 07:01,3522220957,7340032,1048576,5,region6_2231479909
2023-03-19 07:01,3522527274,0,8388608,5,region6_2231479909
2023-03-19 07:01,3521525155,0,115712,2,region6_2231479902
2023-03-19 07:01,3521525155,0,115712,2,region6_2231479902
2023-03-19 07:01,3521829590,7340032,1048576,5,region6_2231479909
2023-03-19 07:01,3522251702,0,8481568,5,region6_2231479909
2023-03-19 07:01,3522476448,3264384,479936,2,region6_2231479902
2023-03-19 07:01,3523120017,0,8167394,3,region6_2231479910
2023-03-19 07:01,3522220957,8388608,92960,5,region6_2231479909
2023-03-19 07:01,3522301223,0,8365509,3,region6_2231479910
2023-03-19 07:01,3522437776,0,5911648,2,region6_2231479904
2023-03-19 07:01,3522210043,0,39233,2,region6_2231479902
2023-03-19 07:01,3522301203,6285508,1048576,2,region6_2231479907
2023-03-19 07:01,3522301203,0,1158951,2,region6_2231479907
2023-03-19 07:01,3522301203,4880579,2453505,2,region6_2231479907
2023-03-19 07:01,3522350056,0,3333436,5,region6_2231479909
2023-03-19 07:01,3520684432,0,4843115,2,region6_2231479907
2023-03-19 07:01,3523115529,1596769,6791839,2,region6_2231479907
2023-03-19 07:01,3523115529,0,158471,2,region6_2231479907
2023-03-19 07:01,3520693902,0,7552753,3,region6_2231479910
2023-03-19 07:01,3522301203,2183499,2544219,2,region6_2231479907
2023-03-19 07:01,3522437776,5911648,2569920,2,region6_2231479904
2023-03-19 07:01,3522437776,5911696,2569872,2,region6_2231479904
2023-03-19 07:01,3522465218,684732,7703876,2,region6_2231479907
2023-03-19 07:01,3522491168,0,131052,2,region6_2231479902
2023-03-19 07:01,3522506063,0,2646,4,region6_2231479913
2023-03-19 07:01,3521284307,0,8388608,2,region6_2231479911
2023-03-19 07:01,3522645177,5494999,668,2,region6_2231479916
2023-03-19 07:01,3523109570,0,4917064,2,region6_2231479907
2023-03-19 07:01,3522060304,0,692114,2,region6_2231479907
2023-03-19 07:01,3522203578,0,1048576,5,region6_2231479909
2023-03-19 07:01,3522203578,1048576,1048576,5,region6_2231479909
2023-03-19 07:01,3520743111,935679,1048576,2,region6_2231479905
2023-03-19 07:01,3520743111,935679,1048576,2,region6_2231479905
2023-03-19 07:01,3520743111,935679,1048576,2,region6_2231479905
2023-03-19 07:01,3522642543,0,4602238,2,region6_2231479907
2023-03-19 07:01,3522645177,0,2954387,2,region6_2231479916
2023-03-19 07:01,3522645177,2954387,2540612,2,region6_2231479916
2023-03-19 07:01,3522739465,7873520,608048,2,region6_2231479904
2023-03-19 07:01,3522739465,0,2387120,2,region6_2231479904
2023-03-19 07:01,3522739465,1952048,6529520,2,region6_2231479904
2023-03-19 07:01,3522645177,5495667,2892941,2,region6_2231479916
2023-03-19 07:01,3522852320,0,6990843,4,region6_2231479913
2023-03-19 07:01,3522988668,0,1048576,5,region6_2231479909
2023-03-19 07:01,3523017503,0,5300,2,region6_2231479902
2023-03-19 07:01,3522027361,6299056,2089552,2,region6_2231479905
2023-03-19 07:01,3522027361,0,6299056,2,region6_2231479905
2023-03-19 07:01,3522138037,0,8296916,3,region6_2231479910
2023-03-19 07:01,3521673745,1439446,965852,2,region6_2231479907
2023-03-19 07:01,3522494657,0,6990541,2,region6_2231479906
2023-03-19 07:01,3522988668,1048576,1048576,5,region6_2231479909
2023-03-19 07:01,3522091564,4940121,3448487,2,region6_2231479907
2023-03-19 07:01,3522091564,0,3559597,2,region6_2231479907
2023-03-19 07:01,3522833358,0,6353711,2,region6_2231479907
2023-03-19 07:01,3521324192,0,8388608,2,region6_2231479906
2023-03-19 07:01,3523127058,4019123,1588416,2,region6_2231479907
2023-03-19 07:01,3523127058,4558963,1048576,2,region6_2231479907
2023-03-19 07:01,3522649303,3235936,48,2,region6_2231479902
2023-03-19 07:01,3522712365,884560,7597008,2,region6_2231479902
2023-03-19 07:01,3522712365,0,2958480,2,region6_2231479902
2023-03-19 07:01,3522988668,2097152,1048576,5,region6_2231479909
2023-03-19 07:01,3523150371,2953956,40645,2,region6_2231479907
2023-03-19 07:01,3522461003,0,2449984,2,region6_2231479904
2023-03-19 07:01,3522461003,0,8481568,2,region6_2231479904
2023-03-19 07:02,3522434853,0,8379360,3,region6_2231479910
2023-03-19 07:02,3522353039,0,8388608,2,region6_2231479902
2023-03-19 07:02,3522627928,0,1756256,5,region6_2231479912
2023-03-19 07:02,3522988668,3145728,1048576,5,region6_2231479909
2023-03-19 07:02,3522930953,0,6990675,4,region6_2231479913
2023-03-19 07:02,3523228366,0,8167814,3,region6_2231479910
2023-03-19 07:02,3522598204,0,50106,2,region6_2231479902
2023-03-19 07:02,3522649303,8458080,48,2,region6_2231479902
2023-03-19 07:02,3522239911,0,615287,5,region6_2231479909
2023-03-19 07:02,3523229880,0,8481568,2,region6_2231479904
2023-03-19 07:02,3522897063,0,1225383,2,region6_2231479908
2023-03-19 07:02,3522988668,4194304,1048576,5,region6_2231479909
2023-03-19 07:02,3523129310,7721568,407296,2,region6_2231479902
2023-03-19 07:02,3522651679,0,140805,2,region6_2231479902
2023-03-19 07:02,3522818605,0,8481568,5,region6_2231479909
2023-03-19 07:02,3522839799,0,8388608,4,region6_2231479911
2023-03-19 07:02,3522868537,0,8388608,2,region6_2231479907
2023-03-19 07:02,3522276972,1816,1372,2,region6_2231479902
2023-03-19 07:02,3522651679,140805,27496,2,region6_2231479902
2023-03-19 07:02,3522992605,0,8388608,4,region6_2231479920
2023-03-19 07:02,3522649116,0,8388608,2,region6_2231479907
2023-03-19 07:02,3520936615,951618,1048576,2,region6_2231479905
2023-03-19 07:02,3520936615,951618,1048576,2,region6_2231479905
2023-03-19 07:02,3522988668,5242880,219457,5,region6_2231479909
2023-03-19 07:02,3520987589,0,98400,2,region6_2231479902
2023-03-19 07:02,3521367050,0,266202,2,region6_2231479902
2023-03-19 07:02,3520987589,98400,182848,2,region6_2231479902
2023-03-19 07:02,3522628012,0,8388608,2,region6_2231479907
2023-03-19 07:02,3521546894,0,458116,2,region6_2231479906
2023-03-19 07:02,3521115457,0,575328,2,region6_2231479902
2023-03-19 07:02,3520874821,0,4453731,2,region6_2231479907
2023-03-19 07:02,3522999153,0,6994364,4,region6_2231479913
2023-03-19 07:02,3523108641,0,4194304,2,region6_2231479906
2023-03-19 07:02,3523108641,4194304,4194304,2,region6_2231479906
2023-03-19 07:02,3523345870,0,8388608,5,region6_2231479909
2023-03-19 07:02,3523150634,0,8049368,2,region6_2231479907
2023-03-19 07:02,3522203578,1048576,1048576,5,region6_2231479909
2023-03-19 07:02,3523307538,0,8013,2,region6_2231479902
2023-03-19 07:02,3520847136,0,7558938,2,region6_2231479903
2023-03-19 07:02,3523380181,1436448,42816,2,region6_2231479902
2023-03-19 07:02,3521355012,0,7773373,2,region6_2231479906
2023-03-19 07:02,3523223967,0,1957511,1,region6_2231479911
2023-03-19 07:02,3522676594,0,4575241,2,region6_2231479907
2023-03-19 07:02,3522803453,0,7361086,4,region6_2231479923
2023-03-19 07:02,3522739918,0,8481568,2,region6_2231479904
2023-03-19 07:02,3522739918,0,8481568,2,region6_2231479904
2023-03-19 07:02,3522982877,0,8481568,5,region6_2231479909
2023-03-19 07:02,3520840124,8192,72666,2,region6_2231479902
2023-03-19 07:02,3520840124,0,176,2,region6_2231479902
2023-03-19 07:02,3522180716,3875664,503565,2,region6_2231479907
2023-03-19 07:02,3522520994,704,128,2,region6_2231479902
2023-03-19 07:02,3522756004,0,6991851,4,region6_2231479913
2023-03-19 07:02,3522382657,0,176,2,region6_2231479902
2023-03-19 07:02,3523239034,0,6990649,4,region6_2231479913
2023-03-19 07:02,3521068926,4576864,48,2,region6_2231479902
2023-03-19 07:02,3522813025,0,640,2,region6_2231479902
2023-03-19 07:02,3523396442,657408,28224,2,region6_2231479902
2023-03-19 07:02,3522567241,4906016,32384,2,region6_2231479902
2023-03-19 07:02,3523192805,4678608,262328,2,region6_2231479902
2023-03-19 07:02,3523022501,0,6944327,5,region6_2231479909
2023-03-19 07:02,3523178237,0,8388608,5,region6_2231479909
2023-03-19 07:02,3521126645,8379456,6037,2,region6_2231479905
2023-03-19 07:02,3520790047,0,15975,2,region6_2231479902
2023-03-19 07:02,3522736257,0,4670125,2,region6_2231479907
2023-03-19 07:02,3522492111,0,20067957,3,region6_2231479911
2023-03-19 07:02,3522599978,0,8482388,6,region6_2231479912
2023-03-19 07:02,3521324192,0,8388608,2,region6_2231479911
2023-03-19 07:02,3523150626,0,7972306,5,region6_2231479909
2023-03-19 07:02,3522053772,0,8388608,2,region6_2231479906
2023-03-19 07:02,3521126645,7269538,1119070,2,region6_2231479905
2023-03-19 07:02,3522852274,0,8379254,1,region6_2231479910
2023-03-19 07:02,3522702324,0,51008,2,region6_2231479902
2023-03-19 07:02,3522093990,0,176,2,region6_2231479902
2023-03-19 07:02,3523223967,1957511,2097152,1,region6_2231479911
2023-03-19 07:02,3523497419,0,8481568,5,region6_2231479909
2023-03-19 07:02,3523068629,0,8388608,2,region6_2231479906
2023-03-19 07:02,3523126232,1655776,564608,2,region6_2231479902
2023-03-19 07:02,3522203578,1048576,1048576,5,region6_2231479909
2023-03-19 07:02,3523027949,0,600480,2,region6_2231479904
2023-03-19 07:02,3521324192,0,8388608,2,region6_2231479911
2023-03-19 07:02,3523334362,0,6414379,2,region6_2231479906
2023-03-19 07:02,3523027949,600528,7881040,2,region6_2231479904
2023-03-19 07:02,3523027949,600480,7881088,2,region6_2231479904
2023-03-19 07:02,3521411570,0,8388608,2,region6_2231479906
2023-03-19 07:02,3523492841,0,8481568,5,region6_2231479909
2023-03-19 07:02,3523540448,0,4808642,2,region6_2231479903
2023-03-19 07:02,3523370684,0,1048576,5,region6_2231479909
2023-03-19 07:02,3522527058,1226520,7162088,2,region6_2231479907
2023-03-19 07:02,3520827524,0,4009241,2,region6_2231479905
2023-03-19 07:02,3522985644,0,8481568,5,region6_2231479909
2023-03-19 07:02,3523370684,1048576,1048576,5,region6_2231479909
2023-03-19 07:02,3520714086,8036716,29376,2,region6_2231479902
2023-03-19 07:02,3521294753,0,8388608,2,region6_2231479906
2023-03-19 07:02,3523163824,1481632,48,2,region6_2231479902
2023-03-19 07:02,3522238213,0,1812912,2,region6_2231479905
2023-03-19 07:02,3522995584,7709740,678868,2,region6_2231479916
2023-03-19 07:02,3523134600,0,7922862,1,region6_2231479910
2023-03-19 07:02,3523358753,0,8388608,2,region6_2231479907
2023-03-19 07:02,3522640125,0,8482388,5,region6_2231479909
2023-03-19 07:02,3523157232,0,531637,2,region6_2231479907
2023-03-19 07:02,3523496609,0,3264,2,region6_2231479902
2023-03-19 07:02,3523165792,0,1048576,5,region6_2231479909
2023-03-19 07:02,3523165792,1048576,1048576,5,region6_2231479909
2023-03-19 07:02,3523350296,0,6990658,4,region6_2231479913
2023-03-19 07:02,3523370684,2097152,1048576,5,region6_2231479909
2023-03-19 07:02,3523325224,0,8388608,2,region6_2231479903
2023-03-19 07:02,3522711679,7079456,443200,2,region6_2231479902
2023-03-19 07:02,3522741066,0,8481568,5,region6_2231479909
2023-03-19 07:02,3522744797,0,4628098,2,region6_2231479907
2023-03-19 07:02,3522846330,755264,112576,2,region6_2231479902
2023-03-19 07:02,3523242136,0,4749,2,region6_2231479902
2023-03-19 07:02,3521913084,0,1052,2,region6_2231479914
2023-03-19 07:02,3520666539,1113323,194176,2,region6_2231479902
2023-03-19 07:02,3522666854,0,7102140,3,region6_2231479910
2023-03-19 07:02,3523191884,2845936,327431,2,region6_2231479905
2023-03-19 07:02,3523370684,3145728,1048576,5,region6_2231479909
2023-03-19 07:02,3523444635,0,25165824,3,region6_2231479911
2023-03-19 07:02,3521122208,14032284,1138,2,region6_2231479905
2023-03-19 07:02,3522651705,0,3437,2,region6_2231479902
2023-03-19 07:02,3522992154,0,6554055,6,region6_2231479912
2023-03-19 07:02,3522203578,1048576,1048576,5,region6_2231479909
2023-03-19 07:02,3522994541,0,8481568,2,region6_2231479904
2023-03-19 07:02,3522179568,0,19053,2,region6_2231479902
2023-03-19 07:02,3523370684,4194304,1048576,5,region6_2231479909
2023-03-19 07:03,3523454689,0,201681,2,region6_2231479903
2023-03-19 07:03,3523546067,0,8388608,5,region6_2231479909
2023-03-19 07:03,3522702636,0,642656,4,region6_2231479911
2023-03-19 07:03,3521546894,0,458116,2,region6_2231479906
2023-03-19 07:03,3523454689,1554748,6833860,2,region6_2231479903
2023-03-19 07:03,3523581333,7392092,6873912,2,region6_2231479904
2023-03-19 07:03,3523581333,870364,10485760,2,region6_2231479904
2023-03-19 07:03,3523581333,0,4614364,2,region6_2231479904
2023-03-19 07:03,3521418887,0,8388608,2,region6_2231479906
2023-03-19 07:03,3523177402,0,1048576,5,region6_2231479909
2023-03-19 07:03,3523370684,5242880,1048576,5,region6_2231479909
2023-03-19 07:03,3523694218,8332256,134656,2,region6_2231479902
2023-03-19 07:03,3522815512,0,2936708,2,region6_2231479905
2023-03-19 07:03,3523250164,0,8388608,2,region6_2231479906
2023-03-19 07:03,3523468855,0,10855,2,region6_2231479902
2023-03-19 07:03,3523118606,0,8481568,5,region6_2231479909
2023-03-19 07:03,3523165792,1048576,1048576,5,region6_2231479909
2023-03-19 07:03,3523580443,0,10427412,6,region6_2231479912
2023-03-19 07:03,3523672938,0,8481568,5,region6_2231479909
2023-03-19 07:03,3521872940,0,8388608,2,region6_2231479907
2023-03-19 07:03,3523139248,2139517,372794,2,region6_2231479907
2023-03-19 07:03,3523139248,0,416896,2,region6_2231479907
2023-03-19 07:03,3523177402,1048576,1048576,5,region6_2231479909
2023-03-19 07:03,3523370684,6291456,1048576,5,region6_2231479909
2023-03-19 07:03,3523370684,7340032,1048576,5,region6_2231479909
2023-03-19 07:03,3520693210,2445536,4340002,2,region6_2231479903
2023-03-19 07:03,3520693210,5736962,1048576,2,region6_2231479903
2023-03-19 07:03,3520693210,0,2227264,2,region6_2231479903
2023-03-19 07:03,3520693210,2445536,4340002,2,region6_2231479903
2023-03-19 07:03,3523484195,3835328,48,2,region6_2231479902
2023-03-19 07:03,3523524491,0,8388608,4,region6_2231479911
2023-03-19 07:03,3523118745,0,4240784,6,region6_2231479912
2023-03-19 07:03,3523694384,0,9454746,6,region6_2231479912
2023-03-19 07:03,3523157254,0,8388608,2,region6_2231479917
2023-03-19 07:03,3523165792,2097152,1048576,5,region6_2231479909
2023-03-19 07:03,3523177402,2097152,1048576,5,region6_2231479909
2023-03-19 07:03,3523223967,4054663,279282,1,region6_2231479911
2023-03-19 07:03,3523458689,6507680,521600,2,region6_2231479902
2023-03-19 07:03,3521381443,0,7256000,2,region6_2231479907
2023-03-19 07:03,3522980539,0,8481568,2,region6_2231479904
2023-03-19 07:03,3522980539,0,6911200,2,region6_2231479904
2023-03-19 07:03,3523020855,0,10485760,5,region6_2231479909
2023-03-19 07:03,3521595595,1015523,1048576,2,region6_2231479908
2023-03-19 07:03,3522987819,0,26818,1,region6_2231479910
2023-03-19 07:03,3523020855,10485760,5240199,5,region6_2231479909
2023-03-19 07:03,3522671852,2347776,48,2,region6_2231479902
2023-03-19 07:03,3523453903,1419840,48,2,region6_2231479902
2023-03-19 07:03,3523446565,0,8388608,2,region6_2231479907
2023-03-19 07:03,3523115914,654156,252114,2,region6_2231479907
2023-03-19 07:03,3523147828,659807,957070,2,region6_2231479902
2023-03-19 07:03,3523147828,369247,1247630,2,region6_2231479902
2023-03-19 07:03,3523147828,0,369247,2,region6_2231479902
2023-03-19 07:03,3523165792,3145728,1048576,5,region6_2231479909
2023-03-19 07:03,3523177402,3145728,1048576,5,region6_2231479909
2023-03-19 07:03,3523217746,0,8481568,2,region6_2231479904
2023-03-19 07:03,3523220314,0,41664,5,region6_2231479912
2023-03-19 07:03,3521795275,0,8388608,2,region6_2231479907
2023-03-19 07:03,3523406558,0,8388608,2,region6_2231479906
2023-03-19 07:03,3522914132,1483644,1380989,2,region6_2231479903
2023-03-19 07:03,3522987819,26818,8334971,1,region6_2231479910
2023-03-19 07:03,3522664251,6099520,48,2,region6_2231479902
2023-03-19 07:03,3523642654,0,8481568,2,region6_2231479902
2023-03-19 07:03,3523642654,0,8481568,2,region6_2231479902
2023-03-19 07:03,3523763299,0,8481568,5,region6_2231479912
2023-03-19 07:03,3523165792,4194304,1048576,5,region6_2231479909
2023-03-19 07:03,3523177402,4194304,1048576,5,region6_2231479909
2023-03-19 07:03,3521359755,0,8213376,2,region6_2231479911
2023-03-19 07:03,3522988739,3635392,277760,2,region6_2231479902
2023-03-19 07:03,3523165792,5242880,1048576,5,region6_2231479909
2023-03-19 07:03,3522203578,1048576,1048576,5,region6_2231479909
2023-03-19 07:03,3523816170,0,8388608,2,region6_2231479906
2023-03-19 07:03,3523438598,0,418065,2,region6_2231479906
2023-03-19 07:03,3521018864,4134618,215717,2,region6_2231479907
2023-03-19 07:03,3521018864,1929428,735135,2,region6_2231479907
2023-03-19 07:03,3523006426,0,8481568,5,region6_2231479909
2023-03-19 07:03,3523177402,5242880,1048576,5,region6_2231479909
2023-03-19 07:03,3522871472,1593728,48,2,region6_2231479902
2023-03-19 07:03,3523544920,0,4619294,2,region6_2231479903
2023-03-19 07:03,3523803611,4733388,204608,2,region6_2231479902
2023-03-19 07:03,3522071909,3324790,2470106,2,region6_2231479916
2023-03-19 07:03,3522071909,0,3324790,2,region6_2231479916
2023-03-19 07:03,3523177402,6291456,1048576,5,region6_2231479909
2023-03-19 07:03,3522578205,0,3163778,2,region6_2231479907
2023-03-19 07:03,3522165943,1036,6120,2,region6_2231479902
2023-03-19 07:03,3523674506,0,3284,2,region6_2231479902
2023-03-19 07:03,3523125253,0,896,2,region6_2231479902
2023-03-19 07:03,3520729402,0,604337,2,region6_2231479908
2023-03-19 07:03,3520864571,5192358,1048576,2,region6_2231479905
2023-03-19 07:03,3520864571,5192358,1048576,2,region6_2231479905
2023-03-19 07:03,3523177402,7340032,1048576,5,region6_2231479909
2023-03-19 07:03,3523177402,8388608,92960,5,region6_2231479909
2023-03-19 07:03,3521858405,0,8388608,4,region6_2231479920
2023-03-19 07:03,3523578374,7648512,48,2,region6_2231479902
2023-03-19 07:03,3521041247,0,176,2,region6_2231479902
2023-03-19 07:03,3523181542,1103936,36928,2,region6_2231479902
2023-03-19 07:03,3523587260,0,6990517,4,region6_2231479913
2023-03-19 07:03,3522460217,246968,24,2,region6_2231479908
2023-03-19 07:03,3523243542,0,3639822,2,region6_2231479905
2023-03-19 07:03,3523402370,0,1026,2,region6_2231479914
2023-03-19 07:03,3523628920,3576624,4904944,2,region6_2231479902
2023-03-19 07:03,3523628920,0,3845744,2,region6_2231479902
2023-03-19 07:03,3523243542,3639822,4748786,2,region6_2231479905
2023-03-19 07:03,3521680064,0,307130,2,region6_2231479902
2023-03-19 07:03,3523207452,4483620,3904988,2,region6_2231479905
2023-03-19 07:03,3523207452,0,4483620,2,region6_2231479905
2023-03-19 07:03,3523754010,0,4462829,2,region6_2231479907
2023-03-19 07:03,3523860343,0,6990917,4,region6_2231479913
2023-03-19 07:03,3523370684,7340032,1048576,5,region6_2231479909
2023-03-19 07:03,3521997549,0,176,2,region6_2231479902
2023-03-19 07:03,3521026316,0,8388608,2,region6_2231479907
2023-03-19 07:03,3520673722,4365002,1048576,2,region6_2231479908
2023-03-19 07:03,3523434971,6741600,48,2,region6_2231479902
2023-03-19 07:03,3523828246,595136,72064,2,region6_2231479902
2023-03-19 07:03,3523370684,8388608,92960,5,region6_2231479909
2023-03-19 07:03,3520827524,4009241,8388608,2,region6_2231479905
2023-03-19 07:03,3521348771,0,3828,2,region6_2231479902
2023-03-19 07:03,3521288919,1796027,14688,2,region6_2231479905
2023-03-19 07:03,3523240222,2172832,48,2,region6_2231479902
2023-03-19 07:03,3522910897,850532,4036509,2,region6_2231479903
2023-03-19 07:03,3522688798,0,3052,2,region6_2231479902
2023-03-19 07:03,3521334067,5681655,16384,2,region6_2231479916
2023-03-19 07:03,3521334067,5396244,285411,2,region6_2231479916
2023-03-19 07:03,3523466059,0,8388608,5,region6_2231479909
2023-03-19 07:03,3521078272,0,1216,2,region6_2231479902
2023-03-19 07:03,3522250522,2042115,186356,2,region6_2231479908
2023-03-19 07:03,3523591188,0,8481568,5,region6_2231479909
2023-03-19 07:03,3523197553,0,43284,2,region6_2231479902
2023-03-19 07:03,3523731641,0,7431864,2,region6_2231479921
2023-03-19 07:03,3523177402,8388608,92960,5,region6_2231479909
2023-03-19 07:03,3523219966,3677177,33609,2,region6_2231479905
2023-03-19 07:03,3523219966,95271,605,2,region6_2231479905
2023-03-19 07:03,3523674602,0,2703,2,region6_2231479906
2023-03-19 07:03,3523944196,0,14810173,4,region6_2231479916
2023-03-19 07:03,3523444615,4452478,1444,2,region6_2231479907
2023-03-19 07:03,3523444615,2836187,698,2,region6_2231479907
2023-03-19 07:03,3523587320,1449696,48,2,region6_2231479902
2023-03-19 07:03,3523663529,0,8481568,5,region6_2231479909
2023-03-19 07:03,3523610587,0,15380,2,region6_2231479902
2023-03-19 07:03,3522996363,0,209702,2,region6_2231479902
2023-03-19 07:03,3523457565,0,5432992,2,region6_2231479904
2023-03-19 07:03,3523836254,0,1409124,2,region6_2231479907
2023-03-19 07:03,3523836254,360548,1048576,2,region6_2231479907
2023-03-19 07:03,3522996363,209702,344903,2,region6_2231479902
2023-03-19 07:03,3523457565,7527376,954192,2,region6_2231479904
2023-03-19 07:03,3523457565,7527328,954240,2,region6_2231479904
2023-03-19 07:03,3523457565,0,7527328,2,region6_2231479904
2023-03-19 07:03,3522325706,0,6866257,2,region6_2231479903
2023-03-19 07:03,3523514833,2943692,211225,2,region6_2231479907
2023-03-19 07:03,3523514833,1125050,1028,2,region6_2231479907
2023-03-19 07:03,3523915426,0,1256964,4,region6_2231479906
2023-03-19 07:03,3523920130,0,8388608,5,region6_2231479909
2023-03-19 07:03,3523262790,0,14807518,2,region6_2231479906
2023-03-19 07:03,3523659017,0,16192692,6,region6_2231479912
2023-03-19 07:03,3523631655,0,1065198,2,region6_2231479905
2023-03-19 07:03,3524005058,0,8366906,3,region6_2231479905
2023-03-19 07:03,3524029702,0,8481568,5,region6_2231479909
2023-03-19 07:03,3523631655,1065198,7323410,2,region6_2231479905
2023-03-19 07:03,3523854362,0,8388608,2,region6_2231479907
2023-03-19 07:03,3524041821,0,195,4,region6_2231479914
2023-03-19 07:03,3523827207,0,46605,2,region6_2231479902
2023-03-19 07:03,3523752448,0,164065,2,region6_2231479902
2023-03-19 07:03,3523847677,0,4506324,2,region6_2231479907
2023-03-19 07:03,3523910668,4244120,1103589,2,region6_2231479916
2023-03-19 07:03,3523832895,0,8388608,5,region6_2231479909
2023-03-19 07:04,3520848158,0,176,2,region6_2231479902
2023-03-19 07:04,3523837485,1011971,7376637,2,region6_2231479903
2023-03-19 07:04,3523418407,8192,15700,2,region6_2231479902
2023-03-19 07:04,3523418407,0,176,2,region6_2231479902
2023-03-19 07:04,3523665279,2028569,6360039,2,region6_2231479907
2023-03-19 07:04,3524026502,0,8388608,4,region6_2231479918
2023-03-19 07:04,3520686607,0,6991586,4,region6_2231479913
2023-03-19 07:04,3523557602,0,6991177,4,region6_2231479913
2023-03-19 07:04,3520690085,3032016,9801,2,region6_2231479908
2023-03-19 07:04,3523422800,0,8388608,2,region6_2231479903
2023-03-19 07:04,3521411570,0,8388608,2,region6_2231479906
2023-03-19 07:04,3520726640,0,8481568,5,region6_2231479909
2023-03-19 07:04,3523165792,5242880,1048576,5,region6_2231479909
2023-03-19 07:04,3523410343,0,1406329,2,region6_2231479907
2023-03-19 07:04,3520889138,35976480,767104,2,region6_2231479902
2023-03-19 07:04,3523349854,0,176,2,region6_2231479902
2023-03-19 07:04,3520789657,0,9052935,6,region6_2231479912
2023-03-19 07:04,3521624414,0,6464,2,region6_2231479902
2023-03-19 07:04,3524111156,0,1048576,5,region6_2231479909
2023-03-19 07:04,3523424729,5066388,3322220,2,region6_2231479916
2023-03-19 07:04,3523424729,0,5066388,2,region6_2231479916
2023-03-19 07:04,3523755337,0,451850,4,region6_2231479905
2023-03-19 07:04,3523780294,3168703,3334260,2,region6_2231479916
2023-03-19 07:04,3524038983,0,4724,2,region6_2231479902
2023-03-19 07:04,3522851727,0,4266432,2,region6_2231479902
2023-03-19 07:04,3522053772,0,3935166,2,region6_2231479905
2023-03-19 07:04,3522319075,0,176,2,region6_2231479902
2023-03-19 07:04,3523458810,48,5246519,2,region6_2231479904
2023-03-19 07:04,3523458810,0,5246567,2,region6_2231479904
2023-03-19 07:04,3522053772,3935166,4453442,2,region6_2231479905
2023-03-19 07:04,3520938071,0,8896,2,region6_2231479902
2023-03-19 07:04,3520729975,0,2061,2,region6_2231479902
2023-03-19 07:04,3523610487,0,10970,2,region6_2231479902
2023-03-19 07:04,3523703086,0,6994709,4,region6_2231479913
2023-03-19 07:04,3523708794,0,8481568,2,region6_2231479904
2023-03-19 07:04,3522914606,0,6603214,3,region6_2231479910
2023-03-19 07:04,3523865616,0,393216,6,region6_2231479912
2023-03-19 07:04,3520827524,12397849,346724,2,region6_2231479905
2023-03-19 07:04,3523577487,0,7356215,2,region6_2231479905
2023-03-19 07:04,3523758906,5530000,2951568,2,region6_2231479904
2023-03-19 07:04,3523758906,0,7595344,2,region6_2231479904
2023-03-19 07:04,3523577487,7356215,1032393,2,region6_2231479905
2023-03-19 07:04,3523985379,0,5504,2,region6_2231479902
2023-03-19 07:04,3524127838,8267872,213696,2,region6_2231479904
2023-03-19 07:04,3524127838,0,8267872,2,region6_2231479904
2023-03-19 07:04,3523501950,0,9005773,6,region6_2231479912
2023-03-19 07:04,3523713856,0,176,2,region6_2231479902
2023-03-19 07:04,3524127838,8267920,213648,2,region6_2231479904
2023-03-19 07:04,3520889525,0,8481568,5,region6_2231479909
2023-03-19 07:04,3523568482,3159026,2263022,2,region6_2231479911
2023-03-19 07:04,3520817820,7466016,70976,2,region6_2231479902
2023-03-19 07:04,3520832707,419584,286144,2,region6_2231479902
2023-03-19 07:04,3520763952,0,8388608,2,region6_2231479906
2023-03-19 07:04,3523640230,0,6990810,5,region6_2231479909
2023-03-19 07:04,3523744285,8405376,76192,2,region6_2231479902
2023-03-19 07:04,3520858275,0,8230136,2,region6_2231479906
2023-03-19 07:04,3523845225,0,4138345,5,region6_2231479909
2023-03-19 07:04,3524111969,7238976,48,2,region6_2231479902
2023-03-19 07:04,3520922495,0,8481568,5,region6_2231479909
2023-03-19 07:04,3523492667,0,678066,2,region6_2231479906
2023-03-19 07:04,3520934002,0,8387987,3,region6_2231479905
2023-03-19 07:04,3524035283,0,15296,2,region6_2231479902
2023-03-19 07:04,3523165792,5242880,1048576,5,region6_2231479909
2023-03-19 07:04,3523498856,2060880,6420688,2,region6_2231479904
2023-03-19 07:04,3523498856,0,2452688,2,region6_2231479904
2023-03-19 07:04,3520790084,0,176,2,region6_2231479902
2023-03-19 07:04,3520790084,8192,262676,2,region6_2231479902
2023-03-19 07:04,3524035283,0,15296,2,region6_2231479902
2023-03-19 07:04,3520864571,5192358,1048576,2,region6_2231479905
2023-03-19 07:04,3524035283,0,15296,2,region6_2231479902
2023-03-19 07:04,3520817710,0,2778,2,region6_2231479902
2023-03-19 07:04,3520864571,5192358,1048576,2,region6_2231479905
2023-03-19 07:04,3523935110,5470016,103168,2,region6_2231479907
2023-03-19 07:04,3523935110,1878917,1338766,2,region6_2231479907
2023-03-19 07:04,3523935110,0,10601,2,region6_2231479907
2023-03-19 07:04,3523935110,6952288,125152,2,region6_2231479907
2023-03-19 07:04,3524041821,0,195,2,region6_2231479906
2023-03-19 07:04,3524070049,0,7521616,2,region6_2231479902
2023-03-19 07:04,3524070049,6404176,2077392,2,region6_2231479902
2023-03-19 07:04,3523847711,0,935840,2,region6_2231479905
2023-03-19 07:04,3524101499,2320933,3898721,2,region6_2231479916
2023-03-19 07:04,3520763312,0,8343832,3,region6_2231479910
2023-03-19 07:04,3523777523,5987052,2401556,2,region6_2231479907
2023-03-19 07:04,3523869013,1746464,131072,2,region6_2231479902
2023-03-19 07:04,3523956482,0,8388608,4,region6_2231479911
2023-03-19 07:04,3524101499,8262568,126040,2,region6_2231479916
2023-03-19 07:04,3524111156,0,1048576,5,region6_2231479909
2023-03-19 07:04,3523987846,7011568,1470000,2,region6_2231479902
2023-03-19 07:04,3523987846,0,7683312,2,region6_2231479902
2023-03-19 07:04,3524101499,202027,518865,2,region6_2231479916
2023-03-19 07:04,3521355012,0,7773373,2,region6_2231479906
2023-03-19 07:04,3523802424,0,7015028,2,region6_2231479921
2023-03-19 07:04,3524077940,0,384,2,region6_2231479902
2023-03-19 07:04,3520888757,0,71766,2,region6_2231479902
2023-03-19 07:04,3523769192,0,8388608,2,region6_2231479911
2023-03-19 07:04,3524111156,1048576,1048576,5,region6_2231479909
2023-03-19 07:04,3520858839,0,1048576,5,region6_2231479909
2023-03-19 07:04,3523831737,2429,372085,2,region6_2231479908
2023-03-19 07:04,3522035482,0,456384,2,region6_2231479902
2023-03-19 07:04,3522035482,181888,274496,2,region6_2231479902
2023-03-19 07:04,3520902844,3843232,48,2,region6_2231479902
2023-03-19 07:04,3521294753,0,8388608,2,region6_2231479906
2023-03-19 07:04,3520791030,0,8369488,3,region6_2231479910
2023-03-19 07:04,3523765294,0,3860854,2,region6_2231479903
2023-03-19 07:04,3524111156,3145728,1048576,5,region6_2231479909
2023-03-19 07:04,3524111156,2097152,1048576,5,region6_2231479909
2023-03-19 07:04,3520858839,1048576,1048576,5,region6_2231479909
2023-03-19 07:04,3523987955,0,8388608,4,region6_2231479911
2023-03-19 07:04,3520977493,0,2048,2,region6_2231479902
2023-03-19 07:04,3523595626,2342896,6138672,2,region6_2231479902
2023-03-19 07:04,3523595626,0,2502656,2,region6_2231479902
2023-03-19 07:04,3524075041,0,3182548,2,region6_2231479905
2023-03-19 07:04,3524075041,3182548,5206060,2,region6_2231479905
2023-03-19 07:04,3520858839,2097152,1048576,5,region6_2231479909
2023-03-19 07:04,3523765294,5094016,633204,2,region6_2231479903
2023-03-19 07:04,3523624259,0,4404727,2,region6_2231479907
2023-03-19 07:04,3521670027,2670381,1576804,2,region6_2231479907
2023-03-19 07:04,3521670027,3198609,1048576,2,region6_2231479907
2023-03-19 07:04,3523165792,5242880,1048576,5,region6_2231479909
2023-03-19 07:04,3523617287,5786225,88686,2,region6_2231479905
2023-03-19 07:04,3523930276,0,8112348,4,region6_2231479918
2023-03-19 07:04,3520858839,3145728,1048576,5,region6_2231479909
2023-03-19 07:04,3520889138,0,42407840,5,region6_2231479912
2023-03-19 07:04,3521312979,0,1412623,2,region6_2231479905
2023-03-19 07:04,3522860206,17499968,125376,2,region6_2231479902
2023-03-19 07:04,3520765939,0,7053087,1,region6_2231479910
2023-03-19 07:04,3522860206,16897792,60992,2,region6_2231479902
2023-03-19 07:04,3520751959,0,176,2,region6_2231479902
2023-03-19 07:04,3524006348,7712844,769544,2,region6_2231479904
2023-03-19 07:04,3524006348,0,7714252,2,region6_2231479904
2023-03-19 07:04,3520858839,5242880,1048576,5,region6_2231479909
2023-03-19 07:04,3520858839,4194304,1048576,5,region6_2231479909
2023-03-19 07:04,3523799690,0,4992,2,region6_2231479902
2023-03-19 07:04,3520915719,0,2183512,2,region6_2231479907
2023-03-19 07:04,3520915719,3992386,768584,2,region6_2231479907
2023-03-19 07:04,3521152036,0,2304,2,region6_2231479902
2023-03-19 07:04,3523799690,0,4992,2,region6_2231479902
2023-03-19 07:04,3524062962,0,8369245,3,region6_2231479910
2023-03-19 07:04,3524150057,0,8481568,2,region6_2231479904
2023-03-19 07:04,3524150057,0,8481568,2,region6_2231479904
2023-03-19 07:04,3521048417,0,8481568,5,region6_2231479909
2023-03-19 07:04,3522860206,19823232,26176,2,region6_2231479902
2023-03-19 07:04,3523315331,0,802544,2,region6_2231479902
2023-03-19 07:04,3524088979,2124096,53568,2,region6_2231479902
2023-03-19 07:04,3524111156,3145728,1048576,5,region6_2231479909
2023-03-19 07:04,3521039114,0,8388608,4,region6_2231479906
2023-03-19 07:04,3522258583,0,176,2,region6_2231479902
2023-03-19 07:04,3524053986,0,6990805,5,region6_2231479909
2023-03-19 07:05,3521209328,0,91610,2,region6_2231479902
2023-03-19 07:05,3521266835,0,8388608,2,region6_2231479907
2023-03-19 07:05,3523831737,1311,373203,2,region6_2231479908
2023-03-19 07:05,3523831737,1904,372610,2,region6_2231479908
2023-03-19 07:05,3522035482,0,456384,2,region6_2231479902
2023-03-19 07:05,3524111156,4194304,1048576,5,region6_2231479909
2023-03-19 07:05,3524111156,5242880,1048576,5,region6_2231479909
2023-03-19 07:05,3520899243,0,3904153,2,region6_2231479907
2023-03-19 07:05,3521020491,0,8481568,5,region6_2231479909
2023-03-19 07:05,3523831737,2429,372085,2,region6_2231479908
2023-03-19 07:05,3521803440,0,1048576,5,region6_2231479909
2023-03-19 07:05,3520985300,8192,277664,2,region6_2231479902
2023-03-19 07:05,3520985300,0,176,2,region6_2231479902
2023-03-19 07:05,3523914146,0,5978,2,region6_2231479902
2023-03-19 07:05,3520726592,0,4428212,4,region6_2231479906
2023-03-19 07:05,3521301777,0,7892,6,region6_2231479912
2023-03-19 07:05,3522849931,4237881,65600,2,region6_2231479902
2023-03-19 07:05,3520889138,29791136,87872,2,region6_2231479902
2023-03-19 07:05,3523893034,0,93876,2,region6_2231479902
2023-03-19 07:05,3521041481,0,4355872,2,region6_2231479902
2023-03-19 07:05,3523893034,0,93876,2,region6_2231479902
2023-03-19 07:05,3521177031,0,860892,2,region6_2231479902
2023-03-19 07:05,3521177031,860892,75256,2,region6_2231479902
2023-03-19 07:05,3524070116,0,918959,2,region6_2231479906
2023-03-19 07:05,3521803440,1048576,1048576,5,region6_2231479909
2023-03-19 07:05,3520858839,5242880,1048576,5,region6_2231479909
2023-03-19 07:05,3520836942,0,176,2,region6_2231479902
2023-03-19 07:05,3520846643,5266966,3121642,2,region6_2231479903
2023-03-19 07:05,3521502779,0,1380351,1,region6_2231479910
2023-03-19 07:05,3524093006,892303,1048576,2,region6_2231479905
2023-03-19 07:05,3524093006,892303,1048576,2,region6_2231479905
2023-03-19 07:05,3523894322,5216685,304223,2,region6_2231479907
2023-03-19 07:05,3523894322,7853154,441162,2,region6_2231479907
2023-03-19 07:05,3522787980,0,128,2,region6_2231479902
2023-03-19 07:05,3521803440,2097152,1048576,5,region6_2231479909
2023-03-19 07:05,3520858839,6291456,1048576,5,region6_2231479909
2023-03-19 07:05,3522787980,0,128,2,region6_2231479902
2023-03-19 07:05,3520803728,0,1043,2,region6_2231479914
2023-03-19 07:05,3521111353,3238424,1048576,2,region6_2231479907
2023-03-19 07:05,3521111353,2697623,1589377,2,region6_2231479907
2023-03-19 07:05,3523854365,0,8374497,2,region6_2231479916
2023-03-19 07:05,3524137707,0,2236915,4,region6_2231479905
2023-03-19 07:05,3520888582,6215130,1879041,2,region6_2231479907
2023-03-19 07:05,3521803440,3145728,1048576,5,region6_2231479909
2023-03-19 07:05,3520858839,7340032,1048576,5,region6_2231479909
2023-03-19 07:05,3523913025,0,384,2,region6_2231479902
2023-03-19 07:05,3523945736,0,424192,2,region6_2231479902
2023-03-19 07:05,3524117524,0,7141108,5,region6_2231479912
2023-03-19 07:05,3520693090,0,427955,4,region6_2231479906
2023-03-19 07:05,3521074387,1988923,1048576,2,region6_2231479907
2023-03-19 07:05,3523945736,714752,164288,2,region6_2231479902
2023-03-19 07:05,3523945736,0,714752,2,region6_2231479902
2023-03-19 07:05,3523115529,0,158471,2,region6_2231479907
2023-03-19 07:05,3523115529,1596769,6791839,2,region6_2231479907
2023-03-19 07:05,3521074387,1601104,318018,2,region6_2231479907
2023-03-19 07:05,3521096352,4951116,1048576,2,region6_2231479905
2023-03-19 07:05,3521096352,4951116,1048576,2,region6_2231479905
2023-03-19 07:05,3521253260,0,8388608,4,region6_2231479918
2023-03-19 07:05,3521803440,4194304,1048576,5,region6_2231479909
2023-03-19 07:05,3520660643,0,2932,2,region6_2231479902
2023-03-19 07:05,3521359755,0,8213376,2,region6_2231479911
2023-03-19 07:05,3520723267,2344724,956689,2,region6_2231479903
2023-03-19 07:05,3520723267,6249181,253375,2,region6_2231479903
2023-03-19 07:05,3520723267,249268,229184,2,region6_2231479903
2023-03-19 07:05,3520858839,8388608,92960,5,region6_2231479909
2023-03-19 07:05,3520919232,0,2443,2,region6_2231479902
2023-03-19 07:05,3521461148,801026,7587582,2,region6_2231479907
2023-03-19 07:05,3521650973,549867,37056,2,region6_2231479902
2023-03-19 07:05,3521650973,259307,327616,2,region6_2231479902
2023-03-19 07:05,3521650973,0,259307,2,region6_2231479902
2023-03-19 07:05,3521803440,6291456,1048576,5,region6_2231479909
2023-03-19 07:05,3521803440,5242880,1048576,5,region6_2231479909
2023-03-19 07:05,3524126981,0,8388608,4,region6_2231479914
2023-03-19 07:05,3520729119,0,176491,2,region6_2231479916
2023-03-19 07:05,3520729119,176491,8212117,2,region6_2231479916
2023-03-19 07:05,3521056451,0,4163883,2,region6_2231479907
2023-03-19 07:05,3521467133,0,8388608,4,region6_2231479906
2023-03-19 07:05,3520864571,5192358,1048576,2,region6_2231479905
2023-03-19 07:05,3524111156,5242880,1048576,5,region6_2231479909
2023-03-19 07:05,3521020481,157120,70592,2,region6_2231479902
2023-03-19 07:05,3521352438,0,8342365,3,region6_2231479910
2023-03-19 07:05,3524029621,6426272,103360,2,region6_2231479902
2023-03-19 07:05,3520906486,0,8388608,2,region6_2231479911
2023-03-19 07:05,3520889138,35976480,767104,2,region6_2231479902
2023-03-19 07:05,3521250392,0,64935,2,region6_2231479902
2023-03-19 07:05,3521502779,1380351,6548140,1,region6_2231479910
2023-03-19 07:05,3520864571,5192358,1048576,2,region6_2231479905
2023-03-19 07:05,3521648503,0,8388608,2,region6_2231479906
2023-03-19 07:05,3520710461,7069731,1048576,2,region6_2231479908
2023-03-19 07:05,3521175983,0,10755418,6,region6_2231479912
2023-03-19 07:05,3521393163,4774611,3613997,2,region6_2231479903
2023-03-19 07:05,3520710461,0,3203411,2,region6_2231479908
2023-03-19 07:05,3520710461,7069731,1048576,2,region6_2231479908
2023-03-19 07:05,3521789151,0,8388608,2,region6_2231479906
2023-03-19 07:05,3521150665,0,8481568,2,region6_2231479904
2023-03-19 07:05,3521150665,0,4203296,2,region6_2231479904
2023-03-19 07:05,3521284620,0,120448,2,region6_2231479902
2023-03-19 07:05,3524111156,6291456,1048576,5,region6_2231479909
2023-03-19 07:05,3520864571,5192358,1048576,2,region6_2231479905
2023-03-19 07:05,3520931271,0,8388608,2,region6_2231479906
2023-03-19 07:05,3521150470,0,176,2,region6_2231479902
2023-03-19 07:05,3521150470,8192,206580,2,region6_2231479902
2023-03-19 07:05,3521150470,0,176,2,region6_2231479902
2023-03-19 07:05,3520764119,0,176,2,region6_2231479902
2023-03-19 07:05,3521233271,0,935458,2,region6_2231479907
2023-03-19 07:05,3524111156,7340032,1048576,5,region6_2231479909
2023-03-19 07:05,3520801160,1220915,1048576,2,region6_2231479905
2023-03-19 07:05,3521294753,6660357,1728251,2,region6_2231479907
2023-03-19 07:05,3520864571,5192358,1048576,2,region6_2231479905
2023-03-19 07:05,3520874821,0,4453731,2,region6_2231479907
2023-03-19 07:05,3520864571,5929628,10807,2,region6_2231479905
2023-03-19 07:05,3524111156,8388608,92960,5,region6_2231479909
2023-03-19 07:05,3520864571,0,5765787,2,region6_2231479905
2023-03-19 07:05,3521042801,1100719,2499,2,region6_2231479907
2023-03-19 07:05,3521042801,2969605,160767,2,region6_2231479907
2023-03-19 07:05,3521126373,0,10791,2,region6_2231479902
2023-03-19 07:05,3521172793,0,5819866,2,region6_2231479907
2023-03-19 07:05,3521648503,0,8388608,2,region6_2231479906
2023-03-19 07:05,3524074043,0,8380817,3,region6_2231479910
2023-03-19 07:05,3520694725,0,3533,2,region6_2231479902
2023-03-19 07:05,3521457586,0,1218311,2,region6_2231479911
2023-03-19 07:05,3521026316,0,8388608,2,region6_2231479907
2023-03-19 07:05,3521803440,6291456,1048576,5,region6_2231479909
2023-03-19 07:05,3521118183,0,2284245,2,region6_2231479905
2023-03-19 07:05,3521355012,0,7773373,2,region6_2231479906
2023-03-19 07:05,3524063716,917359,222611,2,region6_2231479911
2023-03-19 07:05,3524063716,2790434,789859,2,region6_2231479911
2023-03-19 07:05,3520890028,0,8388608,2,region6_2231479903
2023-03-19 07:05,3520943562,515732,304703,2,region6_2231479908
2023-03-19 07:05,3520943562,515732,1332568,2,region6_2231479908
2023-03-19 07:05,3520943562,7064438,1048576,2,region6_2231479908
2023-03-19 07:05,3520943562,7064438,1048576,2,region6_2231479908
2023-03-19 07:05,3522518474,4015584,47040,2,region6_2231479902
2023-03-19 07:05,3521119407,0,403932,5,region6_2231479909
2023-03-19 07:05,3521294050,0,8481568,5,region6_2231479909
2023-03-19 07:05,3520943562,7064438,1048576,2,region6_2231479908
2023-03-19 07:05,3520943562,515732,3052351,2,region6_2231479908
2023-03-19 07:05,3521570681,0,89140,2,region6_2231479902
2023-03-19 07:05,3521803440,7340032,1048576,5,region6_2231479909
2023-03-19 07:05,3520811622,4075760,262328,2,region6_2231479902
2023-03-19 07:05,3520801207,0,8376699,1,region6_2231479910
2023-03-19 07:05,3520973749,0,5218631,2,region6_2231479903
2023-03-19 07:05,3520978372,0,2104224,2,region6_2231479904
2023-03-19 07:05,3521231603,0,8388608,5,region6_2231479909
2023-03-19 07:05,3524061462,5657497,2731111,2,region6_2231479903
2023-03-19 07:05,3524061462,0,2741747,2,region6_2231479903
2023-03-19 07:05,3520672230,0,1048576,5,region6_2231479909
2023-03-19 07:05,3521638272,0,8481568,6,region6_2231479912
2023-03-19 07:05,3521650973,0,586923,2,region6_2231479902
2023-03-19 07:05,3521734945,0,2673936,2,region6_2231479904
2023-03-19 07:05,3520978372,2104224,6377344,2,region6_2231479904
2023-03-19 07:05,3521606532,0,8388608,4,region6_2231479906
2023-03-19 07:05,3521671729,0,5160883,2,region6_2231479907
2023-03-19 07:05,3521734945,2431184,6050384,2,region6_2231479904
2023-03-19 07:05,3521803440,9437184,1048576,5,region6_2231479909
2023-03-19 07:05,3521803440,8388608,1048576,5,region6_2231479909
2023-03-19 07:05,3521342632,0,176,2,region6_2231479902
2023-03-19 07:05,3524130684,0,8388608,4,region6_2231479918
2023-03-19 07:05,3520672230,1048576,1048576,5,region6_2231479909
2023-03-19 07:05,3520672852,5402799,1658204,2,region6_2231479911
2023-03-19 07:05,3520672852,7061003,1048576,2,region6_2231479911
2023-03-19 07:05,3520718879,0,1075,2,region6_2231479914
2023-03-19 07:05,3521232154,8192,10637,2,region6_2231479902
2023-03-19 07:05,3521232154,0,176,2,region6_2231479902
2023-03-19 07:05,3520672230,2097152,1048576,5,region6_2231479909
2023-03-19 07:05,3520672230,3145728,1048576,5,region6_2231479909
2023-03-19 07:05,3521106253,2627755,1322645,2,region6_2231479907
2023-03-19 07:05,3521106253,6646756,1741852,2,region6_2231479907
2023-03-19 07:05,3521311276,5574883,3369,2,region6_2231479905
2023-03-19 07:05,3521311276,851523,736977,2,region6_2231479905
2023-03-19 07:05,3524157061,0,128,2,region6_2231479902
2023-03-19 07:05,3520886825,4811712,264000,2,region6_2231479902
2023-03-19 07:05,3520886825,4811712,264000,2,region6_2231479902
2023-03-19 07:05,3520778886,0,8388608,4,region6_2231479906
2023-03-19 07:05,3520770649,6850007,677261,2,region6_2231479903
2023-03-19 07:05,3520770649,0,1580420,2,region6_2231479903
2023-03-19 07:05,3521302063,4379379,48,2,region6_2231479902
2023-03-19 07:05,3521352436,0,8388608,2,region6_2231479903
2023-03-19 07:05,3521860267,0,19147,1,region6_2231479910
2023-03-19 07:05,3520799299,321983,1432257,2,region6_2231479905
2023-03-19 07:05,3520977511,5125648,262328,2,region6_2231479902
2023-03-19 07:05,3521271676,0,8387227,3,region6_2231479905
2023-03-19 07:05,3521354246,0,9165460,5,region6_2231479909
2023-03-19 07:05,3521550464,0,176,2,region6_2231479902
2023-03-19 07:05,3521860267,19147,8350313,1,region6_2231479910
2023-03-19 07:05,3521546114,0,8388608,4,region6_2231479906
2023-03-19 07:05,3521550464,8192,35226,2,region6_2231479902
2023-03-19 07:05,3521550464,0,176,2,region6_2231479902
2023-03-19 07:05,3521550464,0,43418,2,region6_2231479902
2023-03-19 07:05,3524131679,11917972,58816,2,region6_2231479902
2023-03-19 07:06,3521550464,0,43418,2,region6_2231479902
2023-03-19 07:06,3521550464,8192,35226,2,region6_2231479902
2023-03-19 07:06,3521573954,0,1048576,5,region6_2231479909
2023-03-19 07:06,3520729638,0,844358,2,region6_2231479907
2023-03-19 07:06,3521682243,0,8388608,4,region6_2231479906
2023-03-19 07:06,3520672852,0,5194466,2,region6_2231479911
2023-03-19 07:06,3520796527,0,8388608,4,region6_2231479920
2023-03-19 07:06,3520886825,4811712,264000,2,region6_2231479902
2023-03-19 07:06,3521280125,3384496,5097072,2,region6_2231479902
2023-03-19 07:06,3521280125,0,3413872,2,region6_2231479902
2023-03-19 07:06,3521288109,0,265826,2,region6_2231479903
2023-03-19 07:06,3521541729,0,2174214,4,region6_2231479913
2023-03-19 07:06,3521803440,9437184,1048576,5,region6_2231479909
2023-03-19 07:06,3521277809,0,2868,2,region6_2231479902
2023-03-19 07:06,3521313480,0,8481568,2,region6_2231479904
2023-03-19 07:06,3521916056,0,8350681,3,region6_2231479910
2023-03-19 07:06,3521380639,1140490,1048576,2,region6_2231479907
2023-03-19 07:06,3521661641,4971004,176947,2,region6_2231479907
2023-03-19 07:06,3520672230,3145728,1048576,5,region6_2231479909
2023-03-19 07:06,3521111324,4454496,7936,2,region6_2231479902
2023-03-19 07:06,3521379125,0,8388608,2,region6_2231479917
2023-03-19 07:06,3521749727,8234377,154231,2,region6_2231479907
2023-03-19 07:06,3521749727,0,2867132,2,region6_2231479907
2023-03-19 07:06,3521749727,5668197,316740,2,region6_2231479907
2023-03-19 07:06,3521803440,10485760,1048576,5,region6_2231479909
2023-03-19 07:06,3520645520,8192,573242,2,region6_2231479902
2023-03-19 07:06,3520645520,0,176,2,region6_2231479902
2023-03-19 07:06,3521232187,0,14784,2,region6_2231479902
2023-03-19 07:06,3521980001,6121760,69632,2,region6_2231479902
2023-03-19 07:06,3520645520,0,176,2,region6_2231479902
2023-03-19 07:06,3521211327,1400554,1311134,2,region6_2231479905
2023-03-19 07:06,3520679504,3321511,468065,2,region6_2231479905
2023-03-19 07:06,3521710554,0,8388608,2,region6_2231479911
2023-03-19 07:06,3521233700,299235,138509,2,region6_2231479907
2023-03-19 07:06,3521803440,12582912,689716,5,region6_2231479909
2023-03-19 07:06,3521803440,11534336,1048576,5,region6_2231479909
2023-03-19 07:06,3522026808,0,8481568,2,region6_2231479904
2023-03-19 07:06,3521597432,0,303306,2,region6_2231479903
2023-03-19 07:06,3522048772,0,581525,2,region6_2231479906
2023-03-19 07:06,3521750188,0,8180888,3,region6_2231479910
2023-03-19 07:06,3521080610,8298272,56832,2,region6_2231479902
2023-03-19 07:06,3521573954,0,1048576,5,region6_2231479909
2023-03-19 07:06,3521690763,0,2471427,2,region6_2231479916
2023-03-19 07:06,3521690763,2471427,5917181,2,region6_2231479916
2023-03-19 07:06,3521966470,5464908,183254,2,region6_2231479907
2023-03-19 07:06,3520672852,0,2031855,2,region6_2231479907
2023-03-19 07:06,3520672852,5402799,2706780,2,region6_2231479907
2023-03-19 07:06,3520672852,5194466,3171,2,region6_2231479907
2023-03-19 07:06,3520672852,7061003,1048576,2,region6_2231479907
2023-03-19 07:06,3521978336,0,221124,4,region6_2231479913
2023-03-19 07:06,3521121090,0,8388608,4,region6_2231479906
2023-03-19 07:06,3521986778,0,8481568,5,region6_2231479909
2023-03-19 07:06,3522037829,0,3901099,5,region6_2231479909
2023-03-19 07:06,3521118191,0,243252,6,region6_2231479912
2023-03-19 07:06,3521368538,0,5863644,2,region6_2231479903
2023-03-19 07:06,3521573954,1048576,1048576,5,region6_2231479909
2023-03-19 07:06,3520961848,0,4058928,2,region6_2231479902
2023-03-19 07:06,3520961848,4515712,3965856,2,region6_2231479902
2023-03-19 07:06,3521798517,0,16250,2,region6_2231479902
2023-03-19 07:06,3521274603,0,4747174,2,region6_2231479907
2023-03-19 07:06,3521305844,0,5096957,2,region6_2231479903
2023-03-19 07:06,3521546169,3694560,361280,2,region6_2231479902
2023-03-19 07:06,3521209516,0,7901335,2,region6_2231479906
2023-03-19 07:06,3521573954,2097152,1048576,5,region6_2231479909
2023-03-19 07:06,3520710461,7069731,1048576,2,region6_2231479908
2023-03-19 07:06,3520950327,0,9972092,3,region6_2231479911
2023-03-19 07:06,3521688557,0,16912019,3,region6_2231479910
2023-03-19 07:06,3520672230,3145728,1048576,5,region6_2231479909
2023-03-19 07:06,3520948023,8192,161780,2,region6_2231479902
2023-03-19 07:06,3520948023,0,176,2,region6_2231479902
2023-03-19 07:06,3521966801,0,836791,2,region6_2231479907
2023-03-19 07:06,3521747214,0,1770602,2,region6_2231479911
2023-03-19 07:06,3521909165,0,88698,2,region6_2231479902
2023-03-19 07:06,3521966801,3139196,919549,2,region6_2231479907
2023-03-19 07:06,3522031887,0,8388608,2,region6_2231479907
2023-03-19 07:06,3521552666,1738324,6650284,2,region6_2231479903
2023-03-19 07:06,3522059889,3917062,3964526,2,region6_2231479907
2023-03-19 07:06,3521538444,0,8388608,2,region6_2231479907
2023-03-19 07:06,3521573954,3145728,1048576,5,region6_2231479909
2023-03-19 07:06,3521573954,4194304,1048576,5,region6_2231479909
2023-03-19 07:06,3520672230,4194304,1048576,5,region6_2231479909
2023-03-19 07:06,3521968647,0,14728305,2,region6_2231479906
2023-03-19 07:06,3521467691,3971872,433280,2,region6_2231479902
2023-03-19 07:06,3521565651,0,176,2,region6_2231479902
2023-03-19 07:06,3521381443,0,7781615,2,region6_2231479911
2023-03-19 07:06,3521563631,3474528,31104,2,region6_2231479902
2023-03-19 07:06,3520672230,5242880,1048576,5,region6_2231479909
2023-03-19 07:06,3520710461,7069731,1048576,2,region6_2231479908
2023-03-19 07:06,3521010390,4148185,603375,2,region6_2231479907
2023-03-19 07:06,3521010390,959826,150236,2,region6_2231479907
2023-03-19 07:06,3520710461,0,1297097,2,region6_2231479908
2023-03-19 07:06,3520888757,0,71766,2,region6_2231479902
2023-03-19 07:06,3520710461,0,3203411,2,region6_2231479908
2023-03-19 07:06,3521457631,0,5206,1,region6_2231479910
2023-03-19 07:06,3521501520,0,6521065,5,region6_2231479909
2023-03-19 07:06,3521606544,0,176,2,region6_2231479902
2023-03-19 07:06,3521803440,12582912,689716,5,region6_2231479909
2023-03-19 07:06,3521457631,4199510,4183891,1,region6_2231479910
2023-03-19 07:06,3521457631,5206,4194304,1,region6_2231479910
2023-03-19 07:06,3520672230,6291456,1048576,5,region6_2231479909
2023-03-19 07:06,3521550105,7762208,626400,2,region6_2231479907
2023-03-19 07:06,3521632626,0,4459894,2,region6_2231479907
2023-03-19 07:06,3521761394,0,1228335,1,region6_2231479910
2023-03-19 07:06,3520931271,0,8388608,2,region6_2231479906
2023-03-19 07:06,3520672230,7340032,1048576,5,region6_2231479909
2023-03-19 07:06,3520850383,0,31627,2,region6_2231479902
2023-03-19 07:06,3521546894,0,458116,2,region6_2231479906
2023-03-19 07:06,3521893925,0,6393258,4,region6_2231479913
2023-03-19 07:06,3520672230,8388608,92960,5,region6_2231479909
2023-03-19 07:06,3522037850,0,8376596,3,region6_2231479910
2023-03-19 07:06,3521433102,0,9653524,6,region6_2231479912
2023-03-19 07:06,3521573954,4194304,1048576,5,region6_2231479909
2023-03-19 07:06,3521286439,0,1026,2,region6_2231479914
2023-03-19 07:06,3522247753,4013043,1048576,2,region6_2231479905
2023-03-19 07:06,3522054693,627744,101952,2,region6_2231479902
2023-03-19 07:06,3522095166,0,7428133,2,region6_2231479916
2023-03-19 07:06,3522095166,7428133,960475,2,region6_2231479916
2023-03-19 07:06,3521390047,0,8388608,4,region6_2231479906
2023-03-19 07:06,3521543128,0,3771520,2,region6_2231479902
2023-03-19 07:06,3521573954,5242880,1048576,5,region6_2231479909
2023-03-19 07:06,3521573954,6291456,1048576,5,region6_2231479909
2023-03-19 07:06,3521713950,0,8481568,5,region6_2231479909
2023-03-19 07:06,3521773509,0,8322852,3,region6_2231479910
2023-03-19 07:06,3521249493,0,8388608,2,region6_2231479903
2023-03-19 07:06,3520943562,7064438,1048576,2,region6_2231479908
2023-03-19 07:06,3521207092,0,4597552,2,region6_2231479902
2023-03-19 07:06,3521207092,2866224,5615344,2,region6_2231479902
2023-03-19 07:06,3521608931,0,8388608,2,region6_2231479902
2023-03-19 07:06,3521715144,0,21660,1,region6_2231479910
2023-03-19 07:06,3521744373,0,8388608,2,region6_2231479903
2023-03-19 07:06,3521149594,0,14317581,6,region6_2231479912
2023-03-19 07:06,3521674372,0,2947,2,region6_2231479906
2023-03-19 07:06,3521966393,0,1703,6,region6_2231479912
2023-03-19 07:06,3522059087,0,200544,2,region6_2231479904
2023-03-19 07:06,3522139660,6874271,708680,2,region6_2231479907
2023-03-19 07:06,3521148251,0,973093,2,region6_2231479906
2023-03-19 07:06,3521713611,0,2956,2,region6_2231479902
2023-03-19 07:06,3521761394,1228335,6750828,1,region6_2231479910
2023-03-19 07:06,3521996495,0,26782,5,region6_2231479909
2023-03-19 07:06,3520710461,0,3203411,2,region6_2231479908
2023-03-19 07:06,3520710461,7069731,1048576,2,region6_2231479908
2023-03-19 07:06,3520710461,0,3203411,2,region6_2231479908
2023-03-19 07:06,3522059087,200544,8281024,2,region6_2231479904
2023-03-19 07:06,3522142293,0,13305,1,region6_2231479910
2023-03-19 07:06,3522059087,200592,8280976,2,region6_2231479904
2023-03-19 07:06,3522095180,0,8481568,2,region6_2231479904
2023-03-19 07:06,3522111295,5398390,73847,2,region6_2231479916
2023-03-19 07:06,3522111295,0,5398390,2,region6_2231479916
2023-03-19 07:06,3522138197,0,8481568,2,region6_2231479904
2023-03-19 07:06,3520886825,3833664,298112,2,region6_2231479902
2023-03-19 07:06,3521147083,5592879,1048576,2,region6_2231479905
2023-03-19 07:06,3521147083,5592879,1048576,2,region6_2231479905
2023-03-19 07:06,3521200483,3483008,46912,2,region6_2231479902
2023-03-19 07:06,3522090861,2537038,5851570,2,region6_2231479905
2023-03-19 07:06,3521278399,0,4703139,4,region6_2231479914
2023-03-19 07:06,3521018864,4134618,215717,2,region6_2231479907
2023-03-19 07:06,3521018864,1929428,735135,2,region6_2231479907
2023-03-19 07:06,3521209930,0,7842315,3,region6_2231479910
2023-03-19 07:06,3520943562,515732,1332568,2,region6_2231479908
2023-03-19 07:06,3521410906,0,1396,2,region6_2231479902
2023-03-19 07:06,3520672230,8388608,92960,5,region6_2231479909
2023-03-19 07:06,3521558502,4119424,175168,2,region6_2231479902
2023-03-19 07:06,3520672852,0,5198484,2,region6_2231479907
2023-03-19 07:06,3520672852,7061003,1048576,2,region6_2231479907
2023-03-19 07:06,3522037506,0,17428,2,region6_2231479902
2023-03-19 07:06,3522377841,0,8388608,2,region6_2231479906
2023-03-19 07:06,3521715144,21660,8345288,1,region6_2231479910
2023-03-19 07:07,3521239698,0,8481568,5,region6_2231479909
2023-03-19 07:07,3521543128,3612672,3109760,2,region6_2231479902
2023-03-19 07:07,3522148664,0,5811505,4,region6_2231479906
2023-03-19 07:07,3521548403,0,8481568,5,region6_2231479909
2023-03-19 07:07,3521553442,0,6991376,4,region6_2231479913
2023-03-19 07:07,3521841843,0,8481568,6,region6_2231479912
2023-03-19 07:07,3521862932,558577,1048576,2,region6_2231479905
2023-03-19 07:07,3521886331,0,8481568,5,region6_2231479909
2023-03-19 07:07,3521573954,6291456,1048576,5,region6_2231479909
2023-03-19 07:07,3521862932,0,1382924,2,region6_2231479905
2023-03-19 07:07,3521862932,558577,1048576,2,region6_2231479905
2023-03-19 07:07,3522490331,0,3406831,2,region6_2231479916
2023-03-19 07:07,3521405129,0,6990645,4,region6_2231479913
2023-03-19 07:07,3521752399,0,3958775,2,region6_2231479907
2023-03-19 07:07,3520816116,0,8373845,3,region6_2231479910
2023-03-19 07:07,3522490331,3406831,2135277,2,region6_2231479916
2023-03-19 07:07,3521573954,7340032,1048576,5,region6_2231479909
2023-03-19 07:07,3521633572,0,8388608,4,region6_2231479906
2023-03-19 07:07,3522142293,13305,8361998,1,region6_2231479910
2023-03-19 07:07,3521858381,0,8388608,2,region6_2231479907
2023-03-19 07:07,3522491660,0,3072,2,region6_2231479902
2023-03-19 07:07,3522513364,403214,218601,2,region6_2231479907
2023-03-19 07:07,3521396076,0,8388608,2,region6_2231479906
2023-03-19 07:07,3521670934,0,8388608,4,region6_2231479911
2023-03-19 07:07,3521551588,0,8388608,2,region6_2231479907
2023-03-19 07:07,3521635206,0,1048576,5,region6_2231479909
2023-03-19 07:07,3521573954,8388608,92960,5,region6_2231479909
2023-03-19 07:07,3521650935,4620323,3768285,2,region6_2231479903
2023-03-19 07:07,3521778869,0,6460385,4,region6_2231479906
2023-03-19 07:07,3522591624,0,8388608,2,region6_2231479903
2023-03-19 07:07,3521635206,1048576,1048576,5,region6_2231479909
2023-03-19 07:07,3521752688,0,2939397,2,region6_2231479903
2023-03-19 07:07,3521789597,0,1178,2,region6_2231479914
2023-03-19 07:07,3522267027,0,545174,5,region6_2231479909
2023-03-19 07:07,3521861681,0,2932,2,region6_2231479902
2023-03-19 07:07,3522380769,0,5197,2,region6_2231479902
2023-03-19 07:07,3522180716,3875664,503565,2,region6_2231479907
2023-03-19 07:07,3522044308,0,8371797,3,region6_2231479910
2023-03-19 07:07,3521635206,2097152,1048576,5,region6_2231479909
2023-03-19 07:07,3522090861,0,879609,2,region6_2231479905
2023-03-19 07:07,3521956286,8192,2612,2,region6_2231479902
2023-03-19 07:07,3521956286,0,176,2,region6_2231479902
2023-03-19 07:07,3521608765,0,28109,2,region6_2231479902
2023-03-19 07:07,3521555515,632093,4201147,2,region6_2231479903
2023-03-19 07:07,3521688827,3213329,2456226,2,region6_2231479905
2023-03-19 07:07,3521888708,0,8388608,4,region6_2231479920
2023-03-19 07:07,3521302404,6408858,117446,2,region6_2231479907
2023-03-19 07:07,3521302404,1021759,1413676,2,region6_2231479907
2023-03-19 07:07,3521302404,4310017,90845,2,region6_2231479907
2023-03-19 07:07,3522654863,0,1016480,2,region6_2231479907
2023-03-19 07:07,3521635206,3145728,1048576,5,region6_2231479909
2023-03-19 07:07,3521712804,1600976,6880592,2,region6_2231479902
2023-03-19 07:07,3521712804,0,1621728,2,region6_2231479902
2023-03-19 07:07,3522460217,246968,24,2,region6_2231479908
2023-03-19 07:07,3522250522,2042115,186356,2,region6_2231479908
2023-03-19 07:07,3521133964,0,6701,2,region6_2231479902
2023-03-19 07:07,3521984095,0,8341236,3,region6_2231479910
2023-03-19 07:07,3522137985,0,6999082,4,region6_2231479913
2023-03-19 07:07,3522090861,879609,1657429,2,region6_2231479905
2023-03-19 07:07,3520943562,515732,3052351,2,region6_2231479908
2023-03-19 07:07,3520943562,7064438,1048576,2,region6_2231479908
2023-03-19 07:07,3520943562,7064438,1048576,2,region6_2231479908
2023-03-19 07:07,3520943562,515732,3052351,2,region6_2231479908
2023-03-19 07:07,3520943562,7064438,1048576,2,region6_2231479908
2023-03-19 07:07,3520943562,515732,3052351,2,region6_2231479908
2023-03-19 07:07,3520943562,7064438,1048576,2,region6_2231479908
2023-03-19 07:07,3521635206,4194304,1048576,5,region6_2231479909
2023-03-19 07:07,3521719606,4159842,353652,2,region6_2231479902
2023-03-19 07:07,3521965895,0,8388608,5,region6_2231479909
2023-03-19 07:07,3521704088,12107520,2077952,2,region6_2231479902
2023-03-19 07:07,3522484578,1476416,118208,2,region6_2231479902
2023-03-19 07:07,3522648244,0,1421,2,region6_2231479902
2023-03-19 07:07,3521619918,0,1614992,1,region6_2231479910
2023-03-19 07:07,3522647920,0,22016,2,region6_2231479902
2023-03-19 07:07,3521635206,5242880,1048576,5,region6_2231479909
2023-03-19 07:07,3522231896,544064,48,2,region6_2231479902
2023-03-19 07:07,3521624414,0,6464,2,region6_2231479902
2023-03-19 07:07,3522044296,665,1844,2,region6_2231479902
2023-03-19 07:07,3521922066,0,6990723,4,region6_2231479913
2023-03-19 07:07,3521619308,0,4471054,2,region6_2231479907
2023-03-19 07:07,3521635206,6291456,1048576,5,region6_2231479909
2023-03-19 07:07,3521946907,0,8378425,3,region6_2231479910
2023-03-19 07:07,3521961756,7713869,6058,2,region6_2231479907
2023-03-19 07:07,3520934586,166216,234345,2,region6_2231479911
2023-03-19 07:07,3520934586,400561,324008,2,region6_2231479911
2023-03-19 07:07,3522353834,0,176,2,region6_2231479902
2023-03-19 07:07,3521677298,0,1280,2,region6_2231479902
2023-03-19 07:07,3521742472,0,23038,5,region6_2231479909
2023-03-19 07:07,3521856020,6474247,1914361,2,region6_2231479916
2023-03-19 07:07,3522426996,486720,223383,2,region6_2231479905
2023-03-19 07:07,3522373428,0,458288,2,region6_2231479904
2023-03-19 07:07,3522449417,0,81200,2,region6_2231479904
2023-03-19 07:07,3522593851,2139664,6341904,2,region6_2231479902
2023-03-19 07:07,3522593851,0,2241424,2,region6_2231479902
2023-03-19 07:07,3522598139,0,8481568,2,region6_2231479902
2023-03-19 07:07,3522712414,0,4817920,2,region6_2231479903
2023-03-19 07:07,3521042457,512,448,2,region6_2231479902
2023-03-19 07:07,3521269100,0,16244,2,region6_2231479902
2023-03-19 07:07,3522373428,426672,8054896,2,region6_2231479904
2023-03-19 07:07,3522449417,4342640,4138928,2,region6_2231479904
2023-03-19 07:07,3522449417,0,4898800,2,region6_2231479904
2023-03-19 07:07,3522446572,0,113185,2,region6_2231479902
2023-03-19 07:07,3521856020,0,2212464,2,region6_2231479916
2023-03-19 07:07,3522576286,1959008,43904,2,region6_2231479902
2023-03-19 07:07,3522735452,0,8383812,3,region6_2231479905
2023-03-19 07:07,3521635206,7340032,1048576,5,region6_2231479909
2023-03-19 07:07,3522655388,0,8388608,2,region6_2231479906
2023-03-19 07:07,3521856020,2212464,4261783,2,region6_2231479916
2023-03-19 07:07,3522787662,0,8388608,2,region6_2231479907
2023-03-19 07:07,3521815126,0,12468,2,region6_2231479902
2023-03-19 07:07,3521687403,0,10644,2,region6_2231479902
2023-03-19 07:07,3521635206,8388608,92960,5,region6_2231479909
2023-03-19 07:07,3521752686,0,6803315,2,region6_2231479903
2023-03-19 07:07,3522370702,4946721,54227,2,region6_2231479903
2023-03-19 07:07,3521789151,0,8388608,2,region6_2231479906
2023-03-19 07:07,3522443967,2679480,645,2,region6_2231479907
2023-03-19 07:07,3522443967,4815917,1713,2,region6_2231479907
2023-03-19 07:07,3520926467,0,47706,2,region6_2231479902
2023-03-19 07:07,3521619918,1614992,6369868,1,region6_2231479910
2023-03-19 07:07,3522113395,0,66189,2,region6_2231479902
2023-03-19 07:07,3522813025,0,640,2,region6_2231479902
2023-03-19 07:07,3520762029,0,54656,2,region6_2231479902
2023-03-19 07:07,3520782592,0,8388608,2,region6_2231479911
2023-03-19 07:07,3522385099,0,8388608,2,region6_2231479906
2023-03-19 07:07,3521549613,0,28109,2,region6_2231479902
2023-03-19 07:07,3522884952,798560,48,2,region6_2231479902
2023-03-19 07:07,3521922024,0,5568,2,region6_2231479902
2023-03-19 07:07,3522416733,0,5873332,5,region6_2231479912
2023-03-19 07:07,3522914606,0,2035689,1,region6_2231479910
2023-03-19 07:07,3520762029,0,54656,2,region6_2231479902
2023-03-19 07:07,3521789151,0,8388608,2,region6_2231479906
2023-03-19 07:07,3522210325,0,820,5,region6_2231479909
2023-03-19 07:07,3522288091,0,713312,2,region6_2231479904
2023-03-19 07:07,3522332633,0,64,2,region6_2231479902
2023-03-19 07:07,3522288091,713312,7768256,2,region6_2231479904
2023-03-19 07:07,3522288091,713360,7768208,2,region6_2231479904
2023-03-19 07:07,3522404272,0,8388608,2,region6_2231479903
2023-03-19 07:07,3522462179,0,11572,2,region6_2231479902
2023-03-19 07:07,3522643028,8371024,110544,2,region6_2231479902
2023-03-19 07:07,3522747870,428800,48,2,region6_2231479902
2023-03-19 07:07,3522739089,3777087,1712113,2,region6_2231479903
2023-03-19 07:07,3522739089,0,967100,2,region6_2231479903
2023-03-19 07:07,3522870316,0,22560,2,region6_2231479902
2023-03-19 07:07,3522195049,0,30669,2,region6_2231479902
2023-03-19 07:07,3522364378,0,6480720,2,region6_2231479902
2023-03-19 07:07,3522364378,6666320,1815248,2,region6_2231479902
2023-03-19 07:07,3522364378,0,8481568,2,region6_2231479902
2023-03-19 07:07,3521459892,0,256,2,region6_2231479902
2023-03-19 07:07,3522684762,5975727,333972,2,region6_2231479905
2023-03-19 07:07,3521294753,0,8388608,2,region6_2231479911
2023-03-19 07:07,3522148669,0,47744,2,region6_2231479902
2023-03-19 07:07,3522195049,0,30669,2,region6_2231479902
2023-03-19 07:07,3522684762,5968956,346215,2,region6_2231479905
2023-03-19 07:07,3522039369,0,820,6,region6_2231479912
2023-03-19 07:07,3522180737,0,1350096,2,region6_2231479904
2023-03-19 07:07,3522180737,0,2590544,2,region6_2231479904
2023-03-19 07:07,3521958147,8088405,300203,2,region6_2231479907
2023-03-19 07:07,3522180737,2111888,6369680,2,region6_2231479904
2023-03-19 07:07,3522874135,0,10036,2,region6_2231479902
2023-03-19 07:07,3522914606,2035689,4567525,1,region6_2231479910
2023-03-19 07:08,3521628701,0,414148,2,region6_2231479908
2023-03-19 07:08,3522684762,5968956,368289,2,region6_2231479905
2023-03-19 07:08,3523004175,0,741424,2,region6_2231479902
2023-03-19 07:08,3523004175,685360,7796208,2,region6_2231479902
2023-03-19 07:08,3523147139,3174321,1693581,2,region6_2231479907
2023-03-19 07:08,3523147139,0,1039579,2,region6_2231479907
2023-03-19 07:08,3522785376,6690369,106689,2,region6_2231479905
2023-03-19 07:08,3522898072,0,8388608,2,region6_2231479903
2023-03-19 07:08,3522651729,0,8386861,3,region6_2231479905
2023-03-19 07:08,3520679504,3321511,468065,2,region6_2231479905
2023-03-19 07:08,3522044937,0,8388608,4,region6_2231479918
2023-03-19 07:08,3522678681,0,8388608,2,region6_2231479906
2023-03-19 07:08,3522027746,0,10343,2,region6_2231479902
2023-03-19 07:08,3522487007,0,42407840,5,region6_2231479912
2023-03-19 07:08,3521381443,0,4046599,2,region6_2231479907
2023-03-19 07:08,3522896063,5265649,1048576,2,region6_2231479903
2023-03-19 07:08,3522896063,4992416,1321809,2,region6_2231479903
2023-03-19 07:08,3520637130,0,112768,2,region6_2231479902
2023-03-19 07:08,3522267011,0,4487530,2,region6_2231479907
2023-03-19 07:08,3522332416,0,336909,2,region6_2231479902
2023-03-19 07:08,3522337554,0,2625762,2,region6_2231479903
2023-03-19 07:08,3522337554,0,1327724,2,region6_2231479903
2023-03-19 07:08,3522337554,3942302,4446306,2,region6_2231479903
2023-03-19 07:08,3522860206,17962112,169664,2,region6_2231479902
2023-03-19 07:08,3522896063,0,4798998,2,region6_2231479903
2023-03-19 07:08,3522043216,0,6991271,4,region6_2231479913
2023-03-19 07:08,3521274557,6532710,705786,2,region6_2231479905
2023-03-19 07:08,3521274557,0,5413895,2,region6_2231479905
2023-03-19 07:08,3521274557,5427113,374,2,region6_2231479905
2023-03-19 07:08,3522653907,0,6594823,3,region6_2231479910
2023-03-19 07:08,3522659820,0,1239744,5,region6_2231479912
2023-03-19 07:08,3522678783,0,1048576,5,region6_2231479909
2023-03-19 07:08,3522259888,0,7796,2,region6_2231479902
2023-03-19 07:08,3520754015,0,5351,2,region6_2231479902
2023-03-19 07:08,3521190340,0,364519,2,region6_2231479902
2023-03-19 07:08,3521806175,0,1048576,5,region6_2231479909
2023-03-19 07:08,3522649719,0,77761,2,region6_2231479905
2023-03-19 07:08,3522649719,2971703,461963,2,region6_2231479905
2023-03-19 07:08,3522678783,1048576,1048576,5,region6_2231479909
2023-03-19 07:08,3522325503,7985634,26694,2,region6_2231479907
2023-03-19 07:08,3522325503,3022624,617903,2,region6_2231479907
2023-03-19 07:08,3522503741,0,8482380,2,region6_2231479902
2023-03-19 07:08,3522640020,0,8388608,4,region6_2231479905
2023-03-19 07:08,3522288110,0,8481568,5,region6_2231479909
2023-03-19 07:08,3522762742,4068714,4319894,2,region6_2231479907
2023-03-19 07:08,3523234314,0,2796,2,region6_2231479902
2023-03-19 07:08,3522428186,0,14332192,6,region6_2231479912
2023-03-19 07:08,3522684762,5968956,346215,2,region6_2231479905
2023-03-19 07:08,3521806175,1048576,1048576,5,region6_2231479909
2023-03-19 07:08,3522678783,2097152,1048576,5,region6_2231479909
2023-03-19 07:08,3522270501,9527,656411,2,region6_2231479907
2023-03-19 07:08,3522488369,0,1903862,1,region6_2231479910
2023-03-19 07:08,3522488369,1903862,2202890,1,region6_2231479910
2023-03-19 07:08,3522783359,0,8481568,2,region6_2231479904
2023-03-19 07:08,3522805357,0,1048576,5,region6_2231479909
2023-03-19 07:08,3522896267,6388545,48,2,region6_2231479902
2023-03-19 07:08,3522488369,6309642,1549987,1,region6_2231479910
2023-03-19 07:08,3522488369,4106752,2202890,1,region6_2231479910
2023-03-19 07:08,3521806175,2097152,1048576,5,region6_2231479909
2023-03-19 07:08,3523299934,0,6656,2,region6_2231479902
2023-03-19 07:08,3522678783,3145728,1048576,5,region6_2231479909
2023-03-19 07:08,3522684762,5968956,346215,2,region6_2231479905
2023-03-19 07:08,3522805357,1048576,1048576,5,region6_2231479909
2023-03-19 07:08,3522805357,2097152,1048576,5,region6_2231479909
2023-03-19 07:08,3522678783,5242880,1048576,5,region6_2231479909
2023-03-19 07:08,3522678783,4194304,1048576,5,region6_2231479909
2023-03-19 07:08,3523107964,0,8759706,5,region6_2231479909
2023-03-19 07:08,3521806175,3145728,1048576,5,region6_2231479909
2023-03-19 07:08,3523338718,38912,4098677,2,region6_2231479905
2023-03-19 07:08,3520767940,2977318,1048093,2,region6_2231479905
2023-03-19 07:08,3522465419,0,8388608,2,region6_2231479902
2023-03-19 07:08,3520880931,0,5310969,2,region6_2231479907
2023-03-19 07:08,3522714981,2744000,14976,2,region6_2231479902
2023-03-19 07:08,3521806175,4194304,1048576,5,region6_2231479909
2023-03-19 07:08,3522330654,0,11162,2,region6_2231479902
2023-03-19 07:08,3523109488,1048576,1048576,5,region6_2231479909
2023-03-19 07:08,3523109488,0,1048576,5,region6_2231479909
2023-03-19 07:08,3523321590,0,23917,2,region6_2231479902
2023-03-19 07:08,3522302030,0,8481568,2,region6_2231479904
2023-03-19 07:08,3522490010,3392416,48,2,region6_2231479902
2023-03-19 07:08,3522561150,0,6997045,5,region6_2231479909
2023-03-19 07:08,3522986831,8192,4455,2,region6_2231479902
2023-03-19 07:08,3522986831,0,176,2,region6_2231479902
2023-03-19 07:08,3521719232,0,25165824,3,region6_2231479911
2023-03-19 07:08,3521806175,6291456,1048576,5,region6_2231479909
2023-03-19 07:08,3521806175,5242880,1048576,5,region6_2231479909
2023-03-19 07:08,3520995376,7539329,849279,2,region6_2231479907
2023-03-19 07:08,3521794108,0,1048576,5,region6_2231479909
2023-03-19 07:08,3522285830,0,4194304,2,region6_2231479906
2023-03-19 07:08,3522285830,4194304,4194304,2,region6_2231479906
2023-03-19 07:08,3521946805,0,1048576,5,region6_2231479909
2023-03-19 07:08,3523020492,1505298,48,2,region6_2231479902
2023-03-19 07:08,3523280656,3579115,4809493,2,region6_2231479905
2023-03-19 07:08,3522537492,2009888,166080,2,region6_2231479902
2023-03-19 07:08,3522678783,5242880,1048576,5,region6_2231479909
2023-03-19 07:08,3521794108,1048576,1048576,5,region6_2231479909
2023-03-19 07:08,3523122976,3547328,48,2,region6_2231479902
2023-03-19 07:08,3522684762,5968956,346215,2,region6_2231479905
2023-03-19 07:08,3522868962,0,5735260,2,region6_2231479903
2023-03-19 07:08,3521946805,1048576,1048576,5,region6_2231479909
2023-03-19 07:08,3520710461,7069731,1048576,2,region6_2231479908
2023-03-19 07:08,3520710461,0,3203411,2,region6_2231479908
2023-03-19 07:08,3520710461,7069731,1048576,2,region6_2231479908
2023-03-19 07:08,3520686776,0,100749,2,region6_2231479902
2023-03-19 07:08,3522678783,6291456,1048576,5,region6_2231479909
2023-03-19 07:08,3522678783,7340032,1048576,5,region6_2231479909
2023-03-19 07:08,3522995376,0,8388608,2,region6_2231479902
2023-03-19 07:08,3521794108,3145728,1048576,5,region6_2231479909
2023-03-19 07:08,3521794108,2097152,1048576,5,region6_2231479909
2023-03-19 07:08,3523109488,1048576,1048576,5,region6_2231479909
2023-03-19 07:08,3521389366,0,338064,2,region6_2231479902
2023-03-19 07:08,3521946805,2097152,1048576,5,region6_2231479909
2023-03-19 07:08,3522330609,0,8388608,4,region6_2231479906
2023-03-19 07:08,3521029159,3012031,39371,2,region6_2231479908
2023-03-19 07:08,3521029159,1963455,1048576,2,region6_2231479908
2023-03-19 07:08,3521029159,914879,1048576,2,region6_2231479908
2023-03-19 07:08,3521743163,0,176,2,region6_2231479902
2023-03-19 07:08,3522519112,5001567,1377242,2,region6_2231479907
2023-03-19 07:08,3522519112,1734661,2053686,2,region6_2231479907
2023-03-19 07:08,3522519112,5330233,1048576,2,region6_2231479907
2023-03-19 07:08,3522877611,0,25165824,3,region6_2231479911
2023-03-19 07:08,3520689193,0,8388608,2,region6_2231479917
2023-03-19 07:08,3522805357,2097152,1048576,5,region6_2231479909
2023-03-19 07:08,3522947020,0,8388608,5,region6_2231479909
2023-03-19 07:08,3523198127,0,8481568,2,region6_2231479904
2023-03-19 07:08,3523231456,521388,225790,2,region6_2231479905
2023-03-19 07:08,3522805357,3145728,1048576,5,region6_2231479909
2023-03-19 07:08,3523109488,2097152,49648,5,region6_2231479909
2023-03-19 07:08,3520689167,0,8973,2,region6_2231479902
2023-03-19 07:08,3521946805,4194304,1048576,5,region6_2231479909
2023-03-19 07:08,3521946805,3145728,1048576,5,region6_2231479909
2023-03-19 07:08,3521291182,0,8388608,2,region6_2231479907
2023-03-19 07:08,3522860205,0,8388608,2,region6_2231479906
2023-03-19 07:08,3523107221,4830176,391424,2,region6_2231479902
2023-03-19 07:08,3523232155,0,8388608,2,region6_2231479917
2023-03-19 07:08,3522378235,0,3566742,2,region6_2231479905
2023-03-19 07:08,3522652733,0,8388608,2,region6_2231479903
2023-03-19 07:08,3522922096,0,8388608,2,region6_2231479903
2023-03-19 07:08,3522690143,0,4469604,2,region6_2231479907
2023-03-19 07:08,3522661692,6246560,1453936,2,region6_2231479907
2023-03-19 07:08,3522378235,3566742,4821866,2,region6_2231479905
2023-03-19 07:08,3522491032,0,8388608,2,region6_2231479907
2023-03-19 07:08,3523149164,0,8388608,4,region6_2231479906
2023-03-19 07:08,3522426504,0,8481568,5,region6_2231479909
2023-03-19 07:08,3522489422,6071488,48,2,region6_2231479902
2023-03-19 07:08,3521882967,0,8388608,2,region6_2231479907
2023-03-19 07:08,3523109228,0,8388608,2,region6_2231479906
2023-03-19 07:08,3520763989,6750480,196746,2,region6_2231479902
2023-03-19 07:08,3522670889,0,176,2,region6_2231479902
2023-03-19 07:08,3522648987,2233733,4015688,2,region6_2231479907
2023-03-19 07:08,3522648987,5200845,1048576,2,region6_2231479907
2023-03-19 07:08,3522670889,8192,3994,2,region6_2231479902
2023-03-19 07:08,3522810561,0,8388608,5,region6_2231479909
2023-03-19 07:08,3520802510,0,1951098,5,region6_2231479912
2023-03-19 07:08,3520819324,2154538,108224,2,region6_2231479902
2023-03-19 07:08,3522415705,0,7681040,2,region6_2231479902
2023-03-19 07:08,3522415705,3411728,5069840,2,region6_2231479902
2023-03-19 07:08,3522648987,0,2016951,2,region6_2231479907
2023-03-19 07:08,3522678783,7340032,1048576,5,region6_2231479909
2023-03-19 07:08,3522756272,0,8381530,1,region6_2231479910
2023-03-19 07:08,3520758306,0,13319,2,region6_2231479902
2023-03-19 07:08,3520890075,7245487,137538,2,region6_2231479907
2023-03-19 07:08,3520890075,5515252,130542,2,region6_2231479907
2023-03-19 07:08,3522670889,8192,3994,2,region6_2231479902
2023-03-19 07:08,3522969346,0,8388608,4,region6_2231479906
2023-03-19 07:08,3523104392,0,8388608,4,region6_2231479906
2023-03-19 07:09,3522519118,0,1216,2,region6_2231479902
2023-03-19 07:09,3522523646,0,1299588,2,region6_2231479907
2023-03-19 07:09,3522523646,2881052,2543305,2,region6_2231479907
2023-03-19 07:09,3522670889,0,176,2,region6_2231479902
2023-03-19 07:09,3522678783,8388608,92960,5,region6_2231479909
2023-03-19 07:09,3522670889,8192,3994,2,region6_2231479902
2023-03-19 07:09,3522805357,3145728,1048576,5,region6_2231479909
2023-03-19 07:09,3522888239,0,1280720,2,region6_2231479906
2023-03-19 07:09,3520804093,3156028,1040914,2,region6_2231479905
2023-03-19 07:09,3521045689,100844,503680,2,region6_2231479902
2023-03-19 07:09,3521045689,0,100844,2,region6_2231479902
2023-03-19 07:09,3521306600,0,5645,2,region6_2231479902
2023-03-19 07:09,3521045689,391404,213120,2,region6_2231479902
2023-03-19 07:09,3521147083,5592879,1048576,2,region6_2231479905
2023-03-19 07:09,3520943562,7064438,1048576,2,region6_2231479908
2023-03-19 07:09,3520943562,7064438,1048576,2,region6_2231479908
2023-03-19 07:09,3520943562,515732,3052351,2,region6_2231479908
2023-03-19 07:09,3520818685,768,2944,2,region6_2231479902
2023-03-19 07:09,3521147083,5592879,1048576,2,region6_2231479905
2023-03-19 07:09,3522593248,3600081,1048576,2,region6_2231479907
2023-03-19 07:09,3522593248,3059718,1588939,2,region6_2231479907
2023-03-19 07:09,3523154065,1375252,7013356,2,region6_2231479903
2023-03-19 07:09,3521969627,0,939502,2,region6_2231479933
2023-03-19 07:09,3522805357,4194304,1048576,5,region6_2231479909
2023-03-19 07:09,3521978168,192,1408,2,region6_2231479902
2023-03-19 07:09,3523317822,0,8481568,2,region6_2231479904
2023-03-19 07:09,3520953990,0,8388608,5,region6_2231479909
2023-03-19 07:09,3522688639,0,8388608,5,region6_2231479909
2023-03-19 07:09,3523294637,81789,1672586,2,region6_2231479905
2023-03-19 07:09,3520790640,7508096,14976,2,region6_2231479902
2023-03-19 07:09,3520860174,0,14798274,4,region6_2231479916
2023-03-19 07:09,3522867690,0,8481568,5,region6_2231479909
2023-03-19 07:09,3520648480,0,7468128,1,region6_2231479910
2023-03-19 07:09,3520729975,0,2061,2,region6_2231479902
2023-03-19 07:09,3522805357,5242880,1048576,5,region6_2231479909
2023-03-19 07:09,3522841101,0,8372799,3,region6_2231479910
2023-03-19 07:09,3522090861,2537038,5851570,2,region6_2231479905
2023-03-19 07:09,3520782592,4359079,46503,2,region6_2231479907
2023-03-19 07:09,3523014535,0,2496,2,region6_2231479902
2023-03-19 07:09,3523029739,0,8388608,4,region6_2231479906
2023-03-19 07:09,3520889641,0,176,2,region6_2231479902
2023-03-19 07:09,3522805142,0,8481568,2,region6_2231479904
2023-03-19 07:09,3520702262,0,8388608,5,region6_2231479909
2023-03-19 07:09,3520886930,0,176,2,region6_2231479902
2023-03-19 07:09,3522651523,0,8481568,5,region6_2231479909
2023-03-19 07:09,3522805357,6291456,1048576,5,region6_2231479909
2023-03-19 07:09,3523122914,0,8388608,2,region6_2231479907
2023-03-19 07:09,3522714971,0,8354663,3,region6_2231479910
2023-03-19 07:09,3523259956,0,7347409,5,region6_2231479909
2023-03-19 07:09,3520645909,0,8481568,6,region6_2231479912
2023-03-19 07:09,3520756673,0,176,2,region6_2231479902
2023-03-19 07:09,3521199708,0,8481568,5,region6_2231479909
2023-03-19 07:09,3521890177,0,45,3,region6_2231479910
2023-03-19 07:09,3520776172,0,8388608,4,region6_2231479914
2023-03-19 07:09,3521028013,0,176,2,region6_2231479902
2023-03-19 07:09,3521266849,0,128,2,region6_2231479902
2023-03-19 07:09,3521794108,3145728,1048576,5,region6_2231479909
2023-03-19 07:09,3520846728,5706407,1285477,2,region6_2231479907
2023-03-19 07:09,3520846728,0,3174925,2,region6_2231479907
2023-03-19 07:09,3522712192,7684473,89440,2,region6_2231479911
2023-03-19 07:09,3522712192,74437,3272190,2,region6_2231479911
2023-03-19 07:09,3522712192,4577464,46483,2,region6_2231479911
2023-03-19 07:09,3522805357,7340032,1048576,5,region6_2231479909
2023-03-19 07:09,3521487284,0,1048576,5,region6_2231479909
2023-03-19 07:09,3520648480,7468128,483978,1,region6_2231479910
2023-03-19 07:09,3523163368,0,13248,2,region6_2231479902
2023-03-19 07:09,3520648099,0,8388608,2,region6_2231479907
2023-03-19 07:09,3520859296,2437856,96192,2,region6_2231479902
2023-03-19 07:09,3523215162,2055071,1376253,2,region6_2231479907
2023-03-19 07:09,3521355012,0,7773373,2,region6_2231479906
2023-03-19 07:09,3523215162,5472539,231922,2,region6_2231479907
2023-03-19 07:09,3520648496,0,151789,2,region6_2231479902
2023-03-19 07:09,3521074249,5275648,332352,2,region6_2231479902
2023-03-19 07:09,3522940466,0,192,5,region6_2231479912
2023-03-19 07:09,3523005360,2757664,51712,2,region6_2231479902
2023-03-19 07:09,3523128785,0,8376703,1,region6_2231479910
2023-03-19 07:09,3523175825,0,6086736,2,region6_2231479904
2023-03-19 07:09,3520955905,0,1280,2,region6_2231479902
2023-03-19 07:09,3521113897,3776384,482112,2,region6_2231479902
2023-03-19 07:09,3522741520,0,8388608,5,region6_2231479909
2023-03-19 07:09,3522808397,0,8388608,2,region6_2231479902
2023-03-19 07:09,3522990656,6303988,1048576,2,region6_2231479908
2023-03-19 07:09,3522990656,4206836,1048576,2,region6_2231479908
2023-03-19 07:09,3522990656,7352564,1036044,2,region6_2231479908
2023-03-19 07:09,3522990656,2109684,1048576,2,region6_2231479908
2023-03-19 07:09,3522990656,12532,1048576,2,region6_2231479908
2023-03-19 07:09,3522990656,5255412,1048576,2,region6_2231479908
2023-03-19 07:09,3522990656,3158260,1048576,2,region6_2231479908
2023-03-19 07:09,3522990656,1061108,1048576,2,region6_2231479908
2023-03-19 07:09,3522990656,0,12532,2,region6_2231479908
2023-03-19 07:09,3521806175,6291456,1048576,5,region6_2231479909
2023-03-19 07:09,3523175825,5961424,2520144,2,region6_2231479904
2023-03-19 07:09,3520696041,5917547,809728,2,region6_2231479902
2023-03-19 07:09,3521209601,0,1048576,5,region6_2231479909
2023-03-19 07:09,3521055892,4200576,58816,2,region6_2231479902
2023-03-19 07:09,3523105279,8055904,35264,2,region6_2231479902
2023-03-19 07:09,3520894317,8009344,48,2,region6_2231479902
2023-03-19 07:09,3521270934,812738,4405165,2,region6_2231479916
2023-03-19 07:09,3521270934,5217903,3170705,2,region6_2231479916
2023-03-19 07:09,3521209601,1048576,1048576,5,region6_2231479909
2023-03-19 07:09,3520894847,0,16955865,3,region6_2231479910
2023-03-19 07:09,3521097333,0,2236,5,region6_2231479909
2023-03-19 07:09,3523017308,0,1606487,2,region6_2231479903
2023-03-19 07:09,3521235391,0,5581,2,region6_2231479902
2023-03-19 07:09,3523017308,3122118,5266490,2,region6_2231479903
2023-03-19 07:09,3520719219,0,940,2,region6_2231479902
2023-03-19 07:09,3521152972,0,8112301,5,region6_2231479912
2023-03-19 07:09,3521267413,0,10836,2,region6_2231479902
2023-03-19 07:09,3523028563,0,8481568,5,region6_2231479909
2023-03-19 07:09,3523233024,0,8388608,2,region6_2231479907
2023-03-19 07:09,3521209601,2097152,1048576,5,region6_2231479909
2023-03-19 07:09,3521223505,0,6990981,4,region6_2231479913
2023-03-19 07:09,3521375685,721792,566848,2,region6_2231479902
2023-03-19 07:09,3521375685,0,721792,2,region6_2231479902
2023-03-19 07:09,3523170183,6531520,509568,2,region6_2231479902
2023-03-19 07:09,3523231456,521388,225790,2,region6_2231479905
2023-03-19 07:09,3523297322,771934,7616674,2,region6_2231479907
2023-03-19 07:09,3520799772,0,7053555,3,region6_2231479910
2023-03-19 07:09,3521418887,0,8388608,2,region6_2231479911
2023-03-19 07:09,3521596022,0,5250144,2,region6_2231479905
2023-03-19 07:09,3521596022,5250144,3138464,2,region6_2231479905
2023-03-19 07:09,3521375685,1012352,276288,2,region6_2231479902
2023-03-19 07:09,3522090861,0,879609,2,region6_2231479905
2023-03-19 07:09,3521209601,3145728,1048576,5,region6_2231479909
2023-03-19 07:09,3521946805,4194304,1048576,5,region6_2231479909
2023-03-19 07:09,3521175049,10787752,77504,2,region6_2231479902
2023-03-19 07:09,3522899464,0,1664,2,region6_2231479902
2023-03-19 07:09,3521152453,1443366,496261,2,region6_2231479905
2023-03-19 07:09,3521502661,0,6492708,5,region6_2231479909
2023-03-19 07:09,3523177325,0,8388608,2,region6_2231479907
2023-03-19 07:09,3520977415,0,87796,2,region6_2231479902
2023-03-19 07:09,3521209601,4194304,1048576,5,region6_2231479909
2023-03-19 07:09,3521270933,8240200,148408,2,region6_2231479907
2023-03-19 07:09,3521270933,4336057,211868,2,region6_2231479907
2023-03-19 07:09,3521270933,0,1419244,2,region6_2231479907
2023-03-19 07:09,3522998642,0,8388608,2,region6_2231479903
2023-03-19 07:09,3521314759,0,3636808,5,region6_2231479909
2023-03-19 07:09,3523304788,128022,1146287,2,region6_2231479903
2023-03-19 07:09,3523304788,7502263,886345,2,region6_2231479903
2023-03-19 07:09,3521105005,0,8388608,2,region6_2231479907
2023-03-19 07:09,3521389366,7555536,926032,2,region6_2231479902
2023-03-19 07:09,3521389366,0,7892192,2,region6_2231479902
2023-03-19 07:09,3523315774,0,8388608,4,region6_2231479905
2023-03-19 07:09,3521209601,5242880,1048576,5,region6_2231479909
2023-03-19 07:09,3521461060,4051887,1048576,2,region6_2231479907
2023-03-19 07:09,3521461060,3567151,1533312,2,region6_2231479907
2023-03-19 07:09,3521547532,0,8388608,5,region6_2231479909
2023-03-19 07:09,3520784030,1368900,1667146,2,region6_2231479903
2023-03-19 07:09,3523318769,0,16890578,3,region6_2231479910
2023-03-19 07:09,3521055541,0,1709852,4,region6_2231479906
2023-03-19 07:09,3521806175,6291456,1048576,5,region6_2231479909
2023-03-19 07:09,3521118878,0,7566127,3,region6_2231479910
2023-03-19 07:09,3521148068,0,22592,2,region6_2231479902
2023-03-19 07:09,3522090861,879609,1657429,2,region6_2231479905
2023-03-19 07:09,3521209601,6291456,1048576,5,region6_2231479909
2023-03-19 07:09,3523139068,0,640,2,region6_2231479902
2023-03-19 07:09,3520782592,6875146,16221,2,region6_2231479907
2023-03-19 07:09,3520934586,0,724569,2,region6_2231479906
2023-03-19 07:09,3521045693,5988806,1390835,2,region6_2231479907
2023-03-19 07:09,3521172498,0,8388608,5,region6_2231479909
2023-03-19 07:09,3520648596,0,2628963,5,region6_2231479909
2023-03-19 07:09,3521209601,7340032,1048576,5,region6_2231479909
2023-03-19 07:09,3521487284,0,1048576,5,region6_2231479909
2023-03-19 07:09,3521573806,0,8481568,2,region6_2231479904
2023-03-19 07:09,3522076836,0,243188,2,region6_2231479902
2023-03-19 07:09,3520877164,0,4240784,6,region6_2231479912
2023-03-19 07:09,3523304788,5012849,3375759,2,region6_2231479903
2023-03-19 07:09,3523304788,0,1274309,2,region6_2231479903
2023-03-19 07:09,3520932693,0,8388608,4,region6_2231479918
2023-03-19 07:09,3521149052,0,219674,2,region6_2231479902
2023-03-19 07:09,3521284191,0,2707884,2,region6_2231479905
2023-03-19 07:09,3523204246,0,3867,5,region6_2231479909
2023-03-19 07:09,3520932679,0,13824,2,region6_2231479902
2023-03-19 07:09,3520999650,896117,7492491,2,region6_2231479903
2023-03-19 07:09,3521097333,0,2236,5,region6_2231479909
2023-03-19 07:09,3521097982,0,8388608,2,region6_2231479903
2023-03-19 07:09,3521794108,3145728,1048576,5,region6_2231479909
2023-03-19 07:09,3520794225,0,152982,2,region6_2231479902
2023-03-19 07:09,3521209601,8388608,92960,5,region6_2231479909
2023-03-19 07:09,3521405582,745950,7642658,2,region6_2231479907
2023-03-19 07:09,3520794225,0,152982,2,region6_2231479902
2023-03-19 07:09,3521176553,0,8388608,4,region6_2231479906
2023-03-19 07:09,3521467594,0,10334983,5,region6_2231479909
2023-03-19 07:09,3521663201,415681,7972927,2,region6_2231479907
2023-03-19 07:10,3521852361,5390583,810317,2,region6_2231479907
2023-03-19 07:10,3523202044,3160524,4089606,2,region6_2231479911
2023-03-19 07:10,3523202044,0,897185,2,region6_2231479911
2023-03-19 07:10,3520878446,0,820,5,region6_2231479912
2023-03-19 07:10,3521312979,0,1412623,2,region6_2231479905
2023-03-19 07:10,3521691410,63421,443497,2,region6_2231479907
2023-03-19 07:10,3521691410,8148042,240566,2,region6_2231479907
2023-03-19 07:10,3520978326,0,1816215,2,region6_2231479911
2023-03-19 07:10,3521423021,2916352,131072,2,region6_2231479902
2023-03-19 07:10,3521543777,0,6995346,4,region6_2231479913
2023-03-19 07:10,3521788715,0,2100651,2,region6_2231479906
2023-03-19 07:10,3520796167,0,164224,2,region6_2231479902
2023-03-19 07:10,3521778833,0,8388608,2,region6_2231479906
2023-03-19 07:10,3522696324,346641,1751845,2,region6_2231479903
2023-03-19 07:10,3521179331,852431,1048576,2,region6_2231479905
2023-03-19 07:10,3521806175,6291456,1048576,5,region6_2231479909
2023-03-19 07:10,3520796167,0,164224,2,region6_2231479902
2023-03-19 07:10,3520799745,0,8482388,2,region6_2231479904
2023-03-19 07:10,3521057012,8343152,138416,2,region6_2231479904
2023-03-19 07:10,3521057012,0,307376,2,region6_2231479904
2023-03-19 07:10,3521057012,0,8481568,2,region6_2231479904
2023-03-19 07:10,3521288771,0,56602,2,region6_2231479902
2023-03-19 07:10,3521298150,0,2902,4,region6_2231479913
2023-03-19 07:10,3521321065,8192,846656,2,region6_2231479902
2023-03-19 07:10,3521359755,5842086,2075375,2,region6_2231479907
2023-03-19 07:10,3520763493,0,8388608,5,region6_2231479909
2023-03-19 07:10,3521832018,0,6637,2,region6_2231479902
2023-03-19 07:10,3521288771,0,56602,2,region6_2231479902
2023-03-19 07:10,3520710461,7069731,1048576,2,region6_2231479908
2023-03-19 07:10,3520710461,0,3203411,2,region6_2231479908
2023-03-19 07:10,3520710461,0,3203411,2,region6_2231479908
2023-03-19 07:10,3520710461,7069731,1048576,2,region6_2231479908
2023-03-19 07:10,3520710461,7069731,1048576,2,region6_2231479908
2023-03-19 07:10,3521147083,5592879,1048576,2,region6_2231479905
2023-03-19 07:10,3521147083,5592879,1048576,2,region6_2231479905
2023-03-19 07:10,3521596022,0,5250144,2,region6_2231479905
2023-03-19 07:10,3521596022,5250144,3138464,2,region6_2231479905
2023-03-19 07:10,3521830656,0,8178043,3,region6_2231479910
2023-03-19 07:10,3520798910,1394,872,2,region6_2231479902
2023-03-19 07:10,3522016429,0,8388608,2,region6_2231479907
2023-03-19 07:10,3523311349,0,13804,2,region6_2231479902
2023-03-19 07:10,3523333666,0,82733,2,region6_2231479902
2023-03-19 07:10,3521288771,0,56602,2,region6_2231479902
2023-03-19 07:10,3521294753,6660357,1728251,2,region6_2231479907
2023-03-19 07:10,3521312979,0,1412623,2,region6_2231479905
2023-03-19 07:10,3521374391,0,128,2,region6_2231479902
2023-03-19 07:10,3521794108,3145728,1048576,5,region6_2231479909
2023-03-19 07:10,3521554292,0,1946,2,region6_2231479902
2023-03-19 07:10,3523342576,0,2388,2,region6_2231479902
2023-03-19 07:10,3521637042,0,8388608,5,region6_2231479909
2023-03-19 07:10,3520696041,8312043,2892416,2,region6_2231479902
2023-03-19 07:10,3521104994,7140662,1247946,2,region6_2231479905
2023-03-19 07:10,3521104994,0,7140662,2,region6_2231479905
2023-03-19 07:10,3521261609,0,306420,2,region6_2231479902
2023-03-19 07:10,3521484320,0,7373,2,region6_2231479902
2023-03-19 07:10,3521946805,4194304,1048576,5,region6_2231479909
2023-03-19 07:10,3521163367,0,1331325,2,region6_2231479903
2023-03-19 07:10,3521192509,2141925,441,2,region6_2231479905
2023-03-19 07:10,3522048269,7932672,127488,2,region6_2231479902
2023-03-19 07:10,3521733090,0,8388608,2,region6_2231479907
2023-03-19 07:10,3520936185,0,16000,2,region6_2231479902
2023-03-19 07:10,3520951577,0,8388608,4,region6_2231479918
2023-03-19 07:10,3521192509,2142366,4421920,2,region6_2231479905
2023-03-19 07:10,3521192509,6564286,1824322,2,region6_2231479905
2023-03-19 07:10,3521212174,3522243,441,2,region6_2231479905
2023-03-19 07:10,3521323562,0,4045,2,region6_2231479902
2023-03-19 07:10,3521414121,0,6286670,5,region6_2231479909
2023-03-19 07:10,3520757468,0,4765377,4,region6_2231479914
2023-03-19 07:10,3521153020,3356544,23040,2,region6_2231479902
2023-03-19 07:10,3521274557,5427139,2961469,2,region6_2231479905
2023-03-19 07:10,3521549044,0,176,2,region6_2231479902
2023-03-19 07:10,3521549044,8192,3597,2,region6_2231479902
2023-03-19 07:10,3520767940,2961478,157543,2,region6_2231479905
2023-03-19 07:10,3520936185,0,16000,2,region6_2231479902
2023-03-19 07:10,3521821746,0,128,2,region6_2231479902
2023-03-19 07:10,3521549044,8192,3597,2,region6_2231479902
2023-03-19 07:10,3520764027,0,5241626,4,region6_2231479914
2023-03-19 07:10,3521212174,3522684,4398687,2,region6_2231479905
2023-03-19 07:10,3521549044,0,176,2,region6_2231479902
2023-03-19 07:10,3521212174,7921371,467237,2,region6_2231479905
2023-03-19 07:10,3521969886,0,3779752,2,region6_2231479907
2023-03-19 07:10,3522048264,0,5791984,2,region6_2231479902
2023-03-19 07:10,3522048264,4229616,4766852,2,region6_2231479902
2023-03-19 07:10,3520763657,0,736515,2,region6_2231479907
2023-03-19 07:10,3520804093,3146803,137826,2,region6_2231479905
2023-03-19 07:10,3521314114,0,24089219,3,region6_2231479911
2023-03-19 07:10,3521333978,2910976,70656,2,region6_2231479902
2023-03-19 07:10,3521549044,0,176,2,region6_2231479902
2023-03-19 07:10,3521549044,8192,3597,2,region6_2231479902
2023-03-19 07:10,3520804093,3133620,1122563,2,region6_2231479905
2023-03-19 07:10,3521086064,0,52544,2,region6_2231479902
2023-03-19 07:10,3521549044,0,176,2,region6_2231479902
2023-03-19 07:10,3521549044,8192,3597,2,region6_2231479902
2023-03-19 07:10,3522090861,2537038,5851570,2,region6_2231479905
2023-03-19 07:10,3520977407,0,8388608,2,region6_2231479906
2023-03-19 07:10,3521309726,0,25165824,3,region6_2231479911
2023-03-19 07:10,3521789151,0,8388608,2,region6_2231479906
2023-03-19 07:10,3521091537,5586048,64896,2,region6_2231479902
2023-03-19 07:10,3521202578,0,25165824,3,region6_2231479911
2023-03-19 07:10,3521956220,0,1048576,5,region6_2231479909
2023-03-19 07:10,3521487284,0,1048576,5,region6_2231479909
2023-03-19 07:10,3520889138,36500816,242698,2,region6_2231479902
2023-03-19 07:10,3520920208,7427520,289600,2,region6_2231479902
2023-03-19 07:10,3520992822,0,13274232,3,region6_2231479911
2023-03-19 07:10,3521284976,0,176,2,region6_2231479902
2023-03-19 07:10,3521284976,8192,856685,2,region6_2231479902
2023-03-19 07:10,3522111620,731232,48,2,region6_2231479902
2023-03-19 07:10,3521006110,0,5133,2,region6_2231479902
2023-03-19 07:10,3521323088,2975090,105024,2,region6_2231479902
2023-03-19 07:10,3521523782,5814971,87198,2,region6_2231479905
2023-03-19 07:10,3520786452,2597907,5790701,2,region6_2231479903
2023-03-19 07:10,3521465861,2059296,194176,2,region6_2231479902
2023-03-19 07:10,3520966005,0,8481568,6,region6_2231479912
2023-03-19 07:10,3521284976,0,176,2,region6_2231479902
2023-03-19 07:10,3521619727,1986848,106752,2,region6_2231479902
2023-03-19 07:10,3521427309,0,299492,2,region6_2231479902
2023-03-19 07:10,3521427309,0,590052,2,region6_2231479902
2023-03-19 07:10,3521883574,3621248,48,2,region6_2231479902
2023-03-19 07:10,3521050837,0,256,2,region6_2231479902
2023-03-19 07:10,3521110473,0,8388608,2,region6_2231479903
2023-03-19 07:10,3521427309,590052,16758,2,region6_2231479902
2023-03-19 07:10,3521950627,0,1048576,5,region6_2231479909
2023-03-19 07:10,3521950627,1048576,1048576,5,region6_2231479909
2023-03-19 07:10,3520871113,0,1061,2,region6_2231479914
2023-03-19 07:10,3521080570,4237278,217769,2,region6_2231479907
2023-03-19 07:10,3521080570,7363754,276479,2,region6_2231479907
2023-03-19 07:10,3521080570,1842943,531501,2,region6_2231479907
2023-03-19 07:10,3521449752,171456,90752,2,region6_2231479902
2023-03-19 07:10,3522233778,5196364,118720,2,region6_2231479902
2023-03-19 07:10,3521545391,0,5645,2,region6_2231479902
2023-03-19 07:10,3520943562,7064438,1048576,2,region6_2231479908
2023-03-19 07:10,3520943562,515732,3052351,2,region6_2231479908
2023-03-19 07:10,3520943562,7064438,1048576,2,region6_2231479908
2023-03-19 07:10,3521274557,5427139,2961469,2,region6_2231479905
2023-03-19 07:10,3521794579,1056730,6962430,2,region6_2231479905
2023-03-19 07:10,3521794579,0,1056730,2,region6_2231479905
2023-03-19 07:10,3521794579,8019160,369448,2,region6_2231479905
2023-03-19 07:10,3522066645,363999,699248,2,region6_2231479907
2023-03-19 07:10,3520943562,515732,3052351,2,region6_2231479908
2023-03-19 07:10,3521589894,898920,1048576,2,region6_2231479905
2023-03-19 07:10,3521589894,898920,1048576,2,region6_2231479905
2023-03-19 07:10,3522298310,0,192,2,region6_2231479902
2023-03-19 07:10,3521018453,2422660,5965948,2,region6_2231479907
2023-03-19 07:10,3521327877,0,8388608,4,region6_2231479914
2023-03-19 07:10,3521956220,0,1048576,5,region6_2231479909
2023-03-19 07:10,3521897008,0,176,2,region6_2231479902
2023-03-19 07:10,3521093179,0,176,2,region6_2231479902
2023-03-19 07:10,3521055926,0,8481568,2,region6_2231479904
2023-03-19 07:10,3521520519,0,128,2,region6_2231479902
2023-03-19 07:10,3521893871,0,7266382,2,region6_2231479903
2023-03-19 07:10,3521956220,1048576,1048576,5,region6_2231479909
2023-03-19 07:10,3521000889,0,48,2,region6_2231479902
2023-03-19 07:10,3521314155,0,8388608,2,region6_2231479903
2023-03-19 07:10,3521432379,6157472,176576,2,region6_2231479902
2023-03-19 07:10,3521550242,7687536,794032,2,region6_2231479904
2023-03-19 07:10,3521550242,0,8481568,2,region6_2231479904
2023-03-19 07:10,3522180021,0,59802,2,region6_2231479902
2023-03-19 07:10,3521523748,0,8388608,2,region6_2231479907
2023-03-19 07:10,3522150528,7312197,1076411,2,region6_2231479907
2023-03-19 07:10,3522180021,0,59802,2,region6_2231479902
2023-03-19 07:10,3520782592,4359079,46503,2,region6_2231479907
2023-03-19 07:10,3521210385,1267,5658,2,region6_2231479902
2023-03-19 07:10,3521734022,0,8388608,2,region6_2231479920
2023-03-19 07:10,3521956220,3145728,1048576,5,region6_2231479909
2023-03-19 07:10,3521956220,2097152,1048576,5,region6_2231479909
2023-03-19 07:10,3522018210,0,8388608,5,region6_2231479909
2023-03-19 07:10,3522150528,0,760204,2,region6_2231479907
2023-03-19 07:10,3521525085,7482368,48,2,region6_2231479902
2023-03-19 07:10,3521984380,0,8414748,2,region6_2231479902
2023-03-19 07:10,3522150528,2410158,1234700,2,region6_2231479907
2023-03-19 07:10,3522150528,4988268,2111810,2,region6_2231479907
2023-03-19 07:10,3521984380,8361372,6866704,2,region6_2231479902
2023-03-19 07:10,3522044470,0,176,2,region6_2231479902
2023-03-19 07:10,3522180021,0,59802,2,region6_2231479902
2023-03-19 07:11,3522459752,7881918,126223,2,region6_2231479905
2023-03-19 07:11,3521883731,4026040,2147069,2,region6_2231479903
2023-03-19 07:11,3521883731,2027009,147988,2,region6_2231479903
2023-03-19 07:11,3521209525,0,1594482,2,region6_2231479906
2023-03-19 07:11,3521774445,5353446,31808,2,region6_2231479902
2023-03-19 07:11,3521342985,0,19776,2,region6_2231479902
2023-03-19 07:11,3521012942,3597944,127230,2,region6_2231479905
2023-03-19 07:11,3521012942,2330745,82324,2,region6_2231479905
2023-03-19 07:11,3521433285,7843315,545293,2,region6_2231479907
2023-03-19 07:11,3522377576,0,2859289,2,region6_2231479903
2023-03-19 07:11,3522528696,5384994,187054,2,region6_2231479907
2023-03-19 07:11,3522528696,1163760,110796,2,region6_2231479907
2023-03-19 07:11,3521460623,0,8388608,5,region6_2231479909
2023-03-19 07:11,3522300736,5575744,48,2,region6_2231479902
2023-03-19 07:11,3522521486,4032,128,2,region6_2231479902
2023-03-19 07:11,3521382056,0,870744,2,region6_2231479907
2023-03-19 07:11,3521382056,0,870744,2,region6_2231479907
2023-03-19 07:11,3521576672,1436705,380297,2,region6_2231479903
2023-03-19 07:11,3521576672,5371425,660174,2,region6_2231479903
2023-03-19 07:11,3521921929,0,176,2,region6_2231479902
2023-03-19 07:11,3521883692,3096608,48,2,region6_2231479902
2023-03-19 07:11,3522003360,0,13227,2,region6_2231479902
2023-03-19 07:11,3521572652,0,8187027,3,region6_2231479910
2023-03-19 07:11,3521855454,1420,1966,2,region6_2231479902
2023-03-19 07:11,3522185805,0,1191458,2,region6_2231479911
2023-03-19 07:11,3521608782,0,176,2,region6_2231479902
2023-03-19 07:11,3521855467,0,1605428,5,region6_2231479912
2023-03-19 07:11,3522613273,0,8388608,4,region6_2231479911
2023-03-19 07:11,3521734945,2772128,48,2,region6_2231479902
2023-03-19 07:11,3521774983,0,3438282,2,region6_2231479916
2023-03-19 07:11,3521914598,0,1048576,5,region6_2231479909
2023-03-19 07:11,3522385964,0,49933,2,region6_2231479902
2023-03-19 07:11,3521684818,3220807,5167801,2,region6_2231479916
2023-03-19 07:11,3521684818,0,3220807,2,region6_2231479916
2023-03-19 07:11,3521774983,3438282,4950326,2,region6_2231479916
2023-03-19 07:11,3521956220,3145728,1048576,5,region6_2231479909
2023-03-19 07:11,3522095250,0,8388608,2,region6_2231479902
2023-03-19 07:11,3521914598,1048576,1048576,5,region6_2231479909
2023-03-19 07:11,3522482823,0,134221,2,region6_2231479902
2023-03-19 07:11,3521294753,0,8388608,2,region6_2231479906
2023-03-19 07:11,3521466390,1034016,118208,2,region6_2231479902
2023-03-19 07:11,3521776407,0,1048576,5,region6_2231479909
2023-03-19 07:11,3522488345,0,6320681,4,region6_2231479906
2023-03-19 07:11,3522541770,0,8481568,5,region6_2231479909
2023-03-19 07:11,3521564105,0,8204299,2,region6_2231479903
2023-03-19 07:11,3521956220,4194304,1048576,5,region6_2231479909
2023-03-19 07:11,3522288776,0,8388608,5,region6_2231479909
2023-03-19 07:11,3521958027,0,8481568,5,region6_2231479909
2023-03-19 07:11,3521914598,3145728,1048576,5,region6_2231479909
2023-03-19 07:11,3521914598,2097152,1048576,5,region6_2231479909
2023-03-19 07:11,3521085628,0,38070,2,region6_2231479907
2023-03-19 07:11,3521085628,129147,459716,2,region6_2231479907
2023-03-19 07:11,3522547676,1380,323,2,region6_2231479902
2023-03-19 07:11,3521098236,3664088,1048576,2,region6_2231479903
2023-03-19 07:11,3521776407,1048576,1048576,5,region6_2231479909
2023-03-19 07:11,3521947047,0,1002,2,region6_2231479914
2023-03-19 07:11,3522066201,0,8388608,2,region6_2231479907
2023-03-19 07:11,3521956220,5242880,1048576,5,region6_2231479909
2023-03-19 07:11,3522138285,0,128,2,region6_2231479902
2023-03-19 07:11,3522416678,0,1026477,4,region6_2231479906
2023-03-19 07:11,3521667664,0,4599579,2,region6_2231479903
2023-03-19 07:11,3521719232,0,2097152,1,region6_2231479911
2023-03-19 07:11,3522679950,0,8388608,4,region6_2231479919
2023-03-19 07:11,3521435145,0,8481568,5,region6_2231479909
2023-03-19 07:11,3521449697,0,929,2,region6_2231479902
2023-03-19 07:11,3521554430,0,3216,2,region6_2231479902
2023-03-19 07:11,3521719232,16777216,2097152,1,region6_2231479911
2023-03-19 07:11,3521719232,12582912,2097152,1,region6_2231479911
2023-03-19 07:11,3521719232,2097152,2097152,1,region6_2231479911
2023-03-19 07:11,3521719232,6291456,2097152,1,region6_2231479911
2023-03-19 07:11,3521719232,18874368,2097152,1,region6_2231479911
2023-03-19 07:11,3521719232,14680064,2097152,1,region6_2231479911
2023-03-19 07:11,3521719232,10485760,2097152,1,region6_2231479911
2023-03-19 07:11,3521719232,8388608,2097152,1,region6_2231479911
2023-03-19 07:11,3521719232,4194304,2097152,1,region6_2231479911
2023-03-19 07:11,3521890177,0,45,1,region6_2231479910
2023-03-19 07:11,3522449685,0,8388608,4,region6_2231479906
2023-03-19 07:11,3521719232,20971520,2097152,1,region6_2231479911
2023-03-19 07:11,3521776407,2097152,1048576,5,region6_2231479909
2023-03-19 07:11,3521719232,23068672,2097152,1,region6_2231479911
2023-03-19 07:11,3521956220,6291456,1048576,5,region6_2231479909
2023-03-19 07:11,3522090861,0,879609,2,region6_2231479905
2023-03-19 07:11,3521268454,0,76173,2,region6_2231479902
2023-03-19 07:11,3521431193,8240688,240880,2,region6_2231479902
2023-03-19 07:11,3521431193,1690608,6790960,2,region6_2231479902
2023-03-19 07:11,3521431193,0,1733168,2,region6_2231479902
2023-03-19 07:11,3521520574,0,8685082,5,region6_2231479909
2023-03-19 07:11,3521776407,4194304,1048576,5,region6_2231479909
2023-03-19 07:11,3521776407,3145728,1048576,5,region6_2231479909
2023-03-19 07:11,3522089106,330368,1139530,2,region6_2231479928
2023-03-19 07:11,3522143895,0,8382403,3,region6_2231479910
2023-03-19 07:11,3521211253,1685225,640426,2,region6_2231479907
2023-03-19 07:11,3521211253,4970630,1013656,2,region6_2231479907
2023-03-19 07:11,3521670175,6702784,48,2,region6_2231479902
2023-03-19 07:11,3521766832,0,3522554,5,region6_2231479912
2023-03-19 07:11,3521956220,7340032,1048576,5,region6_2231479909
2023-03-19 07:11,3521606049,0,49997,2,region6_2231479902
2023-03-19 07:11,3521296921,0,8388608,2,region6_2231479907
2023-03-19 07:11,3522549218,0,128,2,region6_2231479902
2023-03-19 07:11,3522519979,0,8388608,4,region6_2231479906
2023-03-19 07:11,3522677887,0,7682836,5,region6_2231479909
2023-03-19 07:11,3521733400,0,4104800,5,region6_2231479912
2023-03-19 07:11,3521776705,0,7108964,3,region6_2231479910
2023-03-19 07:11,3521979960,0,103215,2,region6_2231479902
2023-03-19 07:11,3522329129,0,11680,2,region6_2231479902
2023-03-19 07:11,3522344091,0,8388608,2,region6_2231479906
2023-03-19 07:11,3522535485,2202720,73728,2,region6_2231479902
2023-03-19 07:11,3521758634,0,1690,2,region6_2231479902
2023-03-19 07:11,3521783063,0,5369491,4,region6_2231479918
2023-03-19 07:11,3521979960,103215,70456,2,region6_2231479902
2023-03-19 07:11,3522461018,1453476,198550,2,region6_2231479902
2023-03-19 07:11,3522461018,142756,1310720,2,region6_2231479902
2023-03-19 07:11,3522461018,0,142756,2,region6_2231479902
2023-03-19 07:11,3521663180,481312,183680,2,region6_2231479902
2023-03-19 07:11,3521834504,5217900,44502,2,region6_2231479907
2023-03-19 07:11,3521914598,3145728,1048576,5,region6_2231479909
2023-03-19 07:11,3522758905,0,8388608,2,region6_2231479903
2023-03-19 07:11,3521965917,0,2008074,2,region6_2231479903
2023-03-19 07:11,3521550582,1336258,2979249,2,region6_2231479907
2023-03-19 07:11,3521550582,3266931,1048576,2,region6_2231479907
2023-03-19 07:11,3520762029,0,54656,2,region6_2231479902
2023-03-19 07:11,3522134455,0,8481568,5,region6_2231479909
2023-03-19 07:11,3521914598,4194304,1048576,5,region6_2231479909
2023-03-19 07:11,3522649232,0,1218024,2,region6_2231479905
2023-03-19 07:11,3522649232,4344370,1033813,2,region6_2231479905
2023-03-19 07:11,3522805103,0,8372357,3,region6_2231479910
2023-03-19 07:11,3521913854,0,8481568,5,region6_2231479909
2023-03-19 07:11,3520767940,2994175,1275964,2,region6_2231479905
2023-03-19 07:11,3522344090,0,6992904,4,region6_2231479913
2023-03-19 07:11,3521776407,5242880,1048576,5,region6_2231479909
2023-03-19 07:11,3521776407,4194304,1048576,5,region6_2231479909
2023-03-19 07:11,3520823626,0,10349,2,region6_2231479902
2023-03-19 07:11,3521988853,453808,3475846,2,region6_2231479902
2023-03-19 07:11,3522460622,0,8388608,2,region6_2231479907
2023-03-19 07:11,3522824049,0,8481568,5,region6_2231479909
2023-03-19 07:11,3521914598,5242880,1048576,5,region6_2231479909
2023-03-19 07:11,3521950627,1048576,1048576,5,region6_2231479909
2023-03-19 07:11,3521287031,4336275,648893,2,region6_2231479907
2023-03-19 07:11,3522741645,0,176,2,region6_2231479902
2023-03-19 07:11,3521913084,0,1052,2,region6_2231479914
2023-03-19 07:11,3522395028,0,8388608,2,region6_2231479907
2023-03-19 07:11,3521519880,0,11047,2,region6_2231479902
2023-03-19 07:11,3521749076,0,8481568,5,region6_2231479909
2023-03-19 07:11,3521759782,0,8388608,4,region6_2231479911
2023-03-19 07:11,3521765368,0,838391,2,region6_2231479907
2023-03-19 07:11,3521765368,0,838391,2,region6_2231479907
2023-03-19 07:11,3520803259,389970,1048576,2,region6_2231479911
2023-03-19 07:11,3521986635,0,26260,2,region6_2231479902
2023-03-19 07:11,3522480896,0,806394,1,region6_2231479910
2023-03-19 07:11,3521914598,6291456,1048576,5,region6_2231479909
2023-03-19 07:11,3522818717,5882901,176011,2,region6_2231479907
2023-03-19 07:11,3521947021,0,8388608,4,region6_2231479911
2023-03-19 07:11,3522044771,0,2025922,2,region6_2231479905
2023-03-19 07:11,3521284672,0,8388608,2,region6_2231479906
2023-03-19 07:11,3521759793,3799522,129916,2,region6_2231479905
2023-03-19 07:11,3522044771,2025922,4485312,2,region6_2231479905
2023-03-19 07:11,3522366385,0,8481568,5,region6_2231479909
2023-03-19 07:11,3522768635,0,8481568,5,region6_2231479909
2023-03-19 07:11,3521878746,0,8388608,2,region6_2231479907
2023-03-19 07:11,3521914598,7340032,1048576,5,region6_2231479909
2023-03-19 07:11,3521969886,0,3779752,2,region6_2231479907
2023-03-19 07:11,3521865800,0,176,2,region6_2231479902
2023-03-19 07:11,3522297852,0,8388608,2,region6_2231479907
2023-03-19 07:11,3520761772,3281472,48,2,region6_2231479902
2023-03-19 07:11,3521776697,0,6665471,4,region6_2231479923
2023-03-19 07:11,3520804093,3180950,1075233,2,region6_2231479905
2023-03-19 07:11,3522817730,8211731,26938,2,region6_2231479905
2023-03-19 07:11,3522891340,2652474,762208,2,region6_2231479907
2023-03-19 07:11,3521914598,8388608,1048576,5,region6_2231479909
2023-03-19 07:11,3522135148,0,8388608,4,region6_2231479906
2023-03-19 07:11,3522480896,806394,7179017,1,region6_2231479910
2023-03-19 07:11,3522517103,0,27,2,region6_2231479906
2023-03-19 07:11,3521294753,6660357,1728251,2,region6_2231479907
2023-03-19 07:11,3521691410,8148042,240566,2,region6_2231479907
2023-03-19 07:11,3521691410,63421,443497,2,region6_2231479907
2023-03-19 07:12,3522648831,0,8388608,4,region6_2231479919
2023-03-19 07:12,3523024881,0,2164139,2,region6_2231479905
2023-03-19 07:12,3523024881,2164139,6224469,2,region6_2231479905
2023-03-19 07:12,3521914598,9437184,1048576,5,region6_2231479909
2023-03-19 07:12,3522739142,0,8481568,6,region6_2231479912
2023-03-19 07:12,3522789169,0,768,2,region6_2231479902
2023-03-19 07:12,3521968811,0,2393297,3,region6_2231479910
2023-03-19 07:12,3522090861,879609,1657429,2,region6_2231479905
2023-03-19 07:12,3522269812,0,8388608,2,region6_2231479907
2023-03-19 07:12,3523160446,416,448,2,region6_2231479902
2023-03-19 07:12,3522405048,3140215,9233,2,region6_2231479907
2023-03-19 07:12,3521969627,0,939500,2,region6_2231479928
2023-03-19 07:12,3522219402,0,1415,2,region6_2231479902
2023-03-19 07:12,3522405048,6524441,36756,2,region6_2231479907
2023-03-19 07:12,3522377544,1372730,5818497,2,region6_2231479903
2023-03-19 07:12,3522808310,0,128,2,region6_2231479902
2023-03-19 07:12,3523021110,0,1048576,5,region6_2231479909
2023-03-19 07:12,3521914598,11534336,1048576,5,region6_2231479909
2023-03-19 07:12,3521914598,10485760,1048576,5,region6_2231479909
2023-03-19 07:12,3521950627,1048576,1048576,5,region6_2231479909
2023-03-19 07:12,3520710461,7069731,1048576,2,region6_2231479908
2023-03-19 07:12,3520710461,0,3203411,2,region6_2231479908
2023-03-19 07:12,3521172176,0,6797,2,region6_2231479902
2023-03-19 07:12,3521596022,5250144,3138464,2,region6_2231479905
2023-03-19 07:12,3521596022,0,5250144,2,region6_2231479905
2023-03-19 07:12,3523118091,3822192,4659376,2,region6_2231479904
2023-03-19 07:12,3523118091,0,6077680,2,region6_2231479904
2023-03-19 07:12,3522065029,2589696,48,2,region6_2231479902
2023-03-19 07:12,3521324192,2328785,967210,2,region6_2231479907
2023-03-19 07:12,3521324192,6260649,29758,2,region6_2231479907
2023-03-19 07:12,3522787494,0,8376261,2,region6_2231479916
2023-03-19 07:12,3522234991,0,8388608,5,region6_2231479909
2023-03-19 07:12,3522650140,0,1048576,5,region6_2231479909
2023-03-19 07:12,3520850703,3740448,59392,2,region6_2231479902
2023-03-19 07:12,3522787494,8376261,12347,2,region6_2231479916
2023-03-19 07:12,3523021110,1048576,1048576,5,region6_2231479909
2023-03-19 07:12,3522382797,1801984,48,2,region6_2231479902
2023-03-19 07:12,3521829579,0,176,2,region6_2231479902
2023-03-19 07:12,3522065813,0,8388608,2,region6_2231479907
2023-03-19 07:12,3522609925,189232,420868,2,region6_2231479902
2023-03-19 07:12,3522609925,0,189232,2,region6_2231479902
2023-03-19 07:12,3522650140,1048576,1048576,5,region6_2231479909
2023-03-19 07:12,3522092182,0,916317,2,region6_2231479907
2023-03-19 07:12,3522195407,0,6668778,1,region6_2231479910
2023-03-19 07:12,3522241374,0,8481568,2,region6_2231479904
2023-03-19 07:12,3521284307,0,8388608,2,region6_2231479911
2023-03-19 07:12,3522474460,0,176,2,region6_2231479902
2023-03-19 07:12,3522609925,479792,130308,2,region6_2231479902
2023-03-19 07:12,3523021110,2097152,1048576,5,region6_2231479909
2023-03-19 07:12,3520783852,0,176,2,region6_2231479902
2023-03-19 07:12,3522478846,4765018,3623590,2,region6_2231479907
2023-03-19 07:12,3522377740,0,10737,1,region6_2231479910
2023-03-19 07:12,3521322467,0,35264,2,region6_2231479902
2023-03-19 07:12,3521776407,5242880,1048576,5,region6_2231479909
2023-03-19 07:12,3522650140,2097152,1048576,5,region6_2231479909
2023-03-19 07:12,3523021110,3145728,1048576,5,region6_2231479909
2023-03-19 07:12,3523295798,0,42407840,5,region6_2231479912
2023-03-19 07:12,3523249542,0,1048576,5,region6_2231479909
2023-03-19 07:12,3522650140,3145728,1048576,5,region6_2231479909
2023-03-19 07:12,3520864571,5192358,1048576,2,region6_2231479905
2023-03-19 07:12,3522461847,0,8388608,2,region6_2231479907
2023-03-19 07:12,3522075610,1516466,1048576,2,region6_2231479905
2023-03-19 07:12,3522026478,0,47354,2,region6_2231479902
2023-03-19 07:12,3523021077,0,128,2,region6_2231479902
2023-03-19 07:12,3523021110,5242880,1048576,5,region6_2231479909
2023-03-19 07:12,3523021110,4194304,1048576,5,region6_2231479909
2023-03-19 07:12,3520864571,5192358,1048576,2,region6_2231479905
2023-03-19 07:12,3523191169,477184,55232,2,region6_2231479902
2023-03-19 07:12,3523249542,1048576,1048576,5,region6_2231479909
2023-03-19 07:12,3520987589,0,98400,2,region6_2231479902
2023-03-19 07:12,3522486827,0,4785903,5,region6_2231479909
2023-03-19 07:12,3522758413,0,6990570,4,region6_2231479913
2023-03-19 07:12,3520987589,98400,182848,2,region6_2231479902
2023-03-19 07:12,3522417471,0,3339877,2,region6_2231479907
2023-03-19 07:12,3522650140,4194304,821443,5,region6_2231479909
2023-03-19 07:12,3523250884,0,6292,2,region6_2231479902
2023-03-19 07:12,3522321613,0,640,2,region6_2231479902
2023-03-19 07:12,3522460063,0,8370234,3,region6_2231479910
2023-03-19 07:12,3522007641,0,7128271,2,region6_2231479907
2023-03-19 07:12,3522725590,0,8354745,1,region6_2231479910
2023-03-19 07:12,3520864571,5192358,1048576,2,region6_2231479905
2023-03-19 07:12,3522251379,1768814,1592442,2,region6_2231479907
2023-03-19 07:12,3522251379,2312680,1048576,2,region6_2231479907
2023-03-19 07:12,3523249542,2097152,1048576,5,region6_2231479909
2023-03-19 07:12,3522777711,0,8388608,5,region6_2231479909
2023-03-19 07:12,3522333295,0,1465,4,region6_2231479914
2023-03-19 07:12,3522416150,0,5578849,3,region6_2231479905
2023-03-19 07:12,3522798738,0,6992042,5,region6_2231479909
2023-03-19 07:12,3522904637,0,4366860,3,region6_2231479911
2023-03-19 07:12,3523337058,0,8481568,5,region6_2231479909
2023-03-19 07:12,3523275919,0,4656908,2,region6_2231479907
2023-03-19 07:12,3523275919,7841138,547470,2,region6_2231479907
2023-03-19 07:12,3522223391,1588768,120192,2,region6_2231479902
2023-03-19 07:12,3522377740,10737,8367134,1,region6_2231479910
2023-03-19 07:12,3522041668,5986112,179328,2,region6_2231479902
2023-03-19 07:12,3523156435,0,1377,2,region6_2231479902
2023-03-19 07:12,3523364990,0,3092,2,region6_2231479902
2023-03-19 07:12,3522248551,0,4454124,2,region6_2231479916
2023-03-19 07:12,3523249542,3145728,1048576,5,region6_2231479909
2023-03-19 07:12,3522948398,0,1558,2,region6_2231479902
2023-03-19 07:12,3522805601,0,107527,2,region6_2231479902
2023-03-19 07:12,3523376888,2065373,6323235,2,region6_2231479916
2023-03-19 07:12,3522591224,0,8142213,4,region6_2231479905
2023-03-19 07:12,3522652410,0,40,3,region6_2231479910
2023-03-19 07:12,3523141874,8061376,122240,2,region6_2231479902
2023-03-19 07:12,3520926467,0,47706,2,region6_2231479902
2023-03-19 07:12,3523106536,0,38664,2,region6_2231479902
2023-03-19 07:12,3523249542,4194304,1048576,5,region6_2231479909
2023-03-19 07:12,3523271173,4194304,4194304,2,region6_2231479906
2023-03-19 07:12,3523271173,0,4194304,2,region6_2231479906
2023-03-19 07:12,3522304563,0,8481568,6,region6_2231479912
2023-03-19 07:12,3521312979,0,1412623,2,region6_2231479905
2023-03-19 07:12,3522702937,0,6990517,5,region6_2231479909
2023-03-19 07:12,3523106536,38664,660044,2,region6_2231479902
2023-03-19 07:12,3522254387,0,5078246,4,region6_2231479914
2023-03-19 07:12,3522788474,7471456,87744,2,region6_2231479902
2023-03-19 07:12,3523021110,6291456,185726,5,region6_2231479909
2023-03-19 07:12,3523021110,5242880,1048576,5,region6_2231479909
2023-03-19 07:12,3523022017,2117056,50304,2,region6_2231479902
2023-03-19 07:12,3523192058,3978176,48,2,region6_2231479902
2023-03-19 07:12,3522406632,81321,1649699,2,region6_2231479905
2023-03-19 07:12,3521359755,5842086,50438,2,region6_2231479907
2023-03-19 07:12,3521914598,11534336,1048576,5,region6_2231479909
2023-03-19 07:12,3523249542,5242880,1048576,5,region6_2231479909
2023-03-19 07:12,3523319130,0,48333,2,region6_2231479902
2023-03-19 07:12,3522484338,5450592,163840,2,region6_2231479902
2023-03-19 07:12,3521751387,7252892,136273,2,region6_2231479907
2023-03-19 07:12,3522857370,4194304,4194304,2,region6_2231479906
2023-03-19 07:12,3522857370,0,4194304,2,region6_2231479906
2023-03-19 07:12,3522886188,0,6990912,4,region6_2231479913
2023-03-19 07:12,3521570470,696531,632378,2,region6_2231479905
2023-03-19 07:12,3521209525,0,468693,2,region6_2231479907
2023-03-19 07:12,3521209525,545902,1048576,2,region6_2231479907
2023-03-19 07:12,3522552308,0,8388608,2,region6_2231479902
2023-03-19 07:12,3523249542,6291456,1048576,5,region6_2231479909
2023-03-19 07:12,3522411510,256300,1376986,2,region6_2231479903
2023-03-19 07:12,3522411510,6239034,2149574,2,region6_2231479903
2023-03-19 07:12,3523003807,0,1677,2,region6_2231479902
2023-03-19 07:12,3521546849,0,25165824,3,region6_2231479911
2023-03-19 07:12,3522474909,0,65140,2,region6_2231479902
2023-03-19 07:12,3520943562,515732,3052351,2,region6_2231479908
2023-03-19 07:12,3520943562,7064438,1048576,2,region6_2231479908
2023-03-19 07:12,3520943562,7064438,1048576,2,region6_2231479908
2023-03-19 07:12,3520943562,515732,3052351,2,region6_2231479908
2023-03-19 07:12,3520943562,7064438,1048576,2,region6_2231479908
2023-03-19 07:12,3520943562,515732,3052351,2,region6_2231479908
2023-03-19 07:12,3522511077,0,7399,2,region6_2231479902
2023-03-19 07:12,3522808306,0,9688109,2,region6_2231479904
2023-03-19 07:12,3522527369,0,5133,2,region6_2231479902
2023-03-19 07:12,3522617080,6046720,224512,2,region6_2231479902
2023-03-19 07:12,3521338852,0,1205394,2,region6_2231479905
2023-03-19 07:12,3523392421,0,816616,2,region6_2231479907
2023-03-19 07:12,3523433090,0,4711005,4,region6_2231479914
2023-03-19 07:12,3523466531,4315846,727070,2,region6_2231479907
2023-03-19 07:12,3523249542,7340032,1048576,5,region6_2231479909
2023-03-19 07:12,3523145555,3398128,65582,2,region6_2231479902
2023-03-19 07:12,3522416168,0,13148980,6,region6_2231479912
2023-03-19 07:12,3523064604,0,368761,5,region6_2231479909
2023-03-19 07:12,3523447803,0,6990569,4,region6_2231479913
2023-03-19 07:12,3523490231,0,8052203,5,region6_2231479909
2023-03-19 07:12,3522312030,0,5669045,2,region6_2231479907
2023-03-19 07:12,3522513364,403214,218601,2,region6_2231479903
2023-03-19 07:12,3523106847,8024414,364194,2,region6_2231479907
2023-03-19 07:12,3521554430,0,2408480,2,region6_2231479902
2023-03-19 07:12,3523106847,6383920,2004688,2,region6_2231479907
2023-03-19 07:12,3522373585,0,3303,2,region6_2231479902
2023-03-19 07:12,3522552293,0,543472,2,region6_2231479902
2023-03-19 07:12,3521554430,2357776,6123792,2,region6_2231479902
2023-03-19 07:12,3522943301,0,8388608,4,region6_2231479914
2023-03-19 07:12,3522992462,735932,7652676,2,region6_2231479907
2023-03-19 07:12,3522552293,801024,7680544,2,region6_2231479902
2023-03-19 07:12,3521723102,4381696,47552,2,region6_2231479902
2023-03-19 07:12,3522649269,0,2407885,2,region6_2231479903
2023-03-19 07:12,3522435887,0,15668,2,region6_2231479902
2023-03-19 07:12,3520672852,7061003,1048576,2,region6_2231479907
2023-03-19 07:12,3520672852,5402799,2706780,2,region6_2231479907
2023-03-19 07:12,3522951895,0,2215,2,region6_2231479902
2023-03-19 07:12,3523333666,0,82733,2,region6_2231479902
2023-03-19 07:12,3522377161,0,8481568,5,region6_2231479912
2023-03-19 07:12,3522630547,0,496293,4,region6_2231479906
2023-03-19 07:12,3522891286,5443873,1462766,2,region6_2231479903
2023-03-19 07:12,3522977029,0,73760,2,region6_2231479902
2023-03-19 07:12,3523339705,0,1293,2,region6_2231479902
2023-03-19 07:12,3520899243,5897638,738256,2,region6_2231479907
2023-03-19 07:12,3523383530,514368,48,2,region6_2231479902
2023-03-19 07:12,3523411610,0,2290402,2,region6_2231479907
2023-03-19 07:12,3521381443,0,7625921,2,region6_2231479907
2023-03-19 07:12,3521776407,5242880,1048576,5,region6_2231479909
2023-03-19 07:12,3521914598,11534336,1048576,5,region6_2231479909
2023-03-19 07:12,3523333461,5818305,2570303,2,region6_2231479905
2023-03-19 07:12,3522505003,0,2133144,4,region6_2231479913
2023-03-19 07:12,3522990804,0,10304,2,region6_2231479902
2023-03-19 07:12,3521741690,0,14786168,2,region6_2231479906
2023-03-19 07:12,3523343530,0,16103,2,region6_2231479902
2023-03-19 07:12,3521212000,5069092,3319516,2,region6_2231479905
2023-03-19 07:12,3521324192,0,8388608,2,region6_2231479911
2023-03-19 07:13,3521521415,0,9204,2,region6_2231479902
2023-03-19 07:13,3523453171,0,2646385,2,region6_2231479907
2023-03-19 07:13,3523453171,4976865,3411743,2,region6_2231479907
2023-03-19 07:13,3522506524,0,1610010,5,region6_2231479912
2023-03-19 07:13,3522995480,0,6209498,2,region6_2231479902
2023-03-19 07:13,3520769829,0,10708,2,region6_2231479902
2023-03-19 07:13,3520698893,2638348,5750260,2,region6_2231479907
2023-03-19 07:13,3521324192,202482,4973,2,region6_2231479907
2023-03-19 07:13,3523217653,0,4226404,2,region6_2231479907
2023-03-19 07:13,3523255664,0,1048576,5,region6_2231479909
2023-03-19 07:13,3520938657,3877024,61952,2,region6_2231479902
2023-03-19 07:13,3521645200,248152,1161002,2,region6_2231479905
2023-03-19 07:13,3522210043,0,39233,2,region6_2231479902
2023-03-19 07:13,3523333490,0,275,4,region6_2231479919
2023-03-19 07:13,3522740677,207668,8180940,2,region6_2231479916
2023-03-19 07:13,3522740677,0,207668,2,region6_2231479916
2023-03-19 07:13,3521469771,6208370,5955,2,region6_2231479905
2023-03-19 07:13,3520686090,0,2471,2,region6_2231479902
2023-03-19 07:13,3523391623,5637952,78208,2,region6_2231479902
2023-03-19 07:13,3523635316,0,1048576,5,region6_2231479909
2023-03-19 07:13,3523726873,0,1648880,2,region6_2231479904
2023-03-19 07:13,3522872166,0,8379062,3,region6_2231479910
2023-03-19 07:13,3523255664,1048576,1048576,5,region6_2231479909
2023-03-19 07:13,3523726873,4745072,3736496,2,region6_2231479904
2023-03-19 07:13,3523726873,0,6835568,2,region6_2231479904
2023-03-19 07:13,3522657319,818,411,2,region6_2231479902
2023-03-19 07:13,3521212000,5069092,3319516,2,region6_2231479905
2023-03-19 07:13,3520672852,5402799,2706780,2,region6_2231479907
2023-03-19 07:13,3520949641,1451044,35136,2,region6_2231479902
2023-03-19 07:13,3520767940,2948474,1488596,2,region6_2231479905
2023-03-19 07:13,3521418887,8041709,346899,2,region6_2231479907
2023-03-19 07:13,3522812630,0,1484912,2,region6_2231479902
2023-03-19 07:13,3522812630,1181488,7300080,2,region6_2231479902
2023-03-19 07:13,3520672852,0,2557608,2,region6_2231479907
2023-03-19 07:13,3520672852,4526433,671860,2,region6_2231479907
2023-03-19 07:13,3523635316,1048576,1048576,5,region6_2231479909
2023-03-19 07:13,3523689272,6802816,48,2,region6_2231479902
2023-03-19 07:13,3520672852,5194466,3171,2,region6_2231479907
2023-03-19 07:13,3520672852,0,2031855,2,region6_2231479907
2023-03-19 07:13,3523255664,2097152,1048576,5,region6_2231479909
2023-03-19 07:13,3523206054,0,8045,2,region6_2231479902
2023-03-19 07:13,3522787980,0,128,2,region6_2231479902
2023-03-19 07:13,3522930290,0,958018,2,region6_2231479907
2023-03-19 07:13,3523016989,2746739,5641869,2,region6_2231479905
2023-03-19 07:13,3523016989,0,2746739,2,region6_2231479905
2023-03-19 07:13,3523634354,0,8481568,5,region6_2231479909
2023-03-19 07:13,3523635316,2097152,1048576,5,region6_2231479909
2023-03-19 07:13,3522769103,0,8388608,2,region6_2231479907
2023-03-19 07:13,3522984773,0,10485760,5,region6_2231479909
2023-03-19 07:13,3523255664,3145728,1048576,5,region6_2231479909
2023-03-19 07:13,3523482536,0,6991127,4,region6_2231479913
2023-03-19 07:13,3523540930,0,7998600,3,region6_2231479910
2023-03-19 07:13,3522769103,1007120,7381488,2,region6_2231479907
2023-03-19 07:13,3522787980,0,128,2,region6_2231479902
2023-03-19 07:13,3522984773,10485760,3486477,5,region6_2231479909
2023-03-19 07:13,3523570348,0,8388608,2,region6_2231479907
2023-03-19 07:13,3523751343,0,8353518,1,region6_2231479910
2023-03-19 07:13,3522789159,0,6992223,4,region6_2231479913
2023-03-19 07:13,3523618366,0,8481568,5,region6_2231479909
2023-03-19 07:13,3522877379,0,8388608,4,region6_2231479906
2023-03-19 07:13,3523255664,4194304,1048576,5,region6_2231479909
2023-03-19 07:13,3523314902,0,8388608,5,region6_2231479909
2023-03-19 07:13,3523775629,3144128,48,2,region6_2231479902
2023-03-19 07:13,3522716340,5441088,48,2,region6_2231479902
2023-03-19 07:13,3523635316,3145728,1048576,5,region6_2231479909
2023-03-19 07:13,3521696530,6043392,488576,2,region6_2231479902
2023-03-19 07:13,3521359755,0,8213376,2,region6_2231479911
2023-03-19 07:13,3523486406,5478031,2602062,2,region6_2231479903
2023-03-19 07:13,3523486406,7031517,1048576,2,region6_2231479903
2023-03-19 07:13,3520987589,98400,182848,2,region6_2231479902
2023-03-19 07:13,3520987589,0,98400,2,region6_2231479902
2023-03-19 07:13,3523726077,0,1160288,2,region6_2231479902
2023-03-19 07:13,3521793499,8354609,33999,2,region6_2231479903
2023-03-19 07:13,3521793499,0,6425361,2,region6_2231479903
2023-03-19 07:13,3523255664,5242880,1048576,5,region6_2231479909
2023-03-19 07:13,3523486406,0,5285868,2,region6_2231479903
2023-03-19 07:13,3523726077,707920,7773648,2,region6_2231479902
2023-03-19 07:13,3522904448,0,6769492,2,region6_2231479902
2023-03-19 07:13,3523222366,5493760,48,2,region6_2231479902
2023-03-19 07:13,3523573054,0,8388608,5,region6_2231479909
2023-03-19 07:13,3523602554,0,3781612,2,region6_2231479907
2023-03-19 07:13,3523730929,5698914,1048576,2,region6_2231479907
2023-03-19 07:13,3523730929,0,5132871,2,region6_2231479907
2023-03-19 07:13,3523730929,5338672,1408818,2,region6_2231479907
2023-03-19 07:13,3523749853,7839740,548868,2,region6_2231479907
2023-03-19 07:13,3523749853,0,720685,2,region6_2231479907
2023-03-19 07:13,3523635316,4194304,1048576,5,region6_2231479909
2023-03-19 07:13,3520672852,4526433,671204,2,region6_2231479907
2023-03-19 07:13,3520672852,5402799,2706780,2,region6_2231479907
2023-03-19 07:13,3520672852,0,2031855,2,region6_2231479907
2023-03-19 07:13,3520672852,7061003,1048576,2,region6_2231479907
2023-03-19 07:13,3523696488,0,77082,2,region6_2231479902
2023-03-19 07:13,3522747019,0,1854812,2,region6_2231479905
2023-03-19 07:13,3523255664,6291456,1048576,5,region6_2231479909
2023-03-19 07:13,3523299640,7246720,36055,2,region6_2231479903
2023-03-19 07:13,3523299640,0,5091358,2,region6_2231479903
2023-03-19 07:13,3523569069,0,8481568,5,region6_2231479909
2023-03-19 07:13,3523574817,5322208,103168,2,region6_2231479902
2023-03-19 07:13,3523696488,0,77082,2,region6_2231479902
2023-03-19 07:13,3523507581,0,176,2,region6_2231479902
2023-03-19 07:13,3523632439,5342476,217728,2,region6_2231479903
2023-03-19 07:13,3523632439,7581467,234826,2,region6_2231479903
2023-03-19 07:13,3523632439,785082,183300,2,region6_2231479903
2023-03-19 07:13,3523635316,5242880,1048576,5,region6_2231479909
2023-03-19 07:13,3523256980,2422624,35584,2,region6_2231479902
2023-03-19 07:13,3523303095,0,8388608,5,region6_2231479909
2023-03-19 07:13,3523177547,0,12427936,6,region6_2231479912
2023-03-19 07:13,3523255664,7340032,1048576,5,region6_2231479909
2023-03-19 07:13,3520782592,4359079,46503,2,region6_2231479907
2023-03-19 07:13,3523767970,2560816,915741,2,region6_2231479903
2023-03-19 07:13,3523767970,5335873,1932819,2,region6_2231479903
2023-03-19 07:13,3523635316,6291456,1048576,5,region6_2231479909
2023-03-19 07:13,3521418887,8041709,346899,2,region6_2231479903
2023-03-19 07:13,3522769103,1007120,7381488,2,region6_2231479907
2023-03-19 07:13,3523255664,8388608,92960,5,region6_2231479909
2023-03-19 07:13,3523319117,2095284,1505342,2,region6_2231479905
2023-03-19 07:13,3523800830,0,1472,2,region6_2231479902
2023-03-19 07:13,3523893330,0,7592848,2,region6_2231479907
2023-03-19 07:13,3521359755,5842086,50438,2,region6_2231479907
2023-03-19 07:13,3523860743,7333216,602496,2,region6_2231479902
2023-03-19 07:13,3521704088,24674496,2366592,2,region6_2231479902
2023-03-19 07:13,3523326827,0,2687,4,region6_2231479913
2023-03-19 07:13,3521562572,0,1415,2,region6_2231479902
2023-03-19 07:13,3523703725,6363392,21952,2,region6_2231479902
2023-03-19 07:13,3523552902,2141664,48,2,region6_2231479902
2023-03-19 07:13,3523635316,7340032,1048576,5,region6_2231479909
2023-03-19 07:13,3522927617,0,25165824,3,region6_2231479911
2023-03-19 07:13,3523574016,7293952,47104,2,region6_2231479902
2023-03-19 07:13,3523316113,0,8388608,2,region6_2231479902
2023-03-19 07:13,3523690523,0,8388608,2,region6_2231479906
2023-03-19 07:13,3522984124,0,7208,4,region6_2231479905
2023-03-19 07:13,3521400997,0,176,2,region6_2231479902
2023-03-19 07:13,3523600077,0,174618,2,region6_2231479902
2023-03-19 07:13,3522978105,0,2253,2,region6_2231479902
2023-03-19 07:13,3523389746,7936448,48,2,region6_2231479902
2023-03-19 07:13,3523502436,0,4147792,2,region6_2231479904
2023-03-19 07:13,3521238007,0,3689916,1,region6_2231479910
2023-03-19 07:13,3523761324,0,8388608,4,region6_2231479911
2023-03-19 07:13,3520713575,0,128,2,region6_2231479902
2023-03-19 07:13,3523362386,17367488,1000832,2,region6_2231479902
2023-03-19 07:13,3523502436,260048,8221520,2,region6_2231479904
2023-03-19 07:13,3523838836,0,8388608,2,region6_2231479907
2023-03-19 07:13,3523952292,1961777,12013,2,region6_2231479905
2023-03-19 07:13,3520673003,4194304,4194304,2,region6_2231479906
2023-03-19 07:13,3520673003,0,4194304,2,region6_2231479906
2023-03-19 07:13,3523167653,0,8388608,5,region6_2231479909
2023-03-19 07:13,3522964292,0,8388608,2,region6_2231479917
2023-03-19 07:13,3522788307,0,1898529,2,region6_2231479905
2023-03-19 07:13,3522788307,1169775,1048576,2,region6_2231479905
2023-03-19 07:13,3521359755,5842086,50438,2,region6_2231479907
2023-03-19 07:13,3523889696,0,8388608,4,region6_2231479906
2023-03-19 07:13,3523591310,0,3047,2,region6_2231479902
2023-03-19 07:13,3523310774,0,3325096,2,region6_2231479907
2023-03-19 07:13,3523431136,0,23975,2,region6_2231479902
2023-03-19 07:13,3522787980,0,128,2,region6_2231479902
2023-03-19 07:13,3523098430,4319040,48,2,region6_2231479902
2023-03-19 07:13,3523917020,0,16826,2,region6_2231479902
2023-03-19 07:13,3520864571,5192358,1048576,2,region6_2231479905
2023-03-19 07:13,3520864571,5192358,1048576,2,region6_2231479905
2023-03-19 07:13,3520864571,5192358,1048576,2,region6_2231479905
2023-03-19 07:13,3520864571,5192358,1048576,2,region6_2231479905
2023-03-19 07:13,3523983287,0,8481568,6,region6_2231479912
2023-03-19 07:13,3520724591,192352,189056,2,region6_2231479902
2023-03-19 07:13,3522787980,0,128,2,region6_2231479902
2023-03-19 07:13,3522986953,1820563,48,2,region6_2231479902
2023-03-19 07:13,3520816116,0,14763,1,region6_2231479910
2023-03-19 07:13,3523706089,0,6990768,4,region6_2231479913
2023-03-19 07:13,3523939003,7021699,352659,2,region6_2231479907
2023-03-19 07:13,3520803259,389970,1048576,2,region6_2231479905
2023-03-19 07:13,3523083409,0,32602,2,region6_2231479902
2023-03-19 07:13,3523345361,923876,7464732,2,region6_2231479907
2023-03-19 07:13,3522649232,4344370,1033813,2,region6_2231479905
2023-03-19 07:13,3522649232,0,1218024,2,region6_2231479905
2023-03-19 07:13,3523083409,0,32602,2,region6_2231479902
2023-03-19 07:13,3522321939,0,6349,2,region6_2231479902
2023-03-19 07:13,3520767940,3043267,1393803,2,region6_2231479905
2023-03-19 07:13,3523387830,8192,8551,2,region6_2231479902
2023-03-19 07:13,3523387830,0,176,2,region6_2231479902
2023-03-19 07:13,3523412627,0,7950047,3,region6_2231479910
2023-03-19 07:13,3523059872,2066996,1021003,2,region6_2231479908
2023-03-19 07:13,3523059872,22974,1040925,2,region6_2231479908
2023-03-19 07:13,3523059872,1063899,1003097,2,region6_2231479908
2023-03-19 07:13,3523059872,3087999,619257,2,region6_2231479908
2023-03-19 07:13,3523059872,3707256,745334,2,region6_2231479908
2023-03-19 07:14,3520716341,473584,48,2,region6_2231479902
2023-03-19 07:14,3522677008,0,66836,2,region6_2231479902
2023-03-19 07:14,3520776471,7121853,6094,2,region6_2231479905
2023-03-19 07:14,3520959285,0,8916,2,region6_2231479902
2023-03-19 07:14,3520710461,7069731,1048576,2,region6_2231479908
2023-03-19 07:14,3520710461,0,3203411,2,region6_2231479908
2023-03-19 07:14,3520710461,7069731,1048576,2,region6_2231479908
2023-03-19 07:14,3520710461,0,3203411,2,region6_2231479908
2023-03-19 07:14,3520710461,7069731,1048576,2,region6_2231479908
2023-03-19 07:14,3521186171,1048576,1048576,5,region6_2231479909
2023-03-19 07:14,3521186171,0,1048576,5,region6_2231479909
2023-03-19 07:14,3520782592,6875146,16221,2,region6_2231479907
2023-03-19 07:14,3521211327,1400554,1311134,2,region6_2231479905
2023-03-19 07:14,3523333478,0,2930227,5,region6_2231479909
2023-03-19 07:14,3523801667,0,5287,2,region6_2231479902
2023-03-19 07:14,3520878296,0,7000553,4,region6_2231479913
2023-03-19 07:14,3523441991,0,7598161,3,region6_2231479910
2023-03-19 07:14,3521381443,0,7625921,2,region6_2231479907
2023-03-19 07:14,3520673268,6892352,131392,2,region6_2231479902
2023-03-19 07:14,3523482784,0,176,2,region6_2231479902
2023-03-19 07:14,3523581668,2623998,5223230,2,region6_2231479907
2023-03-19 07:14,3520672852,5402799,2706780,2,region6_2231479907
2023-03-19 07:14,3520672852,4526433,668900,2,region6_2231479907
2023-03-19 07:14,3520672852,0,272809,2,region6_2231479907
2023-03-19 07:14,3520672852,7061003,1048576,2,region6_2231479907
2023-03-19 07:14,3520672852,1636346,395509,2,region6_2231479907
2023-03-19 07:14,3521091916,7169898,1048576,2,region6_2231479907
2023-03-19 07:14,3521091916,5498631,2719843,2,region6_2231479907
2023-03-19 07:14,3521091916,7169898,1048576,2,region6_2231479907
2023-03-19 07:14,3521381443,0,7256000,2,region6_2231479907
2023-03-19 07:14,3520715271,0,10279,2,region6_2231479902
2023-03-19 07:14,3521118878,0,6393756,1,region6_2231479910
2023-03-19 07:14,3523406558,0,6372486,2,region6_2231479916
2023-03-19 07:14,3523605651,7775232,706336,2,region6_2231479902
2023-03-19 07:14,3523605651,0,7769792,2,region6_2231479902
2023-03-19 07:14,3523907492,0,5453226,2,region6_2231479916
2023-03-19 07:14,3523907492,5453226,2935382,2,region6_2231479916
2023-03-19 07:14,3520816116,14763,8359081,1,region6_2231479910
2023-03-19 07:14,3523392492,1107680,48,2,region6_2231479902
2023-03-19 07:14,3523406558,6372486,2016122,2,region6_2231479916
2023-03-19 07:14,3523815339,0,8388608,2,region6_2231479906
2023-03-19 07:14,3522076836,0,243188,2,region6_2231479902
2023-03-19 07:14,3523319221,0,8481568,5,region6_2231479909
2023-03-19 07:14,3522231896,0,8481568,5,region6_2231479909
2023-03-19 07:14,3523627161,0,8388608,2,region6_2231479907
2023-03-19 07:14,3520799116,0,7672683,5,region6_2231479909
2023-03-19 07:14,3520761744,8077610,310998,2,region6_2231479916
2023-03-19 07:14,3520891600,5629061,1416131,2,region6_2231479907
2023-03-19 07:14,3523471617,0,8189161,3,region6_2231479910
2023-03-19 07:14,3520761744,0,8077610,2,region6_2231479916
2023-03-19 07:14,3523408620,0,1356653,2,region6_2231479916
2023-03-19 07:14,3523843328,2463525,1535816,2,region6_2231479907
2023-03-19 07:14,3523843328,5547581,2841027,2,region6_2231479907
2023-03-19 07:14,3523408620,1356653,7031955,2,region6_2231479916
2023-03-19 07:14,3523515619,0,8481568,5,region6_2231479909
2023-03-19 07:14,3520757081,0,94208,2,region6_2231479902
2023-03-19 07:14,3520801644,2947041,5441567,2,region6_2231479907
2023-03-19 07:14,3520818069,0,7487304,2,region6_2231479903
2023-03-19 07:14,3523324651,0,8481568,5,region6_2231479909
2023-03-19 07:14,3521188143,0,112045,2,region6_2231479905
2023-03-19 07:14,3520761772,462144,48,2,region6_2231479902
2023-03-19 07:14,3523350468,0,48,2,region6_2231479902
2023-03-19 07:14,3520782922,0,247476,2,region6_2231479902
2023-03-19 07:14,3523446072,0,8388608,2,region6_2231479917
2023-03-19 07:14,3523502498,0,8386832,3,region6_2231479905
2023-03-19 07:14,3520833880,5090335,3298273,2,region6_2231479907
2023-03-19 07:14,3520833880,702307,174801,2,region6_2231479907
2023-03-19 07:14,3521186171,1048576,1048576,5,region6_2231479909
2023-03-19 07:14,3523636112,0,5867875,2,region6_2231479903
2023-03-19 07:14,3521645200,127269,142,2,region6_2231479908
2023-03-19 07:14,3521645200,1368245,40909,2,region6_2231479908
2023-03-19 07:14,3521645200,1368245,40909,2,region6_2231479908
2023-03-19 07:14,3523988240,0,1360473,1,region6_2231479910
2023-03-19 07:14,3521085186,0,8388608,4,region6_2231479914
2023-03-19 07:14,3521118878,6393756,1172371,1,region6_2231479910
2023-03-19 07:14,3522490010,1560288,48,2,region6_2231479902
2023-03-19 07:14,3523589443,1739,412,2,region6_2231479902
2023-03-19 07:14,3521147083,5592879,1048576,2,region6_2231479911
2023-03-19 07:14,3522897063,520812,351373,2,region6_2231479905
2023-03-19 07:14,3520673110,7178848,92800,2,region6_2231479902
2023-03-19 07:14,3523574900,5233856,3247712,2,region6_2231479904
2023-03-19 07:14,3523574900,0,5233856,2,region6_2231479904
2023-03-19 07:14,3520977718,0,5421172,2,region6_2231479903
2023-03-19 07:14,3521000162,0,989140,1,region6_2231479910
2023-03-19 07:14,3523574900,5233904,3247664,2,region6_2231479904
2023-03-19 07:14,3522901193,0,166196,2,region6_2231479902
2023-03-19 07:14,3521359755,5842086,50438,2,region6_2231479907
2023-03-19 07:14,3521186171,2097152,1048576,5,region6_2231479909
2023-03-19 07:14,3523457186,0,4154,2,region6_2231479902
2023-03-19 07:14,3523723839,0,6916716,4,region6_2231479911
2023-03-19 07:14,3523429134,0,3776,2,region6_2231479902
2023-03-19 07:14,3523499968,5245753,1048576,2,region6_2231479905
2023-03-19 07:14,3523701702,0,8388608,4,region6_2231479906
2023-03-19 07:14,3520853778,0,25165824,3,region6_2231479911
2023-03-19 07:14,3520889757,738624,363520,2,region6_2231479902
2023-03-19 07:14,3520889757,0,738624,2,region6_2231479902
2023-03-19 07:14,3520889757,1029184,72960,2,region6_2231479902
2023-03-19 07:14,3520948023,0,176,2,region6_2231479902
2023-03-19 07:14,3520938028,0,1960584,2,region6_2231479907
2023-03-19 07:14,3520948023,8192,161780,2,region6_2231479902
2023-03-19 07:14,3521050756,0,1048576,5,region6_2231479909
2023-03-19 07:14,3521186171,4194304,1048576,5,region6_2231479909
2023-03-19 07:14,3521186171,3145728,1048576,5,region6_2231479909
2023-03-19 07:14,3520804093,3220967,1035216,2,region6_2231479905
2023-03-19 07:14,3523927216,0,7718860,2,region6_2231479903
2023-03-19 07:14,3520831252,0,7001418,4,region6_2231479913
2023-03-19 07:14,3521111105,0,3388096,2,region6_2231479904
2023-03-19 07:14,3523743968,0,380287,2,region6_2231479902
2023-03-19 07:14,3520714784,0,885497,2,region6_2231479905
2023-03-19 07:14,3520714784,885497,7386510,2,region6_2231479905
2023-03-19 07:14,3521111105,1095472,7386096,2,region6_2231479904
2023-03-19 07:14,3522524543,6075968,48,2,region6_2231479902
2023-03-19 07:14,3521238007,3689916,4639716,1,region6_2231479910
2023-03-19 07:14,3523743968,0,670847,2,region6_2231479902
2023-03-19 07:14,3523955449,0,8174066,3,region6_2231479910
2023-03-19 07:14,3523988240,1360473,6574644,1,region6_2231479910
2023-03-19 07:14,3520799808,0,9658784,6,region6_2231479912
2023-03-19 07:14,3520943562,515732,3052351,2,region6_2231479908
2023-03-19 07:14,3520943562,7064438,1048576,2,region6_2231479908
2023-03-19 07:14,3520943562,515732,3052351,2,region6_2231479908
2023-03-19 07:14,3520943562,7064438,1048576,2,region6_2231479908
2023-03-19 07:14,3520943562,515732,3052351,2,region6_2231479908
2023-03-19 07:14,3520943562,7064438,1048576,2,region6_2231479908
2023-03-19 07:14,3523743968,670847,623566,2,region6_2231479902
2023-03-19 07:14,3521105228,7925192,463416,2,region6_2231479907
2023-03-19 07:14,3520763554,0,8388608,4,region6_2231479906
2023-03-19 07:14,3521050756,1048576,1048576,5,region6_2231479909
2023-03-19 07:14,3521184859,0,31456,2,region6_2231479902
2023-03-19 07:14,3523977613,262463,4261844,2,region6_2231479907
2023-03-19 07:14,3522788307,1169775,1048576,2,region6_2231479905
2023-03-19 07:14,3520804093,3132927,1123256,2,region6_2231479905
2023-03-19 07:14,3523493938,0,9952,2,region6_2231479902
2023-03-19 07:14,3523567672,0,256,2,region6_2231479902
2023-03-19 07:14,3523606653,6432224,102976,2,region6_2231479902
2023-03-19 07:14,3521211327,1400554,1311134,2,region6_2231479905
2023-03-19 07:14,3521438539,0,1871101,2,region6_2231479905
2023-03-19 07:14,3520693902,0,4599017,1,region6_2231479910
2023-03-19 07:14,3521000162,989140,6955575,1,region6_2231479910
2023-03-19 07:14,3521153510,0,176,2,region6_2231479902
2023-03-19 07:14,3522958799,0,176,2,region6_2231479902
2023-03-19 07:14,3520739273,716,1153,2,region6_2231479902
2023-03-19 07:14,3521050756,2097152,1048576,5,region6_2231479909
2023-03-19 07:14,3523792116,0,8481568,5,region6_2231479909
2023-03-19 07:14,3520714787,7197328,1284240,2,region6_2231479904
2023-03-19 07:14,3520714787,0,8383824,2,region6_2231479904
2023-03-19 07:14,3523918191,7168160,48,2,region6_2231479902
2023-03-19 07:14,3520767940,4098515,14799,2,region6_2231479905
2023-03-19 07:14,3520767940,2950744,38141,2,region6_2231479905
2023-03-19 07:14,3523835267,6372160,25344,2,region6_2231479902
2023-03-19 07:14,3523893559,0,7750585,3,region6_2231479910
2023-03-19 07:14,3520726712,0,11021,2,region6_2231479902
2023-03-19 07:14,3521050756,3145728,1048576,5,region6_2231479909
2023-03-19 07:14,3522591272,0,292043,2,region6_2231479907
2023-03-19 07:14,3521530083,81455,1601548,2,region6_2231479905
2023-03-19 07:14,3523643873,6604624,1876944,2,region6_2231479902
2023-03-19 07:14,3521147160,0,8481568,2,region6_2231479904
2023-03-19 07:14,3521198409,0,74823,2,region6_2231479902
2023-03-19 07:14,3523642103,0,4199906,3,region6_2231479910
2023-03-19 07:14,3521645200,127269,142,2,region6_2231479908
2023-03-19 07:14,3521645200,1368245,40909,2,region6_2231479908
2023-03-19 07:14,3521521415,0,9204,2,region6_2231479902
2023-03-19 07:14,3521041582,0,501318,2,region6_2231479907
2023-03-19 07:14,3521186171,4194304,1048576,5,region6_2231479909
2023-03-19 07:14,3521186171,5242880,1048576,5,region6_2231479909
2023-03-19 07:14,3523709493,0,3354,2,region6_2231479902
2023-03-19 07:14,3520716395,0,6183,2,region6_2231479902
2023-03-19 07:14,3520776833,490324,7898284,2,region6_2231479903
2023-03-19 07:14,3520834219,0,6991277,4,region6_2231479913
2023-03-19 07:14,3521050756,4194304,1048576,5,region6_2231479909
2023-03-19 07:14,3521235428,0,7164288,2,region6_2231479904
2023-03-19 07:14,3523802998,0,128,2,region6_2231479902
2023-03-19 07:14,3523983369,0,10804589,6,region6_2231479912
2023-03-19 07:14,3521235428,7164288,1317280,2,region6_2231479904
2023-03-19 07:14,3521235428,7164336,1317232,2,region6_2231479904
2023-03-19 07:14,3521050756,5242880,1048576,5,region6_2231479909
2023-03-19 07:14,3520890168,0,8388608,2,region6_2231479902
2023-03-19 07:14,3520894751,0,572066,2,region6_2231479907
2023-03-19 07:14,3521271811,0,23030,2,region6_2231479902
2023-03-19 07:14,3521664461,8193814,194794,2,region6_2231479905
2023-03-19 07:14,3523973253,0,907244,2,region6_2231479916
2023-03-19 07:14,3521906220,0,63604,2,region6_2231479916
2023-03-19 07:14,3523973253,907244,7481364,2,region6_2231479916
2023-03-19 07:14,3520693902,4599017,2953736,1,region6_2231479910
2023-03-19 07:14,3521050756,6291456,1048576,5,region6_2231479909
2023-03-19 07:14,3523773389,6737390,1651218,2,region6_2231479903
2023-03-19 07:14,3521906220,0,63604,2,region6_2231479916
2023-03-19 07:14,3521906220,0,63604,2,region6_2231479916
2023-03-19 07:14,3521635395,3899936,211008,2,region6_2231479902
2023-03-19 07:14,3520831257,0,2188724,2,region6_2231479902
2023-03-19 07:14,3521022473,791640,119832,2,region6_2231479908
2023-03-19 07:14,3521288771,0,56602,2,region6_2231479902
2023-03-19 07:14,3521860564,0,242197,5,region6_2231479909
2023-03-19 07:14,3521906220,0,63604,2,region6_2231479916
2023-03-19 07:14,3520940881,0,8388608,2,region6_2231479907
2023-03-19 07:14,3521050756,8388608,92960,5,region6_2231479909
2023-03-19 07:14,3521050756,7340032,1048576,5,region6_2231479909
2023-03-19 07:14,3521303660,0,7171038,3,region6_2231479910
2023-03-19 07:14,3521288771,0,56602,2,region6_2231479902
2023-03-19 07:14,3523633361,0,8377536,3,region6_2231479905
2023-03-19 07:14,3523731641,0,7431864,2,region6_2231479921
2023-03-19 07:14,3524001417,4079744,4308864,2,region6_2231479907
2023-03-19 07:14,3524001417,0,2267006,2,region6_2231479907
2023-03-19 07:14,3520995376,7539329,849279,2,region6_2231479907
2023-03-19 07:14,3521209565,0,8388608,2,region6_2231479907
2023-03-19 07:14,3523674996,0,7093721,3,region6_2231479910
2023-03-19 07:14,3522649232,4344370,1033813,2,region6_2231479905
2023-03-19 07:14,3521212429,0,820,2,region6_2231479902
2023-03-19 07:14,3521393047,5572032,52672,2,region6_2231479902
2023-03-19 07:14,3521623736,0,12212,2,region6_2231479902
2023-03-19 07:14,3521288771,0,56602,2,region6_2231479902
2023-03-19 07:14,3521906220,0,63604,2,region6_2231479916
2023-03-19 07:15,3520765724,4720216,3668392,2,region6_2231479907
2023-03-19 07:15,3520765724,0,2442624,2,region6_2231479907
2023-03-19 07:15,3520874254,0,176,2,region6_2231479902
2023-03-19 07:15,3521623736,0,12212,2,region6_2231479902
2023-03-19 07:15,3523728482,0,2034118,2,region6_2231479905
2023-03-19 07:15,3520672799,5982250,252498,2,region6_2231479903
2023-03-19 07:15,3520672799,89080,225209,2,region6_2231479903
2023-03-19 07:15,3520672799,1688849,700925,2,region6_2231479903
2023-03-19 07:15,3523801499,3865919,4326189,2,region6_2231479905
2023-03-19 07:15,3521844858,1188463,479550,2,region6_2231479905
2023-03-19 07:15,3523921456,2579872,48,2,region6_2231479902
2023-03-19 07:15,3520959417,2669797,84212,2,region6_2231479903
2023-03-19 07:15,3520959417,7690592,698016,2,region6_2231479903
2023-03-19 07:15,3520959417,0,908384,2,region6_2231479903
2023-03-19 07:15,3520959417,4311174,87842,2,region6_2231479903
2023-03-19 07:15,3521459892,0,256,2,region6_2231479902
2023-03-19 07:15,3521546849,0,2097152,1,region6_2231479911
2023-03-19 07:15,3521623736,0,12212,2,region6_2231479902
2023-03-19 07:15,3520794331,0,8388608,2,region6_2231479907
2023-03-19 07:15,3521539079,0,8481568,5,region6_2231479909
2023-03-19 07:15,3521551845,0,8388608,2,region6_2231479907
2023-03-19 07:15,3521623736,0,12212,2,region6_2231479902
2023-03-19 07:15,3520942820,3400915,1048576,2,region6_2231479905
2023-03-19 07:15,3520670357,0,8366743,3,region6_2231479910
2023-03-19 07:15,3520804093,4238928,14087,2,region6_2231479905
2023-03-19 07:15,3520804093,3135177,38364,2,region6_2231479905
2023-03-19 07:15,3523943529,0,8481568,6,region6_2231479912
2023-03-19 07:15,3520959146,728672,48,2,region6_2231479902
2023-03-19 07:15,3521145336,0,8388608,5,region6_2231479909
2023-03-19 07:15,3520756271,0,6203128,2,region6_2231479907
2023-03-19 07:15,3521050756,8388608,92960,5,region6_2231479909
2023-03-19 07:15,3521673865,0,2146565,1,region6_2231479910
2023-03-19 07:15,3520828009,0,690,2,region6_2231479914
2023-03-19 07:15,3520957281,0,16927008,3,region6_2231479910
2023-03-19 07:15,3521055960,0,698,2,region6_2231479914
2023-03-19 07:15,3521150214,0,5242903,5,region6_2231479909
2023-03-19 07:15,3521546849,2097152,2097152,1,region6_2231479911
2023-03-19 07:15,3521667399,0,1048576,5,region6_2231479909
2023-03-19 07:15,3521669863,0,8388608,2,region6_2231479907
2023-03-19 07:15,3523909624,6735018,1653590,2,region6_2231479903
2023-03-19 07:15,3521546849,4194304,2097152,1,region6_2231479911
2023-03-19 07:15,3521014633,0,158938,2,region6_2231479905
2023-03-19 07:15,3523909624,0,5363008,2,region6_2231479903
2023-03-19 07:15,3520859137,0,8388608,4,region6_2231479911
2023-03-19 07:15,3520934586,400561,324008,2,region6_2231479907
2023-03-19 07:15,3520934586,166216,558353,2,region6_2231479907
2023-03-19 07:15,3521667399,1048576,1048576,5,region6_2231479909
2023-03-19 07:15,3521673865,2146565,4095478,1,region6_2231479910
2023-03-19 07:15,3520778941,0,8388608,5,region6_2231479909
2023-03-19 07:15,3520833925,2932304,1049312,2,region6_2231479902
2023-03-19 07:15,3522808310,0,128,5,region6_2231479912
2023-03-19 07:15,3521148123,0,6517677,2,region6_2231479907
2023-03-19 07:15,3521211228,0,8388608,5,region6_2231479909
2023-03-19 07:15,3523907699,0,8388608,4,region6_2231479911
2023-03-19 07:15,3521022473,791640,119832,2,region6_2231479908
2023-03-19 07:15,3521174801,0,16461,2,region6_2231479902
2023-03-19 07:15,3521212000,5069092,3319516,2,region6_2231479905
2023-03-19 07:15,3521667399,2097152,1048576,5,region6_2231479909
2023-03-19 07:15,3521213499,0,8370314,3,region6_2231479910
2023-03-19 07:15,3521557907,0,6992868,4,region6_2231479913
2023-03-19 07:15,3521030040,0,2240,2,region6_2231479902
2023-03-19 07:15,3521546849,6291456,2097152,1,region6_2231479911
2023-03-19 07:15,3521209525,0,1594482,2,region6_2231479906
2023-03-19 07:15,3521667399,3145728,1048576,5,region6_2231479909
2023-03-19 07:15,3523894897,0,8380626,3,region6_2231479910
2023-03-19 07:15,3520826791,0,8388608,2,region6_2231479903
2023-03-19 07:15,3521260415,0,4749935,2,region6_2231479907
2023-03-19 07:15,3521519054,0,6992566,4,region6_2231479913
2023-03-19 07:15,3521546849,8388608,2097152,1,region6_2231479911
2023-03-19 07:15,3523845607,0,8388608,2,region6_2231479902
2023-03-19 07:15,3520805429,0,8388608,2,region6_2231479902
2023-03-19 07:15,3521619673,0,8481568,5,region6_2231479909
2023-03-19 07:15,3521860564,0,242197,5,region6_2231479909
2023-03-19 07:15,3521123466,0,6041856,2,region6_2231479902
2023-03-19 07:15,3521616299,0,9106100,6,region6_2231479912
2023-03-19 07:15,3521667399,4194304,1048576,5,region6_2231479909
2023-03-19 07:15,3521333322,0,1986,4,region6_2231479914
2023-03-19 07:15,3521443556,0,8388608,2,region6_2231479907
2023-03-19 07:15,3521677060,0,1048576,5,region6_2231479909
2023-03-19 07:15,3521760399,0,7535945,3,region6_2231479910
2023-03-19 07:15,3521050309,0,2542734,3,region6_2231479910
2023-03-19 07:15,3520922405,0,8388608,2,region6_2231479907
2023-03-19 07:15,3521667399,5242880,1048576,5,region6_2231479909
2023-03-19 07:15,3523985379,0,5504,2,region6_2231479902
2023-03-19 07:15,3521677060,1048576,1048576,5,region6_2231479909
2023-03-19 07:15,3521859204,3700606,2797780,2,region6_2231479907
2023-03-19 07:15,3521859204,1003116,1328574,2,region6_2231479907
2023-03-19 07:15,3520695935,0,45677,2,region6_2231479902
2023-03-19 07:15,3521499258,0,2252477,2,region6_2231479911
2023-03-19 07:15,3521804166,0,199812,1,region6_2231479910
2023-03-19 07:15,3520955719,37,1128,2,region6_2231479902
2023-03-19 07:15,3520673722,4365002,1048576,2,region6_2231479905
2023-03-19 07:15,3521667399,6291456,1048576,5,region6_2231479909
2023-03-19 07:15,3521667399,7340032,1048576,5,region6_2231479909
2023-03-19 07:15,3520672852,5402799,2706780,2,region6_2231479907
2023-03-19 07:15,3520672852,7061003,1048576,2,region6_2231479907
2023-03-19 07:15,3521677060,2097152,1048576,5,region6_2231479909
2023-03-19 07:15,3520757331,0,2764235,2,region6_2231479907
2023-03-19 07:15,3520757331,5656710,365981,2,region6_2231479907
2023-03-19 07:15,3521195826,2186148,2770362,2,region6_2231479905
2023-03-19 07:15,3524016312,7317840,393492,2,region6_2231479902
2023-03-19 07:15,3521105129,0,8481568,2,region6_2231479904
2023-03-19 07:15,3520673722,4365002,1048576,2,region6_2231479905
2023-03-19 07:15,3521460714,0,8481568,5,region6_2231479909
2023-03-19 07:15,3521906220,0,63604,2,region6_2231479916
2023-03-19 07:15,3521906220,0,63604,2,region6_2231479916
2023-03-19 07:15,3521279075,0,176,2,region6_2231479902
2023-03-19 07:15,3521677060,3145728,1048576,5,region6_2231479909
2023-03-19 07:15,3521855395,0,8481568,5,region6_2231479909
2023-03-19 07:15,3521624599,12604888,24768,2,region6_2231479902
2023-03-19 07:15,3520669143,0,23724,2,region6_2231479902
2023-03-19 07:15,3520721327,0,37818,2,region6_2231479902
2023-03-19 07:15,3521000173,0,8388608,2,region6_2231479907
2023-03-19 07:15,3521289212,0,705,3,region6_2231479910
2023-03-19 07:15,3521906220,0,63604,2,region6_2231479916
2023-03-19 07:15,3520672852,0,5198484,2,region6_2231479907
2023-03-19 07:15,3521759675,0,8388608,5,region6_2231479909
2023-03-19 07:15,3521906220,0,63604,2,region6_2231479916
2023-03-19 07:15,3520672897,0,8388608,4,region6_2231479911
2023-03-19 07:15,3521467997,7818865,569743,2,region6_2231479905
2023-03-19 07:15,3520774703,0,8388608,2,region6_2231479906
2023-03-19 07:15,3521305948,0,5940271,5,region6_2231479909
2023-03-19 07:15,3521677060,4194304,1048576,5,region6_2231479909
2023-03-19 07:15,3521352033,0,8388608,4,region6_2231479914
2023-03-19 07:15,3521449024,0,1611226,5,region6_2231479912
2023-03-19 07:15,3521906220,0,63604,2,region6_2231479916
2023-03-19 07:15,3521860564,0,242197,5,region6_2231479909
2023-03-19 07:15,3521604362,0,5595571,2,region6_2231479903
2023-03-19 07:15,3521667399,7340032,1048576,5,region6_2231479909
2023-03-19 07:15,3521677060,5242880,1048576,5,region6_2231479909
2023-03-19 07:15,3521074314,1124576,6707712,2,region6_2231479903
2023-03-19 07:15,3521348771,0,3828,2,region6_2231479902
2023-03-19 07:15,3522017385,537536,48,2,region6_2231479902
2023-03-19 07:15,3521106018,0,13485,2,region6_2231479902
2023-03-19 07:15,3521718515,457686,70754,2,region6_2231479907
2023-03-19 07:15,3521793499,0,6425361,2,region6_2231479903
2023-03-19 07:15,3521793499,8354609,33999,2,region6_2231479903
2023-03-19 07:15,3520713575,0,128,2,region6_2231479902
2023-03-19 07:15,3520953972,6578056,48,2,region6_2231479902
2023-03-19 07:15,3521546849,10485760,2097152,1,region6_2231479911
2023-03-19 07:15,3521677060,7340032,1048576,5,region6_2231479909
2023-03-19 07:15,3521677060,6291456,1048576,5,region6_2231479909
2023-03-19 07:15,3520760310,2560,2432,2,region6_2231479902
2023-03-19 07:15,3521627081,0,8481568,5,region6_2231479909
2023-03-19 07:15,3521348215,797376,48,2,region6_2231479902
2023-03-19 07:15,3522085909,0,6991474,4,region6_2231479913
2023-03-19 07:15,3520784030,1368900,1667146,2,region6_2231479903
2023-03-19 07:15,3521517776,0,7664503,2,region6_2231479907
2023-03-19 07:15,3521029605,0,8388608,2,region6_2231479907
2023-03-19 07:15,3521493196,0,8388608,4,region6_2231479914
2023-03-19 07:15,3521619847,0,8388608,5,region6_2231479909
2023-03-19 07:15,3520803259,389970,1048576,2,region6_2231479905
2023-03-19 07:15,3521198141,0,962411,3,region6_2231479910
2023-03-19 07:15,3521829001,0,17210,2,region6_2231479902
2023-03-19 07:15,3522037771,0,10536743,6,region6_2231479912
2023-03-19 07:15,3521198156,3741282,385318,2,region6_2231479903
2023-03-19 07:15,3521714055,0,5448948,2,region6_2231479902
2023-03-19 07:15,3521238007,8329632,27321,1,region6_2231479910
2023-03-19 07:15,3521209554,0,8379869,3,region6_2231479910
2023-03-19 07:15,3521718782,8051312,48,2,region6_2231479902
2023-03-19 07:15,3522131852,0,7832896,2,region6_2231479904
2023-03-19 07:16,3520930025,0,7258,2,region6_2231479904
2023-03-19 07:16,3520930025,0,7258,2,region6_2231479904
2023-03-19 07:16,3521394844,0,1749050,5,region6_2231479912
2023-03-19 07:16,3521596842,6995936,95936,2,region6_2231479902
2023-03-19 07:16,3521844858,1097281,570732,2,region6_2231479908
2023-03-19 07:16,3521844858,1097256,570757,2,region6_2231479908
2023-03-19 07:16,3522131852,0,8481568,2,region6_2231479904
2023-03-19 07:16,3520937278,0,8388608,2,region6_2231479917
2023-03-19 07:16,3521147083,5592879,1048576,2,region6_2231479905
2023-03-19 07:16,3520684367,0,1396,2,region6_2231479902
2023-03-19 07:16,3521860564,0,242197,5,region6_2231479909
2023-03-19 07:16,3521906220,0,63604,2,region6_2231479916
2023-03-19 07:16,3522276041,1100653,7287955,2,region6_2231479903
2023-03-19 07:16,3521677060,7340032,1048576,5,region6_2231479909
2023-03-19 07:16,3521734593,0,1048576,5,region6_2231479909
2023-03-19 07:16,3521886600,0,6993196,4,region6_2231479913
2023-03-19 07:16,3520803259,389970,1048576,2,region6_2231479905
2023-03-19 07:16,3522195493,473,2100,2,region6_2231479902
2023-03-19 07:16,3521619621,0,8388608,2,region6_2231479903
2023-03-19 07:16,3521804166,199812,7792376,1,region6_2231479910
2023-03-19 07:16,3521619839,0,1718553,2,region6_2231479911
2023-03-19 07:16,3521148981,0,116071,2,region6_2231479902
2023-03-19 07:16,3521284672,0,8388608,2,region6_2231479906
2023-03-19 07:16,3521596581,0,6430733,4,region6_2231479923
2023-03-19 07:16,3521677060,8388608,92960,5,region6_2231479909
2023-03-19 07:16,3521733162,2277660,716892,2,region6_2231479907
2023-03-19 07:16,3521734593,1048576,1048576,5,region6_2231479909
2023-03-19 07:16,3522195497,5578530,2411681,2,region6_2231479911
2023-03-19 07:16,3521929680,0,65908,2,region6_2231479902
2023-03-19 07:16,3520690085,3032016,9801,2,region6_2231479905
2023-03-19 07:16,3521381443,0,4046599,2,region6_2231479907
2023-03-19 07:16,3521835032,0,3963616,1,region6_2231479910
2023-03-19 07:16,3521924937,0,298535,6,region6_2231479912
2023-03-19 07:16,3521186171,5242880,1048576,5,region6_2231479909
2023-03-19 07:16,3521280990,0,8481568,5,region6_2231479909
2023-03-19 07:16,3521546849,14680064,2097152,1,region6_2231479911
2023-03-19 07:16,3521546849,12582912,2097152,1,region6_2231479911
2023-03-19 07:16,3521734593,3145728,1048576,5,region6_2231479909
2023-03-19 07:16,3521734593,2097152,1048576,5,region6_2231479909
2023-03-19 07:16,3521950692,0,8388608,4,region6_2231479919
2023-03-19 07:16,3522241269,0,6991211,4,region6_2231479913
2023-03-19 07:16,3520930025,0,7258,2,region6_2231479904
2023-03-19 07:16,3521546849,20971520,2097152,1,region6_2231479911
2023-03-19 07:16,3521546849,18874368,2097152,1,region6_2231479911
2023-03-19 07:16,3521546849,16777216,2097152,1,region6_2231479911
2023-03-19 07:16,3522283900,9975488,1000832,2,region6_2231479902
2023-03-19 07:16,3521596581,0,6430733,2,region6_2231479920
2023-03-19 07:16,3522089230,0,42,3,region6_2231479910
2023-03-19 07:16,3520930025,0,7258,2,region6_2231479904
2023-03-19 07:16,3520782592,4359079,46503,2,region6_2231479907
2023-03-19 07:16,3521484815,1060157,7328451,2,region6_2231479907
2023-03-19 07:16,3521317212,0,8481568,5,region6_2231479909
2023-03-19 07:16,3521673785,0,1048576,5,region6_2231479909
2023-03-19 07:16,3522367495,0,1048576,5,region6_2231479909
2023-03-19 07:16,3520690085,3032016,9801,2,region6_2231479905
2023-03-19 07:16,3521192811,0,2070760,4,region6_2231479918
2023-03-19 07:16,3521324867,0,3080,4,region6_2231479913
2023-03-19 07:16,3521096352,4951116,1048576,2,region6_2231479905
2023-03-19 07:16,3521096352,4951116,1048576,2,region6_2231479905
2023-03-19 07:16,3521096352,4951116,1048576,2,region6_2231479905
2023-03-19 07:16,3521393731,2933280,48,2,region6_2231479902
2023-03-19 07:16,3522283900,13990976,986432,2,region6_2231479902
2023-03-19 07:16,3522283900,10979520,1000832,2,region6_2231479902
2023-03-19 07:16,3522328352,0,14938,2,region6_2231479902
2023-03-19 07:16,3521014633,0,158938,2,region6_2231479905
2023-03-19 07:16,3521624414,0,6464,2,region6_2231479902
2023-03-19 07:16,3521162007,0,2544656,2,region6_2231479907
2023-03-19 07:16,3521965822,0,8481568,2,region6_2231479904
2023-03-19 07:16,3521965822,0,1432128,2,region6_2231479904
2023-03-19 07:16,3522071909,0,3324790,2,region6_2231479916
2023-03-19 07:16,3522071909,3324790,2470106,2,region6_2231479916
2023-03-19 07:16,3522354147,0,6435181,2,region6_2231479906
2023-03-19 07:16,3522035807,0,422936,2,region6_2231479905
2023-03-19 07:16,3521182814,0,6058080,2,region6_2231479902
2023-03-19 07:16,3520705705,2550688,48,2,region6_2231479902
2023-03-19 07:16,3521712695,0,6990669,4,region6_2231479913
2023-03-19 07:16,3521844858,1097281,570732,2,region6_2231479908
2023-03-19 07:16,3520767660,2761824,48,2,region6_2231479902
2023-03-19 07:16,3522367495,1048576,1048576,5,region6_2231479909
2023-03-19 07:16,3522367495,2097152,9288,5,region6_2231479909
2023-03-19 07:16,3522031914,0,79286,2,region6_2231479902
2023-03-19 07:16,3521303638,0,649540,2,region6_2231479907
2023-03-19 07:16,3521303638,2151485,6237123,2,region6_2231479907
2023-03-19 07:16,3521519880,0,11047,2,region6_2231479902
2023-03-19 07:16,3522031914,1390006,365504,2,region6_2231479902
2023-03-19 07:16,3522031914,79286,1310720,2,region6_2231479902
2023-03-19 07:16,3522044803,0,6979779,3,region6_2231479910
2023-03-19 07:16,3522187782,0,8388608,5,region6_2231479909
2023-03-19 07:16,3522423911,5390144,197952,2,region6_2231479902
2023-03-19 07:16,3522031914,1680566,74944,2,region6_2231479902
2023-03-19 07:16,3522139581,6380192,48,2,region6_2231479902
2023-03-19 07:16,3522198931,0,5708201,2,region6_2231479911
2023-03-19 07:16,3521232506,0,4575696,2,region6_2231479907
2023-03-19 07:16,3521473758,2566927,4847590,2,region6_2231479907
2023-03-19 07:16,3521734593,3145728,1048576,5,region6_2231479909
2023-03-19 07:16,3521214405,319605,1006686,2,region6_2231479905
2023-03-19 07:16,3521546849,23068672,2097152,1,region6_2231479911
2023-03-19 07:16,3522225584,0,1048576,5,region6_2231479909
2023-03-19 07:16,3522283900,25993344,1000832,2,region6_2231479902
2023-03-19 07:16,3521619958,0,84416,2,region6_2231479902
2023-03-19 07:16,3521635596,0,8388608,2,region6_2231479902
2023-03-19 07:16,3521862750,0,2000,4,region6_2231479911
2023-03-19 07:16,3522283900,29013632,871232,2,region6_2231479902
2023-03-19 07:16,3522374006,0,8388608,4,region6_2231479906
2023-03-19 07:16,3521368213,4392272,4089296,2,region6_2231479904
2023-03-19 07:16,3521368213,0,8254608,2,region6_2231479904
2023-03-19 07:16,3521378680,0,908898,2,region6_2231479907
2023-03-19 07:16,3521378680,0,908898,2,region6_2231479907
2023-03-19 07:16,3521734593,4194304,1048576,5,region6_2231479909
2023-03-19 07:16,3522225584,1048576,1048576,5,region6_2231479909
2023-03-19 07:16,3521710424,0,3499100,3,region6_2231479910
2023-03-19 07:16,3522234818,0,1366,2,region6_2231479902
2023-03-19 07:16,3522283900,27995008,1000832,2,region6_2231479902
2023-03-19 07:16,3521535284,5584309,1207770,2,region6_2231479907
2023-03-19 07:16,3521535284,0,2276858,2,region6_2231479907
2023-03-19 07:16,3521895630,0,8374992,1,region6_2231479910
2023-03-19 07:16,3522328354,236187,872044,2,region6_2231479907
2023-03-19 07:16,3521734593,5242880,1048576,5,region6_2231479909
2023-03-19 07:16,3521882349,0,2010,2,region6_2231479902
2023-03-19 07:16,3522134234,0,176,2,region6_2231479902
2023-03-19 07:16,3522225584,2097152,1048576,5,region6_2231479909
2023-03-19 07:16,3522283900,11980352,1000832,2,region6_2231479902
2023-03-19 07:16,3521393781,0,8388608,2,region6_2231479907
2023-03-19 07:16,3522004125,1457853,6930755,2,region6_2231479907
2023-03-19 07:16,3522367495,2097152,9288,5,region6_2231479909
2023-03-19 07:16,3522428044,0,1728091,2,region6_2231479911
2023-03-19 07:16,3521734593,6291456,1048576,5,region6_2231479909
2023-03-19 07:16,3521986850,1943969,45642,2,region6_2231479929
2023-03-19 07:16,3521986850,1989577,34,2,region6_2231479929
2023-03-19 07:16,3521986850,1989593,18,2,region6_2231479929
2023-03-19 07:16,3521118729,2202952,156388,2,region6_2231479903
2023-03-19 07:16,3521118729,6736791,177411,2,region6_2231479903
2023-03-19 07:16,3521393769,959412,959159,2,region6_2231479903
2023-03-19 07:16,3521888731,256,128,2,region6_2231479902
2023-03-19 07:16,3522225584,3145728,1048576,5,region6_2231479909
2023-03-19 07:16,3522372858,0,6990780,4,region6_2231479913
2023-03-19 07:16,3521887859,0,1048576,5,region6_2231479909
2023-03-19 07:16,3521965813,0,8481568,2,region6_2231479904
2023-03-19 07:16,3521872940,0,8388608,2,region6_2231479907
2023-03-19 07:16,3520792630,0,1639,2,region6_2231479902
2023-03-19 07:16,3521517770,0,772880,2,region6_2231479902
2023-03-19 07:16,3522134333,0,8388608,2,region6_2231479906
2023-03-19 07:16,3521419089,0,8481568,5,region6_2231479909
2023-03-19 07:16,3521460121,2835613,2197612,2,region6_2231479911
2023-03-19 07:16,3521734593,7340032,1048576,5,region6_2231479909
2023-03-19 07:16,3522372854,0,2315931,4,region6_2231479920
2023-03-19 07:16,3522041668,2905280,77440,2,region6_2231479902
2023-03-19 07:16,3522225584,4194304,374262,5,region6_2231479909
2023-03-19 07:16,3522428329,128,128,2,region6_2231479902
2023-03-19 07:16,3521887859,1048576,1048576,5,region6_2231479909
2023-03-19 07:16,3521343060,0,7012151,4,region6_2231479913
2023-03-19 07:16,3522026562,0,3431,2,region6_2231479902
2023-03-19 07:16,3521538165,0,4410780,3,region6_2231479911
2023-03-19 07:16,3521970993,0,5458134,2,region6_2231479907
2023-03-19 07:16,3522547641,525728,126656,2,region6_2231479902
2023-03-19 07:16,3522048641,3479561,1339834,2,region6_2231479907
2023-03-19 07:16,3522048641,7549894,838714,2,region6_2231479907
2023-03-19 07:16,3522198931,0,5708201,2,region6_2231479911
2023-03-19 07:16,3522584472,2081636,6306972,2,region6_2231479907
2023-03-19 07:16,3521887859,3145728,1048576,5,region6_2231479909
2023-03-19 07:16,3521887859,2097152,1048576,5,region6_2231479909
2023-03-19 07:16,3522165659,0,8388608,2,region6_2231479907
2023-03-19 07:16,3522612341,0,26988,2,region6_2231479902
2023-03-19 07:16,3520864571,5192358,1048576,2,region6_2231479905
2023-03-19 07:16,3522372850,2811136,48,2,region6_2231479902
2023-03-19 07:16,3522612341,0,26988,2,region6_2231479902
2023-03-19 07:16,3521546457,0,8388608,2,region6_2231479907
2023-03-19 07:16,3521712908,0,1935,3,region6_2231479910
2023-03-19 07:16,3520864571,5192358,1048576,2,region6_2231479905
2023-03-19 07:16,3520864571,5192358,1048576,2,region6_2231479905
2023-03-19 07:16,3521214405,1286803,39488,2,region6_2231479908
2023-03-19 07:16,3522399147,0,10485760,5,region6_2231479909
2023-03-19 07:16,3522399147,10485760,1434413,5,region6_2231479909
2023-03-19 07:16,3521714153,0,8388608,2,region6_2231479907
2023-03-19 07:16,3522286225,0,8388608,4,region6_2231479906
2023-03-19 07:16,3522425301,0,6999011,4,region6_2231479913
2023-03-19 07:16,3522584444,0,8388608,2,region6_2231479902
2023-03-19 07:16,3520673722,4365002,1048576,2,region6_2231479905
2023-03-19 07:16,3521517770,8119760,361808,2,region6_2231479902
2023-03-19 07:16,3521517770,0,8141344,2,region6_2231479902
2023-03-19 07:16,3521683825,0,14119,2,region6_2231479902
2023-03-19 07:16,3522233530,0,8388608,5,region6_2231479909
2023-03-19 07:16,3522377456,0,6992797,2,region6_2231479906
2023-03-19 07:16,3521646366,43744,48,2,region6_2231479902
2023-03-19 07:16,3522184986,3644048,4837520,2,region6_2231479904
2023-03-19 07:16,3522184986,0,1054352,2,region6_2231479904
2023-03-19 07:16,3522184986,0,8481568,2,region6_2231479904
2023-03-19 07:16,3520833925,2932304,1049312,2,region6_2231479902
2023-03-19 07:16,3522283900,30165056,1000832,2,region6_2231479902
2023-03-19 07:16,3521988338,5024800,103616,2,region6_2231479902
2023-03-19 07:16,3522026590,0,6119345,3,region6_2231479910
2023-03-19 07:16,3522377877,8258736,222832,2,region6_2231479902
2023-03-19 07:16,3522377877,0,8298928,2,region6_2231479902
2023-03-19 07:16,3522505025,2242336,48,2,region6_2231479902
2023-03-19 07:17,3522266670,0,28493,2,region6_2231479902
2023-03-19 07:17,3522303966,0,8481568,5,region6_2231479909
2023-03-19 07:17,3521724821,0,8481568,6,region6_2231479912
2023-03-19 07:17,3520672852,5402799,2706780,2,region6_2231479907
2023-03-19 07:17,3520672852,7061003,1048576,2,region6_2231479907
2023-03-19 07:17,3522066799,0,1893615,2,region6_2231479905
2023-03-19 07:17,3521021477,0,1291,2,region6_2231479902
2023-03-19 07:17,3522321959,0,8481568,2,region6_2231479904
2023-03-19 07:17,3521381443,0,4046599,2,region6_2231479907
2023-03-19 07:17,3522489897,0,1036928,2,region6_2231479903
2023-03-19 07:17,3520672852,0,2031855,2,region6_2231479907
2023-03-19 07:17,3520672852,4526433,671204,2,region6_2231479907
2023-03-19 07:17,3522093990,0,176,2,region6_2231479902
2023-03-19 07:17,3522283900,39445120,1000832,2,region6_2231479902
2023-03-19 07:17,3522425931,3726890,4345104,2,region6_2231479905
2023-03-19 07:17,3522425931,0,3726890,2,region6_2231479905
2023-03-19 07:17,3520926467,0,47706,2,region6_2231479902
2023-03-19 07:17,3522188920,0,417081,4,region6_2231479906
2023-03-19 07:17,3522283900,26994176,1000832,2,region6_2231479902
2023-03-19 07:17,3522368171,0,27981,2,region6_2231479902
2023-03-19 07:17,3520767940,2948537,1488533,2,region6_2231479911
2023-03-19 07:17,3522505052,0,68705,4,region6_2231479913
2023-03-19 07:17,3522693202,0,176,2,region6_2231479902
2023-03-19 07:17,3522836652,0,8388608,2,region6_2231479903
2023-03-19 07:17,3522842315,0,8481568,5,region6_2231479909
2023-03-19 07:17,3521894047,297547,108373,2,region6_2231479905
2023-03-19 07:17,3522789219,0,8388608,2,region6_2231479902
2023-03-19 07:17,3522085898,0,7031049,4,region6_2231479913
2023-03-19 07:17,3520995376,7539329,849279,2,region6_2231479907
2023-03-19 07:17,3522239600,14699978,317,2,region6_2231479911
2023-03-19 07:17,3521673785,0,1048576,5,region6_2231479909
2023-03-19 07:17,3522138154,242556,2743987,2,region6_2231479907
2023-03-19 07:17,3522138154,5262641,932482,2,region6_2231479907
2023-03-19 07:17,3522138154,8100898,244858,2,region6_2231479907
2023-03-19 07:17,3522240118,891008,133312,2,region6_2231479902
2023-03-19 07:17,3522740778,0,8388608,2,region6_2231479907
2023-03-19 07:17,3522744219,0,15693,2,region6_2231479902
2023-03-19 07:17,3521214405,1286803,39488,2,region6_2231479908
2023-03-19 07:17,3521806259,3437374,176273,2,region6_2231479907
2023-03-19 07:17,3521895404,128,128,2,region6_2231479902
2023-03-19 07:17,3522068634,1117069,6359532,2,region6_2231479903
2023-03-19 07:17,3522285205,0,8388608,2,region6_2231479902
2023-03-19 07:17,3522354164,0,176,2,region6_2231479902
2023-03-19 07:17,3522395823,0,8388608,2,region6_2231479907
2023-03-19 07:17,3522591224,0,8142213,2,region6_2231479906
2023-03-19 07:17,3521570470,1127417,80346,2,region6_2231479905
2023-03-19 07:17,3522380658,0,8388608,2,region6_2231479902
2023-03-19 07:17,3522709588,0,8388608,2,region6_2231479906
2023-03-19 07:17,3521644756,0,8388608,2,region6_2231479903
2023-03-19 07:17,3522879954,0,6990832,4,region6_2231479913
2023-03-19 07:17,3521338852,0,1111857,2,region6_2231479905
2023-03-19 07:17,3521976653,0,8388608,2,region6_2231479902
2023-03-19 07:17,3520697515,580696,1048576,2,region6_2231479905
2023-03-19 07:17,3522174392,0,8481568,5,region6_2231479909
2023-03-19 07:17,3522239600,0,4998819,2,region6_2231479911
2023-03-19 07:17,3522465574,0,8481568,5,region6_2231479909
2023-03-19 07:17,3522649232,0,1218024,2,region6_2231479905
2023-03-19 07:17,3522649232,4344370,1033813,2,region6_2231479905
2023-03-19 07:17,3521921895,5683012,288301,2,region6_2231479916
2023-03-19 07:17,3521921895,3700131,844768,2,region6_2231479916
2023-03-19 07:17,3521988338,7195488,48,2,region6_2231479902
2023-03-19 07:17,3522018100,0,4194304,2,region6_2231479906
2023-03-19 07:17,3522239600,13387427,1312551,2,region6_2231479911
2023-03-19 07:17,3522239600,4998819,8388608,2,region6_2231479911
2023-03-19 07:17,3520698835,0,8388608,2,region6_2231479907
2023-03-19 07:17,3522018100,4194304,4194304,2,region6_2231479906
2023-03-19 07:17,3522142231,535424,48,2,region6_2231479902
2023-03-19 07:17,3522283900,26994176,1000832,2,region6_2231479902
2023-03-19 07:17,3522309148,0,8481568,2,region6_2231479904
2023-03-19 07:17,3520697515,580696,1048576,2,region6_2231479908
2023-03-19 07:17,3520697515,580696,1048576,2,region6_2231479908
2023-03-19 07:17,3521515291,0,8388608,2,region6_2231479917
2023-03-19 07:17,3522836446,0,8388608,2,region6_2231479902
2023-03-19 07:17,3522913467,0,176,2,region6_2231479902
2023-03-19 07:17,3522425944,6185104,2296464,2,region6_2231479904
2023-03-19 07:17,3522425944,0,8481568,2,region6_2231479904
2023-03-19 07:17,3522528810,4158947,1575046,2,region6_2231479903
2023-03-19 07:17,3522953312,0,8481568,5,region6_2231479909
2023-03-19 07:17,3522225784,479712,50624,2,region6_2231479902
2023-03-19 07:17,3522400632,0,4714117,2,region6_2231479903
2023-03-19 07:17,3522601313,0,2752432,2,region6_2231479904
2023-03-19 07:17,3522601313,2565680,5915888,2,region6_2231479904
2023-03-19 07:17,3520938028,0,1960584,2,region6_2231479907
2023-03-19 07:17,3522591604,0,4457664,2,region6_2231479904
2023-03-19 07:17,3522672441,0,1740019,2,region6_2231479911
2023-03-19 07:17,3521962842,584,684,2,region6_2231479902
2023-03-19 07:17,3522591604,4457712,4023856,2,region6_2231479904
2023-03-19 07:17,3522591604,4457664,4023904,2,region6_2231479904
2023-03-19 07:17,3522808273,5956593,1484125,2,region6_2231479905
2023-03-19 07:17,3522263668,0,1720240,2,region6_2231479904
2023-03-19 07:17,3522425893,8367677,20931,2,region6_2231479911
2023-03-19 07:17,3522263668,4939440,3542128,2,region6_2231479904
2023-03-19 07:17,3522263668,107952,8373616,2,region6_2231479904
2023-03-19 07:17,3522735215,3350752,64384,2,region6_2231479902
2023-03-19 07:17,3521947691,1466848,54016,2,region6_2231479902
2023-03-19 07:17,3522425470,15249,1931250,2,region6_2231479905
2023-03-19 07:17,3522704322,37637,6598211,2,region6_2231479903
2023-03-19 07:17,3521673785,0,1048576,5,region6_2231479909
2023-03-19 07:17,3523001045,0,706,2,region6_2231479914
2023-03-19 07:17,3523010546,0,8388608,2,region6_2231479907
2023-03-19 07:17,3520873811,1808871,276903,2,region6_2231479907
2023-03-19 07:17,3522408035,0,3060333,2,region6_2231479905
2023-03-19 07:17,3521888725,0,31776,2,region6_2231479902
2023-03-19 07:17,3521913568,0,8481568,2,region6_2231479904
2023-03-19 07:17,3520690085,3032016,9801,2,region6_2231479905
2023-03-19 07:17,3521212000,5069092,3319516,2,region6_2231479905
2023-03-19 07:17,3522990494,0,1058589,2,region6_2231479907
2023-03-19 07:17,3522497711,0,8388608,2,region6_2231479902
2023-03-19 07:17,3522552608,0,8388608,4,region6_2231479920
2023-03-19 07:17,3522986597,7387339,1001269,2,region6_2231479905
2023-03-19 07:17,3522427824,0,7509219,3,region6_2231479910
2023-03-19 07:17,3522736458,6075355,195499,2,region6_2231479905
2023-03-19 07:17,3522908902,0,1614302,2,region6_2231479916
2023-03-19 07:17,3522986597,0,7387339,2,region6_2231479905
2023-03-19 07:17,3522690004,0,8481568,2,region6_2231479904
2023-03-19 07:17,3520948307,0,176,2,region6_2231479902
2023-03-19 07:17,3521958536,0,176,2,region6_2231479902
2023-03-19 07:17,3522527418,0,4542672,5,region6_2231479909
2023-03-19 07:17,3522651357,8188640,88960,2,region6_2231479902
2023-03-19 07:17,3522134295,0,8388608,2,region6_2231479902
2023-03-19 07:17,3522016034,6678304,61184,2,region6_2231479902
2023-03-19 07:17,3522148928,3039996,1048576,2,region6_2231479905
2023-03-19 07:17,3522239633,2506177,123150,2,region6_2231479907
2023-03-19 07:17,3522239633,7542608,846000,2,region6_2231479907
2023-03-19 07:17,3521367050,0,266202,2,region6_2231479902
2023-03-19 07:17,3522048382,0,8388608,2,region6_2231479902
2023-03-19 07:17,3520995376,0,4194304,2,region6_2231479906
2023-03-19 07:17,3520995376,4194304,4194304,2,region6_2231479906
2023-03-19 07:17,3522377859,0,6991932,4,region6_2231479913
2023-03-19 07:17,3522429263,2842846,1730669,2,region6_2231479907
2023-03-19 07:17,3522429263,373948,739190,2,region6_2231479907
2023-03-19 07:17,3521020146,0,403840,2,region6_2231479902
2023-03-19 07:17,3521020146,403840,709056,2,region6_2231479902
2023-03-19 07:17,3521020146,694400,418496,2,region6_2231479902
2023-03-19 07:17,3521988338,12343008,1016256,2,region6_2231479902
2023-03-19 07:17,3522374117,0,145140,6,region6_2231479912
2023-03-19 07:17,3522480443,5183538,3008691,2,region6_2231479903
2023-03-19 07:17,3522480443,0,3820884,2,region6_2231479903
2023-03-19 07:17,3522813705,0,412738,2,region6_2231479908
2023-03-19 07:17,3522813705,0,412738,2,region6_2231479908
2023-03-19 07:17,3522874074,0,686356,2,region6_2231479911
2023-03-19 07:17,3522901193,0,166196,2,region6_2231479902
2023-03-19 07:17,3522908935,0,8148614,4,region6_2231479918
2023-03-19 07:17,3522188733,888916,1048576,2,region6_2231479905
2023-03-19 07:17,3522188733,0,888916,2,region6_2231479905
2023-03-19 07:17,3522410467,0,8388608,2,region6_2231479906
2023-03-19 07:17,3521122920,0,176,2,region6_2231479902
2023-03-19 07:17,3522429426,0,176,2,region6_2231479902
2023-03-19 07:17,3522751661,0,8388608,2,region6_2231479903
2023-03-19 07:17,3522885048,0,1048576,5,region6_2231479909
2023-03-19 07:17,3522970824,0,2040040,2,region6_2231479911
2023-03-19 07:17,3521906220,0,63604,2,region6_2231479916
2023-03-19 07:17,3523198008,0,3183009,3,region6_2231479910
2023-03-19 07:17,3522441427,0,8481568,2,region6_2231479904
2023-03-19 07:17,3522631344,0,8350812,3,region6_2231479910
2023-03-19 07:17,3522758440,0,8388608,4,region6_2231479918
2023-03-19 07:17,3522970824,7777458,611150,2,region6_2231479911
2023-03-19 07:17,3521988338,13437344,55360,2,region6_2231479902
2023-03-19 07:17,3522188733,888916,1048576,2,region6_2231479905
2023-03-19 07:17,3522424912,8192,218791,2,region6_2231479902
2023-03-19 07:17,3522424912,0,176,2,region6_2231479902
2023-03-19 07:17,3522901171,310464,48,2,region6_2231479902
2023-03-19 07:17,3523026886,0,8481568,2,region6_2231479904
2023-03-19 07:17,3521887859,3145728,1048576,5,region6_2231479909
2023-03-19 07:17,3522979008,7389184,269056,2,region6_2231479902
2023-03-19 07:17,3522995710,0,2986888,2,region6_2231479907
2023-03-19 07:17,3522184998,5696532,312414,2,region6_2231479907
2023-03-19 07:17,3522184998,1754780,2094114,2,region6_2231479907
2023-03-19 07:17,3522424912,8192,218791,2,region6_2231479902
2023-03-19 07:17,3522612433,0,8481568,5,region6_2231479909
2023-03-19 07:17,3521673785,0,1048576,5,region6_2231479909
2023-03-19 07:17,3522885048,1048576,1048576,5,region6_2231479909
2023-03-19 07:17,3522970824,3391419,1436232,2,region6_2231479911
2023-03-19 07:17,3522424912,0,176,2,region6_2231479902
2023-03-19 07:17,3522424912,0,176,2,region6_2231479902
2023-03-19 07:17,3522424912,8192,218791,2,region6_2231479902
2023-03-19 07:17,3522408035,0,4605779,2,region6_2231479905
2023-03-19 07:17,3523270707,2443488,130112,2,region6_2231479902
2023-03-19 07:17,3521829579,0,176,2,region6_2231479902
2023-03-19 07:17,3522424912,8192,218791,2,region6_2231479902
2023-03-19 07:17,3522428520,2773643,3672976,2,region6_2231479907
2023-03-19 07:17,3522985195,0,176,2,region6_2231479902
2023-03-19 07:17,3521906220,0,63604,2,region6_2231479916
2023-03-19 07:17,3522595204,0,8481568,2,region6_2231479904
2023-03-19 07:17,3522719933,11986440,1680300,2,region6_2231479902
2023-03-19 07:17,3522739800,704,1792,2,region6_2231479902
2023-03-19 07:17,3522885048,2097152,1048576,5,region6_2231479909
2023-03-19 07:17,3522407266,0,1048576,5,region6_2231479909
2023-03-19 07:17,3522758601,0,1048576,5,region6_2231479909
2023-03-19 07:17,3522758601,1048576,1048576,5,region6_2231479909
2023-03-19 07:17,3522316145,0,8481568,5,region6_2231479909
2023-03-19 07:17,3522425813,0,1355,2,region6_2231479902
2023-03-19 07:17,3522424912,0,176,2,region6_2231479902
2023-03-19 07:17,3522487832,5537535,310442,2,region6_2231479907
2023-03-19 07:17,3522487832,8224695,163913,2,region6_2231479907
2023-03-19 07:17,3522766624,75294,2957808,2,region6_2231479911
2023-03-19 07:17,3521359755,5842086,2075375,2,region6_2231479907
2023-03-19 07:17,3523016379,0,638572,2,region6_2231479908
2023-03-19 07:17,3523295164,0,1165988,2,region6_2231479907
2023-03-19 07:17,3522198427,0,10485760,5,region6_2231479909
2023-03-19 07:17,3522465558,0,7782701,5,region6_2231479912
2023-03-19 07:17,3522766624,7067632,76919,2,region6_2231479911
2023-03-19 07:17,3522766624,4291913,44461,2,region6_2231479911
2023-03-19 07:17,3522885048,3145728,1048576,5,region6_2231479909
2023-03-19 07:17,3523144304,1920204,1048576,2,region6_2231479907
2023-03-19 07:17,3523144304,1394501,1574279,2,region6_2231479907
2023-03-19 07:17,3522927617,0,2097152,1,region6_2231479911
2023-03-19 07:17,3522198427,10485760,1656480,5,region6_2231479909
2023-03-19 07:17,3520762029,0,54656,2,region6_2231479902
2023-03-19 07:17,3522407266,1048576,1048576,5,region6_2231479909
2023-03-19 07:17,3522761939,0,8481568,5,region6_2231479909
2023-03-19 07:17,3522594111,6244480,37056,2,region6_2231479902
2023-03-19 07:17,3522684762,6009306,595543,2,region6_2231479905
2023-03-19 07:17,3521906220,0,63604,2,region6_2231479916
2023-03-19 07:17,3522927617,2097152,2097152,1,region6_2231479911
2023-03-19 07:17,3522927617,14680064,2097152,1,region6_2231479911
2023-03-19 07:17,3522927617,12582912,2097152,1,region6_2231479911
2023-03-19 07:17,3522927617,6291456,2097152,1,region6_2231479911
2023-03-19 07:17,3522927617,10485760,2097152,1,region6_2231479911
2023-03-19 07:17,3522927617,8388608,2097152,1,region6_2231479911
2023-03-19 07:17,3522927617,4194304,2097152,1,region6_2231479911
2023-03-19 07:17,3520762029,0,54656,2,region6_2231479902
2023-03-19 07:17,3522312252,0,7126756,2,region6_2231479907
2023-03-19 07:17,3522927617,23068672,2097152,1,region6_2231479911
2023-03-19 07:17,3522927617,20971520,2097152,1,region6_2231479911
2023-03-19 07:17,3522927617,18874368,2097152,1,region6_2231479911
2023-03-19 07:17,3522927617,16777216,2097152,1,region6_2231479911
2023-03-19 07:18,3522078651,0,8388608,2,region6_2231479903
2023-03-19 07:18,3522678724,7520732,48,2,region6_2231479902
2023-03-19 07:18,3522726679,128,128,2,region6_2231479902
2023-03-19 07:18,3522885048,4194304,1048576,5,region6_2231479909
2023-03-19 07:18,3521778833,0,8388608,2,region6_2231479906
2023-03-19 07:18,3522407266,2097152,1048576,5,region6_2231479909
2023-03-19 07:18,3522908154,0,2036,2,region6_2231479902
2023-03-19 07:18,3521906220,0,63604,2,region6_2231479916
2023-03-19 07:18,3523217114,0,8388608,2,region6_2231479907
2023-03-19 07:18,3523284786,2915696,2163723,2,region6_2231479911
2023-03-19 07:18,3522407266,3145728,1048576,5,region6_2231479909
2023-03-19 07:18,3522568163,0,273101,2,region6_2231479902
2023-03-19 07:18,3522568163,0,273101,2,region6_2231479902
2023-03-19 07:18,3522885048,5242880,1048576,5,region6_2231479909
2023-03-19 07:18,3523423447,0,8481568,5,region6_2231479909
2023-03-19 07:18,3523445224,0,8388608,2,region6_2231479907
2023-03-19 07:18,3521467691,3971872,433280,2,region6_2231479902
2023-03-19 07:18,3521887859,3145728,1048576,5,region6_2231479909
2023-03-19 07:18,3523233359,7026208,48,2,region6_2231479902
2023-03-19 07:18,3523245335,0,4699027,3,region6_2231479910
2023-03-19 07:18,3522568163,0,273101,2,region6_2231479902
2023-03-19 07:18,3522901183,0,10485760,5,region6_2231479909
2023-03-19 07:18,3521906220,0,63604,2,region6_2231479916
2023-03-19 07:18,3520670638,9638,8388608,2,region6_2231479905
2023-03-19 07:18,3523458280,0,6990570,4,region6_2231479913
2023-03-19 07:18,3522425779,0,6990784,4,region6_2231479913
2023-03-19 07:18,3522758601,1048576,1048576,5,region6_2231479909
2023-03-19 07:18,3522758601,2097152,1048576,5,region6_2231479909
2023-03-19 07:18,3522901183,10485760,1518395,5,region6_2231479909
2023-03-19 07:18,3520670638,8398246,6488585,2,region6_2231479905
2023-03-19 07:18,3522407266,4194304,1048576,5,region6_2231479909
2023-03-19 07:18,3522407266,5242880,1048576,5,region6_2231479909
2023-03-19 07:18,3522464246,1378779,185244,2,region6_2231479907
2023-03-19 07:18,3522464246,4241376,459754,2,region6_2231479907
2023-03-19 07:18,3522885048,6291456,1048576,5,region6_2231479909
2023-03-19 07:18,3520670638,0,9638,2,region6_2231479905
2023-03-19 07:18,3523441322,0,8481568,5,region6_2231479909
2023-03-19 07:18,3522451581,0,128,2,region6_2231479902
2023-03-19 07:18,3521324192,0,8388608,2,region6_2231479906
2023-03-19 07:18,3522535440,0,8388608,2,region6_2231479903
2023-03-19 07:18,3522885048,7340032,1048576,5,region6_2231479909
2023-03-19 07:18,3523506572,0,8388608,2,region6_2231479907
2023-03-19 07:18,3522451581,0,128,2,region6_2231479902
2023-03-19 07:18,3521704088,27041088,932736,2,region6_2231479902
2023-03-19 07:18,3523204897,4332291,223465,2,region6_2231479903
2023-03-19 07:18,3523204897,0,1063006,2,region6_2231479903
2023-03-19 07:18,3521104446,0,2659417,2,region6_2231479916
2023-03-19 07:18,3523516113,0,8388608,2,region6_2231479906
2023-03-19 07:18,3522591224,0,8142213,2,region6_2231479906
2023-03-19 07:18,3521104446,5452337,965319,2,region6_2231479916
2023-03-19 07:18,3522885048,8388608,92960,5,region6_2231479909
2023-03-19 07:18,3521433285,7843315,545293,2,region6_2231479907
2023-03-19 07:18,3523297587,5203822,1268226,2,region6_2231479911
2023-03-19 07:18,3523297587,1864506,140590,2,region6_2231479911
2023-03-19 07:18,3523297587,3210786,656342,2,region6_2231479911
2023-03-19 07:18,3523311142,1051634,700806,2,region6_2231479911
2023-03-19 07:18,3520724591,192352,189056,2,region6_2231479902
2023-03-19 07:18,3522503521,0,14815372,2,region6_2231479906
2023-03-19 07:18,3522560734,3246744,166784,2,region6_2231479902
2023-03-19 07:18,3522445410,0,265472,2,region6_2231479902
2023-03-19 07:18,3520677037,0,1901152,2,region6_2231479905
2023-03-19 07:18,3522908902,0,1614302,2,region6_2231479916
2023-03-19 07:18,3520677037,1901152,8358358,2,region6_2231479905
2023-03-19 07:18,3523479372,0,8481568,2,region6_2231479904
2023-03-19 07:18,3522696135,6796066,1592542,2,region6_2231479907
2023-03-19 07:18,3522696135,1020780,1598366,2,region6_2231479907
2023-03-19 07:18,3522407266,5242880,1048576,5,region6_2231479909
2023-03-19 07:18,3522407266,6291456,1048576,5,region6_2231479909
2023-03-19 07:18,3522773189,502177,224391,2,region6_2231479905
2023-03-19 07:18,3523237833,4502640,3978928,2,region6_2231479904
2023-03-19 07:18,3523237833,0,8481568,2,region6_2231479904
2023-03-19 07:18,3522547639,2646368,48,2,region6_2231479902
2023-03-19 07:18,3522490316,0,5548,2,region6_2231479902
2023-03-19 07:18,3522649062,0,8388608,2,region6_2231479903
2023-03-19 07:18,3521835032,3963616,4334730,1,region6_2231479910
2023-03-19 07:18,3521887859,3145728,1048576,5,region6_2231479909
2023-03-19 07:18,3521465612,0,60877,2,region6_2231479902
2023-03-19 07:18,3523503782,0,8388608,2,region6_2231479902
2023-03-19 07:18,3521465612,0,60877,2,region6_2231479902
2023-03-19 07:18,3522869694,1390414,188761,2,region6_2231479907
2023-03-19 07:18,3522869694,5276507,708995,2,region6_2231479907
2023-03-19 07:18,3521599072,1368668,6988,2,region6_2231479905
2023-03-19 07:18,3521596022,5250144,3138464,2,region6_2231479905
2023-03-19 07:18,3521596022,0,5250144,2,region6_2231479905
2023-03-19 07:18,3522742467,2403712,48,2,region6_2231479902
2023-03-19 07:18,3520672852,7061003,1048576,2,region6_2231479907
2023-03-19 07:18,3523484763,1048576,1048576,5,region6_2231479909
2023-03-19 07:18,3523484763,0,1048576,5,region6_2231479909
2023-03-19 07:18,3522860316,7944064,61120,2,region6_2231479902
2023-03-19 07:18,3522649232,0,1218024,2,region6_2231479905
2023-03-19 07:18,3520672852,5402799,2706780,2,region6_2231479907
2023-03-19 07:18,3522766608,0,706,2,region6_2231479914
2023-03-19 07:18,3523548342,46622,48,2,region6_2231479902
2023-03-19 07:18,3523020436,0,6339001,3,region6_2231479910
2023-03-19 07:18,3520672852,1636346,395509,2,region6_2231479907
2023-03-19 07:18,3520672852,0,272809,2,region6_2231479907
2023-03-19 07:18,3520672852,4526433,668900,2,region6_2231479907
2023-03-19 07:18,3523327532,2589568,286336,2,region6_2231479902
2023-03-19 07:18,3522283900,41834432,573408,2,region6_2231479902
2023-03-19 07:18,3523453257,7984671,403937,2,region6_2231479916
2023-03-19 07:18,3523453257,2269566,5715105,2,region6_2231479916
2023-03-19 07:18,3522656616,0,4519,2,region6_2231479902
2023-03-19 07:18,3521046625,0,8388608,2,region6_2231479907
2023-03-19 07:18,3520804093,3132990,1123193,2,region6_2231479911
2023-03-19 07:18,3522908902,0,1614302,2,region6_2231479916
2023-03-19 07:18,3522656616,0,4519,2,region6_2231479902
2023-03-19 07:18,3522908902,0,1614302,2,region6_2231479916
2023-03-19 07:18,3522656616,0,4519,2,region6_2231479902
2023-03-19 07:18,3522649232,0,1218024,2,region6_2231479911
2023-03-19 07:18,3522649232,4344370,1033813,2,region6_2231479911
2023-03-19 07:18,3522407266,7340032,1048576,5,region6_2231479909
2023-03-19 07:18,3522758590,0,8481568,5,region6_2231479909
2023-03-19 07:18,3522867735,0,8388608,2,region6_2231479917
2023-03-19 07:18,3522620008,0,8388608,2,region6_2231479907
2023-03-19 07:18,3523501785,0,8388608,2,region6_2231479907
2023-03-19 07:18,3523294637,75665,3936189,2,region6_2231479911
2023-03-19 07:18,3523294637,7776724,92166,2,region6_2231479911
2023-03-19 07:18,3523648213,0,8388608,2,region6_2231479907
2023-03-19 07:18,3521443765,0,56416,2,region6_2231479902
2023-03-19 07:18,3522774357,0,8481568,5,region6_2231479909
2023-03-19 07:18,3521050309,0,2542734,1,region6_2231479910
2023-03-19 07:18,3522407266,8388608,92960,5,region6_2231479909
2023-03-19 07:18,3523579185,0,8388608,2,region6_2231479906
2023-03-19 07:18,3523662962,0,2038538,2,region6_2231479908
2023-03-19 07:18,3523481026,0,1048576,5,region6_2231479909
2023-03-19 07:18,3523481026,1048576,1048576,5,region6_2231479909
2023-03-19 07:18,3520804417,0,526450,2,region6_2231479905
2023-03-19 07:18,3522726325,0,7970340,5,region6_2231479909
2023-03-19 07:18,3523351842,267146,877235,2,region6_2231479903
2023-03-19 07:18,3523351842,5613860,1031862,2,region6_2231479903
2023-03-19 07:18,3523484763,1048576,1048576,5,region6_2231479909
2023-03-19 07:18,3520754891,4230975,2292112,2,region6_2231479905
2023-03-19 07:18,3520754891,0,4230975,2,region6_2231479905
2023-03-19 07:18,3520804417,526450,7862158,2,region6_2231479905
2023-03-19 07:18,3522758601,2097152,1048576,5,region6_2231479909
2023-03-19 07:18,3520682284,3430855,2067426,2,region6_2231479903
2023-03-19 07:18,3523581932,0,7948528,2,region6_2231479904
2023-03-19 07:18,3523581932,6261488,2220080,2,region6_2231479904
2023-03-19 07:18,3523634904,0,8481568,6,region6_2231479912
2023-03-19 07:18,3523638396,3566756,1371399,2,region6_2231479905
2023-03-19 07:18,3523484763,2097152,1048576,5,region6_2231479909
2023-03-19 07:18,3522762474,0,14944638,2,region6_2231479906
2023-03-19 07:18,3522969871,0,849988,2,region6_2231479905
2023-03-19 07:18,3523315331,0,802544,2,region6_2231479902
2023-03-19 07:18,3523451385,0,8388608,2,region6_2231479903
2023-03-19 07:18,3522023450,0,277914,2,region6_2231479902
2023-03-19 07:18,3523484763,3145728,1048576,5,region6_2231479909
2023-03-19 07:18,3522805552,0,8388608,2,region6_2231479902
2023-03-19 07:18,3521988338,39675168,26432,2,region6_2231479902
2023-03-19 07:18,3522035052,5405254,5937,2,region6_2231479905
2023-03-19 07:18,3523484763,4194304,1048576,5,region6_2231479909
2023-03-19 07:18,3523584768,0,6794247,2,region6_2231479902
2023-03-19 07:18,3523596899,0,5567816,5,region6_2231479909
2023-03-19 07:18,3522773189,502177,224391,2,region6_2231479905
2023-03-19 07:18,3520672852,4526433,668900,2,region6_2231479907
2023-03-19 07:18,3520672852,0,272809,2,region6_2231479907
2023-03-19 07:18,3520672852,1636346,395509,2,region6_2231479907
2023-03-19 07:18,3523481026,1048576,1048576,5,region6_2231479909
2023-03-19 07:18,3523481026,2097152,1048576,5,region6_2231479909
2023-03-19 07:19,3522332633,0,128,2,region6_2231479902
2023-03-19 07:19,3520782592,4359079,2090033,2,region6_2231479907
2023-03-19 07:19,3523225668,0,176,2,region6_2231479902
2023-03-19 07:19,3523484763,5242880,1048576,5,region6_2231479909
2023-03-19 07:19,3523617932,8374832,106736,2,region6_2231479902
2023-03-19 07:19,3523617932,0,435952,2,region6_2231479902
2023-03-19 07:19,3523617932,0,8481568,2,region6_2231479902
2023-03-19 07:19,3522503521,12332735,2482637,2,region6_2231479906
2023-03-19 07:19,3522503521,0,12332735,2,region6_2231479906
2023-03-19 07:19,3520864571,5192358,1048576,2,region6_2231479905
2023-03-19 07:19,3521906220,0,63604,2,region6_2231479916
2023-03-19 07:19,3523225668,8192,2765,2,region6_2231479902
2023-03-19 07:19,3523288361,0,8388608,5,region6_2231479909
2023-03-19 07:19,3520864571,5192358,1048576,2,region6_2231479905
2023-03-19 07:19,3523358244,0,7506272,2,region6_2231479904
2023-03-19 07:19,3523484763,7340032,1048576,5,region6_2231479909
2023-03-19 07:19,3523484763,6291456,1048576,5,region6_2231479909
2023-03-19 07:19,3523540285,0,8388608,4,region6_2231479914
2023-03-19 07:19,3521921895,5683012,288301,2,region6_2231479916
2023-03-19 07:19,3521921895,3700131,844768,2,region6_2231479916
2023-03-19 07:19,3523358244,7506320,975248,2,region6_2231479904
2023-03-19 07:19,3523358244,7506272,975296,2,region6_2231479904
2023-03-19 07:19,3522860205,1471389,1195056,2,region6_2231479907
2023-03-19 07:19,3523591020,0,8388608,4,region6_2231479914
2023-03-19 07:19,3523648020,0,4396328,2,region6_2231479907
2023-03-19 07:19,3521381443,5913023,3248,2,region6_2231479907
2023-03-19 07:19,3521381443,0,4044600,2,region6_2231479907
2023-03-19 07:19,3523157083,0,8383808,3,region6_2231479910
2023-03-19 07:19,3520672852,7061003,1048576,2,region6_2231479907
2023-03-19 07:19,3520672852,5047553,150084,2,region6_2231479907
2023-03-19 07:19,3520672852,0,3720374,2,region6_2231479907
2023-03-19 07:19,3520864571,5192358,1048576,2,region6_2231479905
2023-03-19 07:19,3522339394,2950969,1590552,2,region6_2231479907
2023-03-19 07:19,3522339394,3492945,1048576,2,region6_2231479907
2023-03-19 07:19,3523799564,2702560,33024,2,region6_2231479902
2023-03-19 07:19,3520864571,5192358,1048576,2,region6_2231479905
2023-03-19 07:19,3523560641,2879039,3929182,2,region6_2231479907
2023-03-19 07:19,3523669800,0,128,2,region6_2231479902
2023-03-19 07:19,3523782869,0,1748135,5,region6_2231479912
2023-03-19 07:19,3521544219,0,115681,2,region6_2231479903
2023-03-19 07:19,3521679436,7910962,6976480,2,region6_2231479905
2023-03-19 07:19,3521679436,0,7910962,2,region6_2231479905
2023-03-19 07:19,3523481026,3145728,1048576,5,region6_2231479909
2023-03-19 07:19,3523630314,4654119,247478,2,region6_2231479916
2023-03-19 07:19,3520948307,0,176,2,region6_2231479902
2023-03-19 07:19,3523403775,0,5060050,2,region6_2231479911
2023-03-19 07:19,3523630314,0,3122796,2,region6_2231479916
2023-03-19 07:19,3523376241,0,8481568,5,region6_2231479909
2023-03-19 07:19,3523382536,0,8481568,2,region6_2231479904
2023-03-19 07:19,3523382536,0,6595104,2,region6_2231479904
2023-03-19 07:19,3523630314,3122796,1531323,2,region6_2231479916
2023-03-19 07:19,3523725740,0,4550264,2,region6_2231479907
2023-03-19 07:19,3523765956,0,6992094,4,region6_2231479913
2023-03-19 07:19,3523481026,4194304,1048576,5,region6_2231479909
2023-03-19 07:19,3522053724,5298504,728325,2,region6_2231479907
2023-03-19 07:19,3522053724,930502,999241,2,region6_2231479907
2023-03-19 07:19,3523865056,0,8388608,2,region6_2231479907
2023-03-19 07:19,3523622432,0,1908,2,region6_2231479902
2023-03-19 07:19,3520864571,5192358,1048576,2,region6_2231479905
2023-03-19 07:19,3523297629,0,5246567,2,region6_2231479902
2023-03-19 07:19,3523373683,0,8481568,5,region6_2231479909
2023-03-19 07:19,3523481026,5242880,1048576,5,region6_2231479909
2023-03-19 07:19,3523122564,0,7806416,2,region6_2231479916
2023-03-19 07:19,3523607452,0,8388608,2,region6_2231479902
2023-03-19 07:19,3523122564,7806416,582192,2,region6_2231479916
2023-03-19 07:19,3522089230,0,42,1,region6_2231479910
2023-03-19 07:19,3523892533,0,8481568,5,region6_2231479909
2023-03-19 07:19,3523481026,6291456,1048576,5,region6_2231479909
2023-03-19 07:19,3523871566,0,128,2,region6_2231479902
2023-03-19 07:19,3520704535,0,709149,2,region6_2231479907
2023-03-19 07:19,3523683462,0,132032,2,region6_2231479902
2023-03-19 07:19,3522758601,2097152,1048576,5,region6_2231479909
2023-03-19 07:19,3523738887,836,1616,2,region6_2231479902
2023-03-19 07:19,3523481026,7340032,1048576,5,region6_2231479909
2023-03-19 07:19,3523683462,0,132032,2,region6_2231479902
2023-03-19 07:19,3523779362,7239424,48,2,region6_2231479902
2023-03-19 07:19,3523885351,0,8481568,5,region6_2231479909
2023-03-19 07:19,3521596022,0,5250144,2,region6_2231479905
2023-03-19 07:19,3523301581,2969568,48,2,region6_2231479902
2023-03-19 07:19,3522239600,14699978,317,2,region6_2231479911
2023-03-19 07:19,3523681966,0,8388608,2,region6_2231479907
2023-03-19 07:19,3523558101,761033,546528,2,region6_2231479905
2023-03-19 07:19,3523738919,0,8388608,2,region6_2231479902
2023-03-19 07:19,3523783768,8436512,45056,2,region6_2231479902
2023-03-19 07:19,3522161544,7464023,755334,2,region6_2231479907
2023-03-19 07:19,3522161544,0,5639531,2,region6_2231479907
2023-03-19 07:19,3522161544,8299391,89217,2,region6_2231479907
2023-03-19 07:19,3523481026,8388608,92960,5,region6_2231479909
2023-03-19 07:19,3523730625,0,176,2,region6_2231479902
2023-03-19 07:19,3523817943,0,8377016,3,region6_2231479905
2023-03-19 07:19,3521906220,0,63604,2,region6_2231479916
2023-03-19 07:19,3523377133,353,512,2,region6_2231479902
2023-03-19 07:19,3521906220,0,63604,2,region6_2231479916
2023-03-19 07:19,3520776471,5994031,2394577,2,region6_2231479905
2023-03-19 07:19,3522076836,0,243188,2,region6_2231479902
2023-03-19 07:19,3523681506,0,8388608,4,region6_2231479911
2023-03-19 07:19,3522839628,0,4412976,2,region6_2231479907
2023-03-19 07:19,3521434093,0,176,2,region6_2231479902
2023-03-19 07:19,3523001045,0,706,2,region6_2231479914
2023-03-19 07:19,3520864571,5192358,1048576,2,region6_2231479905
2023-03-19 07:19,3520864571,5192358,1048576,2,region6_2231479905
2023-03-19 07:19,3524045010,0,13228,2,region6_2231479902
2023-03-19 07:19,3523423416,0,8388608,2,region6_2231479902
2023-03-19 07:19,3523494166,5760756,31488,2,region6_2231479902
2023-03-19 07:19,3522910897,850532,4036509,2,region6_2231479903
2023-03-19 07:19,3520864571,5192358,1048576,2,region6_2231479905
2023-03-19 07:19,3523400715,0,1048576,5,region6_2231479909
2023-03-19 07:19,3523451551,0,8481568,5,region6_2231479909
2023-03-19 07:19,3523592505,0,820,2,region6_2231479902
2023-03-19 07:19,3523722863,0,8388608,2,region6_2231479907
2023-03-19 07:19,3523914822,0,61757,4,region6_2231479919
2023-03-19 07:19,3520864571,5192358,1048576,2,region6_2231479905
2023-03-19 07:19,3521906220,0,63604,2,region6_2231479916
2023-03-19 07:19,3523876722,7542664,845944,2,region6_2231479905
2023-03-19 07:19,3521005971,0,176,2,region6_2231479902
2023-03-19 07:19,3523717908,6185754,2120390,2,region6_2231479903
2023-03-19 07:19,3523717908,0,567363,2,region6_2231479903
2023-03-19 07:19,3521906220,0,63604,2,region6_2231479916
2023-03-19 07:19,3523426504,0,6990635,4,region6_2231479913
2023-03-19 07:19,3522702324,0,51008,2,region6_2231479902
2023-03-19 07:19,3523857188,0,6292703,5,region6_2231479909
2023-03-19 07:19,3522684762,5968844,1291713,2,region6_2231479905
2023-03-19 07:19,3523400715,2097152,1048576,5,region6_2231479909
2023-03-19 07:19,3523400715,1048576,1048576,5,region6_2231479909
2023-03-19 07:19,3521138054,0,20864,2,region6_2231479902
2023-03-19 07:19,3523425438,6887459,1501149,2,region6_2231479903
2023-03-19 07:19,3523425438,2389207,2458728,2,region6_2231479903
2023-03-19 07:19,3521906220,0,63604,2,region6_2231479916
2023-03-19 07:19,3521829579,0,176,2,region6_2231479902
2023-03-19 07:19,3524049218,0,8388608,2,region6_2231479907
2023-03-19 07:19,3523245335,0,4699027,1,region6_2231479910
2023-03-19 07:19,3523629461,0,8388608,2,region6_2231479907
2023-03-19 07:19,3523484763,7340032,1048576,5,region6_2231479909
2023-03-19 07:19,3522150528,7312197,1076411,2,region6_2231479907
2023-03-19 07:19,3523633726,241864,1261648,2,region6_2231479907
2023-03-19 07:19,3523631376,0,1949360,2,region6_2231479902
2023-03-19 07:19,3523633726,3640200,4748408,2,region6_2231479907
2023-03-19 07:19,3523778072,0,1017,5,region6_2231479909
2023-03-19 07:19,3523631376,1810096,6671472,2,region6_2231479902
2023-03-19 07:19,3522684762,5968956,346215,2,region6_2231479905
2023-03-19 07:19,3522684762,0,454684,2,region6_2231479905
2023-03-19 07:19,3520767940,2961478,157543,2,region6_2231479905
2023-03-19 07:19,3522978292,473662,8880,2,region6_2231479916
2023-03-19 07:19,3522978292,482542,16384,2,region6_2231479916
2023-03-19 07:19,3524127055,0,8388608,4,region6_2231479911
2023-03-19 07:19,3523569344,0,8372168,3,region6_2231479910
2023-03-19 07:19,3522150528,6233925,862991,2,region6_2231479907
2023-03-19 07:19,3522150528,2410158,528491,2,region6_2231479907
2023-03-19 07:19,3522150528,0,760204,2,region6_2231479907
2023-03-19 07:19,3523548432,0,1092128,2,region6_2231479903
2023-03-19 07:19,3523548432,2878020,1803565,2,region6_2231479903
2023-03-19 07:19,3521496366,0,27,2,region6_2231479905
2023-03-19 07:19,3521294753,0,8388608,2,region6_2231479906
2023-03-19 07:19,3524169472,0,2061627,2,region6_2231479903
2023-03-19 07:19,3524169472,6676088,544070,2,region6_2231479903
2023-03-19 07:20,3523986221,0,8388608,4,region6_2231479905
2023-03-19 07:20,3522247753,4013043,1048576,2,region6_2231479905
2023-03-19 07:20,3522247753,4013043,1048576,2,region6_2231479905
2023-03-19 07:20,3524170280,5171520,613888,2,region6_2231479902
2023-03-19 07:20,3523400715,2097152,1048576,5,region6_2231479909
2023-03-19 07:20,3523784923,6089584,2391984,2,region6_2231479902
2023-03-19 07:20,3523784923,0,6151600,2,region6_2231479902
2023-03-19 07:20,3523912284,916158,86656,2,region6_2231479902
2023-03-19 07:20,3523601248,0,256,2,region6_2231479902
2023-03-19 07:20,3520934002,18556,8369430,1,region6_2231479905
2023-03-19 07:20,3520934002,0,18556,1,region6_2231479905
2023-03-19 07:20,3523703385,0,8481568,5,region6_2231479909
2023-03-19 07:20,3523625080,0,10231469,6,region6_2231479912
2023-03-19 07:20,3523757803,2213317,444195,2,region6_2231479903
2023-03-19 07:20,3523669814,6890976,103232,2,region6_2231479902
2023-03-19 07:20,3523306762,0,12506,2,region6_2231479902
2023-03-19 07:20,3521570470,696531,632378,2,region6_2231479905
2023-03-19 07:20,3523400715,3145728,225300,5,region6_2231479909
2023-03-19 07:20,3523798763,0,5596280,5,region6_2231479909
2023-03-19 07:20,3520804093,3146803,137826,2,region6_2231479905
2023-03-19 07:20,3523560813,0,4035168,2,region6_2231479904
2023-03-19 07:20,3521338852,0,1205394,2,region6_2231479905
2023-03-19 07:20,3523817994,498336,48,2,region6_2231479902
2023-03-19 07:20,3524074724,0,7028,2,region6_2231479902
2023-03-19 07:20,3523655440,0,8344323,3,region6_2231479910
2023-03-19 07:20,3520776471,7121853,6094,2,region6_2231479905
2023-03-19 07:20,3520776471,7121853,6094,2,region6_2231479905
2023-03-19 07:20,3523560813,4035216,4446352,2,region6_2231479904
2023-03-19 07:20,3523560813,4035168,4446400,2,region6_2231479904
2023-03-19 07:20,3523083409,0,32602,2,region6_2231479902
2023-03-19 07:20,3523484763,7340032,1048576,5,region6_2231479909
2023-03-19 07:20,3521314114,7368061,2097152,1,region6_2231479911
2023-03-19 07:20,3521314114,3173757,2097152,1,region6_2231479911
2023-03-19 07:20,3521314114,1076605,2097152,1,region6_2231479911
2023-03-19 07:20,3521314114,9465213,2097152,1,region6_2231479911
2023-03-19 07:20,3521314114,5270909,2097152,1,region6_2231479911
2023-03-19 07:20,3521314114,0,1076605,1,region6_2231479911
2023-03-19 07:20,3523083409,0,32602,2,region6_2231479902
2023-03-19 07:20,3521969627,0,939500,2,region6_2231479907
2023-03-19 07:20,3522503521,8192774,6622598,2,region6_2231479905
2023-03-19 07:20,3522503521,0,8192774,2,region6_2231479905
2023-03-19 07:20,3521314114,19950973,2097152,1,region6_2231479911
2023-03-19 07:20,3521314114,15756669,2097152,1,region6_2231479911
2023-03-19 07:20,3521314114,13659517,2097152,1,region6_2231479911
2023-03-19 07:20,3521314114,11562365,2097152,1,region6_2231479911
2023-03-19 07:20,3521314114,22048125,2041094,1,region6_2231479911
2023-03-19 07:20,3521314114,17853821,2097152,1,region6_2231479911
2023-03-19 07:20,3523587106,0,845312,2,region6_2231479904
2023-03-19 07:20,3523755133,0,961952,2,region6_2231479902
2023-03-19 07:20,3523794674,1827200,48,2,region6_2231479902
2023-03-19 07:20,3524168941,0,6996234,2,region6_2231479906
2023-03-19 07:20,3521209525,0,1594482,2,region6_2231479906
2023-03-19 07:20,3523800830,0,1472,2,region6_2231479902
2023-03-19 07:20,3520776471,6018439,1109508,2,region6_2231479905
2023-03-19 07:20,3523587106,845360,7636208,2,region6_2231479904
2023-03-19 07:20,3523587106,845312,7636256,2,region6_2231479904
2023-03-19 07:20,3523648141,1049381,26061,2,region6_2231479905
2023-03-19 07:20,3523648141,2420192,65928,2,region6_2231479905
2023-03-19 07:20,3523648141,4506909,92602,2,region6_2231479905
2023-03-19 07:20,3523623255,0,663858,2,region6_2231479903
2023-03-19 07:20,3523928826,1872224,48,2,region6_2231479902
2023-03-19 07:20,3521005971,0,176,2,region6_2231479902
2023-03-19 07:20,3523844666,0,8481568,2,region6_2231479904
2023-03-19 07:20,3522373585,0,3303,2,region6_2231479902
2023-03-19 07:20,3523640866,0,6415308,3,region6_2231479910
2023-03-19 07:20,3523722193,0,8388608,5,region6_2231479909
2023-03-19 07:20,3523874558,0,7956451,1,region6_2231479910
2023-03-19 07:20,3522978292,482542,16384,2,region6_2231479916
2023-03-19 07:20,3522978292,473662,8880,2,region6_2231479916
2023-03-19 07:20,3524144330,0,8481568,5,region6_2231479909
2023-03-19 07:20,3523691011,14934757,48,2,region6_2231479902
2023-03-19 07:20,3523150634,0,8049368,2,region6_2231479903
2023-03-19 07:20,3523297587,6275691,196357,2,region6_2231479916
2023-03-19 07:20,3522298700,1447715,12869,2,region6_2231479916
2023-03-19 07:20,3522298700,84,14084,2,region6_2231479916
2023-03-19 07:20,3520776471,6342427,785520,2,region6_2231479905
2023-03-19 07:20,3520794225,0,152982,2,region6_2231479902
2023-03-19 07:20,3523775199,0,158790,2,region6_2231479902
2023-03-19 07:20,3524119809,0,8388608,4,region6_2231479911
2023-03-19 07:20,3524157061,0,128,2,region6_2231479902
2023-03-19 07:20,3523775199,158790,1001332,2,region6_2231479902
2023-03-19 07:20,3521005971,0,176,2,region6_2231479902
2023-03-19 07:20,3520776471,5994031,1133916,2,region6_2231479905
2023-03-19 07:20,3524056497,0,8481568,2,region6_2231479904
2023-03-19 07:20,3524056497,0,5536384,2,region6_2231479904
2023-03-19 07:20,3523533993,0,176,2,region6_2231479902
2023-03-19 07:20,3523890261,0,764796,1,region6_2231479910
2023-03-19 07:20,3523893895,2009152,119104,2,region6_2231479902
2023-03-19 07:20,3522684762,5968956,346215,2,region6_2231479905
2023-03-19 07:20,3523806054,0,8481568,5,region6_2231479909
2023-03-19 07:20,3522684762,5968956,346215,2,region6_2231479905
2023-03-19 07:20,3523484763,7340032,1048576,5,region6_2231479909
2023-03-19 07:20,3523902325,0,1048576,5,region6_2231479909
2023-03-19 07:20,3524332786,0,6897875,4,region6_2231479911
2023-03-19 07:20,3522385964,0,49933,2,region6_2231479902
2023-03-19 07:20,3523807695,0,8388608,2,region6_2231479907
2023-03-19 07:20,3523978467,0,8217356,2,region6_2231479906
2023-03-19 07:20,3524343527,0,7002805,4,region6_2231479913
2023-03-19 07:20,3523890261,764796,7174837,1,region6_2231479910
2023-03-19 07:20,3523902325,1048576,1048576,5,region6_2231479909
2023-03-19 07:20,3523902325,2097152,1048576,5,region6_2231479909
2023-03-19 07:20,3524135987,0,3255712,2,region6_2231479902
2023-03-19 07:20,3523620566,0,47,3,region6_2231479910
2023-03-19 07:20,3523827735,0,4940672,2,region6_2231479904
2023-03-19 07:20,3524086540,4978480,3503088,2,region6_2231479904
2023-03-19 07:20,3524086540,0,5459824,2,region6_2231479904
2023-03-19 07:20,3523827735,4940672,3540896,2,region6_2231479904
2023-03-19 07:20,3523827735,4940720,3540848,2,region6_2231479904
2023-03-19 07:20,3523980478,7816860,571748,2,region6_2231479907
2023-03-19 07:20,3523980478,1027133,1807080,2,region6_2231479907
2023-03-19 07:20,3523573312,0,7550472,3,region6_2231479910
2023-03-19 07:20,3524125220,0,176,2,region6_2231479902
2023-03-19 07:20,3520893659,893856,1802112,2,region6_2231479902
2023-03-19 07:20,3524398166,0,6979845,5,region6_2231479909
2023-03-19 07:20,3522766624,84,14416,2,region6_2231479916
2023-03-19 07:20,3522766624,1446529,12590,2,region6_2231479916
2023-03-19 07:20,3523877985,0,3115498,3,region6_2231479910
2023-03-19 07:20,3524200463,1048576,1048576,5,region6_2231479909
2023-03-19 07:20,3524200463,0,1048576,5,region6_2231479909
2023-03-19 07:20,3524316842,0,8388608,2,region6_2231479907
2023-03-19 07:20,3524237499,0,3003875,3,region6_2231479910
2023-03-19 07:20,3522332633,0,128,2,region6_2231479902
2023-03-19 07:20,3523989625,7841280,380800,2,region6_2231479902
2023-03-19 07:20,3524161796,0,1048576,5,region6_2231479909
2023-03-19 07:20,3523731373,7189194,1199414,2,region6_2231479907
2023-03-19 07:20,3523731373,1024210,1562504,2,region6_2231479907
2023-03-19 07:20,3523840415,0,8388608,2,region6_2231479907
2023-03-19 07:20,3524076436,0,7934522,2,region6_2231479902
2023-03-19 07:20,3523741627,0,8388608,5,region6_2231479909
2023-03-19 07:20,3520790584,0,128,2,region6_2231479902
2023-03-19 07:20,3524435985,6238426,983730,2,region6_2231479902
2023-03-19 07:20,3524435985,5057950,1180476,2,region6_2231479902
2023-03-19 07:20,3524462886,530048,50688,2,region6_2231479902
2023-03-19 07:20,3520776471,6004103,256,2,region6_2231479905
2023-03-19 07:20,3524129000,0,4488103,2,region6_2231479907
2023-03-19 07:20,3524147547,467,7258,2,region6_2231479902
2023-03-19 07:20,3524161796,1048576,1048576,5,region6_2231479909
2023-03-19 07:20,3524434907,2008896,6472672,2,region6_2231479902
2023-03-19 07:20,3523902325,2097152,1048576,5,region6_2231479909
2023-03-19 07:20,3524275779,0,8388608,2,region6_2231479902
2023-03-19 07:20,3524301723,0,1822919,2,region6_2231479911
2023-03-19 07:20,3523964214,0,5707696,2,region6_2231479904
2023-03-19 07:20,3523964214,0,8481568,2,region6_2231479904
2023-03-19 07:20,3524044270,2562082,4914545,2,region6_2231479907
2023-03-19 07:20,3523933466,0,9967616,5,region6_2231479909
2023-03-19 07:20,3524211596,0,6478720,2,region6_2231479904
2023-03-19 07:20,3523750763,0,8388608,4,region6_2231479914
2023-03-19 07:20,3522750415,0,8388608,2,region6_2231479903
2023-03-19 07:20,3523887762,0,8388608,2,region6_2231479906
2023-03-19 07:20,3524058629,0,15424,5,region6_2231479912
2023-03-19 07:20,3524161796,2097152,1048576,5,region6_2231479909
2023-03-19 07:20,3521770266,0,1409321,2,region6_2231479905
2023-03-19 07:20,3524211596,7736560,745008,2,region6_2231479904
2023-03-19 07:20,3524211596,6486144,1995424,2,region6_2231479904
2023-03-19 07:20,3524211596,0,6486144,2,region6_2231479904
2023-03-19 07:20,3521212000,5069092,3319516,2,region6_2231479905
2023-03-19 07:20,3523902325,3145728,1048576,5,region6_2231479909
2023-03-19 07:20,3524069716,0,8481568,5,region6_2231479909
2023-03-19 07:20,3521770266,9797929,5090528,2,region6_2231479905
2023-03-19 07:20,3521770266,1409321,8388608,2,region6_2231479905
2023-03-19 07:20,3524496054,332556,242486,2,region6_2231479916
2023-03-19 07:20,3521233271,0,935458,2,region6_2231479907
2023-03-19 07:20,3521740651,0,176,2,region6_2231479902
2023-03-19 07:20,3524002948,0,6420435,3,region6_2231479910
2023-03-19 07:20,3522788307,0,1898529,2,region6_2231479905
2023-03-19 07:20,3522788307,1169775,1048576,2,region6_2231479905
2023-03-19 07:20,3521300696,0,522261,2,region6_2231479916
2023-03-19 07:20,3524161796,3145728,1048576,5,region6_2231479909
2023-03-19 07:20,3523319130,0,48333,2,region6_2231479902
2023-03-19 07:20,3521303638,2151485,6237123,2,region6_2231479907
2023-03-19 07:20,3521303638,0,649540,2,region6_2231479907
2023-03-19 07:20,3523902325,4194304,1048576,5,region6_2231479909
2023-03-19 07:20,3522865585,1349509,2794966,2,region6_2231479903
2023-03-19 07:20,3524259223,0,8481568,6,region6_2231479912
2023-03-19 07:20,3523703226,0,522464,2,region6_2231479907
2023-03-19 07:20,3523703226,613416,217583,2,region6_2231479907
2023-03-19 07:20,3522788307,1169775,1048576,2,region6_2231479905
2023-03-19 07:20,3523461782,0,8481568,6,region6_2231479912
2023-03-19 07:20,3524496054,0,332556,2,region6_2231479916
2023-03-19 07:21,3524300426,102880,139840,2,region6_2231479902
2023-03-19 07:21,3520690967,0,176,2,region6_2231479902
2023-03-19 07:21,3522315032,0,4237,2,region6_2231479902
2023-03-19 07:21,3523789138,0,15309,2,region6_2231479902
2023-03-19 07:21,3524161796,4194304,1048576,5,region6_2231479909
2023-03-19 07:21,3521262160,0,2229276,2,region6_2231479903
2023-03-19 07:21,3522063745,0,176,2,region6_2231479902
2023-03-19 07:21,3524055071,0,8388608,4,region6_2231479918
2023-03-19 07:21,3524172953,0,4616237,2,region6_2231479902
2023-03-19 07:21,3524614093,0,3838784,2,region6_2231479904
2023-03-19 07:21,3523807899,5547888,524656,2,region6_2231479902
2023-03-19 07:21,3523902325,5242880,1048576,5,region6_2231479909
2023-03-19 07:21,3524404108,7644820,743788,2,region6_2231479907
2023-03-19 07:21,3524614093,0,8481568,2,region6_2231479904
2023-03-19 07:21,3522978292,473662,8880,2,region6_2231479916
2023-03-19 07:21,3524046727,0,6957920,2,region6_2231479904
2023-03-19 07:21,3524161796,5242880,1048576,5,region6_2231479909
2023-03-19 07:21,3524161796,6291456,1048576,5,region6_2231479909
2023-03-19 07:21,3524338391,0,8287149,3,region6_2231479910
2023-03-19 07:21,3524366720,0,1778428,1,region6_2231479910
2023-03-19 07:21,3522788307,1169775,1048576,2,region6_2231479905
2023-03-19 07:21,3523902325,6291456,1048576,5,region6_2231479909
2023-03-19 07:21,3524014657,0,172064,6,region6_2231479912
2023-03-19 07:21,3521906220,0,63604,2,region6_2231479916
2023-03-19 07:21,3524148739,5095264,3386304,2,region6_2231479902
2023-03-19 07:21,3524148739,5095264,3386304,2,region6_2231479902
2023-03-19 07:21,3524719674,0,5447984,4,region6_2231479923
2023-03-19 07:21,3522073095,0,176,2,region6_2231479902
2023-03-19 07:21,3522788307,0,1898529,2,region6_2231479905
2023-03-19 07:21,3523859054,0,4737432,2,region6_2231479907
2023-03-19 07:21,3524670293,7287904,27456,2,region6_2231479902
2023-03-19 07:21,3524644247,0,4736,2,region6_2231479902
2023-03-19 07:21,3524729095,0,8388608,5,region6_2231479909
2023-03-19 07:21,3523902325,7340032,1048576,5,region6_2231479909
2023-03-19 07:21,3523977086,0,4541216,2,region6_2231479907
2023-03-19 07:21,3523807899,6072544,590238,2,region6_2231479902
2023-03-19 07:21,3523935110,5470016,103168,2,region6_2231479907
2023-03-19 07:21,3523935110,6952288,125152,2,region6_2231479907
2023-03-19 07:21,3523935110,1878917,1338766,2,region6_2231479907
2023-03-19 07:21,3523935110,0,10601,2,region6_2231479907
2023-03-19 07:21,3521559365,0,2452299,2,region6_2231479905
2023-03-19 07:21,3524195858,268588,4221182,2,region6_2231479907
2023-03-19 07:21,3524239819,0,25165824,3,region6_2231479911
2023-03-19 07:21,3524326043,5059616,48,2,region6_2231479902
2023-03-19 07:21,3523807899,6662782,96620,2,region6_2231479902
2023-03-19 07:21,3522978292,482542,16384,2,region6_2231479916
2023-03-19 07:21,3522332633,0,128,2,region6_2231479902
2023-03-19 07:21,3521334067,5396244,285411,2,region6_2231479916
2023-03-19 07:21,3521334067,5681655,16384,2,region6_2231479916
2023-03-19 07:21,3524779191,0,1806978,2,region6_2231479907
2023-03-19 07:21,3523902325,8388608,92960,5,region6_2231479909
2023-03-19 07:21,3522007641,0,7128271,2,region6_2231479907
2023-03-19 07:21,3524719674,0,5447984,2,region6_2231479920
2023-03-19 07:21,3524366720,1778428,6165573,1,region6_2231479910
2023-03-19 07:21,3524479946,0,5169294,2,region6_2231479907
2023-03-19 07:21,3524044103,0,1624212,5,region6_2231479912
2023-03-19 07:21,3520767940,2948537,1488533,2,region6_2231479911
2023-03-19 07:21,3524477878,5372384,58240,2,region6_2231479902
2023-03-19 07:21,3523904514,1733760,48,2,region6_2231479902
2023-03-19 07:21,3521418887,8041709,346899,2,region6_2231479907
2023-03-19 07:21,3524135158,2470927,209380,2,region6_2231479907
2023-03-19 07:21,3524135158,761810,175433,2,region6_2231479907
2023-03-19 07:21,3524532389,0,8388608,2,region6_2231479906
2023-03-19 07:21,3524139958,0,8388608,4,region6_2231479911
2023-03-19 07:21,3524161796,6291456,1048576,5,region6_2231479909
2023-03-19 07:21,3524161796,7340032,1048576,5,region6_2231479909
2023-03-19 07:21,3524269811,0,25165824,3,region6_2231479911
2023-03-19 07:21,3524395238,0,5246567,5,region6_2231479909
2023-03-19 07:21,3524612989,7091087,1297521,2,region6_2231479907
2023-03-19 07:21,3524612989,1048528,1621805,2,region6_2231479907
2023-03-19 07:21,3521585082,0,11360,2,region6_2231479902
2023-03-19 07:21,3524059894,0,11595424,6,region6_2231479912
2023-03-19 07:21,3524338493,5367600,231087,2,region6_2231479907
2023-03-19 07:21,3524338493,1541605,541866,2,region6_2231479907
2023-03-19 07:21,3524344471,1704512,71168,2,region6_2231479902
2023-03-19 07:21,3522649232,0,1218024,2,region6_2231479911
2023-03-19 07:21,3523956013,0,128,2,region6_2231479902
2023-03-19 07:21,3524068759,3598192,327910,2,region6_2231479902
2023-03-19 07:21,3524504967,0,3268583,3,region6_2231479910
2023-03-19 07:21,3524755731,0,1048576,5,region6_2231479909
2023-03-19 07:21,3522874135,0,10036,2,region6_2231479902
2023-03-19 07:21,3524347156,0,8194516,5,region6_2231479912
2023-03-19 07:21,3524466173,0,3994126,2,region6_2231479907
2023-03-19 07:21,3524101749,7387168,56512,2,region6_2231479902
2023-03-19 07:21,3524520257,0,8481568,5,region6_2231479912
2023-03-19 07:21,3524755731,1048576,1048576,5,region6_2231479909
2023-03-19 07:21,3521123466,0,6041856,2,region6_2231479902
2023-03-19 07:21,3524380635,0,8388608,2,region6_2231479902
2023-03-19 07:21,3524187629,0,8388608,5,region6_2231479909
2023-03-19 07:21,3524409255,0,8388608,2,region6_2231479902
2023-03-19 07:21,3524755731,2097152,1048576,5,region6_2231479909
2023-03-19 07:21,3524884965,0,6815669,3,region6_2231479910
2023-03-19 07:21,3520776471,6342427,785520,2,region6_2231479905
2023-03-19 07:21,3524768240,0,7167095,3,region6_2231479910
2023-03-19 07:21,3522316495,119750,1655187,2,region6_2231479905
2023-03-19 07:21,3524755731,3145728,1048576,5,region6_2231479909
2023-03-19 07:21,3524138859,0,8388608,2,region6_2231479906
2023-03-19 07:21,3524190816,0,5246567,2,region6_2231479902
2023-03-19 07:21,3524207521,0,8388608,4,region6_2231479911
2023-03-19 07:21,3523536907,0,8388608,2,region6_2231479917
2023-03-19 07:21,3524669355,0,8388608,5,region6_2231479909
2023-03-19 07:21,3520864571,0,6240936,2,region6_2231479906
2023-03-19 07:21,3524049113,0,8374321,1,region6_2231479910
2023-03-19 07:21,3524723841,0,18070,2,region6_2231479902
2023-03-19 07:21,3524759924,0,1019824,2,region6_2231479907
2023-03-19 07:21,3521906220,0,63604,2,region6_2231479916
2023-03-19 07:21,3524514004,0,7023113,4,region6_2231479913
2023-03-19 07:21,3524755731,4194304,1048576,5,region6_2231479909
2023-03-19 07:21,3523056685,0,27,2,region6_2231479905
2023-03-19 07:21,3524202174,0,2765,2,region6_2231479906
2023-03-19 07:21,3524465084,6635589,1091632,2,region6_2231479907
2023-03-19 07:21,3524862880,663063,1535592,2,region6_2231479903
2023-03-19 07:21,3524862880,0,37119,2,region6_2231479903
2023-03-19 07:21,3524862880,663063,1535592,2,region6_2231479903
2023-03-19 07:21,3524755731,5242880,3687,5,region6_2231479909
2023-03-19 07:21,3521906220,0,63604,2,region6_2231479916
2023-03-19 07:21,3524163581,0,22247,2,region6_2231479902
2023-03-19 07:21,3524455041,0,7382234,2,region6_2231479902
2023-03-19 07:21,3522285830,1124429,241437,2,region6_2231479905
2023-03-19 07:21,3524953560,0,8388608,5,region6_2231479909
2023-03-19 07:21,3524163581,0,22247,2,region6_2231479902
2023-03-19 07:21,3523192578,0,12730,2,region6_2231479902
2023-03-19 07:21,3520959417,7690592,698016,2,region6_2231479903
2023-03-19 07:21,3520959417,2669797,84212,2,region6_2231479903
2023-03-19 07:21,3520959417,4311174,715740,2,region6_2231479903
2023-03-19 07:21,3520959417,0,908384,2,region6_2231479903
2023-03-19 07:21,3521134041,0,8388608,4,region6_2231479918
2023-03-19 07:21,3521018864,4134618,215717,2,region6_2231479907
2023-03-19 07:21,3521018864,1929428,735135,2,region6_2231479907
2023-03-19 07:21,3524246768,0,2262829,2,region6_2231479911
2023-03-19 07:21,3524307549,0,234548,2,region6_2231479902
2023-03-19 07:21,3521411945,2620749,91898,2,region6_2231479905
2023-03-19 07:21,3521411945,0,1450648,2,region6_2231479905
2023-03-19 07:21,3521906220,0,63604,2,region6_2231479916
2023-03-19 07:21,3524163581,0,22247,2,region6_2231479902
2023-03-19 07:21,3524191257,0,13197,2,region6_2231479902
2023-03-19 07:21,3522883172,0,27,2,region6_2231479905
2023-03-19 07:21,3524227856,0,6452154,5,region6_2231479912
2023-03-19 07:21,3524413582,7272286,404230,2,region6_2231479907
2023-03-19 07:21,3524413582,0,439855,2,region6_2231479907
2023-03-19 07:21,3524413582,2277305,3037952,2,region6_2231479907
2023-03-19 07:21,3523484673,0,3575963,2,region6_2231479907
2023-03-19 07:21,3523108641,0,2427287,2,region6_2231479905
2023-03-19 07:21,3524161796,7340032,1048576,5,region6_2231479909
2023-03-19 07:21,3524425830,1590768,6890800,2,region6_2231479904
2023-03-19 07:21,3524425830,0,2069424,2,region6_2231479904
2023-03-19 07:21,3524690408,0,176,2,region6_2231479902
2023-03-19 07:21,3524995696,4194304,4194304,2,region6_2231479906
2023-03-19 07:21,3524995696,0,4194304,2,region6_2231479906
2023-03-19 07:21,3524186488,0,1321889,3,region6_2231479910
2023-03-19 07:21,3524794404,75405,1836327,2,region6_2231479903
2023-03-19 07:21,3524664248,0,4570543,2,region6_2231479907
2023-03-19 07:21,3524771804,0,44374,2,region6_2231479902
2023-03-19 07:21,3524794404,75405,1836327,2,region6_2231479903
2023-03-19 07:21,3522366923,0,176,2,region6_2231479902
2023-03-19 07:21,3521482772,0,1030692,2,region6_2231479902
2023-03-19 07:21,3524200463,1048576,1048576,5,region6_2231479909
2023-03-19 07:21,3521482772,1321252,1310720,2,region6_2231479902
2023-03-19 07:21,3521482772,2631972,279248,2,region6_2231479902
2023-03-19 07:21,3521482772,10532,1310720,2,region6_2231479902
2023-03-19 07:21,3524771804,44374,131164,2,region6_2231479902
2023-03-19 07:21,3525020214,0,8388608,2,region6_2231479903
2023-03-19 07:21,3520887245,0,7817557,2,region6_2231479903
2023-03-19 07:21,3524349528,0,512,2,region6_2231479902
2023-03-19 07:21,3524121988,2010211,139816,2,region6_2231479911
2023-03-19 07:21,3524121988,3226296,667217,2,region6_2231479911
2023-03-19 07:21,3524121988,5240879,1467067,2,region6_2231479911
2023-03-19 07:21,3520864571,5192358,1048576,2,region6_2231479905
2023-03-19 07:21,3524349528,0,512,2,region6_2231479902
2023-03-19 07:21,3524771804,175538,131164,2,region6_2231479902
2023-03-19 07:21,3520864571,5192358,1048576,2,region6_2231479905
2023-03-19 07:21,3524207590,0,8388608,5,region6_2231479909
2023-03-19 07:21,3524349528,0,512,2,region6_2231479902
2023-03-19 07:21,3524771804,306702,131164,2,region6_2231479902
2023-03-19 07:21,3520864571,5192358,1048576,2,region6_2231479905
2023-03-19 07:21,3520771911,0,4178834,2,region6_2231479907
2023-03-19 07:21,3524543544,0,8388608,2,region6_2231479907
2023-03-19 07:21,3524771804,437866,65582,2,region6_2231479902
2023-03-19 07:22,3520995376,7539329,849279,2,region6_2231479905
2023-03-19 07:22,3524771804,503448,131164,2,region6_2231479902
2023-03-19 07:22,3524929147,5393574,393492,2,region6_2231479902
2023-03-19 07:22,3522877611,0,2097152,1,region6_2231479911
2023-03-19 07:22,3524603779,0,8388608,4,region6_2231479905
2023-03-19 07:22,3524808260,0,2969674,2,region6_2231479905
2023-03-19 07:22,3522877611,4194304,2097152,1,region6_2231479911
2023-03-19 07:22,3522877611,14680064,2097152,1,region6_2231479911
2023-03-19 07:22,3522877611,12582912,2097152,1,region6_2231479911
2023-03-19 07:22,3522877611,10485760,2097152,1,region6_2231479911
2023-03-19 07:22,3522877611,16777216,2097152,1,region6_2231479911
2023-03-19 07:22,3522877611,8388608,2097152,1,region6_2231479911
2023-03-19 07:22,3522877611,6291456,2097152,1,region6_2231479911
2023-03-19 07:22,3522877611,2097152,2097152,1,region6_2231479911
2023-03-19 07:22,3522877611,23068672,2097152,1,region6_2231479911
2023-03-19 07:22,3522877611,20971520,2097152,1,region6_2231479911
2023-03-19 07:22,3522877611,18874368,2097152,1,region6_2231479911
2023-03-19 07:22,3524458505,0,8388608,2,region6_2231479906
2023-03-19 07:22,3524560528,0,856578,2,region6_2231479905
2023-03-19 07:22,3521381443,0,7781615,2,region6_2231479907
2023-03-19 07:22,3524290032,0,8388608,2,region6_2231479902
2023-03-19 07:22,3524625648,0,8388608,4,region6_2231479918
2023-03-19 07:22,3522869701,0,52122,2,region6_2231479902
2023-03-19 07:22,3524643299,0,8388608,4,region6_2231479927
2023-03-19 07:22,3520864571,5192358,1048576,2,region6_2231479905
2023-03-19 07:22,3520758291,1339293,6872,2,region6_2231479905
2023-03-19 07:22,3524380626,0,8363569,3,region6_2231479910
2023-03-19 07:22,3524523433,0,6666783,4,region6_2231479923
2023-03-19 07:22,3525127242,0,2691565,2,region6_2231479905
2023-03-19 07:22,3524596849,0,1143854,2,region6_2231479905
2023-03-19 07:22,3521411945,427870,222896,2,region6_2231479905
2023-03-19 07:22,3522970824,7777458,611150,2,region6_2231479911
2023-03-19 07:22,3522970824,0,2040040,2,region6_2231479911
2023-03-19 07:22,3525127242,2691565,5697043,2,region6_2231479905
2023-03-19 07:22,3524161796,7340032,1048576,5,region6_2231479909
2023-03-19 07:22,3524596849,1143854,7244754,2,region6_2231479905
2023-03-19 07:22,3524753681,0,272794,2,region6_2231479902
2023-03-19 07:22,3525028537,0,357358,4,region6_2231479906
2023-03-19 07:22,3524373726,0,6446130,3,region6_2231479910
2023-03-19 07:22,3524467383,0,8481568,5,region6_2231479909
2023-03-19 07:22,3524522451,0,6465712,2,region6_2231479904
2023-03-19 07:22,3524524250,0,4701394,2,region6_2231479905
2023-03-19 07:22,3524524250,4701394,3687214,2,region6_2231479905
2023-03-19 07:22,3524522451,6239920,2241648,2,region6_2231479904
2023-03-19 07:22,3525059840,0,6991667,4,region6_2231479913
2023-03-19 07:22,3524587624,0,38049,2,region6_2231479902
2023-03-19 07:22,3524523433,0,6666783,2,region6_2231479920
2023-03-19 07:22,3525242535,0,8388608,2,region6_2231479911
2023-03-19 07:22,3524200463,1048576,1048576,5,region6_2231479909
2023-03-19 07:22,3525034478,0,6456510,4,region6_2231479905
2023-03-19 07:22,3521828688,0,176,2,region6_2231479902
2023-03-19 07:22,3522598139,5542176,499584,2,region6_2231479902
2023-03-19 07:22,3524365611,5009269,3379339,2,region6_2231479916
2023-03-19 07:22,3520771998,0,378988,2,region6_2231479906
2023-03-19 07:22,3524671292,0,8481568,5,region6_2231479909
2023-03-19 07:22,3524398161,0,6991194,4,region6_2231479913
2023-03-19 07:22,3524622169,5356400,3032208,2,region6_2231479907
2023-03-19 07:22,3524591524,4129252,4259356,2,region6_2231479905
2023-03-19 07:22,3524679639,0,8357183,3,region6_2231479910
2023-03-19 07:22,3524673552,0,128,2,region6_2231479902
2023-03-19 07:22,3522598139,5542176,499584,2,region6_2231479902
2023-03-19 07:22,3525017103,0,8481568,2,region6_2231479904
2023-03-19 07:22,3525017103,0,2102080,2,region6_2231479904
2023-03-19 07:22,3525236130,211383,1161694,2,region6_2231479905
2023-03-19 07:22,3524673552,0,128,2,region6_2231479902
2023-03-19 07:22,3521906220,0,63604,2,region6_2231479916
2023-03-19 07:22,3524980869,0,8388608,2,region6_2231479902
2023-03-19 07:22,3524541353,0,8481568,2,region6_2231479904
2023-03-19 07:22,3524541353,0,2389216,2,region6_2231479904
2023-03-19 07:22,3525133901,0,6621268,2,region6_2231479903
2023-03-19 07:22,3524599219,0,1993172,5,region6_2231479912
2023-03-19 07:22,3521906220,0,63604,2,region6_2231479916
2023-03-19 07:22,3523144032,85,14311,2,region6_2231479916
2023-03-19 07:22,3523144032,1504032,13509,2,region6_2231479916
2023-03-19 07:22,3522948739,0,8388608,2,region6_2231479917
2023-03-19 07:22,3524437871,4567774,1048576,2,region6_2231479905
2023-03-19 07:22,3525357567,0,8481568,2,region6_2231479904
2023-03-19 07:22,3524882636,0,8388608,4,region6_2231479906
2023-03-19 07:22,3524815127,0,3336304,2,region6_2231479907
2023-03-19 07:22,3525123077,0,575033,2,region6_2231479902
2023-03-19 07:22,3525294550,0,8481568,5,region6_2231479909
2023-03-19 07:22,3521528205,3359200,159424,2,region6_2231479902
2023-03-19 07:22,3525123077,0,865593,2,region6_2231479902
2023-03-19 07:22,3525123077,865593,256180,2,region6_2231479902
2023-03-19 07:22,3524161796,7340032,1048576,5,region6_2231479909
2023-03-19 07:22,3524936365,0,2630880,2,region6_2231479904
2023-03-19 07:22,3524936365,2630880,5850688,2,region6_2231479904
2023-03-19 07:22,3524936365,0,2252640,2,region6_2231479904
2023-03-19 07:22,3524412391,0,5672836,4,region6_2231479923
2023-03-19 07:22,3524936365,2630928,5850640,2,region6_2231479904
2023-03-19 07:22,3524588979,0,8388608,4,region6_2231479920
2023-03-19 07:22,3525167730,0,782028,2,region6_2231479907
2023-03-19 07:22,3521012015,0,11482,2,region6_2231479902
2023-03-19 07:22,3524416927,0,57728,2,region6_2231479902
2023-03-19 07:22,3520804093,4072253,183930,2,region6_2231479905
2023-03-19 07:22,3523956013,0,128,2,region6_2231479902
2023-03-19 07:22,3525445057,2752,2688,2,region6_2231479902
2023-03-19 07:22,3524799640,5599747,2403405,2,region6_2231479911
2023-03-19 07:22,3524987346,0,8388608,2,region6_2231479907
2023-03-19 07:22,3525445057,2752,2688,2,region6_2231479902
2023-03-19 07:22,3524882782,0,8481568,5,region6_2231479909
2023-03-19 07:22,3521344012,6551016,198338,2,region6_2231479916
2023-03-19 07:22,3524512819,0,12116,2,region6_2231479902
2023-03-19 07:22,3524977534,1460075,224215,2,region6_2231479903
2023-03-19 07:22,3525445057,2752,2688,2,region6_2231479902
2023-03-19 07:22,3524412391,0,5672836,2,region6_2231479920
2023-03-19 07:22,3522978292,473662,8880,2,region6_2231479916
2023-03-19 07:22,3522978292,482542,16384,2,region6_2231479916
2023-03-19 07:22,3524796398,0,7233184,2,region6_2231479904
2023-03-19 07:22,3524796398,0,8481568,2,region6_2231479904
2023-03-19 07:22,3521198156,7967662,420946,2,region6_2231479903
2023-03-19 07:22,3521198156,0,4127763,2,region6_2231479903
2023-03-19 07:22,3524526089,0,6991555,4,region6_2231479913
2023-03-19 07:22,3524673291,0,8481568,2,region6_2231479904
2023-03-19 07:22,3524131385,0,8332849,3,region6_2231479910
2023-03-19 07:22,3524577457,0,8388608,5,region6_2231479909
2023-03-19 07:22,3521411945,427870,222896,2,region6_2231479905
2023-03-19 07:22,3521759793,3799522,129916,2,region6_2231479905
2023-03-19 07:22,3524269811,0,2097152,1,region6_2231479911
2023-03-19 07:22,3524672328,0,6991773,4,region6_2231479913
2023-03-19 07:22,3524956837,0,5246567,5,region6_2231479909
2023-03-19 07:22,3525084727,0,1369036,2,region6_2231479903
2023-03-19 07:22,3525084727,0,1369036,2,region6_2231479903
2023-03-19 07:22,3525149928,2253600,214144,2,region6_2231479902
2023-03-19 07:22,3522460622,2229972,6158636,2,region6_2231479907
2023-03-19 07:22,3522365957,0,1517,2,region6_2231479902
2023-03-19 07:22,3524161796,7340032,1048576,5,region6_2231479909
2023-03-19 07:22,3521300696,0,522261,2,region6_2231479916
2023-03-19 07:22,3524666143,0,8388608,2,region6_2231479902
2023-03-19 07:22,3524712142,0,7460797,3,region6_2231479910
2023-03-19 07:22,3524805119,5852544,123200,2,region6_2231479902
2023-03-19 07:22,3524855116,3999881,1048576,2,region6_2231479905
2023-03-19 07:22,3524530288,0,8388608,2,region6_2231479907
2023-03-19 07:22,3524719553,0,8481568,2,region6_2231479904
2023-03-19 07:22,3524273465,75184,1546631,2,region6_2231479905
2023-03-19 07:22,3523154065,1375252,7013356,2,region6_2231479903
2023-03-19 07:22,3524269811,2097152,2097152,1,region6_2231479911
2023-03-19 07:22,3524667217,4226860,48,2,region6_2231479902
2023-03-19 07:22,3524780232,0,8388608,5,region6_2231479909
2023-03-19 07:22,3525485440,3117455,1048576,2,region6_2231479905
2023-03-19 07:22,3524743414,0,8481568,5,region6_2231479909
2023-03-19 07:22,3522684762,7076522,1048576,2,region6_2231479905
2023-03-19 07:22,3524874151,7652808,48,2,region6_2231479902
2023-03-19 07:22,3520767660,2775200,48,2,region6_2231479902
2023-03-19 07:22,3524095521,0,5930532,2,region6_2231479903
2023-03-19 07:22,3524644470,0,1048576,5,region6_2231479909
2023-03-19 07:22,3525059749,197198,1241460,2,region6_2231479905
2023-03-19 07:22,3525179725,0,8388608,5,region6_2231479909
2023-03-19 07:22,3520671120,0,446394,2,region6_2231479905
2023-03-19 07:22,3522978292,473662,8880,2,region6_2231479916
2023-03-19 07:22,3523807209,0,6744208,2,region6_2231479902
2023-03-19 07:22,3520671120,446394,8388608,2,region6_2231479905
2023-03-19 07:22,3522285830,1124429,241437,2,region6_2231479905
2023-03-19 07:22,3522684762,6035808,569041,2,region6_2231479905
2023-03-19 07:22,3524840658,0,4078764,2,region6_2231479906
2023-03-19 07:22,3520671120,8835002,6051977,2,region6_2231479905
2023-03-19 07:22,3523534814,256607,276110,2,region6_2231479902
2023-03-19 07:22,3523534814,0,532717,2,region6_2231479902
2023-03-19 07:22,3520685487,0,30848,2,region6_2231479902
2023-03-19 07:23,3524644470,1048576,1048576,5,region6_2231479909
2023-03-19 07:23,3520685487,0,30848,2,region6_2231479902
2023-03-19 07:23,3525526725,0,8388608,5,region6_2231479909
2023-03-19 07:23,3525530685,0,8388608,2,region6_2231479907
2023-03-19 07:23,3524830577,0,1430971,2,region6_2231479916
2023-03-19 07:23,3525207732,0,8388608,5,region6_2231479909
2023-03-19 07:23,3524800899,0,8388608,2,region6_2231479907
2023-03-19 07:23,3524830577,1430971,6957637,2,region6_2231479916
2023-03-19 07:23,3524269811,4194304,2097152,1,region6_2231479911
2023-03-19 07:23,3525219631,1538910,16384,2,region6_2231479916
2023-03-19 07:23,3520776471,7121853,6094,2,region6_2231479905
2023-03-19 07:23,3521300696,0,522261,2,region6_2231479916
2023-03-19 07:23,3522978292,482542,16384,2,region6_2231479916
2023-03-19 07:23,3522988612,0,5615668,2,region6_2231479906
2023-03-19 07:23,3525253201,0,8482388,6,region6_2231479912
2023-03-19 07:23,3525482909,0,28160,2,region6_2231479902
2023-03-19 07:23,3525606795,327043,1422946,2,region6_2231479905
2023-03-19 07:23,3524644470,2097152,1048576,5,region6_2231479909
2023-03-19 07:23,3525496810,3926287,3616594,2,region6_2231479911
2023-03-19 07:23,3521303660,0,7171038,1,region6_2231479910
2023-03-19 07:23,3524975365,0,2249009,2,region6_2231479905
2023-03-19 07:23,3525511094,3632917,4755691,2,region6_2231479907
2023-03-19 07:23,3525511094,0,287157,2,region6_2231479907
2023-03-19 07:23,3525641763,0,8376459,3,region6_2231479910
2023-03-19 07:23,3521906220,0,63604,2,region6_2231479916
2023-03-19 07:23,3525118511,0,6992290,4,region6_2231479913
2023-03-19 07:23,3522087413,0,2351739,2,region6_2231479903
2023-03-19 07:23,3522087413,5280743,531352,2,region6_2231479903
2023-03-19 07:23,3521798517,0,16250,2,region6_2231479902
2023-03-19 07:23,3524644470,3145728,1048576,5,region6_2231479909
2023-03-19 07:23,3521300696,0,522261,2,region6_2231479916
2023-03-19 07:23,3525276346,1705088,48,2,region6_2231479902
2023-03-19 07:23,3520696759,0,8388608,2,region6_2231479907
2023-03-19 07:23,3525116383,5735958,141760,2,region6_2231479902
2023-03-19 07:23,3525378410,0,5989616,2,region6_2231479904
2023-03-19 07:23,3522788307,1169775,1048576,2,region6_2231479905
2023-03-19 07:23,3525240400,2250688,78848,2,region6_2231479902
2023-03-19 07:23,3525378410,5904880,2576688,2,region6_2231479904
2023-03-19 07:23,3525489133,0,2623210,2,region6_2231479905
2023-03-19 07:23,3524644470,4194304,1048576,5,region6_2231479909
2023-03-19 07:23,3525737540,0,8378198,3,region6_2231479910
2023-03-19 07:23,3525765672,0,5048570,5,region6_2231479912
2023-03-19 07:23,3524934379,2703360,620544,2,region6_2231479902
2023-03-19 07:23,3524269811,6291456,2097152,1,region6_2231479911
2023-03-19 07:23,3525684854,7089904,45312,2,region6_2231479902
2023-03-19 07:23,3522649232,4344370,1033813,2,region6_2231479911
2023-03-19 07:23,3525013933,0,8388608,2,region6_2231479902
2023-03-19 07:23,3524644470,5242880,1048576,5,region6_2231479909
2023-03-19 07:23,3524644470,6291456,1048576,5,region6_2231479909
2023-03-19 07:23,3525130719,0,127207,6,region6_2231479912
2023-03-19 07:23,3525222898,7495970,892638,2,region6_2231479907
2023-03-19 07:23,3525222898,0,6172768,2,region6_2231479907
2023-03-19 07:23,3525306043,0,8388608,5,region6_2231479909
2023-03-19 07:23,3525577878,0,176,2,region6_2231479902
2023-03-19 07:23,3522258434,6750019,1048576,2,region6_2231479907
2023-03-19 07:23,3522258434,0,5283469,2,region6_2231479907
2023-03-19 07:23,3522258434,5595039,2203556,2,region6_2231479907
2023-03-19 07:23,3525011082,0,5168472,2,region6_2231479902
2023-03-19 07:23,3525011082,6396184,3328725,2,region6_2231479902
2023-03-19 07:23,3525219631,953877,5002,2,region6_2231479916
2023-03-19 07:23,3525356655,0,8388608,5,region6_2231479909
2023-03-19 07:23,3525526629,2340160,1048576,2,region6_2231479907
2023-03-19 07:23,3525526629,663910,2724826,2,region6_2231479907
2023-03-19 07:23,3525585431,0,6507275,3,region6_2231479910
2023-03-19 07:23,3525021320,0,8388608,2,region6_2231479902
2023-03-19 07:23,3524803622,0,50426,2,region6_2231479902
2023-03-19 07:23,3525526629,0,455380,2,region6_2231479907
2023-03-19 07:23,3522684762,5968844,1291713,2,region6_2231479905
2023-03-19 07:23,3525588250,0,128,2,region6_2231479902
2023-03-19 07:23,3525662264,0,8481568,5,region6_2231479909
2023-03-19 07:23,3523828066,3534176,1048576,2,region6_2231479907
2023-03-19 07:23,3523828066,1873627,2709125,2,region6_2231479907
2023-03-19 07:23,3520710461,7069731,1048576,2,region6_2231479905
2023-03-19 07:23,3520710461,7069731,1048576,2,region6_2231479905
2023-03-19 07:23,3520710461,0,3203411,2,region6_2231479905
2023-03-19 07:23,3525588250,0,128,2,region6_2231479902
2023-03-19 07:23,3525631310,0,14906,2,region6_2231479902
2023-03-19 07:23,3525207663,0,6478438,4,region6_2231479905
2023-03-19 07:23,3521300696,0,522261,2,region6_2231479916
2023-03-19 07:23,3522446572,0,113185,2,region6_2231479902
2023-03-19 07:23,3525096414,612896,153408,2,region6_2231479902
2023-03-19 07:23,3525582489,0,8481568,5,region6_2231479909
2023-03-19 07:23,3525863847,0,8388608,4,region6_2231479918
2023-03-19 07:23,3524898210,7502145,886463,2,region6_2231479903
2023-03-19 07:23,3524898210,3927849,1598290,2,region6_2231479903
2023-03-19 07:23,3524898210,101199,1478331,2,region6_2231479903
2023-03-19 07:23,3521664461,8193814,194794,2,region6_2231479905
2023-03-19 07:23,3525852133,0,441552,2,region6_2231479904
2023-03-19 07:23,3525872935,0,8388608,4,region6_2231479906
2023-03-19 07:23,3522328354,236187,872044,2,region6_2231479907
2023-03-19 07:23,3524269811,8388608,2097152,1,region6_2231479911
2023-03-19 07:23,3525852133,78736,8402832,2,region6_2231479904
2023-03-19 07:23,3524855116,3999881,1048576,2,region6_2231479905
2023-03-19 07:23,3524887276,0,6992498,4,region6_2231479913
2023-03-19 07:23,3525750782,7628439,760169,2,region6_2231479905
2023-03-19 07:23,3525448071,381504,48,2,region6_2231479902
2023-03-19 07:23,3524855116,3999881,1048576,2,region6_2231479905
2023-03-19 07:23,3524924262,95055,308536,2,region6_2231479902
2023-03-19 07:23,3524924262,0,403591,2,region6_2231479902
2023-03-19 07:23,3525629312,0,1614772,5,region6_2231479912
2023-03-19 07:23,3525750782,0,542738,2,region6_2231479905
2023-03-19 07:23,3525750782,7627996,443,2,region6_2231479905
2023-03-19 07:23,3521396076,0,5786505,2,region6_2231479916
2023-03-19 07:23,3525129608,0,6989645,2,region6_2231479906
2023-03-19 07:23,3525129608,6989645,1034,2,region6_2231479906
2023-03-19 07:23,3525428092,0,8388608,2,region6_2231479907
2023-03-19 07:23,3521396076,5786505,2602103,2,region6_2231479916
2023-03-19 07:23,3525828971,0,4707136,2,region6_2231479902
2023-03-19 07:23,3525828971,0,4714560,2,region6_2231479902
2023-03-19 07:23,3523789138,0,15309,2,region6_2231479902
2023-03-19 07:23,3525083067,0,5034491,2,region6_2231479916
2023-03-19 07:23,3525083067,5034491,3354117,2,region6_2231479916
2023-03-19 07:23,3525225052,0,8272953,3,region6_2231479910
2023-03-19 07:23,3525478598,0,25305244,3,region6_2231479916
2023-03-19 07:23,3525643705,0,1476912,2,region6_2231479904
2023-03-19 07:23,3525643705,998256,7483312,2,region6_2231479904
2023-03-19 07:23,3521381443,0,7256000,2,region6_2231479907
2023-03-19 07:23,3525366492,0,8481568,5,region6_2231479909
2023-03-19 07:23,3525518062,0,176,2,region6_2231479902
2023-03-19 07:23,3521906220,0,63604,2,region6_2231479916
2023-03-19 07:23,3521906220,0,63604,2,region6_2231479916
2023-03-19 07:23,3525170087,0,6457789,3,region6_2231479910
2023-03-19 07:23,3525157614,0,3719,2,region6_2231479902
2023-03-19 07:23,3520804093,3132990,1123193,2,region6_2231479911
2023-03-19 07:23,3525662433,3743360,168320,2,region6_2231479902
2023-03-19 07:23,3524269811,10485760,2097152,1,region6_2231479911
2023-03-19 07:23,3521906220,0,63604,2,region6_2231479916
2023-03-19 07:23,3520734935,0,256,2,region6_2231479902
2023-03-19 07:23,3523886451,0,6368,2,region6_2231479902
2023-03-19 07:23,3525505112,0,8481568,5,region6_2231479909
2023-03-19 07:23,3525619224,9267743,37056,2,region6_2231479902
2023-03-19 07:23,3523791080,0,176,2,region6_2231479902
2023-03-19 07:23,3522586191,0,8388608,2,region6_2231479917
2023-03-19 07:23,3525693505,7542649,403456,2,region6_2231479902
2023-03-19 07:23,3521906220,0,63604,2,region6_2231479916
2023-03-19 07:23,3525017148,0,8388608,4,region6_2231479906
2023-03-19 07:23,3525061118,0,5246567,5,region6_2231479909
2023-03-19 07:23,3520734935,0,256,2,region6_2231479902
2023-03-19 07:23,3523944196,0,8049042,2,region6_2231479905
2023-03-19 07:23,3525300780,0,8388608,2,region6_2231479907
2023-03-19 07:23,3522651729,0,32683,1,region6_2231479905
2023-03-19 07:23,3523807209,7510160,971408,2,region6_2231479902
2023-03-19 07:23,3523807209,0,7523936,2,region6_2231479902
2023-03-19 07:23,3523908205,0,2094384,2,region6_2231479904
2023-03-19 07:23,3523944196,8049042,6761131,2,region6_2231479905
2023-03-19 07:23,3523763007,0,176,2,region6_2231479902
2023-03-19 07:23,3523877001,0,3150208,3,region6_2231479910
2023-03-19 07:23,3523908205,185136,8296432,2,region6_2231479904
2023-03-19 07:23,3525348752,0,12359,2,region6_2231479902
2023-03-19 07:23,3524893112,0,176,2,region6_2231479902
2023-03-19 07:23,3524893112,8192,1498,2,region6_2231479902
2023-03-19 07:23,3522651729,32683,8354178,1,region6_2231479905
2023-03-19 07:23,3525191752,0,1403481,3,region6_2231479910
2023-03-19 07:23,3521949277,1341689,6897,2,region6_2231479905
2023-03-19 07:23,3520943562,7064438,1048576,2,region6_2231479905
2023-03-19 07:23,3520943562,515732,3052351,2,region6_2231479905
2023-03-19 07:23,3520943562,7064438,1048576,2,region6_2231479905
2023-03-19 07:23,3525772655,0,8481568,5,region6_2231479909
2023-03-19 07:23,3521906220,0,63604,2,region6_2231479916
2023-03-19 07:23,3523795474,0,8388608,5,region6_2231479909
2023-03-19 07:23,3523403775,1388450,3671600,2,region6_2231479905
2023-03-19 07:23,3525828971,4714560,3767008,2,region6_2231479902
2023-03-19 07:23,3525828110,0,5246567,2,region6_2231479902
2023-03-19 07:23,3525828971,4714608,3766960,2,region6_2231479902
2023-03-19 07:23,3525645637,3732727,1560559,2,region6_2231479907
2023-03-19 07:23,3525645637,4244710,1048576,2,region6_2231479907
2023-03-19 07:23,3524269811,12582912,2097152,1,region6_2231479911
2023-03-19 07:23,3524524250,0,8388608,2,region6_2231479906
2023-03-19 07:23,3522292810,0,176,2,region6_2231479902
2023-03-19 07:23,3524267309,0,128,2,region6_2231479902
2023-03-19 07:23,3524267309,0,128,2,region6_2231479902
2023-03-19 07:23,3525403448,0,176,2,region6_2231479902
2023-03-19 07:23,3524341415,4838856,3272545,2,region6_2231479907
2023-03-19 07:23,3524341415,0,3067625,2,region6_2231479907
2023-03-19 07:23,3525741424,0,6990879,4,region6_2231479913
2023-03-19 07:23,3525876776,0,8481568,5,region6_2231479909
2023-03-19 07:23,3521843755,0,2631,2,region6_2231479902
2023-03-19 07:23,3521294753,6660357,1728251,2,region6_2231479903
2023-03-19 07:23,3522978292,482542,16384,2,region6_2231479916
2023-03-19 07:23,3522978292,473662,8880,2,region6_2231479916
2023-03-19 07:23,3524269811,14680064,2097152,1,region6_2231479911
2023-03-19 07:23,3525522342,7285288,703207,2,region6_2231479911
2023-03-19 07:23,3521939867,0,176,2,region6_2231479902
2023-03-19 07:23,3523887938,0,8269978,2,region6_2231479905
2023-03-19 07:23,3522868797,0,4781,2,region6_2231479902
2023-03-19 07:23,3523956941,0,6757659,3,region6_2231479910
2023-03-19 07:23,3520809834,4077832,293888,2,region6_2231479902
2023-03-19 07:23,3525380511,0,8388608,2,region6_2231479907
2023-03-19 07:23,3525505096,0,8388608,2,region6_2231479907
2023-03-19 07:23,3523919886,0,8481568,2,region6_2231479904
2023-03-19 07:23,3523919886,4660048,3821520,2,region6_2231479904
2023-03-19 07:23,3523930205,0,6514596,3,region6_2231479910
2023-03-19 07:23,3522739089,3777087,256411,2,region6_2231479903
2023-03-19 07:23,3522739089,5489200,1686189,2,region6_2231479903
2023-03-19 07:23,3522739089,767635,199465,2,region6_2231479903
2023-03-19 07:24,3520864571,5192358,1048576,2,region6_2231479905
2023-03-19 07:24,3521786636,0,7943046,2,region6_2231479905
2023-03-19 07:24,3523954663,0,41,4,region6_2231479914
2023-03-19 07:24,3520776471,7121853,6094,2,region6_2231479905
2023-03-19 07:24,3524877981,0,8481568,5,region6_2231479909
2023-03-19 07:24,3520864571,5192358,1048576,2,region6_2231479905
2023-03-19 07:24,3523886727,0,5538720,2,region6_2231479904
2023-03-19 07:24,3523886727,0,7367776,2,region6_2231479904
2023-03-19 07:24,3521786636,7943046,445562,2,region6_2231479905
2023-03-19 07:24,3521733090,0,8388608,2,region6_2231479907
2023-03-19 07:24,3522027361,6299056,2089552,2,region6_2231479905
2023-03-19 07:24,3522027361,0,6299056,2,region6_2231479905
2023-03-19 07:24,3522978292,473662,8880,2,region6_2231479916
2023-03-19 07:24,3523886727,7367824,1113744,2,region6_2231479904
2023-03-19 07:24,3523886727,7367776,1113792,2,region6_2231479904
2023-03-19 07:24,3522788307,1169775,1048576,2,region6_2231479905
2023-03-19 07:24,3525512768,0,8388608,2,region6_2231479902
2023-03-19 07:24,3525698974,0,7863060,2,region6_2231479902
2023-03-19 07:24,3524269811,16777216,2097152,1,region6_2231479911
2023-03-19 07:24,3525467815,2562272,21760,2,region6_2231479902
2023-03-19 07:24,3521195826,2186148,2770362,2,region6_2231479905
2023-03-19 07:24,3522285830,4891351,385015,2,region6_2231479905
2023-03-19 07:24,3523633361,72285,8305249,1,region6_2231479905
2023-03-19 07:24,3523633361,0,72285,1,region6_2231479905
2023-03-19 07:24,3523826702,0,5966,5,region6_2231479909
2023-03-19 07:24,3525356763,0,4640152,2,region6_2231479905
2023-03-19 07:24,3525356763,4640152,3748456,2,region6_2231479905
2023-03-19 07:24,3523146104,0,176,2,region6_2231479902
2023-03-19 07:24,3523191884,2845936,327431,2,region6_2231479905
2023-03-19 07:24,3524053365,0,8388608,2,region6_2231479907
2023-03-19 07:24,3520767940,4025411,14566,2,region6_2231479905
2023-03-19 07:24,3522788307,1169775,1048576,2,region6_2231479905
2023-03-19 07:24,3525544777,0,7028,2,region6_2231479902
2023-03-19 07:24,3521048505,0,176,2,region6_2231479902
2023-03-19 07:24,3521048505,8192,190304,2,region6_2231479902
2023-03-19 07:24,3525524231,0,8481568,5,region6_2231479909
2023-03-19 07:24,3523917528,0,8388608,2,region6_2231479920
2023-03-19 07:24,3523135480,6378572,151095,2,region6_2231479905
2023-03-19 07:24,3525366697,0,8388608,2,region6_2231479902
2023-03-19 07:24,3525630199,0,8388608,2,region6_2231479902
2023-03-19 07:24,3525845053,0,1207613,4,region6_2231479906
2023-03-19 07:24,3524855116,3999881,1048576,2,region6_2231479905
2023-03-19 07:24,3525863914,0,17013835,3,region6_2231479910
2023-03-19 07:24,3523944196,0,14810173,2,region6_2231479906
2023-03-19 07:24,3525380393,0,8481568,5,region6_2231479909
2023-03-19 07:24,3525396516,2543645,5844963,2,region6_2231479907
2023-03-19 07:24,3525444256,0,6990661,4,region6_2231479913
2023-03-19 07:24,3521300696,0,522261,2,region6_2231479916
2023-03-19 07:24,3523828066,0,1384388,2,region6_2231479907
2023-03-19 07:24,3524147168,2955232,48,2,region6_2231479902
2023-03-19 07:24,3520991622,0,8388608,2,region6_2231479917
2023-03-19 07:24,3525715466,0,8388608,2,region6_2231479907
2023-03-19 07:24,3525876716,1315306,5776212,2,region6_2231479907
2023-03-19 07:24,3524269811,18874368,2097152,1,region6_2231479911
2023-03-19 07:24,3522815512,0,2936708,2,region6_2231479905
2023-03-19 07:24,3524076072,0,8388608,2,region6_2231479907
2023-03-19 07:24,3521048505,0,176,2,region6_2231479902
2023-03-19 07:24,3520638321,0,18765,2,region6_2231479902
2023-03-19 07:24,3525551470,6064544,159488,2,region6_2231479902
2023-03-19 07:24,3525707404,14691285,322,2,region6_2231479911
2023-03-19 07:24,3524240555,0,6161161,2,region6_2231479903
2023-03-19 07:24,3525408761,0,5552876,2,region6_2231479907
2023-03-19 07:24,3525445219,0,91264,2,region6_2231479902
2023-03-19 07:24,3524240555,7599046,789562,2,region6_2231479903
2023-03-19 07:24,3525684029,3474523,153148,2,region6_2231479903
2023-03-19 07:24,3525684029,955786,143656,2,region6_2231479903
2023-03-19 07:24,3524065645,0,485160,4,region6_2231479935
2023-03-19 07:24,3524269811,20971520,2097152,1,region6_2231479911
2023-03-19 07:24,3524017282,0,8386068,3,region6_2231479910
2023-03-19 07:24,3525482034,0,81212,2,region6_2231479905
2023-03-19 07:24,3524496054,577239,7811369,2,region6_2231479916
2023-03-19 07:24,3524165740,0,6025618,2,region6_2231479903
2023-03-19 07:24,3525445219,0,91264,2,region6_2231479902
2023-03-19 07:24,3525614963,0,8384298,3,region6_2231479910
2023-03-19 07:24,3524134350,6158976,48,2,region6_2231479902
2023-03-19 07:24,3522788307,0,1898529,2,region6_2231479905
2023-03-19 07:24,3521300696,0,522261,2,region6_2231479916
2023-03-19 07:24,3525853858,0,8481568,5,region6_2231479909
2023-03-19 07:24,3522503521,0,8192774,2,region6_2231479905
2023-03-19 07:24,3524075095,5478144,48,2,region6_2231479902
2023-03-19 07:24,3520788675,0,689243,2,region6_2231479905
2023-03-19 07:24,3522503521,8192774,6622598,2,region6_2231479905
2023-03-19 07:24,3524644470,6291456,1048576,5,region6_2231479909
2023-03-19 07:24,3523864275,0,95552,2,region6_2231479902
2023-03-19 07:24,3520788675,970160,7418448,2,region6_2231479905
2023-03-19 07:24,3522684762,5968956,346215,2,region6_2231479905
2023-03-19 07:24,3521645200,186246,1272,2,region6_2231479905
2023-03-19 07:24,3524091593,0,2673160,2,region6_2231479903
2023-03-19 07:24,3524091593,4096648,4291960,2,region6_2231479903
2023-03-19 07:24,3524269811,23068672,2097152,1,region6_2231479911
2023-03-19 07:24,3525485572,8084576,48,2,region6_2231479902
2023-03-19 07:24,3525583538,0,8481568,5,region6_2231479912
2023-03-19 07:24,3523877048,0,8388608,2,region6_2231479902
2023-03-19 07:24,3523989440,7728768,48,2,region6_2231479902
2023-03-19 07:24,3520804093,4113678,13876,2,region6_2231479905
2023-03-19 07:24,3525604143,0,8481568,6,region6_2231479912
2023-03-19 07:24,3521570470,898672,430237,2,region6_2231479905
2023-03-19 07:24,3523962570,3773008,1048576,2,region6_2231479905
2023-03-19 07:24,3523962570,0,4235343,2,region6_2231479905
2023-03-19 07:24,3523962570,3773008,1048576,2,region6_2231479905
2023-03-19 07:24,3525634171,0,3769302,2,region6_2231479903
2023-03-19 07:24,3525634171,7353769,743524,2,region6_2231479903
2023-03-19 07:24,3525890438,0,8299590,2,region6_2231479907
2023-03-19 07:24,3522978292,482542,16384,2,region6_2231479916
2023-03-19 07:24,3522990898,0,7839399,2,region6_2231479906
2023-03-19 07:24,3524188893,0,5850837,2,region6_2231479903
2023-03-19 07:24,3524213550,0,219930,2,region6_2231479902
2023-03-19 07:24,3522332633,0,128,2,region6_2231479902
2023-03-19 07:24,3523362696,0,2514946,2,region6_2231479907
2023-03-19 07:24,3522788307,1169775,1048576,2,region6_2231479905
2023-03-19 07:24,3524213550,0,219930,2,region6_2231479902
2023-03-19 07:24,3521209525,545902,1048576,2,region6_2231479907
2023-03-19 07:24,3521209525,0,468693,2,region6_2231479907
2023-03-19 07:24,3522788307,0,1898529,2,region6_2231479905
2023-03-19 07:24,3525689678,0,8365283,3,region6_2231479910
2023-03-19 07:24,3521338852,0,1205394,2,region6_2231479905
2023-03-19 07:24,3523824704,0,89697,2,region6_2231479902
2023-03-19 07:24,3524067605,0,8373128,3,region6_2231479910
2023-03-19 07:24,3523511274,0,176,2,region6_2231479902
2023-03-19 07:24,3523511274,8192,4704,2,region6_2231479902
2023-03-19 07:24,3523974647,0,8388608,2,region6_2231479902
2023-03-19 07:24,3524220311,0,8481568,6,region6_2231479912
2023-03-19 07:24,3524297531,6692512,48,2,region6_2231479902
2023-03-19 07:24,3525876652,1396576,48,2,region6_2231479902
2023-03-19 07:24,3524184532,0,854152,2,region6_2231479907
2023-03-19 07:24,3521521415,0,9204,2,region6_2231479902
2023-03-19 07:24,3523829063,0,1048576,5,region6_2231479909
2023-03-19 07:24,3524009244,0,2336361,2,region6_2231479911
2023-03-19 07:24,3524265996,0,6621933,3,region6_2231479910
2023-03-19 07:24,3524012898,6457565,342909,2,region6_2231479903
2023-03-19 07:24,3520860174,2678194,8388608,2,region6_2231479905
2023-03-19 07:24,3520860174,11066802,3731472,2,region6_2231479905
2023-03-19 07:24,3521262000,8178670,6119,2,region6_2231479905
2023-03-19 07:24,3523793241,0,591715,5,region6_2231479909
2023-03-19 07:24,3523989440,7728768,48,2,region6_2231479902
2023-03-19 07:24,3523989440,7728768,48,2,region6_2231479902
2023-03-19 07:24,3522788307,1169775,1048576,2,region6_2231479905
2023-03-19 07:24,3524349224,0,8388608,2,region6_2231479906
2023-03-19 07:24,3523867622,0,8481568,5,region6_2231479909
2023-03-19 07:24,3523125253,0,896,2,region6_2231479902
2023-03-19 07:24,3524294014,0,6901889,3,region6_2231479910
2023-03-19 07:24,3523829063,1048576,1048576,5,region6_2231479909
2023-03-19 07:24,3524249549,0,18906,2,region6_2231479902
2023-03-19 07:24,3520860174,535146,2143048,2,region6_2231479905
2023-03-19 07:24,3520860174,0,535146,2,region6_2231479905
2023-03-19 07:24,3525667940,0,218113,2,region6_2231479903
2023-03-19 07:24,3525667940,1579306,4663059,2,region6_2231479903
2023-03-19 07:24,3524121068,0,8112256,2,region6_2231479904
2023-03-19 07:24,3524121068,0,8481568,2,region6_2231479904
2023-03-19 07:24,3524644470,6291456,1048576,5,region6_2231479909
2023-03-19 07:24,3522503521,0,8192774,2,region6_2231479905
2023-03-19 07:24,3523959358,0,8388608,2,region6_2231479902
2023-03-19 07:24,3522503521,8192774,6622598,2,region6_2231479905
2023-03-19 07:24,3523829063,3145728,1048576,5,region6_2231479909
2023-03-19 07:24,3523829063,2097152,1048576,5,region6_2231479909
2023-03-19 07:24,3524218859,0,2167974,2,region6_2231479916
2023-03-19 07:24,3524218859,2167974,6220634,2,region6_2231479916
2023-03-19 07:24,3525851194,0,8370837,3,region6_2231479910
2023-03-19 07:24,3524442610,0,1907968,2,region6_2231479911
2023-03-19 07:24,3524277709,0,3744769,2,region6_2231479907
2023-03-19 07:24,3525640703,0,8481568,2,region6_2231479904
2023-03-19 07:24,3523831737,1289,373225,2,region6_2231479908
2023-03-19 07:25,3523786909,0,6202960,2,region6_2231479902
2023-03-19 07:25,3523403775,0,5060050,2,region6_2231479911
2023-03-19 07:25,3521076908,0,176,2,region6_2231479902
2023-03-19 07:25,3525738552,0,3908273,2,region6_2231479916
2023-03-19 07:25,3524116470,0,6461333,2,region6_2231479906
2023-03-19 07:25,3521411945,1365840,705338,2,region6_2231479905
2023-03-19 07:25,3522988612,0,5615668,2,region6_2231479906
2023-03-19 07:25,3523994884,0,4637638,2,region6_2231479911
2023-03-19 07:25,3524470499,4150688,48,2,region6_2231479902
2023-03-19 07:25,3521439156,0,46458,2,region6_2231479902
2023-03-19 07:25,3521300696,0,522261,2,region6_2231479916
2023-03-19 07:25,3525865658,6548936,563236,2,region6_2231479907
2023-03-19 07:25,3525865658,3235773,550269,2,region6_2231479907
2023-03-19 07:25,3525865658,48449,517740,2,region6_2231479907
2023-03-19 07:25,3524118130,2605504,76608,2,region6_2231479902
2023-03-19 07:25,3521596022,0,5250144,2,region6_2231479905
2023-03-19 07:25,3521596022,5250144,3138464,2,region6_2231479905
2023-03-19 07:25,3520776471,6557733,570214,2,region6_2231479905
2023-03-19 07:25,3521212000,5069092,3319516,2,region6_2231479905
2023-03-19 07:25,3522503521,0,8192774,2,region6_2231479905
2023-03-19 07:25,3524533156,0,345017,4,region6_2231479906
2023-03-19 07:25,3524696223,0,27879,2,region6_2231479902
2023-03-19 07:25,3524207690,0,6685642,2,region6_2231479907
2023-03-19 07:25,3523631655,0,1065198,2,region6_2231479905
2023-03-19 07:25,3523631655,1065198,7323410,2,region6_2231479905
2023-03-19 07:25,3524202429,0,2263,2,region6_2231479914
2023-03-19 07:25,3524696223,0,27879,2,region6_2231479902
2023-03-19 07:25,3523994884,4637638,3750970,2,region6_2231479911
2023-03-19 07:25,3524139280,0,7475063,3,region6_2231479910
2023-03-19 07:25,3524360196,5659624,1048576,2,region6_2231479907
2023-03-19 07:25,3521300696,0,522261,2,region6_2231479916
2023-03-19 07:25,3523795274,0,3971131,2,region6_2231479907
2023-03-19 07:25,3520782922,0,247476,2,region6_2231479902
2023-03-19 07:25,3524215634,407188,693518,2,region6_2231479907
2023-03-19 07:25,3521933577,1460951,1048576,2,region6_2231479907
2023-03-19 07:25,3524481836,1525120,48,2,region6_2231479902
2023-03-19 07:25,3524510993,0,3247496,3,region6_2231479910
2023-03-19 07:25,3521300696,0,522261,2,region6_2231479916
2023-03-19 07:25,3524075135,0,8347597,3,region6_2231479910
2023-03-19 07:25,3524057613,2160216,21632,2,region6_2231479902
2023-03-19 07:25,3524762356,2801728,5586880,2,region6_2231479903
2023-03-19 07:25,3524762356,0,1417315,2,region6_2231479903
2023-03-19 07:25,3524054824,0,2733435,4,region6_2231479919
2023-03-19 07:25,3522239600,14699978,317,2,region6_2231479911
2023-03-19 07:25,3524426309,2446000,6035568,2,region6_2231479902
2023-03-19 07:25,3524426309,0,2722992,2,region6_2231479902
2023-03-19 07:25,3521759782,0,8388608,2,region6_2231479906
2023-03-19 07:25,3523869824,0,8023928,3,region6_2231479910
2023-03-19 07:25,3524494283,4998976,48,2,region6_2231479902
2023-03-19 07:25,3521300696,0,522261,2,region6_2231479916
2023-03-19 07:25,3522613273,0,8388608,2,region6_2231479906
2023-03-19 07:25,3521012942,2330745,82324,2,region6_2231479905
2023-03-19 07:25,3521012942,3597944,127230,2,region6_2231479905
2023-03-19 07:25,3524254510,801297,3564607,2,region6_2231479907
2023-03-19 07:25,3524367825,0,8481568,5,region6_2231479909
2023-03-19 07:25,3521116929,0,20429,2,region6_2231479902
2023-03-19 07:25,3520696461,3595028,1048576,2,region6_2231479905
2023-03-19 07:25,3521596022,0,5250144,2,region6_2231479905
2023-03-19 07:25,3524197589,0,12589684,6,region6_2231479912
2023-03-19 07:25,3523849620,0,8388608,2,region6_2231479902
2023-03-19 07:25,3521596022,5250144,3138464,2,region6_2231479905
2023-03-19 07:25,3524124588,65536,236224,2,region6_2231479902
2023-03-19 07:25,3524222016,0,2884530,2,region6_2231479907
2023-03-19 07:25,3524445316,0,8388608,4,region6_2231479906
2023-03-19 07:25,3525880261,7671902,716706,2,region6_2231479907
2023-03-19 07:25,3525880261,4873990,1109999,2,region6_2231479907
2023-03-19 07:25,3523049152,0,10125,2,region6_2231479902
2023-03-19 07:25,3521776705,0,3879258,1,region6_2231479910
2023-03-19 07:25,3524384193,0,8388608,2,region6_2231479902
2023-03-19 07:25,3521233271,0,935458,2,region6_2231479907
2023-03-19 07:25,3524573420,0,14900,2,region6_2231479904
2023-03-19 07:25,3524018502,0,4721914,5,region6_2231479912
2023-03-19 07:25,3524172149,0,8388608,4,region6_2231479906
2023-03-19 07:25,3524575630,0,8205850,2,region6_2231479903
2023-03-19 07:25,3524432315,0,8388608,2,region6_2231479907
2023-03-19 07:25,3524681047,0,1024,2,region6_2231479902
2023-03-19 07:25,3524725728,0,6993031,4,region6_2231479913
2023-03-19 07:25,3520714784,0,8272007,2,region6_2231479911
2023-03-19 07:25,3521212000,5069092,3319516,2,region6_2231479905
2023-03-19 07:25,3524121988,6510017,197929,2,region6_2231479916
2023-03-19 07:25,3520788675,970160,7418448,2,region6_2231479905
2023-03-19 07:25,3523674996,0,5041230,1,region6_2231479910
2023-03-19 07:25,3522126287,6360417,5982,2,region6_2231479905
2023-03-19 07:25,3523828971,7000992,264960,2,region6_2231479902
2023-03-19 07:25,3523351812,0,58727,2,region6_2231479902
2023-03-19 07:25,3524571462,11515392,166528,2,region6_2231479902
2023-03-19 07:25,3521776705,3879258,3229704,1,region6_2231479910
2023-03-19 07:25,3520696041,11379499,1074496,2,region6_2231479902
2023-03-19 07:25,3522684762,5968844,1291713,2,region6_2231479905
2023-03-19 07:25,3523839342,0,8381090,3,region6_2231479910
2023-03-19 07:25,3524063173,0,8388608,2,region6_2231479906
2023-03-19 07:25,3524089560,5400196,1739250,2,region6_2231479907
2023-03-19 07:25,3524089560,1117401,694443,2,region6_2231479907
2023-03-19 07:25,3524848606,0,8388608,5,region6_2231479909
2023-03-19 07:25,3524109043,0,25302153,3,region6_2231479916
2023-03-19 07:25,3521395359,0,2988,2,region6_2231479902
2023-03-19 07:25,3524495343,0,8388608,2,region6_2231479903
2023-03-19 07:25,3523951378,0,8388608,5,region6_2231479909
2023-03-19 07:25,3524131385,0,5577531,1,region6_2231479910
2023-03-19 07:25,3524768760,0,1300046,2,region6_2231479905
2023-03-19 07:25,3524367061,0,4559636,2,region6_2231479902
2023-03-19 07:25,3521300696,0,522261,2,region6_2231479916
2023-03-19 07:25,3521701589,0,36064,2,region6_2231479902
2023-03-19 07:25,3521906220,0,63604,2,region6_2231479916
2023-03-19 07:25,3522812266,0,4167501,2,region6_2231479907
2023-03-19 07:25,3524425402,0,8388608,4,region6_2231479914
2023-03-19 07:25,3522978292,482542,16384,2,region6_2231479916
2023-03-19 07:25,3522978292,473662,8880,2,region6_2231479916
2023-03-19 07:25,3521906220,0,63604,2,region6_2231479916
2023-03-19 07:25,3521906220,0,63604,2,region6_2231479916
2023-03-19 07:25,3523923106,0,2319635,2,region6_2231479911
2023-03-19 07:25,3524037490,0,5255302,2,region6_2231479907
2023-03-19 07:25,3524270525,6989952,32192,2,region6_2231479902
2023-03-19 07:25,3523291973,75001,2955304,2,region6_2231479911
2023-03-19 07:25,3523291973,4305748,43729,2,region6_2231479911
2023-03-19 07:25,3523291973,7140891,80039,2,region6_2231479911
2023-03-19 07:25,3521645200,1159426,249728,2,region6_2231479905
2023-03-19 07:25,3524371966,899712,163328,2,region6_2231479902
2023-03-19 07:25,3520788675,970160,7418448,2,region6_2231479905
2023-03-19 07:25,3524131385,5577531,2755318,1,region6_2231479910
2023-03-19 07:25,3520767940,2951404,1485666,2,region6_2231479911
2023-03-19 07:25,3524608510,0,526822,2,region6_2231479905
2023-03-19 07:25,3522613273,0,8388608,2,region6_2231479906
2023-03-19 07:25,3523871566,0,128,2,region6_2231479902
2023-03-19 07:25,3523829063,3145728,1048576,5,region6_2231479909
2023-03-19 07:25,3522124519,0,1984,2,region6_2231479902
2023-03-19 07:25,3523213904,4044,104,2,region6_2231479902
2023-03-19 07:25,3522266670,0,28493,2,region6_2231479902
2023-03-19 07:25,3524190192,0,1048576,5,region6_2231479909
2023-03-19 07:25,3524076278,0,8388608,4,region6_2231479920
2023-03-19 07:25,3521906220,0,63604,2,region6_2231479916
2023-03-19 07:25,3524548819,0,8388608,2,region6_2231479907
2023-03-19 07:25,3522684762,6009306,595543,2,region6_2231479905
2023-03-19 07:25,3524852078,0,8388608,4,region6_2231479906
2023-03-19 07:25,3524244389,0,406510,2,region6_2231479911
2023-03-19 07:25,3520864571,5192358,1048576,2,region6_2231479905
2023-03-19 07:25,3520864571,5192358,1048576,2,region6_2231479905
2023-03-19 07:25,3524244389,6752854,1635754,2,region6_2231479911
2023-03-19 07:25,3520864571,5192358,1048576,2,region6_2231479905
2023-03-19 07:25,3520864571,5192358,1048576,2,region6_2231479905
2023-03-19 07:25,3522988612,0,5615668,2,region6_2231479906
2023-03-19 07:25,3525013723,0,8481568,2,region6_2231479904
2023-03-19 07:25,3524190192,2097152,1048576,5,region6_2231479909
2023-03-19 07:25,3524190192,1048576,1048576,5,region6_2231479909
2023-03-19 07:25,3524742965,5872682,2515926,2,region6_2231479903
2023-03-19 07:25,3525034406,0,8388608,2,region6_2231479906
2023-03-19 07:25,3525042362,0,8481568,5,region6_2231479909
2023-03-19 07:25,3524524250,0,4701394,2,region6_2231479905
2023-03-19 07:25,3520755279,0,8388608,2,region6_2231479907
2023-03-19 07:25,3524333691,0,8388608,2,region6_2231479907
2023-03-19 07:25,3524335864,0,574818,2,region6_2231479905
2023-03-19 07:25,3521906220,0,63604,2,region6_2231479916
2023-03-19 07:25,3524973327,6741504,48,2,region6_2231479902
2023-03-19 07:25,3521570470,151421,14854,2,region6_2231479905
2023-03-19 07:25,3520775838,0,257991,2,region6_2231479902
2023-03-19 07:25,3524524250,4701394,3687214,2,region6_2231479905
2023-03-19 07:25,3524808260,0,2969674,2,region6_2231479905
2023-03-19 07:25,3524894278,0,8481568,6,region6_2231479912
2023-03-19 07:25,3520670638,9638,8388608,2,region6_2231479905
2023-03-19 07:25,3524346011,0,8481568,5,region6_2231479912
2023-03-19 07:25,3521858405,0,8388608,2,region6_2231479920
2023-03-19 07:25,3525025244,0,128,2,region6_2231479902
2023-03-19 07:25,3524451728,0,8481568,5,region6_2231479912
2023-03-19 07:25,3520670638,8398246,6488585,2,region6_2231479905
2023-03-19 07:25,3524043911,0,12732,1,region6_2231479910
2023-03-19 07:25,3521926471,5941474,193710,2,region6_2231479905
2023-03-19 07:25,3521966393,0,176,2,region6_2231479902
2023-03-19 07:25,3524241146,0,8388608,5,region6_2231479909
2023-03-19 07:25,3521700070,87,14190,2,region6_2231479916
2023-03-19 07:25,3521700070,1535943,13488,2,region6_2231479916
2023-03-19 07:25,3521338852,152278,959579,2,region6_2231479905
2023-03-19 07:25,3524078227,0,8481568,2,region6_2231479904
2023-03-19 07:25,3524209350,0,6991836,4,region6_2231479913
2023-03-19 07:25,3521169080,0,57383,2,region6_2231479902
2023-03-19 07:25,3521605332,0,13920,2,region6_2231479902
2023-03-19 07:25,3520670638,0,9638,2,region6_2231479905
2023-03-19 07:25,3524389530,0,7249120,2,region6_2231479904
2023-03-19 07:26,3524389530,7512656,968912,2,region6_2231479904
2023-03-19 07:26,3524389530,0,8481568,2,region6_2231479904
2023-03-19 07:26,3523816170,0,2802890,2,region6_2231479916
2023-03-19 07:26,3525183904,0,1014608,2,region6_2231479907
2023-03-19 07:26,3525183904,5779824,1657464,2,region6_2231479907
2023-03-19 07:26,3524357936,0,8388608,5,region6_2231479909
2023-03-19 07:26,3524639369,0,1219,5,region6_2231479909
2023-03-19 07:26,3523816170,2802890,5585718,2,region6_2231479916
2023-03-19 07:26,3524930546,5773414,508077,2,region6_2231479905
2023-03-19 07:26,3524932523,0,8388608,2,region6_2231479907
2023-03-19 07:26,3523295164,0,1165988,2,region6_2231479907
2023-03-19 07:26,3524181300,0,8388608,2,region6_2231479903
2023-03-19 07:26,3524421717,1219850,871961,2,region6_2231479905
2023-03-19 07:26,3524421717,7891387,467495,2,region6_2231479905
2023-03-19 07:26,3521680064,0,307130,2,region6_2231479902
2023-03-19 07:26,3524773348,0,8367989,3,region6_2231479910
2023-03-19 07:26,3524382233,0,5623504,2,region6_2231479902
2023-03-19 07:26,3524382233,5568592,2912976,2,region6_2231479902
2023-03-19 07:26,3524941104,0,288768,2,region6_2231479902
2023-03-19 07:26,3525066470,0,6729329,2,region6_2231479916
2023-03-19 07:26,3521190340,0,364519,2,region6_2231479902
2023-03-19 07:26,3524188711,0,8481568,2,region6_2231479904
2023-03-19 07:26,3524808260,0,2320486,2,region6_2231479905
2023-03-19 07:26,3523829063,3145728,1048576,5,region6_2231479909
2023-03-19 07:26,3524724788,0,14925,2,region6_2231479902
2023-03-19 07:26,3521412775,0,228257,2,region6_2231479902
2023-03-19 07:26,3521209525,545902,1048576,2,region6_2231479907
2023-03-19 07:26,3521209525,0,468693,2,region6_2231479907
2023-03-19 07:26,3524190192,3145728,1048576,5,region6_2231479909
2023-03-19 07:26,3524240361,0,2,4,region6_2231479914
2023-03-19 07:26,3524309094,1466048,85952,2,region6_2231479902
2023-03-19 07:26,3524664779,0,8388608,2,region6_2231479902
2023-03-19 07:26,3524808231,0,6968273,3,region6_2231479910
2023-03-19 07:26,3523636355,0,78535,2,region6_2231479902
2023-03-19 07:26,3524912872,0,9253447,6,region6_2231479912
2023-03-19 07:26,3524524250,0,8388608,2,region6_2231479911
2023-03-19 07:26,3524659772,2501185,5887423,2,region6_2231479907
2023-03-19 07:26,3522666865,0,1152,2,region6_2231479902
2023-03-19 07:26,3524590418,0,5536472,4,region6_2231479914
2023-03-19 07:26,3524842656,0,76,3,region6_2231479910
2023-03-19 07:26,3524930546,5608106,673385,2,region6_2231479905
2023-03-19 07:26,3524190192,4194304,1048576,5,region6_2231479909
2023-03-19 07:26,3523319117,2095284,1505342,2,region6_2231479911
2023-03-19 07:26,3523319117,0,719624,2,region6_2231479911
2023-03-19 07:26,3522285830,1124429,241437,2,region6_2231479905
2023-03-19 07:26,3520677037,0,1901152,2,region6_2231479905
2023-03-19 07:26,3524043911,12732,8363144,1,region6_2231479910
2023-03-19 07:26,3520795251,0,1818,2,region6_2231479914
2023-03-19 07:26,3525172833,0,6990763,5,region6_2231479909
2023-03-19 07:26,3525229422,0,8481568,5,region6_2231479909
2023-03-19 07:26,3520914906,0,3715874,2,region6_2231479903
2023-03-19 07:26,3522293884,5192368,1967460,2,region6_2231479902
2023-03-19 07:26,3524573420,0,14900,2,region6_2231479904
2023-03-19 07:26,3525031241,0,152372,2,region6_2231479902
2023-03-19 07:26,3524524250,0,2661751,2,region6_2231479905
2023-03-19 07:26,3520677037,1901152,8358358,2,region6_2231479905
2023-03-19 07:26,3521897008,0,176,2,region6_2231479902
2023-03-19 07:26,3523499968,5245753,1048576,2,region6_2231479905
2023-03-19 07:26,3520810802,0,136404,2,region6_2231479902
2023-03-19 07:26,3521897008,8192,14029,2,region6_2231479902
2023-03-19 07:26,3524190192,5242880,1048576,5,region6_2231479909
2023-03-19 07:26,3524591524,4129252,4259356,2,region6_2231479905
2023-03-19 07:26,3524655782,0,8481568,5,region6_2231479909
2023-03-19 07:26,3525277366,3354245,202102,2,region6_2231479907
2023-03-19 07:26,3525277366,1258356,343765,2,region6_2231479907
2023-03-19 07:26,3524190192,6291456,1048576,5,region6_2231479909
2023-03-19 07:26,3524931374,0,6997622,4,region6_2231479913
2023-03-19 07:26,3525272342,0,8384662,3,region6_2231479910
2023-03-19 07:26,3525063769,5250689,41404,2,region6_2231479907
2023-03-19 07:26,3525426805,634551,731818,2,region6_2231479911
2023-03-19 07:26,3524397759,0,3994816,2,region6_2231479904
2023-03-19 07:26,3522684762,5968844,1291713,2,region6_2231479905
2023-03-19 07:26,3520790084,8192,262676,2,region6_2231479902
2023-03-19 07:26,3520790084,0,176,2,region6_2231479902
2023-03-19 07:26,3525300462,4598528,48,2,region6_2231479902
2023-03-19 07:26,3524190192,7340032,1048576,5,region6_2231479909
2023-03-19 07:26,3525426805,2957617,862574,2,region6_2231479911
2023-03-19 07:26,3523499968,5245753,1048576,2,region6_2231479911
2023-03-19 07:26,3524406147,7785248,83712,2,region6_2231479902
2023-03-19 07:26,3525086833,0,6993144,4,region6_2231479913
2023-03-19 07:26,3520767940,4025411,14566,2,region6_2231479905
2023-03-19 07:26,3525420075,0,8481568,2,region6_2231479904
2023-03-19 07:26,3524297483,0,85197,2,region6_2231479902
2023-03-19 07:26,3524397759,3994816,4486752,2,region6_2231479904
2023-03-19 07:26,3524397759,3994864,4486704,2,region6_2231479904
2023-03-19 07:26,3524916395,958652,223055,2,region6_2231479911
2023-03-19 07:26,3524916395,2811608,777484,2,region6_2231479911
2023-03-19 07:26,3524965461,2209408,1577641,2,region6_2231479908
2023-03-19 07:26,3524063173,0,8388608,2,region6_2231479906
2023-03-19 07:26,3524274511,0,8388608,2,region6_2231479903
2023-03-19 07:26,3524338160,0,8455344,2,region6_2231479902
2023-03-19 07:26,3524338160,0,571264,2,region6_2231479902
2023-03-19 07:26,3524420588,0,1469008,2,region6_2231479904
2023-03-19 07:26,3524474015,0,8388608,2,region6_2231479907
2023-03-19 07:26,3523989440,7901696,48,2,region6_2231479902
2023-03-19 07:26,3525198713,3,1020642,2,region6_2231479916
2023-03-19 07:26,3522428044,1728091,14637,2,region6_2231479916
2023-03-19 07:26,3524317118,0,13204,2,region6_2231479902
2023-03-19 07:26,3524420588,0,7391760,2,region6_2231479904
2023-03-19 07:26,3524420588,5300560,3181008,2,region6_2231479904
2023-03-19 07:26,3524882222,0,4608777,2,region6_2231479905
2023-03-19 07:26,3521381443,0,821225,2,region6_2231479905
2023-03-19 07:26,3521381443,821225,3223375,2,region6_2231479905
2023-03-19 07:26,3520788675,0,689243,2,region6_2231479905
2023-03-19 07:26,3524882222,4608777,8388608,2,region6_2231479905
2023-03-19 07:26,3524882222,12997385,1788764,2,region6_2231479905
2023-03-19 07:26,3520926467,0,47706,2,region6_2231479902
2023-03-19 07:26,3524730781,0,694,4,region6_2231479906
2023-03-19 07:26,3520788675,970160,7418448,2,region6_2231479905
2023-03-19 07:26,3525470842,0,6021472,2,region6_2231479904
2023-03-19 07:26,3524893200,6990154,529,2,region6_2231479906
2023-03-19 07:26,3524893200,0,6990154,2,region6_2231479906
2023-03-19 07:26,3522198931,0,5708201,2,region6_2231479911
2023-03-19 07:26,3525470842,6021520,2460048,2,region6_2231479904
2023-03-19 07:26,3525470842,6021472,2460096,2,region6_2231479904
2023-03-19 07:26,3522293884,7159828,983730,2,region6_2231479902
2023-03-19 07:26,3522742467,3515904,48,2,region6_2231479902
2023-03-19 07:26,3521297250,0,8388608,2,region6_2231479907
2023-03-19 07:26,3524980925,0,5076,3,region6_2231479910
2023-03-19 07:26,3525169657,6370396,574997,2,region6_2231479907
2023-03-19 07:26,3525169657,2343969,340273,2,region6_2231479907
2023-03-19 07:26,3522978292,482542,16384,2,region6_2231479916
2023-03-19 07:26,3525082332,0,8368249,3,region6_2231479910
2023-03-19 07:26,3523674996,5041230,2052491,1,region6_2231479910
2023-03-19 07:26,3525152984,0,7195072,2,region6_2231479902
2023-03-19 07:26,3525152984,0,7195072,2,region6_2231479902
2023-03-19 07:26,3521843755,0,2631,2,region6_2231479902
2023-03-19 07:26,3524338160,8293696,187872,2,region6_2231479902
2023-03-19 07:26,3521906220,0,63604,2,region6_2231479916
2023-03-19 07:26,3525152984,0,7195072,2,region6_2231479902
2023-03-19 07:26,3523049558,0,8388608,4,region6_2231479920
2023-03-19 07:26,3525100328,7076928,48,2,region6_2231479902
2023-03-19 07:26,3520710461,7069731,1048576,2,region6_2231479905
2023-03-19 07:26,3520710461,0,3203411,2,region6_2231479905
2023-03-19 07:26,3520710461,7069731,1048576,2,region6_2231479905
2023-03-19 07:26,3524591524,4129252,4259356,2,region6_2231479905
2023-03-19 07:26,3525462490,1774836,3867922,2,region6_2231479903
2023-03-19 07:26,3525462490,0,435888,2,region6_2231479903
2023-03-19 07:26,3521679436,0,7910962,2,region6_2231479905
2023-03-19 07:26,3524675856,0,1696153,2,region6_2231479905
2023-03-19 07:26,3521411945,427870,74296,2,region6_2231479905
2023-03-19 07:26,3521679436,7910962,6976480,2,region6_2231479905
2023-03-19 07:26,3524919446,0,8388608,2,region6_2231479902
2023-03-19 07:26,3522099444,0,1920,2,region6_2231479902
2023-03-19 07:26,3525553430,0,8481568,2,region6_2231479904
2023-03-19 07:26,3525554492,0,8388608,4,region6_2231479911
2023-03-19 07:26,3523769192,0,4500293,2,region6_2231479905
2023-03-19 07:26,3523769192,4500293,3888315,2,region6_2231479905
2023-03-19 07:26,3523295164,0,1165988,2,region6_2231479907
2023-03-19 07:26,3524746098,0,13991,2,region6_2231479902
2023-03-19 07:26,3524968795,3261640,1583663,2,region6_2231479907
2023-03-19 07:26,3524968795,3796727,1048576,2,region6_2231479907
2023-03-19 07:26,3521212000,5069092,3319516,2,region6_2231479905
2023-03-19 07:26,3524796269,6899680,86784,2,region6_2231479902
2023-03-19 07:26,3523705137,0,8388608,2,region6_2231479907
2023-03-19 07:26,3525151883,891552,48,2,region6_2231479902
2023-03-19 07:26,3525519957,659138,3067546,2,region6_2231479907
2023-03-19 07:26,3525519957,8287784,100824,2,region6_2231479907
2023-03-19 07:26,3525519957,5412557,99373,2,region6_2231479907
2023-03-19 07:26,3524524250,0,8388608,2,region6_2231479906
2023-03-19 07:26,3522544612,0,60999,2,region6_2231479902
2023-03-19 07:26,3525480006,2668351,5720257,2,region6_2231479916
2023-03-19 07:26,3525480006,0,2668351,2,region6_2231479916
2023-03-19 07:26,3524914051,291264,31232,2,region6_2231479902
2023-03-19 07:26,3523295164,0,1165988,2,region6_2231479907
2023-03-19 07:26,3525139902,0,8388608,2,region6_2231479907
2023-03-19 07:26,3525381264,0,8481568,2,region6_2231479904
2023-03-19 07:26,3520783852,8192,173901,2,region6_2231479902
2023-03-19 07:26,3520783852,0,176,2,region6_2231479902
2023-03-19 07:26,3524950567,0,11738,2,region6_2231479902
2023-03-19 07:26,3525191752,0,1403481,1,region6_2231479910
2023-03-19 07:26,3520804093,4113678,13876,2,region6_2231479905
2023-03-19 07:26,3524724745,0,8388608,4,region6_2231479919
2023-03-19 07:26,3520783852,0,176,2,region6_2231479902
2023-03-19 07:26,3520783852,8192,173901,2,region6_2231479902
2023-03-19 07:26,3524339705,8144292,244316,2,region6_2231479905
2023-03-19 07:26,3524339705,0,5656158,2,region6_2231479905
2023-03-19 07:26,3525185179,0,8481568,2,region6_2231479904
2023-03-19 07:26,3521465612,0,60877,2,region6_2231479902
2023-03-19 07:26,3521204620,0,176,2,region6_2231479902
2023-03-19 07:26,3521465612,0,60877,2,region6_2231479902
2023-03-19 07:26,3521204620,8192,14253,2,region6_2231479902
2023-03-19 07:26,3521041481,5897376,2584192,2,region6_2231479902
2023-03-19 07:26,3520810802,0,136404,2,region6_2231479902
2023-03-19 07:27,3524339705,5656158,2488134,2,region6_2231479905
2023-03-19 07:27,3521300696,0,522261,2,region6_2231479916
2023-03-19 07:27,3525066511,0,8481568,5,region6_2231479912
2023-03-19 07:27,3525238016,1484239,347,2,region6_2231479907
2023-03-19 07:27,3525238016,4258698,1392,2,region6_2231479907
2023-03-19 07:27,3521324192,0,8058185,2,region6_2231479905
2023-03-19 07:27,3524339705,0,8388608,2,region6_2231479911
2023-03-19 07:27,3524980001,0,8481568,2,region6_2231479904
2023-03-19 07:27,3524980001,0,2610176,2,region6_2231479904
2023-03-19 07:27,3524990525,0,8481568,2,region6_2231479904
2023-03-19 07:27,3525316039,0,173850,2,region6_2231479902
2023-03-19 07:27,3522147309,1643616,276736,2,region6_2231479902
2023-03-19 07:27,3521300696,0,522261,2,region6_2231479916
2023-03-19 07:27,3520790084,8192,262676,2,region6_2231479902
2023-03-19 07:27,3520790084,0,176,2,region6_2231479902
2023-03-19 07:27,3525461765,0,8388608,4,region6_2231479906
2023-03-19 07:27,3520943562,515732,3052351,2,region6_2231479905
2023-03-19 07:27,3520943562,7064438,1048576,2,region6_2231479905
2023-03-19 07:27,3525035466,0,8481568,2,region6_2231479904
2023-03-19 07:27,3521300696,0,522261,2,region6_2231479916
2023-03-19 07:27,3521411945,427870,222896,2,region6_2231479905
2023-03-19 07:27,3521741690,14785874,294,2,region6_2231479916
2023-03-19 07:27,3525164121,7225536,369152,2,region6_2231479902
2023-03-19 07:27,3521300696,0,522261,2,region6_2231479916
2023-03-19 07:27,3521741690,0,8368458,2,region6_2231479916
2023-03-19 07:27,3521741690,8368458,6417416,2,region6_2231479916
2023-03-19 07:27,3524980925,0,5076,1,region6_2231479910
2023-03-19 07:27,3525604612,0,11342906,6,region6_2231479912
2023-03-19 07:27,3525643201,0,2286381,3,region6_2231479910
2023-03-19 07:27,3525850686,0,8378555,3,region6_2231479910
2023-03-19 07:27,3521994179,0,14503,2,region6_2231479902
2023-03-19 07:27,3522817730,8211731,26938,2,region6_2231479911
2023-03-19 07:27,3525033292,4442752,48,2,region6_2231479902
2023-03-19 07:27,3525499342,0,5049001,4,region6_2231479905
2023-03-19 07:27,3525634633,2272608,48,2,region6_2231479902
2023-03-19 07:27,3521844858,1434252,233761,2,region6_2231479905
2023-03-19 07:27,3522328354,236187,872044,2,region6_2231479907
2023-03-19 07:27,3522374117,0,145132,2,region6_2231479902
2023-03-19 07:27,3525723417,0,1793,2,region6_2231479902
2023-03-19 07:27,3521014633,0,5529872,2,region6_2231479911
2023-03-19 07:27,3522267011,0,4487530,2,region6_2231479907
2023-03-19 07:27,3525566422,0,833797,2,region6_2231479907
2023-03-19 07:27,3525566422,4655898,659143,2,region6_2231479907
2023-03-19 07:27,3521300696,0,522261,2,region6_2231479916
2023-03-19 07:27,3523266251,0,15533,2,region6_2231479902
2023-03-19 07:27,3525690468,0,2327667,2,region6_2231479911
2023-03-19 07:27,3522978292,482542,16384,2,region6_2231479916
2023-03-19 07:27,3522978292,473662,8880,2,region6_2231479916
2023-03-19 07:27,3525443817,0,9996583,6,region6_2231479912
2023-03-19 07:27,3520757081,0,94208,2,region6_2231479902
2023-03-19 07:27,3523319117,2095284,1505342,2,region6_2231479905
2023-03-19 07:27,3525485921,0,8481568,2,region6_2231479904
2023-03-19 07:27,3525558977,0,2243382,3,region6_2231479910
2023-03-19 07:27,3525571780,0,6995716,4,region6_2231479913
2023-03-19 07:27,3525332142,0,10304,2,region6_2231479902
2023-03-19 07:27,3524003987,0,2804426,2,region6_2231479916
2023-03-19 07:27,3524869141,0,808085,2,region6_2231479903
2023-03-19 07:27,3525489619,0,5998395,4,region6_2231479905
2023-03-19 07:27,3525637221,0,3667018,4,region6_2231479911
2023-03-19 07:27,3525231763,0,4943280,2,region6_2231479904
2023-03-19 07:27,3525231763,0,324016,2,region6_2231479904
2023-03-19 07:27,3525595361,8179968,48,2,region6_2231479902
2023-03-19 07:27,3524893351,0,5952704,2,region6_2231479904
2023-03-19 07:27,3525231763,4941168,3540400,2,region6_2231479904
2023-03-19 07:27,3525231763,6131120,2350448,2,region6_2231479904
2023-03-19 07:27,3521403204,0,9771,2,region6_2231479902
2023-03-19 07:27,3524850713,0,8387150,3,region6_2231479905
2023-03-19 07:27,3524893351,0,8481568,2,region6_2231479904
2023-03-19 07:27,3522397966,1332635,1829899,2,region6_2231479903
2023-03-19 07:27,3522397966,5031274,2260924,2,region6_2231479903
2023-03-19 07:27,3525614551,0,1048576,5,region6_2231479909
2023-03-19 07:27,3525722567,0,8388608,2,region6_2231479906
2023-03-19 07:27,3525874451,0,8388608,4,region6_2231479914
2023-03-19 07:27,3525334993,0,321812,2,region6_2231479902
2023-03-19 07:27,3525575534,0,4037696,2,region6_2231479902
2023-03-19 07:27,3525575534,3925552,4556016,2,region6_2231479902
2023-03-19 07:27,3522728055,2436608,48,2,region6_2231479902
2023-03-19 07:27,3520877263,4698856,1048576,2,region6_2231479905
2023-03-19 07:27,3520877263,4698856,1048576,2,region6_2231479905
2023-03-19 07:27,3521645200,1368245,40909,2,region6_2231479905
2023-03-19 07:27,3521645200,216386,1719,2,region6_2231479905
2023-03-19 07:27,3524075135,0,8347597,1,region6_2231479910
2023-03-19 07:27,3525265736,0,8388608,2,region6_2231479902
2023-03-19 07:27,3525392474,0,8388608,4,region6_2231479906
2023-03-19 07:27,3521294753,6660357,1728251,2,region6_2231479907
2023-03-19 07:27,3525908501,0,2203,2,region6_2231479914
2023-03-19 07:27,3524916319,1663901,2952061,2,region6_2231479907
2023-03-19 07:27,3524070625,3282336,48,2,region6_2231479902
2023-03-19 07:27,3525614551,1048576,1048576,5,region6_2231479909
2023-03-19 07:27,3525629840,0,128,2,region6_2231479902
2023-03-19 07:27,3525728913,3142098,1048576,2,region6_2231479905
2023-03-19 07:27,3525054918,0,176,2,region6_2231479902
2023-03-19 07:27,3525580851,1914016,48,2,region6_2231479902
2023-03-19 07:27,3524447606,0,176,2,region6_2231479902
2023-03-19 07:27,3525369351,0,508035,2,region6_2231479911
2023-03-19 07:27,3525785161,0,1048576,5,region6_2231479909
2023-03-19 07:27,3525475742,2135180,48,2,region6_2231479902
2023-03-19 07:27,3525557060,0,6711993,2,region6_2231479905
2023-03-19 07:27,3525366347,0,8388608,4,region6_2231479906
2023-03-19 07:27,3525557060,6711993,1676615,2,region6_2231479905
2023-03-19 07:27,3525614551,2097152,1048576,5,region6_2231479909
2023-03-19 07:27,3525249794,1598016,36608,2,region6_2231479902
2023-03-19 07:27,3521906220,0,63604,2,region6_2231479916
2023-03-19 07:27,3525167457,0,8481568,5,region6_2231479909
2023-03-19 07:27,3525230558,0,6990543,2,region6_2231479906
2023-03-19 07:27,3521324192,627618,7389,2,region6_2231479905
2023-03-19 07:27,3525785161,1048576,1048576,5,region6_2231479909
2023-03-19 07:27,3521906220,0,63604,2,region6_2231479916
2023-03-19 07:27,3525614551,3145728,1048576,5,region6_2231479909
2023-03-19 07:27,3521479565,0,162215,2,region6_2231479902
2023-03-19 07:27,3525893926,0,2815794,2,region6_2231479907
2023-03-19 07:27,3525582932,0,8379968,2,region6_2231479904
2023-03-19 07:27,3521324192,627618,7389,2,region6_2231479905
2023-03-19 07:27,3523364990,0,3092,2,region6_2231479902
2023-03-19 07:27,3525582932,8380016,101552,2,region6_2231479904
2023-03-19 07:27,3525582932,8379968,101600,2,region6_2231479904
2023-03-19 07:27,3525664418,0,8388608,2,region6_2231479906
2023-03-19 07:27,3525702664,0,8388104,3,region6_2231479905
2023-03-19 07:27,3525785161,2097152,1048576,5,region6_2231479909
2023-03-19 07:27,3525785161,3145728,1048576,5,region6_2231479909
2023-03-19 07:27,3525450435,385465,393466,2,region6_2231479907
2023-03-19 07:27,3525563525,7824960,231296,2,region6_2231479902
2023-03-19 07:27,3525614551,5242880,1048576,5,region6_2231479909
2023-03-19 07:27,3525614551,4194304,1048576,5,region6_2231479909
2023-03-19 07:27,3520856289,4814412,1048576,2,region6_2231479905
2023-03-19 07:27,3520856289,4814412,1048576,2,region6_2231479905
2023-03-19 07:27,3520856289,4814412,1048576,2,region6_2231479905
2023-03-19 07:27,3525571946,592072,390623,2,region6_2231479902
2023-03-19 07:27,3525571946,0,592072,2,region6_2231479902
2023-03-19 07:27,3521352567,4288640,48,2,region6_2231479902
2023-03-19 07:27,3525749286,0,4444376,2,region6_2231479907
2023-03-19 07:27,3525780720,0,8388608,2,region6_2231479902
2023-03-19 07:27,3523348143,7549515,6102,2,region6_2231479905
2023-03-19 07:27,3521232506,0,4575696,2,region6_2231479907
2023-03-19 07:27,3525571946,882632,100063,2,region6_2231479902
2023-03-19 07:27,3525672596,0,508590,1,region6_2231479910
2023-03-19 07:27,3525575442,0,8388608,2,region6_2231479906
2023-03-19 07:27,3525099298,0,8388608,2,region6_2231479902
2023-03-19 07:27,3525536785,0,8481568,2,region6_2231479904
2023-03-19 07:27,3525777869,0,6995751,2,region6_2231479906
2023-03-19 07:27,3521906220,0,63604,2,region6_2231479916
2023-03-19 07:27,3525536882,7280875,1107733,2,region6_2231479907
2023-03-19 07:27,3525921809,0,443504,2,region6_2231479904
2023-03-19 07:27,3522161544,0,5639531,2,region6_2231479907
2023-03-19 07:27,3522161544,8299391,89217,2,region6_2231479907
2023-03-19 07:27,3525484047,0,8388608,2,region6_2231479917
2023-03-19 07:27,3525607110,0,8343,2,region6_2231479905
2023-03-19 07:27,3525921809,206128,8275440,2,region6_2231479904
2023-03-19 07:27,3526011146,0,8481568,2,region6_2231479904
2023-03-19 07:27,3522161544,7464023,755334,2,region6_2231479907
2023-03-19 07:27,3525450435,0,161227,2,region6_2231479907
2023-03-19 07:27,3522951895,0,2215,2,region6_2231479902
2023-03-19 07:27,3525266773,0,6208156,4,region6_2231479906
2023-03-19 07:27,3523886451,0,6368,2,region6_2231479902
2023-03-19 07:27,3525447176,0,4474628,5,region6_2231479909
2023-03-19 07:27,3523952292,1536942,1048576,2,region6_2231479905
2023-03-19 07:27,3523179637,4682444,1048576,2,region6_2231479905
2023-03-19 07:27,3523179637,4682444,1048576,2,region6_2231479905
2023-03-19 07:27,3525578273,0,8481568,2,region6_2231479904
2023-03-19 07:27,3525854267,0,394834,4,region6_2231479906
2023-03-19 07:27,3525403198,0,8388608,2,region6_2231479906
2023-03-19 07:27,3521906220,0,63604,2,region6_2231479916
2023-03-19 07:27,3525875344,7461424,1020144,2,region6_2231479904
2023-03-19 07:27,3525875344,0,7940080,2,region6_2231479904
2023-03-19 07:27,3525875344,0,5858672,2,region6_2231479904
2023-03-19 07:27,3522978292,482542,16384,2,region6_2231479916
2023-03-19 07:27,3522978292,473662,8880,2,region6_2231479916
2023-03-19 07:27,3521209525,0,468693,2,region6_2231479907
2023-03-19 07:27,3521209525,545902,1048576,2,region6_2231479907
2023-03-19 07:27,3525255286,0,4276084,2,region6_2231479902
2023-03-19 07:27,3522503521,8192774,6622598,2,region6_2231479905
2023-03-19 07:27,3522503521,0,8192774,2,region6_2231479905
2023-03-19 07:27,3525614551,5242880,1048576,5,region6_2231479909
2023-03-19 07:27,3525663461,0,7918,3,region6_2231479910
2023-03-19 07:27,3525888139,2805488,5676080,2,region6_2231479904
2023-03-19 07:27,3525888139,0,3555376,2,region6_2231479904
2023-03-19 07:27,3521906220,0,63604,2,region6_2231479916
2023-03-19 07:27,3523499968,5245753,1048576,2,region6_2231479911
2023-03-19 07:27,3525709004,0,604685,2,region6_2231479902
2023-03-19 07:28,3525443911,18765,20831,2,region6_2231479905
2023-03-19 07:28,3525646093,0,659678,2,region6_2231479907
2023-03-19 07:28,3525674509,0,41261,2,region6_2231479902
2023-03-19 07:28,3521645200,141187,299,2,region6_2231479905
2023-03-19 07:28,3521645200,1368245,40909,2,region6_2231479905
2023-03-19 07:28,3526041231,0,8481568,5,region6_2231479909
2023-03-19 07:28,3525614551,6291456,1048576,5,region6_2231479909
2023-03-19 07:28,3525690410,1258048,538314,2,region6_2231479905
2023-03-19 07:28,3525760963,0,1903540,4,region6_2231479911
2023-03-19 07:28,3525478330,0,8388608,5,region6_2231479909
2023-03-19 07:28,3525614551,8388608,92960,5,region6_2231479909
2023-03-19 07:28,3525614551,7340032,1048576,5,region6_2231479909
2023-03-19 07:28,3525736158,0,8481568,5,region6_2231479909
2023-03-19 07:28,3526054708,0,8388608,2,region6_2231479902
2023-03-19 07:28,3521645200,250186,960640,2,region6_2231479905
2023-03-19 07:28,3520767940,2956415,1313724,2,region6_2231479911
2023-03-19 07:28,3521260415,0,4749935,2,region6_2231479907
2023-03-19 07:28,3526072144,0,6991395,4,region6_2231479913
2023-03-19 07:28,3522035807,0,422936,2,region6_2231479905
2023-03-19 07:28,3525348684,1990368,147136,2,region6_2231479902
2023-03-19 07:28,3525407508,0,8371376,3,region6_2231479910
2023-03-19 07:28,3522908902,0,1614302,2,region6_2231479916
2023-03-19 07:28,3523255804,2048,1024,2,region6_2231479902
2023-03-19 07:28,3521412775,0,228257,2,region6_2231479902
2023-03-19 07:28,3525563555,0,8481568,5,region6_2231479909
2023-03-19 07:28,3526112990,0,8481568,5,region6_2231479909
2023-03-19 07:28,3521214405,1008853,317438,2,region6_2231479905
2023-03-19 07:28,3525204345,0,8388608,5,region6_2231479909
2023-03-19 07:28,3525953284,2967151,3329533,2,region6_2231479907
2023-03-19 07:28,3525953284,0,1630359,2,region6_2231479907
2023-03-19 07:28,3525956588,0,3340807,5,region6_2231479912
2023-03-19 07:28,3525982200,0,8241735,5,region6_2231479912
2023-03-19 07:28,3522978292,473662,8880,2,region6_2231479916
2023-03-19 07:28,3522978292,482542,16384,2,region6_2231479916
2023-03-19 07:28,3525540169,0,176,2,region6_2231479902
2023-03-19 07:28,3526010541,0,8373783,3,region6_2231479910
2023-03-19 07:28,3521324192,627618,7389,2,region6_2231479905
2023-03-19 07:28,3524691561,0,71220,2,region6_2231479902
2023-03-19 07:28,3525392459,5684960,48,2,region6_2231479902
2023-03-19 07:28,3526237145,0,8481568,5,region6_2231479909
2023-03-19 07:28,3525443911,11575,672022,2,region6_2231479905
2023-03-19 07:28,3523108641,0,1063834,2,region6_2231479905
2023-03-19 07:28,3526178850,0,6999057,4,region6_2231479913
2023-03-19 07:28,3523648141,1267546,38019,2,region6_2231479905
2023-03-19 07:28,3523648141,3969633,629878,2,region6_2231479905
2023-03-19 07:28,3525785161,3145728,1048576,5,region6_2231479909
2023-03-19 07:28,3521550464,0,176,2,region6_2231479902
2023-03-19 07:28,3523108641,1324189,7064419,2,region6_2231479905
2023-03-19 07:28,3526184829,5249204,1670797,2,region6_2231479903
2023-03-19 07:28,3526184829,0,2437358,2,region6_2231479903
2023-03-19 07:28,3525196831,0,8381977,3,region6_2231479910
2023-03-19 07:28,3525874456,0,6214978,2,region6_2231479907
2023-03-19 07:28,3523319117,2095284,1505342,2,region6_2231479905
2023-03-19 07:28,3525557941,0,3632638,5,region6_2231479909
2023-03-19 07:28,3522435887,0,15668,2,region6_2231479902
2023-03-19 07:28,3525842108,0,4570,2,region6_2231479902
2023-03-19 07:28,3520673722,4365002,1048576,2,region6_2231479905
2023-03-19 07:28,3525831637,0,4452278,2,region6_2231479905
2023-03-19 07:28,3525516580,0,176,2,region6_2231479902
2023-03-19 07:28,3521116929,0,20429,2,region6_2231479902
2023-03-19 07:28,3523219251,0,356636,4,region6_2231479918
2023-03-19 07:28,3525858858,2075424,215168,2,region6_2231479902
2023-03-19 07:28,3525976348,0,8388608,4,region6_2231479905
2023-03-19 07:28,3524696918,0,1316466,4,region6_2231479911
2023-03-19 07:28,3525484980,0,8036178,2,region6_2231479905
2023-03-19 07:28,3525501125,6740591,106801,2,region6_2231479907
2023-03-19 07:28,3525501125,1656052,1297702,2,region6_2231479907
2023-03-19 07:28,3525741874,213685,1574349,2,region6_2231479905
2023-03-19 07:28,3525921315,0,7646912,2,region6_2231479904
2023-03-19 07:28,3525974821,0,6990995,4,region6_2231479913
2023-03-19 07:28,3522420009,0,29882,2,region6_2231479902
2023-03-19 07:28,3526325620,0,7005524,2,region6_2231479906
2023-03-19 07:28,3525484980,8036178,352430,2,region6_2231479905
2023-03-19 07:28,3525312808,6542738,1938830,2,region6_2231479902
2023-03-19 07:28,3525921315,0,8481568,2,region6_2231479904
2023-03-19 07:28,3525443911,7980,460950,2,region6_2231479905
2023-03-19 07:28,3522978292,482542,16384,2,region6_2231479916
2023-03-19 07:28,3523333461,5818305,2570303,2,region6_2231479911
2023-03-19 07:28,3525853592,0,1674384,2,region6_2231479911
2023-03-19 07:28,3525904562,0,8388497,3,region6_2231479905
2023-03-19 07:28,3521538165,0,1664200,1,region6_2231479911
2023-03-19 07:28,3524706809,2816,923,2,region6_2231479914
2023-03-19 07:28,3524706809,0,2816,2,region6_2231479914
2023-03-19 07:28,3524637282,0,3647065,2,region6_2231479905
2023-03-19 07:28,3526154119,0,8378636,3,region6_2231479910
2023-03-19 07:28,3525946583,0,8481568,2,region6_2231479904
2023-03-19 07:28,3525614551,8388608,92960,5,region6_2231479909
2023-03-19 07:28,3525747568,0,8382979,3,region6_2231479910
2023-03-19 07:28,3520864571,5192358,1048576,2,region6_2231479911
2023-03-19 07:28,3525986030,0,8381358,3,region6_2231479910
2023-03-19 07:28,3525426188,0,80960,2,region6_2231479902
2023-03-19 07:28,3525629799,0,3241889,2,region6_2231479907
2023-03-19 07:28,3520864571,5192358,1048576,2,region6_2231479905
2023-03-19 07:28,3520864571,5192358,1048576,2,region6_2231479905
2023-03-19 07:28,3520864571,5192358,1048576,2,region6_2231479905
2023-03-19 07:28,3521759782,0,8388608,2,region6_2231479906
2023-03-19 07:28,3526271779,0,10485760,5,region6_2231479909
2023-03-19 07:28,3525612643,0,1660417,2,region6_2231479903
2023-03-19 07:28,3525629799,5340617,3047991,2,region6_2231479907
2023-03-19 07:28,3525676165,0,8481568,5,region6_2231479909
2023-03-19 07:28,3525263145,4614721,1048576,2,region6_2231479905
2023-03-19 07:28,3526271779,10485760,10485760,5,region6_2231479909
2023-03-19 07:28,3525443911,15170,2436538,2,region6_2231479905
2023-03-19 07:28,3525263145,4614721,1048576,2,region6_2231479905
2023-03-19 07:28,3525263145,0,5115493,2,region6_2231479905
2023-03-19 07:28,3526271779,20971520,6118900,5,region6_2231479909
2023-03-19 07:28,3521538165,1664200,2097152,1,region6_2231479911
2023-03-19 07:28,3525785161,3145728,1048576,5,region6_2231479909
2023-03-19 07:28,3525947443,0,8481568,5,region6_2231479909
2023-03-19 07:28,3525263145,4614721,1048576,2,region6_2231479905
2023-03-19 07:28,3525751030,0,176,2,region6_2231479902
2023-03-19 07:28,3525770780,0,8388608,4,region6_2231479911
2023-03-19 07:28,3525281519,3747728,1048576,2,region6_2231479907
2023-03-19 07:28,3524365469,697954,94463,2,region6_2231479905
2023-03-19 07:28,3524365469,1947050,1204015,2,region6_2231479905
2023-03-19 07:28,3526041371,5384832,304640,2,region6_2231479902
2023-03-19 07:28,3525281519,3226430,1569874,2,region6_2231479907
2023-03-19 07:28,3525879828,5483091,2905517,2,region6_2231479907
2023-03-19 07:28,3525879828,3085175,115208,2,region6_2231479907
2023-03-19 07:28,3525930570,0,63314,2,region6_2231479905
2023-03-19 07:28,3525930570,1374462,84934,2,region6_2231479905
2023-03-19 07:28,3525907115,2965323,530864,2,region6_2231479911
2023-03-19 07:28,3525907115,818859,221722,2,region6_2231479911
2023-03-19 07:28,3526055671,0,2281021,4,region6_2231479918
2023-03-19 07:28,3521204620,8192,14253,2,region6_2231479902
2023-03-19 07:28,3521204620,0,176,2,region6_2231479902
2023-03-19 07:28,3526020121,941226,53678,2,region6_2231479907
2023-03-19 07:28,3521147083,5592879,1048576,2,region6_2231479905
2023-03-19 07:28,3521338852,152278,959579,2,region6_2231479905
2023-03-19 07:28,3526020121,0,859409,2,region6_2231479907
2023-03-19 07:28,3526451583,0,8388608,4,region6_2231479919
2023-03-19 07:28,3525672596,508590,7513880,1,region6_2231479910
2023-03-19 07:28,3525748461,0,8481568,5,region6_2231479909
2023-03-19 07:28,3525970425,0,6073074,2,region6_2231479907
2023-03-19 07:28,3521894047,1104034,376438,2,region6_2231479905
2023-03-19 07:28,3521968811,0,2393297,1,region6_2231479910
2023-03-19 07:28,3524968804,0,8388608,4,region6_2231479920
2023-03-19 07:28,3525667191,0,1048576,5,region6_2231479909
2023-03-19 07:28,3525667191,1048576,1048576,5,region6_2231479909
2023-03-19 07:28,3524990956,4450619,1032,2,region6_2231479905
2023-03-19 07:28,3524063173,0,8388608,2,region6_2231479906
2023-03-19 07:28,3526172964,4289808,4191760,2,region6_2231479904
2023-03-19 07:28,3526172964,0,4768464,2,region6_2231479904
2023-03-19 07:28,3526172964,7403792,1077776,2,region6_2231479904
2023-03-19 07:28,3522020316,0,8388608,2,region6_2231479903
2023-03-19 07:28,3525443911,811,3574,2,region6_2231479905
2023-03-19 07:28,3521538165,3761352,649426,1,region6_2231479911
2023-03-19 07:28,3522908902,0,1614302,2,region6_2231479916
2023-03-19 07:28,3521214210,0,11751,2,region6_2231479902
2023-03-19 07:28,3520804093,3140727,1115456,2,region6_2231479911
2023-03-19 07:28,3525874324,4003465,1537732,2,region6_2231479907
2023-03-19 07:28,3525874324,1195429,167366,2,region6_2231479907
2023-03-19 07:28,3526160157,5113664,48,2,region6_2231479902
2023-03-19 07:28,3526231842,2792347,1602296,2,region6_2231479907
2023-03-19 07:28,3526231842,3346067,1048576,2,region6_2231479907
2023-03-19 07:28,3526280653,0,1152,2,region6_2231479902
2023-03-19 07:28,3520888582,6215130,1879041,2,region6_2231479907
2023-03-19 07:28,3521195870,0,14285,2,region6_2231479902
2023-03-19 07:28,3522684762,5968844,1291713,2,region6_2231479905
2023-03-19 07:28,3526231842,0,571823,2,region6_2231479907
2023-03-19 07:28,3520684432,0,4843115,2,region6_2231479907
2023-03-19 07:28,3524690012,12120438,40128,2,region6_2231479902
2023-03-19 07:28,3526037911,0,1445,2,region6_2231479914
2023-03-19 07:28,3526107708,0,8481568,5,region6_2231479909
2023-03-19 07:28,3523087557,7635340,475162,2,region6_2231479903
2023-03-19 07:28,3523087557,2110469,448095,2,region6_2231479903
2023-03-19 07:28,3526508298,0,2140973,4,region6_2231479911
2023-03-19 07:28,3525667274,0,1048576,5,region6_2231479909
2023-03-19 07:28,3526180695,0,2538425,4,region6_2231479906
2023-03-19 07:28,3526483653,0,8481568,5,region6_2231479909
2023-03-19 07:28,3526474332,2982746,4561960,2,region6_2231479907
2023-03-19 07:28,3525935740,0,8388608,2,region6_2231479907
2023-03-19 07:28,3520697515,580696,1048576,2,region6_2231479905
2023-03-19 07:28,3525739929,0,9408,2,region6_2231479902
2023-03-19 07:28,3526359609,0,4240784,6,region6_2231479912
2023-03-19 07:28,3520919232,0,2443,2,region6_2231479902
2023-03-19 07:28,3525944911,1904658,61690,2,region6_2231479908
2023-03-19 07:28,3525964092,0,1612569,4,region6_2231479906
2023-03-19 07:28,3526009241,8192,75687,2,region6_2231479902
2023-03-19 07:28,3526009241,0,176,2,region6_2231479902
2023-03-19 07:28,3526216547,0,8388608,2,region6_2231479906
2023-03-19 07:28,3522978292,473662,8880,2,region6_2231479916
2023-03-19 07:28,3521954243,14680064,2097152,1,region6_2231479911
2023-03-19 07:28,3521954243,12582912,2097152,1,region6_2231479911
2023-03-19 07:28,3521954243,8388608,2097152,1,region6_2231479911
2023-03-19 07:28,3521954243,4194304,2097152,1,region6_2231479911
2023-03-19 07:28,3521954243,2097152,2097152,1,region6_2231479911
2023-03-19 07:28,3521954243,10485760,2097152,1,region6_2231479911
2023-03-19 07:28,3521954243,6291456,2097152,1,region6_2231479911
2023-03-19 07:28,3521954243,0,2097152,1,region6_2231479911
2023-03-19 07:28,3520645520,0,176,2,region6_2231479902
2023-03-19 07:28,3525222126,1313822,604154,2,region6_2231479905
2023-03-19 07:28,3525222126,0,154524,2,region6_2231479905
2023-03-19 07:28,3521954243,23068672,2097152,1,region6_2231479911
2023-03-19 07:28,3521954243,20971520,2097152,1,region6_2231479911
2023-03-19 07:28,3521954243,18874368,2097152,1,region6_2231479911
2023-03-19 07:28,3521954243,16777216,2097152,1,region6_2231479911
2023-03-19 07:28,3523944196,8049042,6761131,2,region6_2231479905
2023-03-19 07:28,3523944196,0,8049042,2,region6_2231479905
2023-03-19 07:28,3520645520,8192,573242,2,region6_2231479902
2023-03-19 07:28,3525443911,4385,249878,2,region6_2231479905
2023-03-19 07:28,3526154944,0,5398562,2,region6_2231479903
2023-03-19 07:28,3520917284,0,2348,2,region6_2231479902
2023-03-19 07:29,3525981576,7490896,459074,2,region6_2231479902
2023-03-19 07:29,3526086496,0,326281,3,region6_2231479910
2023-03-19 07:29,3520645520,0,176,2,region6_2231479902
2023-03-19 07:29,3525443911,18765,20831,2,region6_2231479905
2023-03-19 07:29,3525877970,0,8481568,2,region6_2231479902
2023-03-19 07:29,3521129066,2084660,281393,2,region6_2231479907
2023-03-19 07:29,3525044586,0,9524,2,region6_2231479902
2023-03-19 07:29,3526019374,2555309,89831,2,region6_2231479907
2023-03-19 07:29,3523944196,8049042,6761131,2,region6_2231479905
2023-03-19 07:29,3523944196,0,8049042,2,region6_2231479905
2023-03-19 07:29,3526305692,0,8474,2,region6_2231479902
2023-03-19 07:29,3526547139,0,22806796,3,region6_2231479911
2023-03-19 07:29,3524637282,3647065,4741543,2,region6_2231479905
2023-03-19 07:29,3524637282,337857,3309208,2,region6_2231479905
2023-03-19 07:29,3520995376,7539329,849279,2,region6_2231479905
2023-03-19 07:29,3525728746,0,8388608,2,region6_2231479903
2023-03-19 07:29,3525887300,3708315,2921380,2,region6_2231479907
2023-03-19 07:29,3525887300,0,1067991,2,region6_2231479907
2023-03-19 07:29,3526084609,4639376,3842192,2,region6_2231479902
2023-03-19 07:29,3526084609,0,5189408,2,region6_2231479902
2023-03-19 07:29,3520995376,1264970,1511572,2,region6_2231479905
2023-03-19 07:29,3520995376,0,1264970,2,region6_2231479905
2023-03-19 07:29,3523431136,0,23975,2,region6_2231479902
2023-03-19 07:29,3521300696,0,522261,2,region6_2231479916
2023-03-19 07:29,3521300696,0,522261,2,region6_2231479916
2023-03-19 07:29,3522503521,6778377,8036995,2,region6_2231479905
2023-03-19 07:29,3525667191,1048576,1048576,5,region6_2231479909
2023-03-19 07:29,3525667191,2097152,1048576,5,region6_2231479909
2023-03-19 07:29,3524265996,0,6621933,1,region6_2231479910
2023-03-19 07:29,3526615924,0,8388608,2,region6_2231479902
2023-03-19 07:29,3526463347,0,8388608,4,region6_2231479905
2023-03-19 07:29,3526701408,0,8481568,5,region6_2231479909
2023-03-19 07:29,3526073824,0,1045020,2,region6_2231479905
2023-03-19 07:29,3526685691,0,8388608,4,region6_2231479906
2023-03-19 07:29,3520690085,3032016,9801,2,region6_2231479905
2023-03-19 07:29,3525667274,0,1048576,5,region6_2231479909
2023-03-19 07:29,3524496736,11268242,408232,2,region6_2231479902
2023-03-19 07:29,3524496736,0,11268242,2,region6_2231479902
2023-03-19 07:29,3524496736,0,9236354,2,region6_2231479902
2023-03-19 07:29,3525443911,4385,249878,2,region6_2231479905
2023-03-19 07:29,3520934586,166216,558353,2,region6_2231479907
2023-03-19 07:29,3520934586,400561,324008,2,region6_2231479907
2023-03-19 07:29,3521467997,1011549,243246,2,region6_2231479905
2023-03-19 07:29,3522684762,5903797,24079,2,region6_2231479916
2023-03-19 07:29,3522684762,0,454684,2,region6_2231479916
2023-03-19 07:29,3520864571,5192358,1048576,2,region6_2231479905
2023-03-19 07:29,3526163505,0,1496161,2,region6_2231479905
2023-03-19 07:29,3522690143,0,4469604,2,region6_2231479907
2023-03-19 07:29,3521300696,0,522261,2,region6_2231479916
2023-03-19 07:29,3522684762,5928914,425323,2,region6_2231479916
2023-03-19 07:29,3522978292,0,498926,2,region6_2231479911
2023-03-19 07:29,3526431447,0,8388608,2,region6_2231479902
2023-03-19 07:29,3525667274,1048576,1048576,5,region6_2231479909
2023-03-19 07:29,3521116929,0,20429,2,region6_2231479902
2023-03-19 07:29,3521300696,0,522261,2,region6_2231479916
2023-03-19 07:29,3524249859,0,2145,2,region6_2231479902
2023-03-19 07:29,3524063173,0,8388608,2,region6_2231479906
2023-03-19 07:29,3525478598,16777216,8388608,1,region6_2231479916
2023-03-19 07:29,3525478598,8388608,8388608,1,region6_2231479916
2023-03-19 07:29,3526639371,0,4480,2,region6_2231479902
2023-03-19 07:29,3522908902,0,1614302,2,region6_2231479916
2023-03-19 07:29,3525225052,0,2882109,1,region6_2231479910
2023-03-19 07:29,3520934586,0,724569,2,region6_2231479906
2023-03-19 07:29,3520662869,5753085,91363,2,region6_2231479907
2023-03-19 07:29,3520662869,3103897,1243438,2,region6_2231479907
2023-03-19 07:29,3526334576,0,672020,2,region6_2231479902
2023-03-19 07:29,3525443911,0,2451708,2,region6_2231479905
2023-03-19 07:29,3525443911,7980,460950,2,region6_2231479905
2023-03-19 07:29,3525667274,2097152,1048576,5,region6_2231479909
2023-03-19 07:29,3525785161,3145728,1048576,5,region6_2231479909
2023-03-19 07:29,3521103629,0,8388608,2,region6_2231479903
2023-03-19 07:29,3525962841,0,1777116,2,region6_2231479903
2023-03-19 07:29,3521770266,0,1409321,2,region6_2231479905
2023-03-19 07:29,3524673552,0,128,2,region6_2231479902
2023-03-19 07:29,3526416715,4259,37355,2,region6_2231479905
2023-03-19 07:29,3526416715,3075394,648882,2,region6_2231479905
2023-03-19 07:29,3526703433,0,1048576,5,region6_2231479909
2023-03-19 07:29,3521770266,1409321,8388608,2,region6_2231479905
2023-03-19 07:29,3520888582,6215130,1879041,2,region6_2231479907
2023-03-19 07:29,3524673552,0,128,2,region6_2231479902
2023-03-19 07:29,3524943642,0,7423191,2,region6_2231479911
2023-03-19 07:29,3526612535,0,2939806,2,region6_2231479903
2023-03-19 07:29,3521770266,9797929,5090528,2,region6_2231479905
2023-03-19 07:29,3524943642,7423191,965417,2,region6_2231479911
2023-03-19 07:29,3526724169,0,8388608,5,region6_2231479909
2023-03-19 07:29,3526036547,551705,1438192,2,region6_2231479903
2023-03-19 07:29,3526036547,3613721,4290472,2,region6_2231479903
2023-03-19 07:29,3525667274,3145728,1048576,5,region6_2231479909
2023-03-19 07:29,3521300696,0,522261,2,region6_2231479916
2023-03-19 07:29,3525690410,1258048,46690,2,region6_2231479905
2023-03-19 07:29,3526602403,5119648,43584,2,region6_2231479902
2023-03-19 07:29,3523109460,0,34806,2,region6_2231479902
2023-03-19 07:29,3525222126,302536,223003,2,region6_2231479905
2023-03-19 07:29,3525667274,4194304,1048576,5,region6_2231479909
2023-03-19 07:29,3525222126,302536,223003,2,region6_2231479905
2023-03-19 07:29,3523108641,1324189,7064419,2,region6_2231479905
2023-03-19 07:29,3526265180,7920651,46784,2,region6_2231479902
2023-03-19 07:29,3526681563,0,256,2,region6_2231479902
2023-03-19 07:29,3520864571,5192358,1048576,2,region6_2231479905
2023-03-19 07:29,3525667274,5242880,1048576,5,region6_2231479909
2023-03-19 07:29,3525225052,2882109,5390844,1,region6_2231479910
2023-03-19 07:29,3526326335,0,8388608,2,region6_2231479911
2023-03-19 07:29,3526093637,2127296,80768,2,region6_2231479902
2023-03-19 07:29,3526655605,0,8481568,2,region6_2231479904
2023-03-19 07:29,3526728607,0,841306,5,region6_2231479912
2023-03-19 07:29,3525962177,4152352,48,2,region6_2231479902
2023-03-19 07:29,3525996153,1880203,271676,2,region6_2231479907
2023-03-19 07:29,3526052877,0,8366837,3,region6_2231479910
2023-03-19 07:29,3526549056,0,651015,2,region6_2231479902
2023-03-19 07:29,3524244870,0,1142,2,region6_2231479902
2023-03-19 07:29,3526128285,0,8481568,2,region6_2231479904
2023-03-19 07:29,3526128285,0,1171744,2,region6_2231479904
2023-03-19 07:29,3520776471,7121853,6094,2,region6_2231479905
2023-03-19 07:29,3525645595,0,2017,2,region6_2231479902
2023-03-19 07:29,3526426629,0,8388608,2,region6_2231479902
2023-03-19 07:29,3525667274,6291456,1048576,5,region6_2231479909
2023-03-19 07:29,3525667274,7340032,1048576,5,region6_2231479909
2023-03-19 07:29,3520934586,400561,324008,2,region6_2231479905
2023-03-19 07:29,3520934586,166216,234345,2,region6_2231479905
2023-03-19 07:29,3526542698,8133440,33472,2,region6_2231479902
2023-03-19 07:29,3524370392,0,8481568,6,region6_2231479912
2023-03-19 07:29,3524683370,0,254845,2,region6_2231479905
2023-03-19 07:29,3526119131,0,8481568,2,region6_2231479902
2023-03-19 07:29,3526119131,0,4467088,2,region6_2231479902
2023-03-19 07:29,3524678095,7287577,1101031,2,region6_2231479903
2023-03-19 07:29,3524678095,1991305,3092971,2,region6_2231479903
2023-03-19 07:29,3526311773,0,484320,2,region6_2231479902
2023-03-19 07:29,3525667191,2097152,1048576,5,region6_2231479909
2023-03-19 07:29,3526311773,0,8481568,2,region6_2231479902
2023-03-19 07:29,3525443911,11575,672022,2,region6_2231479905
2023-03-19 07:29,3526461712,256,128,2,region6_2231479902
2023-03-19 07:29,3521906220,0,63604,2,region6_2231479916
2023-03-19 07:29,3521906220,0,63604,2,region6_2231479916
2023-03-19 07:29,3526568130,0,8481568,5,region6_2231479909
2023-03-19 07:29,3521582110,0,57,2,region6_2231479914
2023-03-19 07:29,3524616218,0,1048576,5,region6_2231479909
2023-03-19 07:29,3524587311,0,1048576,5,region6_2231479909
2023-03-19 07:29,3523703213,7288864,48,2,region6_2231479902
2023-03-19 07:29,3520934586,400561,324008,2,region6_2231479905
2023-03-19 07:29,3520934586,166216,558353,2,region6_2231479903
2023-03-19 07:29,3521174801,0,16461,2,region6_2231479902
2023-03-19 07:29,3524324319,0,256,2,region6_2231479902
2023-03-19 07:29,3524341833,0,2594300,2,region6_2231479911
2023-03-19 07:29,3522208562,0,176,2,region6_2231479902
2023-03-19 07:29,3523109460,0,34806,2,region6_2231479902
2023-03-19 07:29,3526696039,0,6473859,2,region6_2231479906
2023-03-19 07:29,3520692257,0,176,2,region6_2231479902
2023-03-19 07:29,3524365469,94434,3040496,2,region6_2231479905
2023-03-19 07:29,3524587311,1048576,1048576,5,region6_2231479909
2023-03-19 07:29,3525742164,855863,1604794,2,region6_2231479907
2023-03-19 07:29,3525742164,1412081,1048576,2,region6_2231479907
2023-03-19 07:29,3520776471,7121853,6094,2,region6_2231479905
2023-03-19 07:29,3522908902,0,1614302,2,region6_2231479916
2023-03-19 07:29,3523108641,0,1063834,2,region6_2231479905
2023-03-19 07:29,3524435093,4978624,48,2,region6_2231479902
2023-03-19 07:29,3526518770,8192,109549,2,region6_2231479902
2023-03-19 07:29,3526518770,0,176,2,region6_2231479902
2023-03-19 07:29,3523108641,1324189,7064419,2,region6_2231479905
2023-03-19 07:29,3526235325,0,8481568,2,region6_2231479904
2023-03-19 07:29,3526633797,0,8481568,2,region6_2231479904
2023-03-19 07:29,3524296163,1793984,142656,2,region6_2231479902
2023-03-19 07:29,3524587311,2097152,1048576,5,region6_2231479909
2023-03-19 07:29,3522332633,0,128,2,region6_2231479902
2023-03-19 07:29,3520670638,9638,8388608,2,region6_2231479905
2023-03-19 07:29,3525063763,0,2033165,2,region6_2231479911
2023-03-19 07:29,3520670638,8398246,6488585,2,region6_2231479905
2023-03-19 07:29,3526073947,0,25165824,3,region6_2231479911
2023-03-19 07:29,3520934586,400561,324008,2,region6_2231479903
2023-03-19 07:29,3526669736,0,7625245,2,region6_2231479907
2023-03-19 07:29,3526703433,0,1048576,5,region6_2231479909
2023-03-19 07:29,3524587311,3145728,1048576,5,region6_2231479909
2023-03-19 07:29,3524587311,4194304,1048576,5,region6_2231479909
2023-03-19 07:29,3524294014,0,4460157,1,region6_2231479910
2023-03-19 07:29,3526712985,0,1048576,5,region6_2231479909
2023-03-19 07:29,3524321896,0,47,2,region6_2231479914
2023-03-19 07:29,3526310069,0,6992422,4,region6_2231479913
2023-03-19 07:29,3524334816,0,8388608,4,region6_2231479920
2023-03-19 07:29,3520670638,9638,8388608,2,region6_2231479905
2023-03-19 07:29,3526455817,0,7917611,3,region6_2231479910
2023-03-19 07:29,3526503825,2602344,4250370,2,region6_2231479907
2023-03-19 07:29,3520934586,400561,324008,2,region6_2231479905
2023-03-19 07:29,3526712985,1048576,1048576,5,region6_2231479909
2023-03-19 07:29,3522649232,4344370,1033813,2,region6_2231479911
2023-03-19 07:29,3520673722,4365002,1048576,2,region6_2231479905
2023-03-19 07:29,3520670638,0,9638,2,region6_2231479905
2023-03-19 07:29,3525667191,2097152,1048576,5,region6_2231479909
2023-03-19 07:29,3523713856,0,176,2,region6_2231479902
2023-03-19 07:29,3524395101,892637,4598279,2,region6_2231479905
2023-03-19 07:29,3523944196,0,8049042,2,region6_2231479905
2023-03-19 07:29,3520670638,8398246,6488585,2,region6_2231479905
2023-03-19 07:29,3526195953,6990376,144,2,region6_2231479906
2023-03-19 07:29,3526195953,0,6990376,2,region6_2231479906
2023-03-19 07:29,3520710461,7069731,1048576,2,region6_2231479905
2023-03-19 07:29,3525443911,811,3574,2,region6_2231479905
2023-03-19 07:29,3526429555,0,8388608,2,region6_2231479911
2023-03-19 07:29,3526712985,2097152,1048576,5,region6_2231479909
2023-03-19 07:29,3523944196,8049042,6761131,2,region6_2231479905
2023-03-19 07:29,3524497870,1386240,107392,2,region6_2231479902
2023-03-19 07:29,3524580820,0,45005,2,region6_2231479902
2023-03-19 07:29,3521789597,0,1178,2,region6_2231479914
2023-03-19 07:29,3524246351,5629332,418706,2,region6_2231479903
2023-03-19 07:29,3524246351,0,4192346,2,region6_2231479903
2023-03-19 07:29,3524280617,0,7705424,3,region6_2231479910
2023-03-19 07:29,3520670638,0,9638,2,region6_2231479905
2023-03-19 07:29,3520803259,389970,1048576,2,region6_2231479905
2023-03-19 07:29,3524365469,94434,3040496,2,region6_2231479905
2023-03-19 07:29,3521839155,704,128,2,region6_2231479902
2023-03-19 07:29,3524616218,0,1048576,5,region6_2231479909
2023-03-19 07:29,3524109043,16777216,8388608,1,region6_2231479916
2023-03-19 07:29,3524109043,8388608,8388608,1,region6_2231479916
2023-03-19 07:29,3520710461,7069731,1048576,2,region6_2231479905
2023-03-19 07:30,3520677037,0,1901152,2,region6_2231479905
2023-03-19 07:30,3524586394,0,1048576,5,region6_2231479909
2023-03-19 07:30,3526170615,5436192,312256,2,region6_2231479902
2023-03-19 07:30,3526412378,0,8388608,5,region6_2231479909
2023-03-19 07:30,3523499968,5245753,1048576,2,region6_2231479905
2023-03-19 07:30,3526712985,3145728,1048576,5,region6_2231479909
2023-03-19 07:30,3522661692,6246560,1453936,2,region6_2231479907
2023-03-19 07:30,3524260333,0,2274609,2,region6_2231479911
2023-03-19 07:30,3522988612,0,5615668,2,region6_2231479906
2023-03-19 07:30,3524580820,0,45005,2,region6_2231479902
2023-03-19 07:30,3520677037,1901152,8358358,2,region6_2231479905
2023-03-19 07:30,3524403399,2708976,131164,2,region6_2231479902
2023-03-19 07:30,3524616218,1048576,1048576,5,region6_2231479909
2023-03-19 07:30,3526407813,1280673,2187549,2,region6_2231479905
2023-03-19 07:30,3524403399,2840140,65582,2,region6_2231479902
2023-03-19 07:30,3526256152,0,8388608,2,region6_2231479911
2023-03-19 07:30,3526193231,0,9114,2,region6_2231479902
2023-03-19 07:30,3522248551,0,770313,2,region6_2231479916
2023-03-19 07:30,3525266642,0,8388608,2,region6_2231479906
2023-03-19 07:30,3521110473,0,8388608,2,region6_2231479903
2023-03-19 07:30,3524586394,1048576,1048576,5,region6_2231479909
2023-03-19 07:30,3526482774,0,176,2,region6_2231479902
2023-03-19 07:30,3526712985,4194304,1048576,5,region6_2231479909
2023-03-19 07:30,3524170792,0,762457,2,region6_2231479905
2023-03-19 07:30,3524749127,0,1048576,5,region6_2231479909
2023-03-19 07:30,3521677301,1399084,7168,2,region6_2231479905
2023-03-19 07:30,3521844858,1141478,308218,2,region6_2231479905
2023-03-19 07:30,3524376400,0,13056,2,region6_2231479902
2023-03-19 07:30,3524403494,0,128,2,region6_2231479902
2023-03-19 07:30,3524616218,2097152,1048576,5,region6_2231479909
2023-03-19 07:30,3520677037,0,1901152,2,region6_2231479905
2023-03-19 07:30,3524587311,5242880,1048576,5,region6_2231479909
2023-03-19 07:30,3524587311,4194304,1048576,5,region6_2231479909
2023-03-19 07:30,3526304921,0,57549,2,region6_2231479902
2023-03-19 07:30,3526537378,4773494,3615114,2,region6_2231479907
2023-03-19 07:30,3526537378,2546496,716243,2,region6_2231479907
2023-03-19 07:30,3526537378,0,1120992,2,region6_2231479907
2023-03-19 07:30,3526580517,0,8388608,2,region6_2231479906
2023-03-19 07:30,3524212876,0,21261,2,region6_2231479902
2023-03-19 07:30,3521649836,0,31981,2,region6_2231479902
2023-03-19 07:30,3524303163,2307330,4231145,2,region6_2231479903
2023-03-19 07:30,3524303163,5489899,1048576,2,region6_2231479903
2023-03-19 07:30,3524341793,0,4271630,3,region6_2231479910
2023-03-19 07:30,3524586394,2097152,1048576,5,region6_2231479909
2023-03-19 07:30,3524749127,1048576,1048576,5,region6_2231479909
2023-03-19 07:30,3524812878,0,176,2,region6_2231479902
2023-03-19 07:30,3526712985,5242880,1048576,5,region6_2231479909
2023-03-19 07:30,3524403494,0,128,2,region6_2231479902
2023-03-19 07:30,3521906220,0,63604,2,region6_2231479916
2023-03-19 07:30,3524619546,6859032,655820,2,region6_2231479902
2023-03-19 07:30,3526302002,0,8388608,2,region6_2231479903
2023-03-19 07:30,3524616218,3145728,1048576,5,region6_2231479909
2023-03-19 07:30,3523338718,38912,4098677,2,region6_2231479905
2023-03-19 07:30,3526449957,3149707,832748,2,region6_2231479911
2023-03-19 07:30,3525707404,14691285,322,2,region6_2231479911
2023-03-19 07:30,3522846330,0,755264,2,region6_2231479902
2023-03-19 07:30,3520677037,1901152,8358358,2,region6_2231479905
2023-03-19 07:30,3524252411,0,460411,2,region6_2231479905
2023-03-19 07:30,3526449957,47688,746967,2,region6_2231479911
2023-03-19 07:30,3526571547,4501968,3979600,2,region6_2231479904
2023-03-19 07:30,3526571547,0,4666128,2,region6_2231479904
2023-03-19 07:30,3524586394,3145728,1048576,5,region6_2231479909
2023-03-19 07:30,3524661290,0,204422,2,region6_2231479902
2023-03-19 07:30,3524749127,2097152,1048576,5,region6_2231479909
2023-03-19 07:30,3526304921,0,57549,2,region6_2231479902
2023-03-19 07:30,3520860174,11066802,3731472,2,region6_2231479905
2023-03-19 07:30,3520860174,2678194,8388608,2,region6_2231479905
2023-03-19 07:30,3526598035,3507144,4881464,2,region6_2231479903
2023-03-19 07:30,3526598035,0,1527895,2,region6_2231479903
2023-03-19 07:30,3526712985,6291456,1048576,5,region6_2231479909
2023-03-19 07:30,3520654653,4197201,550171,2,region6_2231479907
2023-03-19 07:30,3520654653,6970557,1418051,2,region6_2231479907
2023-03-19 07:30,3520654653,0,2042265,2,region6_2231479907
2023-03-19 07:30,3524661290,204422,910068,2,region6_2231479902
2023-03-19 07:30,3526710327,0,8481568,5,region6_2231479909
2023-03-19 07:30,3524616218,4194304,1048576,5,region6_2231479909
2023-03-19 07:30,3524808961,0,1130254,2,region6_2231479906
2023-03-19 07:30,3524355537,0,1753529,2,region6_2231479911
2023-03-19 07:30,3524447606,0,176,2,region6_2231479902
2023-03-19 07:30,3524683199,3664721,4723887,2,region6_2231479903
2023-03-19 07:30,3524734558,0,1048576,5,region6_2231479909
2023-03-19 07:30,3524749127,3145728,1048576,5,region6_2231479909
2023-03-19 07:30,3522741645,0,176,2,region6_2231479902
2023-03-19 07:30,3524556165,4779407,108736,2,region6_2231479902
2023-03-19 07:30,3524586394,5242880,1048576,5,region6_2231479909
2023-03-19 07:30,3524586394,4194304,1048576,5,region6_2231479909
2023-03-19 07:30,3520642296,4446879,92712,2,region6_2231479907
2023-03-19 07:30,3526712985,7340032,1048576,5,region6_2231479909
2023-03-19 07:30,3524339705,0,8388608,2,region6_2231479906
2023-03-19 07:30,3524616218,5242880,1048576,5,region6_2231479909
2023-03-19 07:30,3526349663,1353248,337408,2,region6_2231479902
2023-03-19 07:30,3520860174,0,535146,2,region6_2231479905
2023-03-19 07:30,3524696918,267884,1048576,2,region6_2231479911
2023-03-19 07:30,3521969627,0,939500,2,region6_2231479907
2023-03-19 07:30,3524805825,0,8388608,5,region6_2231479909
2023-03-19 07:30,3525266642,0,8388608,2,region6_2231479906
2023-03-19 07:30,3524675092,0,4177864,3,region6_2231479910
2023-03-19 07:30,3524749127,4194304,1048576,5,region6_2231479909
2023-03-19 07:30,3526605005,0,6956496,2,region6_2231479904
2023-03-19 07:30,3526605005,6351248,2130320,2,region6_2231479904
2023-03-19 07:30,3526346991,0,6452654,2,region6_2231479906
2023-03-19 07:30,3526712985,8388608,92960,5,region6_2231479909
2023-03-19 07:30,3524616218,7340032,1048576,5,region6_2231479909
2023-03-19 07:30,3524616218,6291456,1048576,5,region6_2231479909
2023-03-19 07:30,3524640567,0,1048576,5,region6_2231479909
2023-03-19 07:30,3526566152,0,8388608,2,region6_2231479907
2023-03-19 07:30,3521679436,0,7910962,2,region6_2231479905
2023-03-19 07:30,3526722461,0,6995567,4,region6_2231479913
2023-03-19 07:30,3523108641,1324189,7064419,2,region6_2231479905
2023-03-19 07:30,3524564130,0,3138608,2,region6_2231479904
2023-03-19 07:30,3524749127,5242880,1048576,5,region6_2231479909
2023-03-19 07:30,3521679436,7910962,6976480,2,region6_2231479905
2023-03-19 07:30,3524505752,5822887,2565721,2,region6_2231479907
2023-03-19 07:30,3524505752,0,2112258,2,region6_2231479907
2023-03-19 07:30,3524564130,3136432,5345136,2,region6_2231479904
2023-03-19 07:30,3524638605,6415552,26624,2,region6_2231479902
2023-03-19 07:30,3526088570,0,25165824,3,region6_2231479911
2023-03-19 07:30,3526618776,0,8481568,5,region6_2231479909
2023-03-19 07:30,3522251832,1354738,6996,2,region6_2231479905
2023-03-19 07:30,3524587311,6291456,1048576,5,region6_2231479909
2023-03-19 07:30,3524640567,1048576,1048576,5,region6_2231479909
2023-03-19 07:30,3520776471,5994907,2240243,2,region6_2231479905
2023-03-19 07:30,3524749127,6291456,1048576,5,region6_2231479909
2023-03-19 07:30,3526483570,0,8312895,3,region6_2231479910
2023-03-19 07:30,3524523945,8037822,350786,2,region6_2231479911
2023-03-19 07:30,3526547139,0,2097152,1,region6_2231479911
2023-03-19 07:30,3524339705,0,8388608,2,region6_2231479906
2023-03-19 07:30,3526547139,6291456,2097152,1,region6_2231479911
2023-03-19 07:30,3526547139,4194304,2097152,1,region6_2231479911
2023-03-19 07:30,3526547139,2097152,2097152,1,region6_2231479911
2023-03-19 07:30,3521815966,5368768,713728,2,region6_2231479902
2023-03-19 07:30,3521679436,0,7910962,2,region6_2231479905
2023-03-19 07:30,3524637282,0,337857,2,region6_2231479905
2023-03-19 07:30,3524734558,0,1048576,5,region6_2231479909
2023-03-19 07:30,3524859655,0,384,2,region6_2231479902
2023-03-19 07:30,3526547139,10485760,2097152,1,region6_2231479911
2023-03-19 07:30,3526547139,8388608,2097152,1,region6_2231479911
2023-03-19 07:30,3526547139,12582912,2097152,1,region6_2231479911
2023-03-19 07:30,3521679436,7910962,6976480,2,region6_2231479905
2023-03-19 07:30,3524283325,0,8388608,4,region6_2231479911
2023-03-19 07:30,3524408546,0,10083424,5,region6_2231479909
2023-03-19 07:30,3524587311,7340032,1048576,5,region6_2231479909
2023-03-19 07:30,3524640567,2097152,1048576,5,region6_2231479909
2023-03-19 07:30,3524734558,1048576,1048576,5,region6_2231479909
2023-03-19 07:30,3524749127,7340032,1048576,5,region6_2231479909
2023-03-19 07:30,3520690085,1247318,1794499,2,region6_2231479905
2023-03-19 07:30,3526547139,14680064,2097152,1,region6_2231479911
2023-03-19 07:30,3526547139,16777216,2097152,1,region6_2231479911
2023-03-19 07:30,3524430248,5770677,96985,2,region6_2231479907
2023-03-19 07:30,3524430248,8254200,134408,2,region6_2231479907
2023-03-19 07:30,3524430248,1617428,1377875,2,region6_2231479907
2023-03-19 07:30,3526527696,0,1628652,2,region6_2231479911
2023-03-19 07:30,3526547139,20971520,1835276,1,region6_2231479911
2023-03-19 07:30,3526547139,18874368,2097152,1,region6_2231479911
2023-03-19 07:30,3526601078,0,8388608,2,region6_2231479902
2023-03-19 07:30,3524275461,0,6501216,2,region6_2231479904
2023-03-19 07:30,3524275461,0,6475616,2,region6_2231479904
2023-03-19 07:30,3521670394,0,176,2,region6_2231479902
2023-03-19 07:30,3526496950,0,2443460,2,region6_2231479905
2023-03-19 07:30,3526548111,0,8481568,6,region6_2231479912
2023-03-19 07:30,3524644247,4608,14080,2,region6_2231479902
2023-03-19 07:30,3520943562,515732,304703,2,region6_2231479905
2023-03-19 07:30,3520943562,7064438,1048576,2,region6_2231479905
2023-03-19 07:30,3524275461,6501264,1980304,2,region6_2231479904
2023-03-19 07:30,3524275461,6501216,1980352,2,region6_2231479904
2023-03-19 07:30,3524295065,0,7680,2,region6_2231479902
2023-03-19 07:30,3524587311,8388608,92960,5,region6_2231479909
2023-03-19 07:30,3524640567,3145728,1048576,5,region6_2231479909
2023-03-19 07:30,3526566804,22226784,15296,2,region6_2231479902
2023-03-19 07:30,3524622426,0,176,2,region6_2231479902
2023-03-19 07:30,3524458505,0,8388608,2,region6_2231479911
2023-03-19 07:30,3526607116,2925120,85952,2,region6_2231479902
2023-03-19 07:30,3526680682,0,8481568,5,region6_2231479909
2023-03-19 07:30,3520943562,7064438,1048576,2,region6_2231479905
2023-03-19 07:30,3522728825,372531,573850,2,region6_2231479902
2023-03-19 07:30,3522728825,0,372531,2,region6_2231479902
2023-03-19 07:30,3524303163,0,2097228,2,region6_2231479903
2023-03-19 07:30,3521924937,241352,57183,2,region6_2231479902
2023-03-19 07:30,3521924937,0,241352,2,region6_2231479902
2023-03-19 07:30,3524861938,0,6991484,4,region6_2231479913
2023-03-19 07:30,3524294014,4460157,2441732,1,region6_2231479910
2023-03-19 07:30,3524640567,4194304,1048576,5,region6_2231479909
2023-03-19 07:30,3520888291,0,17735,2,region6_2231479902
2023-03-19 07:30,3522117030,80945,1016063,2,region6_2231479905
2023-03-19 07:30,3522117030,3720921,1063013,2,region6_2231479905
2023-03-19 07:30,3524868748,0,8481568,5,region6_2231479909
2023-03-19 07:30,3524635452,0,85772,2,region6_2231479902
2023-03-19 07:30,3524741629,0,732479,2,region6_2231479907
2023-03-19 07:30,3523716270,0,19322,2,region6_2231479902
2023-03-19 07:30,3524794976,5670528,110848,2,region6_2231479902
2023-03-19 07:30,3526724253,0,9806324,6,region6_2231479912
2023-03-19 07:30,3524836850,0,17972,2,region6_2231479902
2023-03-19 07:30,3524904918,0,9765517,5,region6_2231479909
2023-03-19 07:30,3525072603,0,725696,2,region6_2231479902
2023-03-19 07:30,3526717068,0,305373,2,region6_2231479907
2023-03-19 07:30,3524640567,6291456,1048576,5,region6_2231479909
2023-03-19 07:30,3524640567,5242880,1048576,5,region6_2231479909
2023-03-19 07:30,3524655087,0,1511,2,region6_2231479902
2023-03-19 07:30,3524338137,6423261,1804633,2,region6_2231479903
2023-03-19 07:30,3526716349,1048576,1048576,5,region6_2231479909
2023-03-19 07:30,3526716349,0,1048576,5,region6_2231479909
2023-03-19 07:30,3526716349,4194304,1048576,5,region6_2231479909
2023-03-19 07:30,3526716349,3145728,1048576,5,region6_2231479909
2023-03-19 07:30,3526716349,2097152,1048576,5,region6_2231479909
2023-03-19 07:30,3522427041,0,455376,2,region6_2231479907
2023-03-19 07:30,3524822358,0,1406100,2,region6_2231479905
2023-03-19 07:30,3524822358,1406100,6982508,2,region6_2231479905
2023-03-19 07:30,3523426300,4198895,436308,2,region6_2231479905
2023-03-19 07:30,3526527696,1631076,6757532,2,region6_2231479911
2023-03-19 07:30,3526716349,6291456,700278,5,region6_2231479909
2023-03-19 07:30,3526716349,5242880,1048576,5,region6_2231479909
2023-03-19 07:30,3524521520,0,25165824,3,region6_2231479911
2023-03-19 07:30,3524734558,1048576,1048576,5,region6_2231479909
2023-03-19 07:30,3524210516,0,4263,2,region6_2231479902
2023-03-19 07:30,3520860174,2678194,8388608,2,region6_2231479905
2023-03-19 07:30,3524333047,0,8388608,4,region6_2231479919
2023-03-19 07:30,3522408035,0,4022435,2,region6_2231479905
2023-03-19 07:30,3524734558,2097152,1048576,5,region6_2231479909
2023-03-19 07:30,3524774939,4415904,97024,2,region6_2231479902
2023-03-19 07:30,3524609991,0,2762257,2,region6_2231479903
2023-03-19 07:30,3524609991,4075307,4313301,2,region6_2231479903
2023-03-19 07:30,3524800100,3076287,1050126,2,region6_2231479905
2023-03-19 07:30,3524446418,0,8369960,3,region6_2231479910
2023-03-19 07:30,3520860174,2678194,8388608,2,region6_2231479905
2023-03-19 07:30,3520714784,0,8272007,2,region6_2231479911
2023-03-19 07:30,3520860174,0,535146,2,region6_2231479905
2023-03-19 07:30,3520860174,11066802,3731472,2,region6_2231479905
2023-03-19 07:30,3526703433,0,1048576,5,region6_2231479909
2023-03-19 07:30,3524235988,5015392,48,2,region6_2231479902
2023-03-19 07:30,3522860205,3865016,304775,2,region6_2231479905
2023-03-19 07:30,3522860205,5295040,1497,2,region6_2231479905
2023-03-19 07:30,3524734558,3145728,1048576,5,region6_2231479909
2023-03-19 07:30,3523936205,0,8388608,2,region6_2231479903
2023-03-19 07:30,3525072603,0,6361600,2,region6_2231479902
2023-03-19 07:30,3524396621,0,8481568,5,region6_2231479909
2023-03-19 07:30,3520860174,535146,2143048,2,region6_2231479905
2023-03-19 07:30,3524394438,0,39284,6,region6_2231479912
2023-03-19 07:30,3524585075,0,6444078,2,region6_2231479916
2023-03-19 07:30,3524678095,7082848,1305760,2,region6_2231479903
2023-03-19 07:30,3524678095,957931,3379764,2,region6_2231479903
2023-03-19 07:30,3520645520,0,176,2,region6_2231479902
2023-03-19 07:30,3520645520,8192,573242,2,region6_2231479902
2023-03-19 07:30,3524803622,0,50426,2,region6_2231479902
2023-03-19 07:30,3524437283,0,5418408,2,region6_2231479907
2023-03-19 07:30,3525051445,0,8388608,2,region6_2231479902
2023-03-19 07:30,3520645520,0,176,2,region6_2231479902
2023-03-19 07:30,3524734558,4194304,1048576,5,region6_2231479909
2023-03-19 07:30,3520860174,0,535146,2,region6_2231479905
2023-03-19 07:30,3524512819,0,12116,2,region6_2231479902
2023-03-19 07:30,3524633263,0,14053,5,region6_2231479909
2023-03-19 07:30,3524649436,0,7611616,4,region6_2231479911
2023-03-19 07:30,3520860174,535146,2143048,2,region6_2231479905
2023-03-19 07:30,3524563042,0,939629,2,region6_2231479902
2023-03-19 07:30,3524734558,5242880,1048576,5,region6_2231479909
2023-03-19 07:30,3524734558,6291456,1048576,5,region6_2231479909
2023-03-19 07:30,3520810802,0,136404,2,region6_2231479902
2023-03-19 07:30,3524525147,0,8388608,2,region6_2231479907
2023-03-19 07:30,3524563042,194418,745211,2,region6_2231479902
2023-03-19 07:30,3524714497,0,352043,4,region6_2231479906
2023-03-19 07:31,3520956712,0,67,2,region6_2231479914
2023-03-19 07:31,3525160442,0,8481568,5,region6_2231479909
2023-03-19 07:31,3524973598,4489728,212928,2,region6_2231479902
2023-03-19 07:31,3525041733,0,8388608,2,region6_2231479902
2023-03-19 07:31,3525072603,2102656,6378912,2,region6_2231479902
2023-03-19 07:31,3525099640,0,8295,2,region6_2231479902
2023-03-19 07:31,3524510402,0,4405316,2,region6_2231479907
2023-03-19 07:31,3521770739,5946353,2442255,2,region6_2231479907
2023-03-19 07:31,3524254712,0,5657344,2,region6_2231479902
2023-03-19 07:31,3520934586,166216,558353,2,region6_2231479907
2023-03-19 07:31,3520934586,400561,324008,2,region6_2231479907
2023-03-19 07:31,3524895522,1326034,6135448,2,region6_2231479907
2023-03-19 07:31,3521300696,0,522261,2,region6_2231479916
2023-03-19 07:31,3520670357,0,8366743,1,region6_2231479910
2023-03-19 07:31,3524254712,5659648,2821920,2,region6_2231479902
2023-03-19 07:31,3525017366,0,54510,4,region6_2231479914
2023-03-19 07:31,3524316336,0,2932,2,region6_2231479902
2023-03-19 07:31,3524640567,7340032,1048576,5,region6_2231479909
2023-03-19 07:31,3524640567,6291456,1048576,5,region6_2231479909
2023-03-19 07:31,3522385099,0,8388608,2,region6_2231479906
2023-03-19 07:31,3522035807,0,422936,2,region6_2231479905
2023-03-19 07:31,3521277809,0,2868,2,region6_2231479902
2023-03-19 07:31,3521770266,0,1409321,2,region6_2231479905
2023-03-19 07:31,3523600077,0,174618,2,region6_2231479902
2023-03-19 07:31,3521770266,1409321,8388608,2,region6_2231479905
2023-03-19 07:31,3524669107,82116,1656677,2,region6_2231479905
2023-03-19 07:31,3524230904,0,8388608,5,region6_2231479909
2023-03-19 07:31,3523440239,0,43136,2,region6_2231479902
2023-03-19 07:31,3524526412,2379297,144229,2,region6_2231479911
2023-03-19 07:31,3521214405,225796,908533,2,region6_2231479905
2023-03-19 07:31,3521300696,0,522261,2,region6_2231479916
2023-03-19 07:31,3524473490,152192,143552,2,region6_2231479902
2023-03-19 07:31,3524665950,0,1788477,2,region6_2231479911
2023-03-19 07:31,3524403399,2905722,131164,2,region6_2231479902
2023-03-19 07:31,3521203758,0,8388608,2,region6_2231479907
2023-03-19 07:31,3524496736,11426834,249640,2,region6_2231479902
2023-03-19 07:31,3524734558,6291456,1048576,5,region6_2231479909
2023-03-19 07:31,3520671120,0,446394,2,region6_2231479905
2023-03-19 07:31,3525151514,0,12933370,6,region6_2231479912
2023-03-19 07:31,3524702793,0,6977406,3,region6_2231479910
2023-03-19 07:31,3524826794,0,1077505,2,region6_2231479903
2023-03-19 07:31,3524538748,6127841,2260767,2,region6_2231479907
2023-03-19 07:31,3524586394,5242880,1048576,5,region6_2231479909
2023-03-19 07:31,3523085748,1890304,73792,2,region6_2231479902
2023-03-19 07:31,3524254802,0,8381956,3,region6_2231479910
2023-03-19 07:31,3524451033,0,4102437,2,region6_2231479903
2023-03-19 07:31,3524451033,5762344,187755,2,region6_2231479903
2023-03-19 07:31,3520671120,446394,8388608,2,region6_2231479905
2023-03-19 07:31,3524734558,7340032,1048576,5,region6_2231479909
2023-03-19 07:31,3524734558,8388608,92960,5,region6_2231479909
2023-03-19 07:31,3524255933,0,176,2,region6_2231479902
2023-03-19 07:31,3525142013,0,3207648,2,region6_2231479906
2023-03-19 07:31,3521300696,0,522261,2,region6_2231479916
2023-03-19 07:31,3521300696,0,522261,2,region6_2231479916
2023-03-19 07:31,3525417382,0,8320,2,region6_2231479902
2023-03-19 07:31,3521770266,9797929,5090528,2,region6_2231479905
2023-03-19 07:31,3524879172,2283488,172224,2,region6_2231479902
2023-03-19 07:31,3524975862,0,7713042,3,region6_2231479910
2023-03-19 07:31,3524664010,0,8481568,5,region6_2231479912
2023-03-19 07:31,3520671120,8835002,6051977,2,region6_2231479905
2023-03-19 07:31,3524957156,3925848,1259698,2,region6_2231479907
2023-03-19 07:31,3525064506,0,6991431,4,region6_2231479913
2023-03-19 07:31,3522328354,236187,872044,2,region6_2231479907
2023-03-19 07:31,3523014101,2711429,327465,2,region6_2231479903
2023-03-19 07:31,3523014101,0,1326834,2,region6_2231479903
2023-03-19 07:31,3523014101,7310407,587796,2,region6_2231479903
2023-03-19 07:31,3524616218,7340032,1048576,5,region6_2231479909
2023-03-19 07:31,3524640567,7340032,1048576,5,region6_2231479909
2023-03-19 07:31,3525319807,0,8388608,4,region6_2231479905
2023-03-19 07:31,3524323150,6041566,522056,2,region6_2231479907
2023-03-19 07:31,3524323150,1565739,1253841,2,region6_2231479907
2023-03-19 07:31,3524021012,0,9638868,5,region6_2231479909
2023-03-19 07:31,3522272167,0,23866,2,region6_2231479902
2023-03-19 07:31,3525043246,6975410,1413198,2,region6_2231479907
2023-03-19 07:31,3522904637,0,1752040,1,region6_2231479911
2023-03-19 07:31,3525128949,415952,7972656,2,region6_2231479903
2023-03-19 07:31,3524553874,0,1130247,1,region6_2231479910
2023-03-19 07:31,3524419191,0,7963464,3,region6_2231479910
2023-03-19 07:31,3524640567,8388608,92960,5,region6_2231479909
2023-03-19 07:31,3521418887,8041709,346899,2,region6_2231479905
2023-03-19 07:31,3521906220,0,63604,2,region6_2231479916
2023-03-19 07:31,3521687403,0,10644,2,region6_2231479902
2023-03-19 07:31,3525043054,0,6991307,4,region6_2231479913
2023-03-19 07:31,3524553874,1130247,6815035,1,region6_2231479910
2023-03-19 07:31,3523729373,0,4557,2,region6_2231479902
2023-03-19 07:31,3524076278,0,8388608,2,region6_2231479920
2023-03-19 07:31,3524427195,0,3008,2,region6_2231479902
2023-03-19 07:31,3524594250,0,51313,5,region6_2231479909
2023-03-19 07:31,3521300696,0,522261,2,region6_2231479916
2023-03-19 07:31,3525222126,302536,223003,2,region6_2231479905
2023-03-19 07:31,3522906547,0,984683,2,region6_2231479902
2023-03-19 07:31,3522906547,0,902187,2,region6_2231479902
2023-03-19 07:31,3524858778,0,45063,2,region6_2231479902
2023-03-19 07:31,3524717349,6160913,2227695,2,region6_2231479907
2023-03-19 07:31,3524717349,393056,1386923,2,region6_2231479907
2023-03-19 07:31,3525022584,0,12058,2,region6_2231479902
2023-03-19 07:31,3525422293,0,6990598,4,region6_2231479913
2023-03-19 07:31,3525145919,0,613024,2,region6_2231479902
2023-03-19 07:31,3524157061,0,128,2,region6_2231479902
2023-03-19 07:31,3524396636,0,8481568,2,region6_2231479904
2023-03-19 07:31,3524396636,0,8481568,2,region6_2231479904
2023-03-19 07:31,3524831068,0,71501,2,region6_2231479902
2023-03-19 07:31,3524872283,0,1048576,5,region6_2231479909
2023-03-19 07:31,3524942513,0,4872698,2,region6_2231479902
2023-03-19 07:31,3522664983,0,209408,2,region6_2231479902
2023-03-19 07:31,3525162705,0,120426,4,region6_2231479911
2023-03-19 07:31,3524533927,1934987,82998,2,region6_2231479907
2023-03-19 07:31,3524787479,0,1908,2,region6_2231479902
2023-03-19 07:31,3521786636,948849,359063,2,region6_2231479905
2023-03-19 07:31,3524586394,5242880,1048576,5,region6_2231479909
2023-03-19 07:31,3525117119,0,7032976,2,region6_2231479904
2023-03-19 07:31,3525117119,6736848,1744720,2,region6_2231479904
2023-03-19 07:31,3525264442,4594342,3794266,2,region6_2231479907
2023-03-19 07:31,3525465086,0,8388608,2,region6_2231479911
2023-03-19 07:31,3522904637,1752040,2097152,1,region6_2231479911
2023-03-19 07:31,3520732855,0,8388608,2,region6_2231479906
2023-03-19 07:31,3520995376,7539329,849279,2,region6_2231479905
2023-03-19 07:31,3524385235,0,1022360,2,region6_2231479902
2023-03-19 07:31,3524385235,2200,1310720,2,region6_2231479902
2023-03-19 07:31,3520995376,0,1264970,2,region6_2231479905
2023-03-19 07:31,3521344012,1868973,138277,2,region6_2231479911
2023-03-19 07:31,3521344012,3058430,496652,2,region6_2231479911
2023-03-19 07:31,3521344012,4905461,1843893,2,region6_2231479911
2023-03-19 07:31,3524872283,1048576,1048576,5,region6_2231479909
2023-03-19 07:31,3524385235,1312920,143829,2,region6_2231479902
2023-03-19 07:31,3520995376,1264970,1511572,2,region6_2231479905
2023-03-19 07:31,3525137582,162898,1918223,2,region6_2231479905
2023-03-19 07:31,3522716340,6396224,48,2,region6_2231479902
2023-03-19 07:31,3525607940,2749440,127488,2,region6_2231479902
2023-03-19 07:31,3524616218,7340032,1048576,5,region6_2231479909
2023-03-19 07:31,3524718003,0,8481568,2,region6_2231479904
2023-03-19 07:31,3524842566,0,3961158,4,region6_2231479906
2023-03-19 07:31,3520926467,0,47706,2,region6_2231479902
2023-03-19 07:31,3520697515,580696,1048576,2,region6_2231479905
2023-03-19 07:31,3524872283,2097152,1048576,5,region6_2231479909
2023-03-19 07:31,3525358069,0,3422051,2,region6_2231479911
2023-03-19 07:31,3525358069,2452798,1048576,2,region6_2231479911
2023-03-19 07:31,3521645200,1159426,249728,2,region6_2231479905
2023-03-19 07:31,3524611630,0,1626174,2,region6_2231479905
2023-03-19 07:31,3524611630,1626174,6762434,2,region6_2231479905
2023-03-19 07:31,3525237846,0,8388608,2,region6_2231479902
2023-03-19 07:31,3521570470,151421,14854,2,region6_2231479905
2023-03-19 07:31,3520890028,1712490,6150,2,region6_2231479903
2023-03-19 07:31,3525417398,0,3498544,2,region6_2231479904
2023-03-19 07:31,3525417398,0,6605808,2,region6_2231479904
2023-03-19 07:31,3524595670,6139456,48,2,region6_2231479902
2023-03-19 07:31,3524662988,0,1048576,5,region6_2231479909
2023-03-19 07:31,3524872283,3145728,1048576,5,region6_2231479909
2023-03-19 07:31,3523150415,0,176,2,region6_2231479902
2023-03-19 07:31,3525417398,6263600,2217968,2,region6_2231479904
2023-03-19 07:31,3524808260,0,2969674,2,region6_2231479911
2023-03-19 07:31,3525262320,6329624,48,2,region6_2231479902
2023-03-19 07:31,3525607847,7086080,334016,2,region6_2231479902
2023-03-19 07:31,3520995376,7539329,849279,2,region6_2231479905
2023-03-19 07:31,3524734558,8388608,92960,5,region6_2231479909
2023-03-19 07:31,3521338852,152278,959579,2,region6_2231479905
2023-03-19 07:31,3520864571,5192358,1048576,2,region6_2231479905
2023-03-19 07:31,3520864571,5192358,1048576,2,region6_2231479905
2023-03-19 07:31,3523144032,74797,4292189,2,region6_2231479911
2023-03-19 07:31,3523144032,7816793,91119,2,region6_2231479911
2023-03-19 07:31,3522239961,0,5255080,2,region6_2231479907
2023-03-19 07:31,3524662988,1048576,1048576,5,region6_2231479909
2023-03-19 07:31,3520995376,0,1264970,2,region6_2231479905
2023-03-19 07:31,3520995376,1264970,1511572,2,region6_2231479905
2023-03-19 07:31,3524872283,4194304,1048576,5,region6_2231479909
2023-03-19 07:31,3524877981,1275040,355456,2,region6_2231479902
2023-03-19 07:31,3521778833,0,8388608,2,region6_2231479906
2023-03-19 07:31,3520803259,389970,1048576,2,region6_2231479905
2023-03-19 07:31,3524502387,0,176,2,region6_2231479902
2023-03-19 07:31,3525109341,0,109274,2,region6_2231479902
2023-03-19 07:31,3525207191,0,7735307,2,region6_2231479905
2023-03-19 07:31,3525637123,0,8388608,2,region6_2231479917
2023-03-19 07:31,3523994884,0,4637638,2,region6_2231479911
2023-03-19 07:31,3524524250,0,4701394,2,region6_2231479905
2023-03-19 07:31,3522904637,3849192,517667,1,region6_2231479911
2023-03-19 07:31,3525697726,0,8481568,5,region6_2231479909
2023-03-19 07:31,3524662988,2097152,1048576,5,region6_2231479909
2023-03-19 07:31,3524662988,3145728,1048576,5,region6_2231479909
2023-03-19 07:31,3524872283,5242880,1048576,5,region6_2231479909
2023-03-19 07:31,3525164416,0,2980607,2,region6_2231479905
2023-03-19 07:31,3523065386,0,3738,2,region6_2231479902
2023-03-19 07:31,3521274557,5427139,2961469,2,region6_2231479905
2023-03-19 07:31,3522349733,6157917,196686,2,region6_2231479905
2023-03-19 07:31,3525646897,2048,1024,2,region6_2231479902
2023-03-19 07:31,3524881115,48784,317004,2,region6_2231479905
2023-03-19 07:31,3524881115,48784,317004,2,region6_2231479905
2023-03-19 07:31,3524524250,4701394,3687214,2,region6_2231479905
2023-03-19 07:31,3525330893,0,6992244,4,region6_2231479913
2023-03-19 07:31,3525503592,0,78247,2,region6_2231479902
2023-03-19 07:31,3520934586,0,724569,2,region6_2231479906
2023-03-19 07:31,3523087557,7635340,475162,2,region6_2231479903
2023-03-19 07:31,3523087557,2110469,448095,2,region6_2231479903
2023-03-19 07:31,3525612438,0,8388608,2,region6_2231479907
2023-03-19 07:31,3524903685,0,8481568,5,region6_2231479909
2023-03-19 07:31,3525503592,0,78247,2,region6_2231479902
2023-03-19 07:31,3521969627,0,939500,2,region6_2231479907
2023-03-19 07:31,3524865337,0,1645,2,region6_2231479902
2023-03-19 07:31,3524872283,6291456,1048576,5,region6_2231479909
2023-03-19 07:31,3525385866,263665,4970644,2,region6_2231479907
2023-03-19 07:31,3525385866,7114319,1181685,2,region6_2231479907
2023-03-19 07:31,3521209525,0,468693,2,region6_2231479907
2023-03-19 07:31,3521209525,545902,1048576,2,region6_2231479907
2023-03-19 07:31,3524932604,368562,48,2,region6_2231479902
2023-03-19 07:31,3525503592,0,78247,2,region6_2231479902
2023-03-19 07:31,3525575014,3427776,48,2,region6_2231479902
2023-03-19 07:31,3525123077,0,575033,2,region6_2231479902
2023-03-19 07:31,3524794903,0,1392080,2,region6_2231479904
2023-03-19 07:31,3525152793,8192,82458,2,region6_2231479902
2023-03-19 07:31,3525152793,0,176,2,region6_2231479902
2023-03-19 07:31,3525123077,0,865593,2,region6_2231479902
2023-03-19 07:32,3524794903,913424,7568144,2,region6_2231479904
2023-03-19 07:32,3523664466,0,9511,2,region6_2231479902
2023-03-19 07:32,3525123077,865593,256180,2,region6_2231479902
2023-03-19 07:32,3520671120,0,446394,2,region6_2231479905
2023-03-19 07:32,3524872283,7340032,1048576,5,region6_2231479909
2023-03-19 07:32,3525544804,0,4255077,2,region6_2231479907
2023-03-19 07:32,3520670638,9638,8388608,2,region6_2231479905
2023-03-19 07:32,3524616218,7340032,1048576,5,region6_2231479909
2023-03-19 07:32,3525246390,0,8388608,5,region6_2231479909
2023-03-19 07:32,3525315676,0,25165824,3,region6_2231479911
2023-03-19 07:32,3520670638,8398246,6488585,2,region6_2231479905
2023-03-19 07:32,3524789615,0,176,2,region6_2231479902
2023-03-19 07:32,3522285830,1124429,241437,2,region6_2231479905
2023-03-19 07:32,3521006110,0,5133,2,region6_2231479902
2023-03-19 07:32,3525399781,0,6398458,4,region6_2231479905
2023-03-19 07:32,3520670638,0,9638,2,region6_2231479905
2023-03-19 07:32,3525344484,0,1408,2,region6_2231479902
2023-03-19 07:32,3520671120,446394,8388608,2,region6_2231479905
2023-03-19 07:32,3524267309,0,128,2,region6_2231479902
2023-03-19 07:32,3523994884,4637638,3750970,2,region6_2231479911
2023-03-19 07:32,3523452992,0,1498,2,region6_2231479902
2023-03-19 07:32,3520671120,8835002,6051977,2,region6_2231479905
2023-03-19 07:32,3524002915,0,47559,2,region6_2231479902
2023-03-19 07:32,3523831737,1215,373299,2,region6_2231479908
2023-03-19 07:32,3523831737,1289,373225,2,region6_2231479908
2023-03-19 07:32,3525602688,0,25812,4,region6_2231479914
2023-03-19 07:32,3520995376,0,1264970,2,region6_2231479905
2023-03-19 07:32,3520995376,7539329,849279,2,region6_2231479905
2023-03-19 07:32,3524863234,0,6992767,4,region6_2231479913
2023-03-19 07:32,3524864495,0,8345335,3,region6_2231479910
2023-03-19 07:32,3524897702,4216912,4264656,2,region6_2231479904
2023-03-19 07:32,3524897702,325200,8156368,2,region6_2231479904
2023-03-19 07:32,3524897702,0,803856,2,region6_2231479904
2023-03-19 07:32,3525252826,0,6019821,5,region6_2231479909
2023-03-19 07:32,3525485203,4268824,3175089,2,region6_2231479905
2023-03-19 07:32,3525485203,0,2076594,2,region6_2231479905
2023-03-19 07:32,3520995376,1264970,1511572,2,region6_2231479905
2023-03-19 07:32,3524267309,0,128,2,region6_2231479902
2023-03-19 07:32,3525485203,2076594,2190720,2,region6_2231479905
2023-03-19 07:32,3520828009,0,690,2,region6_2231479914
2023-03-19 07:32,3524662988,3145728,1048576,5,region6_2231479909
2023-03-19 07:32,3524734558,8388608,92960,5,region6_2231479909
2023-03-19 07:32,3523731641,0,7431864,2,region6_2231479921
2023-03-19 07:32,3520677037,0,1901152,2,region6_2231479905
2023-03-19 07:32,3525739236,0,8388608,5,region6_2231479909
2023-03-19 07:32,3524882222,0,4608777,2,region6_2231479905
2023-03-19 07:32,3520677037,1901152,8358358,2,region6_2231479905
2023-03-19 07:32,3525055615,5329456,3152112,2,region6_2231479902
2023-03-19 07:32,3525055615,0,5726320,2,region6_2231479902
2023-03-19 07:32,3525400590,0,8157607,3,region6_2231479910
2023-03-19 07:32,3525508991,0,1906688,5,region6_2231479912
2023-03-19 07:32,3524882222,4608777,8388608,2,region6_2231479905
2023-03-19 07:32,3521359755,4014690,4198686,2,region6_2231479905
2023-03-19 07:32,3524662988,4194304,1048576,5,region6_2231479909
2023-03-19 07:32,3525021491,0,72,2,region6_2231479914
2023-03-19 07:32,3524863086,0,8388608,2,region6_2231479902
2023-03-19 07:32,3524882222,12997385,1788764,2,region6_2231479905
2023-03-19 07:32,3525402565,4031858,1118887,2,region6_2231479903
2023-03-19 07:32,3525402565,1444117,813805,2,region6_2231479903
2023-03-19 07:32,3525547482,0,8481568,6,region6_2231479912
2023-03-19 07:32,3525598094,0,8388608,2,region6_2231479911
2023-03-19 07:32,3525888786,0,62477,2,region6_2231479902
2023-03-19 07:32,3524532389,0,8309597,2,region6_2231479905
2023-03-19 07:32,3524304991,0,1048576,5,region6_2231479909
2023-03-19 07:32,3524865541,0,8388608,4,region6_2231479906
2023-03-19 07:32,3521036615,179204,4630941,2,region6_2231479907
2023-03-19 07:32,3525266642,0,8388608,2,region6_2231479906
2023-03-19 07:32,3521321065,0,176,2,region6_2231479902
2023-03-19 07:32,3524662988,5242880,1048576,5,region6_2231479909
2023-03-19 07:32,3523294332,0,1511,2,region6_2231479902
2023-03-19 07:32,3524916047,0,6990698,5,region6_2231479909
2023-03-19 07:32,3525020557,2163092,1048576,2,region6_2231479911
2023-03-19 07:32,3522888842,3642534,719925,2,region6_2231479905
2023-03-19 07:32,3525590461,0,4411020,2,region6_2231479903
2023-03-19 07:32,3525639963,7957045,431563,2,region6_2231479907
2023-03-19 07:32,3525639963,2050829,1552165,2,region6_2231479907
2023-03-19 07:32,3525639963,573198,27874,2,region6_2231479907
2023-03-19 07:32,3525115081,0,6991774,4,region6_2231479913
2023-03-19 07:32,3525180328,0,1368,4,region6_2231479914
2023-03-19 07:32,3524304991,1048576,1048576,5,region6_2231479909
2023-03-19 07:32,3524662988,6291456,1048576,5,region6_2231479909
2023-03-19 07:32,3521599072,111352,3953529,2,region6_2231479905
2023-03-19 07:32,3521599072,6106158,48770,2,region6_2231479905
2023-03-19 07:32,3521599072,7340490,1048118,2,region6_2231479905
2023-03-19 07:32,3521906220,0,63604,2,region6_2231479916
2023-03-19 07:32,3524532389,8309597,79011,2,region6_2231479905
2023-03-19 07:32,3525743817,1739254,1643683,2,region6_2231479907
2023-03-19 07:32,3525052875,0,8388608,5,region6_2231479909
2023-03-19 07:32,3525841181,0,8388608,4,region6_2231479911
2023-03-19 07:32,3521323562,0,4045,2,region6_2231479902
2023-03-19 07:32,3524304991,2097152,1048576,5,region6_2231479909
2023-03-19 07:32,3524662988,7340032,1048576,5,region6_2231479909
2023-03-19 07:32,3525871152,5133968,3347600,2,region6_2231479904
2023-03-19 07:32,3525871152,0,5702096,2,region6_2231479904
2023-03-19 07:32,3524304991,3145728,1048576,5,region6_2231479909
2023-03-19 07:32,3525598094,0,8388608,2,region6_2231479906
2023-03-19 07:32,3525602729,0,738516,2,region6_2231479907
2023-03-19 07:32,3521969627,0,939500,2,region6_2231479907
2023-03-19 07:32,3525758411,4941520,1274,2,region6_2231479903
2023-03-19 07:32,3525758411,1058209,1621508,2,region6_2231479903
2023-03-19 07:32,3522234818,0,1366,2,region6_2231479902
2023-03-19 07:32,3521679436,7910962,6976480,2,region6_2231479905
2023-03-19 07:32,3521679436,0,7910962,2,region6_2231479905
2023-03-19 07:32,3524734558,8388608,92960,5,region6_2231479909
2023-03-19 07:32,3524926282,4875336,3513272,2,region6_2231479905
2023-03-19 07:32,3524926282,0,4875336,2,region6_2231479905
2023-03-19 07:32,3524955363,0,3578,3,region6_2231479910
2023-03-19 07:32,3520985300,8192,277664,2,region6_2231479902
2023-03-19 07:32,3520985300,0,176,2,region6_2231479902
2023-03-19 07:32,3525390856,0,4555958,5,region6_2231479909
2023-03-19 07:32,3521906220,0,63604,2,region6_2231479916
2023-03-19 07:32,3525620416,0,1736375,4,region6_2231479906
2023-03-19 07:32,3525936222,0,10118,4,region6_2231479911
2023-03-19 07:32,3525139652,2481664,307392,2,region6_2231479902
2023-03-19 07:32,3525266642,0,8388608,2,region6_2231479906
2023-03-19 07:32,3522817730,8211731,26938,2,region6_2231479905
2023-03-19 07:32,3525766356,0,176,2,region6_2231479902
2023-03-19 07:32,3525767432,2788544,247296,2,region6_2231479902
2023-03-19 07:32,3524982296,0,8481568,5,region6_2231479909
2023-03-19 07:32,3521759782,3161206,5227402,2,region6_2231479911
2023-03-19 07:32,3525766356,8192,619904,2,region6_2231479902
2023-03-19 07:32,3521906220,0,63604,2,region6_2231479916
2023-03-19 07:32,3522817730,8062146,149585,2,region6_2231479905
2023-03-19 07:32,3525123840,0,1048576,5,region6_2231479909
2023-03-19 07:32,3525365060,0,8357773,3,region6_2231479910
2023-03-19 07:32,3525552922,0,8481568,5,region6_2231479909
2023-03-19 07:32,3525589664,3770528,309440,2,region6_2231479902
2023-03-19 07:32,3522817730,0,990004,2,region6_2231479905
2023-03-19 07:32,3525819639,0,6282617,3,region6_2231479910
2023-03-19 07:32,3525965410,0,25165824,3,region6_2231479911
2023-03-19 07:32,3521599072,1368668,6988,2,region6_2231479905
2023-03-19 07:32,3520729975,0,2061,2,region6_2231479902
2023-03-19 07:32,3522817730,990004,7072142,2,region6_2231479905
2023-03-19 07:32,3525123840,1048576,1048576,5,region6_2231479909
2023-03-19 07:32,3525188163,385864,6291334,2,region6_2231479903
2023-03-19 07:32,3525207285,0,2425408,2,region6_2231479904
2023-03-19 07:32,3522613273,0,3591804,2,region6_2231479911
2023-03-19 07:32,3525393977,0,10641965,6,region6_2231479912
2023-03-19 07:32,3521599072,1368668,6988,2,region6_2231479905
2023-03-19 07:32,3525846245,0,8211664,2,region6_2231479904
2023-03-19 07:32,3525846245,0,174416,2,region6_2231479904
2023-03-19 07:32,3525846245,8015376,466192,2,region6_2231479904
2023-03-19 07:32,3525207285,2425456,6056112,2,region6_2231479904
2023-03-19 07:32,3525207285,2425408,6056160,2,region6_2231479904
2023-03-19 07:32,3522401764,0,227,2,region6_2231479914
2023-03-19 07:32,3525364112,0,8481568,5,region6_2231479909
2023-03-19 07:32,3525005986,0,8481568,2,region6_2231479904
2023-03-19 07:32,3525435103,2774239,1048576,2,region6_2231479905
2023-03-19 07:32,3525435103,0,663094,2,region6_2231479905
2023-03-19 07:32,3525564768,0,542949,5,region6_2231479909
2023-03-19 07:32,3522934331,0,948325,2,region6_2231479907
2023-03-19 07:32,3525673119,5959584,48,2,region6_2231479902
2023-03-19 07:32,3525796607,0,3313702,3,region6_2231479910
2023-03-19 07:32,3525819756,3039015,700704,2,region6_2231479911
2023-03-19 07:32,3525922167,1964416,48,2,region6_2231479902
2023-03-19 07:32,3524882222,0,4608777,2,region6_2231479905
2023-03-19 07:32,3526040995,0,6682542,4,region6_2231479923
2023-03-19 07:32,3525123840,3145728,1048576,5,region6_2231479909
2023-03-19 07:32,3525123840,2097152,1048576,5,region6_2231479909
2023-03-19 07:32,3525435103,2962588,695604,2,region6_2231479905
2023-03-19 07:32,3525435103,704834,1204524,2,region6_2231479905
2023-03-19 07:32,3522934331,3007114,5381494,2,region6_2231479907
2023-03-19 07:32,3525715709,0,6992690,4,region6_2231479913
2023-03-19 07:32,3524882222,4608777,8388608,2,region6_2231479905
2023-03-19 07:32,3524304991,3145728,1048576,5,region6_2231479909
2023-03-19 07:32,3524304991,4194304,1048576,5,region6_2231479909
2023-03-19 07:32,3520818685,768,2944,2,region6_2231479902
2023-03-19 07:32,3522385099,1602104,1248445,2,region6_2231479911
2023-03-19 07:32,3522385099,0,391347,2,region6_2231479911
2023-03-19 07:32,3525435103,0,663094,2,region6_2231479905
2023-03-19 07:32,3525435103,2774239,1048576,2,region6_2231479905
2023-03-19 07:32,3525662850,0,8481568,5,region6_2231479909
2023-03-19 07:32,3522325706,0,6866257,2,region6_2231479903
2023-03-19 07:32,3524882222,12997385,1788764,2,region6_2231479905
2023-03-19 07:32,3521381443,0,7625921,2,region6_2231479907
2023-03-19 07:32,3525435103,704834,1204524,2,region6_2231479905
2023-03-19 07:32,3525646973,0,1408742,4,region6_2231479906
2023-03-19 07:32,3523962570,0,4235343,2,region6_2231479905
2023-03-19 07:32,3523962570,3773008,1048576,2,region6_2231479905
2023-03-19 07:32,3523962570,3773008,1048576,2,region6_2231479905
2023-03-19 07:32,3525685473,0,8315576,3,region6_2231479910
2023-03-19 07:32,3524951909,0,8747,2,region6_2231479902
2023-03-19 07:32,3521260415,0,4749935,2,region6_2231479907
2023-03-19 07:32,3525563102,0,8292975,3,region6_2231479910
2023-03-19 07:32,3525952890,7692768,788800,2,region6_2231479902
2023-03-19 07:32,3525952890,0,7626272,2,region6_2231479902
2023-03-19 07:32,3521302496,0,176,2,region6_2231479902
2023-03-19 07:32,3524395101,0,892637,2,region6_2231479905
2023-03-19 07:32,3526040995,0,6682542,2,region6_2231479920
2023-03-19 07:32,3521411945,427870,222896,2,region6_2231479905
2023-03-19 07:32,3524808260,0,2969674,2,region6_2231479905
2023-03-19 07:32,3525558836,0,23783,2,region6_2231479902
2023-03-19 07:32,3520776471,7121853,6094,2,region6_2231479905
2023-03-19 07:32,3525882606,0,8388608,2,region6_2231479902
2023-03-19 07:32,3524734558,8388608,92960,5,region6_2231479909
2023-03-19 07:32,3521906220,0,63604,2,region6_2231479916
2023-03-19 07:32,3522374117,0,145132,2,region6_2231479902
2023-03-19 07:32,3522111982,0,8388608,5,region6_2231479909
2023-03-19 07:32,3521511325,0,4549284,2,region6_2231479907
2023-03-19 07:32,3520670638,8398246,6488585,2,region6_2231479905
2023-03-19 07:32,3525704266,0,8481568,5,region6_2231479909
2023-03-19 07:32,3520995376,7539329,849279,2,region6_2231479905
2023-03-19 07:32,3525873225,0,8295174,3,region6_2231479910
2023-03-19 07:32,3520645520,0,176,2,region6_2231479902
2023-03-19 07:32,3525908664,0,1772,2,region6_2231479902
2023-03-19 07:32,3526107174,0,8388608,2,region6_2231479907
2023-03-19 07:32,3520645520,8192,573242,2,region6_2231479902
2023-03-19 07:32,3524980044,0,5660335,2,region6_2231479907
2023-03-19 07:32,3525754941,0,8388608,5,region6_2231479909
2023-03-19 07:32,3526054479,0,8388608,2,region6_2231479907
2023-03-19 07:32,3525967309,2685216,48,2,region6_2231479902
2023-03-19 07:32,3524524250,0,4701394,2,region6_2231479916
2023-03-19 07:32,3525528840,4368032,4020576,2,region6_2231479907
2023-03-19 07:32,3525555474,0,69720,2,region6_2231479905
2023-03-19 07:32,3520682524,0,176,2,region6_2231479902
2023-03-19 07:32,3521114501,6482336,49792,2,region6_2231479902
2023-03-19 07:32,3524891887,0,53997,2,region6_2231479902
2023-03-19 07:32,3525155829,0,2304,2,region6_2231479902
2023-03-19 07:32,3524524250,4701394,3687214,2,region6_2231479916
2023-03-19 07:32,3525123840,3145728,1048576,5,region6_2231479909
2023-03-19 07:32,3523944196,0,8049042,2,region6_2231479905
2023-03-19 07:32,3523944196,8049042,6761131,2,region6_2231479905
2023-03-19 07:32,3526088570,0,2097152,1,region6_2231479911
2023-03-19 07:32,3521168015,0,157312,2,region6_2231479902
2023-03-19 07:32,3525452810,0,5850,4,region6_2231479911
2023-03-19 07:32,3524561744,5516638,815027,2,region6_2231479905
2023-03-19 07:32,3525356763,0,4640152,2,region6_2231479911
2023-03-19 07:32,3526088570,2097152,2097152,1,region6_2231479911
2023-03-19 07:32,3522716340,3634304,48,2,region6_2231479902
2023-03-19 07:32,3525642853,0,8388608,2,region6_2231479903
2023-03-19 07:32,3525356763,4640152,3748456,2,region6_2231479911
2023-03-19 07:32,3520782592,6875146,16221,2,region6_2231479907
2023-03-19 07:32,3525123840,4194304,1048576,5,region6_2231479909
2023-03-19 07:33,3525845544,0,8351269,2,region6_2231479916
2023-03-19 07:33,3522175696,0,2938,2,region6_2231479902
2023-03-19 07:33,3525845544,8351269,37339,2,region6_2231479916
2023-03-19 07:33,3525123840,6291456,1048576,5,region6_2231479909
2023-03-19 07:33,3525123840,5242880,1048576,5,region6_2231479909
2023-03-19 07:33,3526207269,1826867,785894,2,region6_2231479911
2023-03-19 07:33,3521429721,5412424,475520,2,region6_2231479902
2023-03-19 07:33,3525031241,0,152372,5,region6_2231479912
2023-03-19 07:33,3526292748,0,176,2,region6_2231479902
2023-03-19 07:33,3522170710,8127210,133877,2,region6_2231479907
2023-03-19 07:33,3522170710,5880154,106538,2,region6_2231479907
2023-03-19 07:33,3522170710,1246170,1700084,2,region6_2231479907
2023-03-19 07:33,3525699470,0,294357,2,region6_2231479907
2023-03-19 07:33,3525699470,383882,1048576,2,region6_2231479907
2023-03-19 07:33,3525789402,0,8481568,2,region6_2231479904
2023-03-19 07:33,3525789402,0,6995392,2,region6_2231479904
2023-03-19 07:33,3526088570,6291456,2097152,1,region6_2231479911
2023-03-19 07:33,3526088570,4194304,2097152,1,region6_2231479911
2023-03-19 07:33,3521300696,0,522261,2,region6_2231479916
2023-03-19 07:33,3521124312,0,3510265,2,region6_2231479907
2023-03-19 07:33,3521700070,74519,3262438,2,region6_2231479911
2023-03-19 07:33,3520926467,0,47706,2,region6_2231479902
2023-03-19 07:33,3526197008,5160113,3228495,2,region6_2231479903
2023-03-19 07:33,3526197008,0,3397781,2,region6_2231479903
2023-03-19 07:33,3520977415,0,87796,2,region6_2231479902
2023-03-19 07:33,3521300696,0,522261,2,region6_2231479916
2023-03-19 07:33,3525812466,0,128,2,region6_2231479902
2023-03-19 07:33,3521700070,7747201,90529,2,region6_2231479911
2023-03-19 07:33,3521700070,4557005,47480,2,region6_2231479911
2023-03-19 07:33,3526088570,8388608,2097152,1,region6_2231479911
2023-03-19 07:33,3526088570,10485760,2097152,1,region6_2231479911
2023-03-19 07:33,3521262160,0,2229276,2,region6_2231479903
2023-03-19 07:33,3522258434,6750019,1048576,2,region6_2231479903
2023-03-19 07:33,3522258434,5595039,2203556,2,region6_2231479903
2023-03-19 07:33,3521493823,0,8388608,2,region6_2231479906
2023-03-19 07:33,3526334188,0,258868,6,region6_2231479912
2023-03-19 07:33,3522258434,0,5283469,2,region6_2231479903
2023-03-19 07:33,3525903650,0,8481568,5,region6_2231479909
2023-03-19 07:33,3525930280,0,3803440,2,region6_2231479916
2023-03-19 07:33,3525981473,0,8388608,4,region6_2231479905
2023-03-19 07:33,3526088570,12582912,2097152,1,region6_2231479911
2023-03-19 07:33,3524211447,0,11732,2,region6_2231479902
2023-03-19 07:33,3521479565,0,162215,2,region6_2231479904
2023-03-19 07:33,3521479565,0,162215,2,region6_2231479904
2023-03-19 07:33,3526088570,14680064,2097152,1,region6_2231479911
2023-03-19 07:33,3521919332,0,2176,2,region6_2231479902
2023-03-19 07:33,3525749515,0,56,2,region6_2231479914
2023-03-19 07:33,3525871279,0,4655907,5,region6_2231479909
2023-03-19 07:33,3524853698,0,1048576,5,region6_2231479909
2023-03-19 07:33,3526088570,20971520,2097152,1,region6_2231479911
2023-03-19 07:33,3526088570,23068672,2097152,1,region6_2231479911
2023-03-19 07:33,3526088570,16777216,2097152,1,region6_2231479911
2023-03-19 07:33,3526088570,18874368,2097152,1,region6_2231479911
2023-03-19 07:33,3521209516,0,7901335,2,region6_2231479906
2023-03-19 07:33,3525631310,0,14906,2,region6_2231479902
2023-03-19 07:33,3525624733,0,8354261,3,region6_2231479910
2023-03-19 07:33,3525765394,0,8313200,3,region6_2231479910
2023-03-19 07:33,3526158942,0,577775,2,region6_2231479907
2023-03-19 07:33,3525643027,3147744,1605248,2,region6_2231479902
2023-03-19 07:33,3526153414,8010080,48,2,region6_2231479902
2023-03-19 07:33,3520714784,0,8272007,2,region6_2231479911
2023-03-19 07:33,3525477305,0,5803024,2,region6_2231479902
2023-03-19 07:33,3524063173,0,8388608,2,region6_2231479906
2023-03-19 07:33,3526416418,0,3806629,2,region6_2231479907
2023-03-19 07:33,3525624056,0,6404374,3,region6_2231479910
2023-03-19 07:33,3524259223,971264,145600,2,region6_2231479902
2023-03-19 07:33,3525123840,6291456,1048576,5,region6_2231479909
2023-03-19 07:33,3525435103,2774239,1048576,2,region6_2231479905
2023-03-19 07:33,3525570534,0,8374688,3,region6_2231479910
2023-03-19 07:33,3525729453,0,8481568,5,region6_2231479909
2023-03-19 07:33,3526303219,0,574156,4,region6_2231479911
2023-03-19 07:33,3526020202,0,654556,2,region6_2231479905
2023-03-19 07:33,3526020202,654556,7734052,2,region6_2231479905
2023-03-19 07:33,3521300696,0,522261,2,region6_2231479916
2023-03-19 07:33,3525742957,0,1003198,2,region6_2231479916
2023-03-19 07:33,3525435103,2962588,695604,2,region6_2231479905
2023-03-19 07:33,3525435103,704834,1204524,2,region6_2231479905
2023-03-19 07:33,3521560802,0,4736,2,region6_2231479902
2023-03-19 07:33,3524590446,0,385,2,region6_2231479914
2023-03-19 07:33,3520710461,7069731,1048576,2,region6_2231479905
2023-03-19 07:33,3521200483,1590464,25152,2,region6_2231479902
2023-03-19 07:33,3525123840,7340032,1048576,5,region6_2231479909
2023-03-19 07:33,3521770266,1409321,8388608,2,region6_2231479905
2023-03-19 07:33,3521770266,0,1409321,2,region6_2231479905
2023-03-19 07:33,3520710461,7069731,1048576,2,region6_2231479905
2023-03-19 07:33,3526025925,0,434064,2,region6_2231479904
2023-03-19 07:33,3526025925,5518160,2963408,2,region6_2231479904
2023-03-19 07:33,3526025925,0,8481568,2,region6_2231479904
2023-03-19 07:33,3524535265,0,15884,2,region6_2231479902
2023-03-19 07:33,3522266670,0,28493,2,region6_2231479902
2023-03-19 07:33,3521770266,9797929,5090528,2,region6_2231479905
2023-03-19 07:33,3522328354,236187,872044,2,region6_2231479907
2023-03-19 07:33,3523333666,0,82733,2,region6_2231479902
2023-03-19 07:33,3521210385,1267,5658,2,region6_2231479902
2023-03-19 07:33,3525906757,0,2874388,2,region6_2231479902
2023-03-19 07:33,3525123840,9437184,64852,5,region6_2231479909
2023-03-19 07:33,3525123840,8388608,1048576,5,region6_2231479909
2023-03-19 07:33,3526492346,0,5239193,2,region6_2231479904
2023-03-19 07:33,3526492346,0,5246567,2,region6_2231479904
2023-03-19 07:33,3522817730,8211731,26938,2,region6_2231479905
2023-03-19 07:33,3525712784,1958002,1363888,2,region6_2231479907
2023-03-19 07:33,3525712784,164366,25255,2,region6_2231479907
2023-03-19 07:33,3525712784,5143206,491658,2,region6_2231479907
2023-03-19 07:33,3521300696,0,522261,2,region6_2231479916
2023-03-19 07:33,3521300696,0,522261,2,region6_2231479916
2023-03-19 07:33,3523728482,1887424,65883,2,region6_2231479916
2023-03-19 07:33,3523728482,0,681037,2,region6_2231479916
2023-03-19 07:33,3525477305,0,8481568,2,region6_2231479902
2023-03-19 07:33,3525701555,0,128,2,region6_2231479902
2023-03-19 07:33,3525929043,0,8481568,2,region6_2231479904
2023-03-19 07:33,3525477305,7460240,1021328,2,region6_2231479902
2023-03-19 07:33,3526016117,0,8370277,3,region6_2231479910
2023-03-19 07:33,3523743968,0,380287,2,region6_2231479902
2023-03-19 07:33,3525774952,338596,8050012,2,region6_2231479905
2023-03-19 07:33,3524259223,971264,145600,2,region6_2231479902
2023-03-19 07:33,3523743968,670847,623566,2,region6_2231479902
2023-03-19 07:33,3523743968,0,670847,2,region6_2231479902
2023-03-19 07:33,3521645200,1368245,40909,2,region6_2231479905
2023-03-19 07:33,3523315331,0,802544,2,region6_2231479902
2023-03-19 07:33,3524425626,5840899,2547709,2,region6_2231479905
2023-03-19 07:33,3522035052,4351466,3570125,2,region6_2231479905
2023-03-19 07:33,3525774952,0,338596,2,region6_2231479905
2023-03-19 07:33,3524680772,0,1048576,5,region6_2231479909
2023-03-19 07:33,3525910213,0,8388608,4,region6_2231479918
2023-03-19 07:33,3524425626,0,1776828,2,region6_2231479905
2023-03-19 07:33,3525915170,0,8388608,2,region6_2231479907
2023-03-19 07:33,3526389256,0,25165824,3,region6_2231479911
2023-03-19 07:33,3523161059,0,1305,2,region6_2231479914
2023-03-19 07:33,3521906220,0,63604,2,region6_2231479916
2023-03-19 07:33,3525657061,8199829,188779,2,region6_2231479916
2023-03-19 07:33,3521679436,0,7910962,2,region6_2231479905
2023-03-19 07:33,3526337716,0,8481568,2,region6_2231479904
2023-03-19 07:33,3525657061,0,8199829,2,region6_2231479916
2023-03-19 07:33,3525693777,0,8388608,2,region6_2231479906
2023-03-19 07:33,3524680772,1048576,1048576,5,region6_2231479909
2023-03-19 07:33,3526153834,0,8388608,2,region6_2231479907
2023-03-19 07:33,3521679436,7910962,6976480,2,region6_2231479905
2023-03-19 07:33,3526496679,0,4794797,2,region6_2231479907
2023-03-19 07:33,3526326335,371709,8016899,2,region6_2231479905
2023-03-19 07:33,3526326335,0,371709,2,region6_2231479905
2023-03-19 07:33,3521906220,0,63604,2,region6_2231479916
2023-03-19 07:33,3524853698,0,1048576,5,region6_2231479909
2023-03-19 07:33,3522649232,0,1218024,2,region6_2231479911
2023-03-19 07:33,3524680772,2097152,1048576,5,region6_2231479909
2023-03-19 07:33,3525123840,9437184,64852,5,region6_2231479909
2023-03-19 07:33,3525887138,0,176,2,region6_2231479902
2023-03-19 07:33,3526006852,2818656,137152,2,region6_2231479902
2023-03-19 07:33,3523163368,0,13248,2,region6_2231479902
2023-03-19 07:33,3526309527,0,8376314,3,region6_2231479910
2023-03-19 07:33,3521906220,0,63604,2,region6_2231479916
2023-03-19 07:33,3525808897,0,8388608,2,region6_2231479907
2023-03-19 07:33,3524680772,3145728,1048576,5,region6_2231479909
2023-03-19 07:33,3521114501,6482336,49792,2,region6_2231479902
2023-03-19 07:33,3525839338,0,8388608,5,region6_2231479909
2023-03-19 07:33,3525966015,0,8367853,3,region6_2231479910
2023-03-19 07:33,3522655388,0,6157098,2,region6_2231479916
2023-03-19 07:33,3526137169,0,1978,2,region6_2231479902
2023-03-19 07:33,3526426373,5949280,48,2,region6_2231479902
2023-03-19 07:33,3522655388,6157098,2231510,2,region6_2231479916
2023-03-19 07:33,3524395101,892637,4598279,2,region6_2231479905
2023-03-19 07:33,3521770266,0,1409321,2,region6_2231479905
2023-03-19 07:33,3525831976,0,8388608,5,region6_2231479909
2023-03-19 07:33,3526346582,3477081,4375134,2,region6_2231479905
2023-03-19 07:33,3524350003,0,8355957,3,region6_2231479910
2023-03-19 07:33,3524680772,5242880,1048576,5,region6_2231479909
2023-03-19 07:33,3524680772,4194304,1048576,5,region6_2231479909
2023-03-19 07:33,3524259223,971264,145600,2,region6_2231479902
2023-03-19 07:33,3526267193,6989840,800,2,region6_2231479906
2023-03-19 07:33,3526267193,0,6989840,2,region6_2231479906
2023-03-19 07:33,3521467691,3971872,433280,2,region6_2231479902
2023-03-19 07:33,3524451276,0,6014979,2,region6_2231479907
2023-03-19 07:33,3525795661,0,13728,2,region6_2231479902
2023-03-19 07:33,3526096707,0,8388608,2,region6_2231479902
2023-03-19 07:33,3523839342,4194304,4186786,1,region6_2231479910
2023-03-19 07:33,3523839342,0,4194304,1,region6_2231479910
2023-03-19 07:33,3523499968,5245753,1048576,2,region6_2231479905
2023-03-19 07:33,3526203706,640033,817411,2,region6_2231479907
2023-03-19 07:33,3524304991,4194304,1048576,5,region6_2231479909
2023-03-19 07:33,3524315563,0,2765934,5,region6_2231479909
2023-03-19 07:33,3521770266,1409321,8388608,2,region6_2231479905
2023-03-19 07:33,3525360421,4030080,305472,2,region6_2231479902
2023-03-19 07:33,3526269179,581882,1048576,2,region6_2231479905
2023-03-19 07:33,3520943562,7064438,1048576,2,region6_2231479905
2023-03-19 07:33,3522710576,0,4783733,2,region6_2231479903
2023-03-19 07:33,3520943562,515732,304703,2,region6_2231479905
2023-03-19 07:33,3522710576,6483447,1905161,2,region6_2231479903
2023-03-19 07:33,3521645200,183743,1244,2,region6_2231479905
2023-03-19 07:33,3521645200,1368245,40909,2,region6_2231479905
2023-03-19 07:33,3525748788,8192,20442,2,region6_2231479902
2023-03-19 07:33,3525748788,0,176,2,region6_2231479902
2023-03-19 07:33,3525801797,0,1430,2,region6_2231479902
2023-03-19 07:33,3525990043,693242,313190,2,region6_2231479905
2023-03-19 07:33,3522702636,0,642656,2,region6_2231479916
2023-03-19 07:33,3521284191,0,2707884,2,region6_2231479916
2023-03-19 07:33,3521599072,1368668,6988,2,region6_2231479905
2023-03-19 07:33,3525973373,0,6531337,2,region6_2231479907
2023-03-19 07:33,3526288336,0,8388608,2,region6_2231479907
2023-03-19 07:33,3524339705,8144292,244316,2,region6_2231479905
2023-03-19 07:33,3524339705,0,5656158,2,region6_2231479905
2023-03-19 07:33,3522035052,5405254,5937,2,region6_2231479905
2023-03-19 07:33,3521770266,9797929,5090528,2,region6_2231479905
2023-03-19 07:33,3526253869,0,8481568,2,region6_2231479904
2023-03-19 07:33,3524365364,359131,1346375,2,region6_2231479905
2023-03-19 07:33,3524466035,0,8388608,2,region6_2231479906
2023-03-19 07:33,3525967948,0,1933101,4,region6_2231479916
2023-03-19 07:33,3523163556,0,176,2,region6_2231479902
2023-03-19 07:34,3525934254,0,8388608,4,region6_2231479911
2023-03-19 07:34,3524853698,0,1048576,5,region6_2231479909
2023-03-19 07:34,3521192805,0,2293255,2,region6_2231479911
2023-03-19 07:34,3526190090,2515,3162,2,region6_2231479902
2023-03-19 07:34,3521381443,0,821225,2,region6_2231479905
2023-03-19 07:34,3526544120,0,8388608,4,region6_2231479906
2023-03-19 07:34,3521381443,4044600,3737015,2,region6_2231479905
2023-03-19 07:34,3521381443,821225,3223375,2,region6_2231479905
2023-03-19 07:34,3524339705,5656158,2488134,2,region6_2231479905
2023-03-19 07:34,3524400713,0,8388608,4,region6_2231479919
2023-03-19 07:34,3520804093,3135649,1120534,2,region6_2231479911
2023-03-19 07:34,3524327974,6343722,929049,2,region6_2231479907
2023-03-19 07:34,3524327974,1313169,1666780,2,region6_2231479907
2023-03-19 07:34,3524680772,5242880,1048576,5,region6_2231479909
2023-03-19 07:34,3524680772,6291456,1048576,5,region6_2231479909
2023-03-19 07:34,3525930209,8127643,260965,2,region6_2231479905
2023-03-19 07:34,3520702851,0,2682,2,region6_2231479902
2023-03-19 07:34,3526349273,0,877550,2,region6_2231479907
2023-03-19 07:34,3526376661,3834502,4300540,2,region6_2231479905
2023-03-19 07:34,3521844858,1434252,233761,2,region6_2231479905
2023-03-19 07:34,3525930209,8127196,447,2,region6_2231479905
2023-03-19 07:34,3525403198,0,8388608,2,region6_2231479906
2023-03-19 07:34,3526479397,0,8481568,5,region6_2231479909
2023-03-19 07:34,3524487118,8201898,141250,2,region6_2231479907
2023-03-19 07:34,3520651803,0,252135,2,region6_2231479902
2023-03-19 07:34,3525930209,0,866578,2,region6_2231479905
2023-03-19 07:34,3525930209,866578,7260618,2,region6_2231479905
2023-03-19 07:34,3521020378,0,7252,2,region6_2231479902
2023-03-19 07:34,3521906220,0,63604,2,region6_2231479916
2023-03-19 07:34,3524499687,0,8388608,4,region6_2231479918
2023-03-19 07:34,3525993328,6871712,427008,2,region6_2231479902
2023-03-19 07:34,3526353113,3097472,37504,2,region6_2231479902
2023-03-19 07:34,3526436163,1585312,48,2,region6_2231479902
2023-03-19 07:34,3524325731,0,8481568,5,region6_2231479909
2023-03-19 07:34,3522817730,8211731,26938,2,region6_2231479911
2023-03-19 07:34,3524673552,0,128,2,region6_2231479902
2023-03-19 07:34,3521888725,0,31776,2,region6_2231479902
2023-03-19 07:34,3524673552,0,128,2,region6_2231479902
2023-03-19 07:34,3525963581,3496918,4891690,2,region6_2231479907
2023-03-19 07:34,3521209525,545902,1048576,2,region6_2231479905
2023-03-19 07:34,3526139574,6967270,27884,2,region6_2231479906
2023-03-19 07:34,3526139574,0,6967270,2,region6_2231479906
2023-03-19 07:34,3522161544,8299391,89217,2,region6_2231479907
2023-03-19 07:34,3522161544,7464023,755334,2,region6_2231479907
2023-03-19 07:34,3522161544,0,5639531,2,region6_2231479907
2023-03-19 07:34,3521209525,545902,1048576,2,region6_2231479905
2023-03-19 07:34,3524304991,4194304,1048576,5,region6_2231479909
2023-03-19 07:34,3521906220,0,63604,2,region6_2231479916
2023-03-19 07:34,3525947000,0,3328,2,region6_2231479902
2023-03-19 07:34,3524704814,0,8388608,2,region6_2231479902
2023-03-19 07:34,3526312003,0,8481568,2,region6_2231479904
2023-03-19 07:34,3526131110,0,8481568,2,region6_2231479904
2023-03-19 07:34,3525315676,2097152,2097152,1,region6_2231479911
2023-03-19 07:34,3525315676,0,2097152,1,region6_2231479911
2023-03-19 07:34,3524882222,0,14786149,2,region6_2231479906
2023-03-19 07:34,3522530323,0,2740,2,region6_2231479902
2023-03-19 07:34,3524461343,0,8388608,2,region6_2231479911
2023-03-19 07:34,3526012077,0,6990964,4,region6_2231479913
2023-03-19 07:34,3526100048,6952848,1528720,2,region6_2231479902
2023-03-19 07:34,3526100048,141648,8339920,2,region6_2231479902
2023-03-19 07:34,3526100048,0,660496,2,region6_2231479902
2023-03-19 07:34,3525315676,4194304,2097152,1,region6_2231479911
2023-03-19 07:34,3526297065,0,10880,2,region6_2231479902
2023-03-19 07:34,3524433733,7203205,1185403,2,region6_2231479903
2023-03-19 07:34,3524433733,611276,3240210,2,region6_2231479903
2023-03-19 07:34,3524537772,0,16966905,3,region6_2231479910
2023-03-19 07:34,3525315676,6291456,2097152,1,region6_2231479911
2023-03-19 07:34,3524507733,0,8481568,2,region6_2231479904
2023-03-19 07:34,3524680772,7340032,1048576,5,region6_2231479909
2023-03-19 07:34,3524680772,6291456,1048576,5,region6_2231479909
2023-03-19 07:34,3524758402,0,176,2,region6_2231479902
2023-03-19 07:34,3524351615,0,4314126,2,region6_2231479907
2023-03-19 07:34,3526184140,0,8370376,3,region6_2231479910
2023-03-19 07:34,3526249376,0,4657409,2,region6_2231479907
2023-03-19 07:34,3525315676,8388608,2097152,1,region6_2231479911
2023-03-19 07:34,3526261870,3685602,1253,2,region6_2231479907
2023-03-19 07:34,3526261870,1487391,347,2,region6_2231479907
2023-03-19 07:34,3526476860,0,5877307,5,region6_2231479909
2023-03-19 07:34,3524439680,0,4403,5,region6_2231479909
2023-03-19 07:34,3526104691,0,247410,2,region6_2231479905
2023-03-19 07:34,3526104691,1492832,941922,2,region6_2231479905
2023-03-19 07:34,3526295338,0,8481568,5,region6_2231479909
2023-03-19 07:34,3521209525,0,468693,2,region6_2231479907
2023-03-19 07:34,3521209525,545902,1048576,2,region6_2231479907
2023-03-19 07:34,3520782592,2493412,5895196,2,region6_2231479905
2023-03-19 07:34,3525315676,12582912,2097152,1,region6_2231479911
2023-03-19 07:34,3525315676,10485760,2097152,1,region6_2231479911
2023-03-19 07:34,3524345830,0,1622833,2,region6_2231479911
2023-03-19 07:34,3524554164,6539232,166336,2,region6_2231479902
2023-03-19 07:34,3524365469,125280,3009650,2,region6_2231479905
2023-03-19 07:34,3524381441,0,8481568,5,region6_2231479909
2023-03-19 07:34,3526440680,0,382805,4,region6_2231479906
2023-03-19 07:34,3525315676,14680064,2097152,1,region6_2231479911
2023-03-19 07:34,3520710461,7069731,1048576,2,region6_2231479905
2023-03-19 07:34,3522425931,0,8071994,2,region6_2231479911
2023-03-19 07:34,3524503154,0,1048576,5,region6_2231479909
2023-03-19 07:34,3526381060,0,3159116,3,region6_2231479910
2023-03-19 07:34,3522649232,0,1218024,2,region6_2231479905
2023-03-19 07:34,3524808260,0,2969674,2,region6_2231479916
2023-03-19 07:34,3520672852,7061003,1048576,2,region6_2231479928
2023-03-19 07:34,3524731278,0,20276,2,region6_2231479902
2023-03-19 07:34,3522503521,0,8192774,2,region6_2231479905
2023-03-19 07:34,3522503521,8192774,6622598,2,region6_2231479905
2023-03-19 07:34,3523014101,2711429,327465,2,region6_2231479903
2023-03-19 07:34,3523014101,5098406,2799797,2,region6_2231479903
2023-03-19 07:34,3523014101,0,1326834,2,region6_2231479903
2023-03-19 07:34,3525315676,16777216,2097152,1,region6_2231479911
2023-03-19 07:34,3520672852,5402799,2706780,2,region6_2231479928
2023-03-19 07:34,3524816497,660425,233929,2,region6_2231479907
2023-03-19 07:34,3526049355,0,8388608,2,region6_2231479907
2023-03-19 07:34,3525737540,0,4194304,1,region6_2231479910
2023-03-19 07:34,3526163455,0,128,2,region6_2231479902
2023-03-19 07:34,3525315676,18874368,2097152,1,region6_2231479911
2023-03-19 07:34,3525737540,4194304,4183894,1,region6_2231479910
2023-03-19 07:34,3524503154,1048576,1048576,5,region6_2231479909
2023-03-19 07:34,3524823307,0,6971390,2,region6_2231479906
2023-03-19 07:34,3524823307,6971390,28675,2,region6_2231479906
2023-03-19 07:34,3526382387,0,6163345,3,region6_2231479910
2023-03-19 07:34,3520670638,9638,8388608,2,region6_2231479905
2023-03-19 07:34,3524503154,2097152,1048576,5,region6_2231479909
2023-03-19 07:34,3521411945,0,279815,2,region6_2231479905
2023-03-19 07:34,3521411945,1365840,84808,2,region6_2231479905
2023-03-19 07:34,3526429123,0,8388608,4,region6_2231479914
2023-03-19 07:34,3524680772,7340032,1048576,5,region6_2231479909
2023-03-19 07:34,3526021735,4485888,48,2,region6_2231479902
2023-03-19 07:34,3524290811,2258720,48,2,region6_2231479902
2023-03-19 07:34,3526104691,0,247410,2,region6_2231479905
2023-03-19 07:34,3526104691,1492832,941922,2,region6_2231479905
2023-03-19 07:34,3526375735,0,314349,5,region6_2231479912
2023-03-19 07:34,3525315676,20971520,2097152,1,region6_2231479911
2023-03-19 07:34,3525435102,6277298,31640,2,region6_2231479905
2023-03-19 07:34,3524396935,0,7083008,2,region6_2231479904
2023-03-19 07:34,3520670638,8398246,6488585,2,region6_2231479905
2023-03-19 07:34,3522267011,0,4487530,2,region6_2231479907
2023-03-19 07:34,3524396935,7083008,1398560,2,region6_2231479904
2023-03-19 07:34,3524582870,0,1048576,5,region6_2231479909
2023-03-19 07:34,3520790584,0,128,2,region6_2231479902
2023-03-19 07:34,3524680772,8388608,92960,5,region6_2231479909
2023-03-19 07:34,3520906486,3747550,115590,2,region6_2231479905
2023-03-19 07:34,3526077805,0,7143,2,region6_2231479902
2023-03-19 07:34,3523364990,0,3092,2,region6_2231479902
2023-03-19 07:34,3526216094,0,8360144,3,region6_2231479910
2023-03-19 07:34,3526455396,0,8481568,5,region6_2231479909
2023-03-19 07:34,3524339705,8144292,244316,2,region6_2231479916
2023-03-19 07:34,3524339705,0,5656158,2,region6_2231479916
2023-03-19 07:34,3524364310,7030784,1450784,2,region6_2231479904
2023-03-19 07:34,3524364310,0,7030784,2,region6_2231479904
2023-03-19 07:34,3520670638,0,9638,2,region6_2231479905
2023-03-19 07:34,3524852370,3897952,4490656,2,region6_2231479907
2023-03-19 07:34,3524852370,932932,567412,2,region6_2231479907
2023-03-19 07:34,3525604143,0,1111296,2,region6_2231479902
2023-03-19 07:34,3525315676,23068672,2097152,1,region6_2231479911
2023-03-19 07:34,3524364310,7030832,1450736,2,region6_2231479904
2023-03-19 07:34,3524627059,6709584,1679024,2,region6_2231479916
2023-03-19 07:34,3524627059,0,6709584,2,region6_2231479916
2023-03-19 07:34,3522298700,7661409,90532,2,region6_2231479911
2023-03-19 07:34,3522298700,4227469,44028,2,region6_2231479911
2023-03-19 07:34,3522298700,74488,3034817,2,region6_2231479911
2023-03-19 07:34,3520677037,0,1901152,2,region6_2231479905
2023-03-19 07:34,3520790584,0,128,2,region6_2231479902
2023-03-19 07:34,3524853698,0,1048576,5,region6_2231479909
2023-03-19 07:34,3526322451,0,23774749,3,region6_2231479911
2023-03-19 07:34,3524454725,0,8388608,2,region6_2231479906
2023-03-19 07:34,3523704191,0,111962,2,region6_2231479902
2023-03-19 07:34,3520677037,1901152,8358358,2,region6_2231479905
2023-03-19 07:34,3524439680,0,4403,5,region6_2231479909
2023-03-19 07:34,3523333461,5818305,2570303,2,region6_2231479905
2023-03-19 07:34,3526121325,0,8388608,4,region6_2231479918
2023-03-19 07:34,3526163078,4842432,48,2,region6_2231479902
2023-03-19 07:34,3526300511,282560,48,2,region6_2231479902
2023-03-19 07:34,3524339705,5656158,2488134,2,region6_2231479916
2023-03-19 07:34,3525164416,0,2980607,2,region6_2231479905
2023-03-19 07:34,3524503154,2097152,1048576,5,region6_2231479909
2023-03-19 07:34,3524701502,0,8481568,2,region6_2231479904
2023-03-19 07:34,3520943562,515732,304703,2,region6_2231479905
2023-03-19 07:34,3520943562,7064438,1048576,2,region6_2231479905
2023-03-19 07:34,3521381443,0,7256000,2,region6_2231479907
2023-03-19 07:34,3524933062,3,8387953,2,region6_2231479916
2023-03-19 07:34,3524933062,8387956,652,2,region6_2231479916
2023-03-19 07:34,3526291838,12563,12455,2,region6_2231479905
2023-03-19 07:34,3523751913,0,78477,2,region6_2231479902
2023-03-19 07:34,3526540552,0,3282263,3,region6_2231479910
2023-03-19 07:34,3524642130,0,542434,2,region6_2231479907
2023-03-19 07:34,3524379310,1350144,428480,2,region6_2231479902
2023-03-19 07:34,3524503154,3145728,1048576,5,region6_2231479909
2023-03-19 07:34,3524777024,621600,48,2,region6_2231479902
2023-03-19 07:34,3526104691,0,247410,2,region6_2231479905
2023-03-19 07:34,3521493823,0,74483,2,region6_2231479916
2023-03-19 07:34,3521493823,74483,8314125,2,region6_2231479916
2023-03-19 07:34,3524855940,4955984,1933298,2,region6_2231479905
2023-03-19 07:34,3521324192,0,1002633,2,region6_2231479905
2023-03-19 07:34,3523816170,0,8388608,2,region6_2231479906
2023-03-19 07:34,3525476334,133968,938222,2,region6_2231479911
2023-03-19 07:34,3524582870,0,1048576,5,region6_2231479909
2023-03-19 07:34,3521324192,1053067,7335541,2,region6_2231479905
2023-03-19 07:34,3526233053,0,7360658,4,region6_2231479923
2023-03-19 07:34,3526446064,0,8481568,2,region6_2231479904
2023-03-19 07:34,3526446064,0,3287680,2,region6_2231479904
2023-03-19 07:34,3524503154,4194304,1048576,5,region6_2231479909
2023-03-19 07:34,3526468440,0,2996,2,region6_2231479902
2023-03-19 07:34,3524326711,0,3947995,3,region6_2231479910
2023-03-19 07:34,3524587229,80181,2322719,2,region6_2231479905
2023-03-19 07:34,3524760526,0,8481568,2,region6_2231479904
2023-03-19 07:34,3525028969,0,6418540,4,region6_2231479905
2023-03-19 07:34,3526237419,0,7014737,5,region6_2231479909
2023-03-19 07:34,3521300696,0,522261,2,region6_2231479916
2023-03-19 07:34,3524145425,0,4364,2,region6_2231479902
2023-03-19 07:34,3522869395,5102342,38710,2,region6_2231479907
2023-03-19 07:34,3526303222,0,8380736,2,region6_2231479904
2023-03-19 07:34,3526527956,950678,7437930,2,region6_2231479907
2023-03-19 07:34,3524582870,1048576,1048576,5,region6_2231479909
2023-03-19 07:34,3520788675,970160,7418448,2,region6_2231479905
2023-03-19 07:34,3520788675,0,689243,2,region6_2231479905
2023-03-19 07:34,3520671120,0,446394,2,region6_2231479905
2023-03-19 07:34,3521467997,1011549,243246,2,region6_2231479905
2023-03-19 07:34,3526303222,8380784,100784,2,region6_2231479904
2023-03-19 07:34,3526303222,8380736,100832,2,region6_2231479904
2023-03-19 07:34,3524503154,5242880,1048576,5,region6_2231479909
2023-03-19 07:34,3524506642,0,32484,2,region6_2231479902
2023-03-19 07:34,3524704673,0,12149,2,region6_2231479908
2023-03-19 07:34,3524704673,147819,1048576,2,region6_2231479908
2023-03-19 07:34,3520671120,446394,8388608,2,region6_2231479905
2023-03-19 07:34,3524815522,6451500,445,2,region6_2231479905
2023-03-19 07:34,3525089168,0,176,2,region6_2231479902
2023-03-19 07:34,3525222126,302536,74329,2,region6_2231479905
2023-03-19 07:34,3524582870,2097152,1048576,5,region6_2231479909
2023-03-19 07:34,3526233053,0,7360658,2,region6_2231479920
2023-03-19 07:34,3521786636,3611831,408244,2,region6_2231479911
2023-03-19 07:35,3524241660,584192,48,2,region6_2231479902
2023-03-19 07:35,3524503154,6291456,1048576,5,region6_2231479909
2023-03-19 07:35,3524937148,6746569,204626,2,region6_2231479905
2023-03-19 07:35,3525166695,0,6355902,2,region6_2231479916
2023-03-19 07:35,3523403775,1388450,3671600,2,region6_2231479911
2023-03-19 07:35,3520671120,8835002,6051977,2,region6_2231479905
2023-03-19 07:35,3524815522,6451945,1936663,2,region6_2231479905
2023-03-19 07:35,3524292008,0,5723970,2,region6_2231479907
2023-03-19 07:35,3521783574,0,176,2,region6_2231479902
2023-03-19 07:35,3524582870,3145728,1048576,5,region6_2231479909
2023-03-19 07:35,3524806442,3224230,1546485,2,region6_2231479907
2023-03-19 07:35,3524806442,3722139,1048576,2,region6_2231479907
2023-03-19 07:35,3522195049,0,30669,2,region6_2231479902
2023-03-19 07:35,3525166695,6355902,2032706,2,region6_2231479916
2023-03-19 07:35,3524503154,7340032,1048576,5,region6_2231479909
2023-03-19 07:35,3525240734,1508,720,2,region6_2231479902
2023-03-19 07:35,3524425626,5840899,2547709,2,region6_2231479905
2023-03-19 07:35,3522195049,0,30669,2,region6_2231479902
2023-03-19 07:35,3525222126,302536,223003,2,region6_2231479905
2023-03-19 07:35,3524425626,223901,1552927,2,region6_2231479905
2023-03-19 07:35,3522274010,0,10272,2,region6_2231479902
2023-03-19 07:35,3521969627,0,939500,2,region6_2231479907
2023-03-19 07:35,3524812154,0,8482388,5,region6_2231479909
2023-03-19 07:35,3522547641,72608,133248,2,region6_2231479902
2023-03-19 07:35,3524351995,0,1843200,2,region6_2231479904
2023-03-19 07:35,3524582870,5242880,3687,5,region6_2231479909
2023-03-19 07:35,3524582870,4194304,1048576,5,region6_2231479909
2023-03-19 07:35,3524587229,80181,2322719,2,region6_2231479905
2023-03-19 07:35,3522195049,0,30669,2,region6_2231479902
2023-03-19 07:35,3520938609,4789600,93376,2,region6_2231479902
2023-03-19 07:35,3524921922,0,8481568,5,region6_2231479909
2023-03-19 07:35,3521189643,660,416,2,region6_2231479902
2023-03-19 07:35,3524503154,8388608,92960,5,region6_2231479909
2023-03-19 07:35,3524351995,1843200,6638368,2,region6_2231479904
2023-03-19 07:35,3524351995,2644720,5836848,2,region6_2231479904
2023-03-19 07:35,3524805397,1557896,6830712,2,region6_2231479907
2023-03-19 07:35,3521773582,1178577,569621,2,region6_2231479911
2023-03-19 07:35,3521786636,3611831,408244,2,region6_2231479911
2023-03-19 07:35,3524951986,3098457,876190,2,region6_2231479911
2023-03-19 07:35,3524956280,0,8388608,2,region6_2231479902
2023-03-19 07:35,3525047470,6652392,1736216,2,region6_2231479907
2023-03-19 07:35,3525047470,0,614250,2,region6_2231479907
2023-03-19 07:35,3525047470,2538737,2023121,2,region6_2231479907
2023-03-19 07:35,3525220917,0,1759809,2,region6_2231479905
2023-03-19 07:35,3525281738,0,8388608,2,region6_2231479911
2023-03-19 07:35,3525215333,0,300694,2,region6_2231479902
2023-03-19 07:35,3524416148,0,6238815,2,region6_2231479911
2023-03-19 07:35,3524879329,0,8361973,3,region6_2231479910
2023-03-19 07:35,3524067605,0,4194304,1,region6_2231479910
2023-03-19 07:35,3525008487,5269776,1350,2,region6_2231479903
2023-03-19 07:35,3525008487,7099057,1919,2,region6_2231479903
2023-03-19 07:35,3525008487,1235742,177,2,region6_2231479903
2023-03-19 07:35,3525215333,0,300694,2,region6_2231479902
2023-03-19 07:35,3520671120,0,446394,2,region6_2231479905
2023-03-19 07:35,3525124520,0,8388608,2,region6_2231479902
2023-03-19 07:35,3525270296,0,8368756,3,region6_2231479910
2023-03-19 07:35,3521642050,0,8320,2,region6_2231479902
2023-03-19 07:35,3525153456,7044920,1117809,2,region6_2231479911
2023-03-19 07:35,3525207071,0,815988,3,region6_2231479910
2023-03-19 07:35,3524067605,4194304,4178824,1,region6_2231479910
2023-03-19 07:35,3521129066,2084660,281393,2,region6_2231479907
2023-03-19 07:35,3525215333,0,300694,2,region6_2231479902
2023-03-19 07:35,3521679436,0,7910962,2,region6_2231479905
2023-03-19 07:35,3524586116,0,1048576,5,region6_2231479909
2023-03-19 07:35,3522161544,7464023,755334,2,region6_2231479907
2023-03-19 07:35,3522161544,8299391,89217,2,region6_2231479907
2023-03-19 07:35,3522161544,0,5639531,2,region6_2231479907
2023-03-19 07:35,3524191257,0,13197,2,region6_2231479902
2023-03-19 07:35,3520671120,446394,8388608,2,region6_2231479905
2023-03-19 07:35,3522697940,2463160,1712028,2,region6_2231479907
2023-03-19 07:35,3522697940,6901801,37026,2,region6_2231479907
2023-03-19 07:35,3525165692,0,4766038,4,region6_2231479914
2023-03-19 07:35,3521679436,7910962,6976480,2,region6_2231479905
2023-03-19 07:35,3525416791,0,3324752,2,region6_2231479904
2023-03-19 07:35,3525416791,1944400,6537168,2,region6_2231479904
2023-03-19 07:35,3524537785,0,373264,2,region6_2231479904
2023-03-19 07:35,3524743528,0,497780,2,region6_2231479902
2023-03-19 07:35,3524939461,0,8388454,3,region6_2231479905
2023-03-19 07:35,3524961993,0,3008,2,region6_2231479902
2023-03-19 07:35,3524537785,115728,8365840,2,region6_2231479904
2023-03-19 07:35,3524743528,0,788340,2,region6_2231479902
2023-03-19 07:35,3522285830,1124429,241437,2,region6_2231479905
2023-03-19 07:35,3524568076,0,8388608,2,region6_2231479902
2023-03-19 07:35,3524743528,788340,119456,2,region6_2231479902
2023-03-19 07:35,3522945461,0,1807448,2,region6_2231479905
2023-03-19 07:35,3524586116,1048576,1048576,5,region6_2231479909
2023-03-19 07:35,3524926450,8067136,48,2,region6_2231479902
2023-03-19 07:35,3524927425,0,30285,2,region6_2231479902
2023-03-19 07:35,3525015309,0,432104,2,region6_2231479905
2023-03-19 07:35,3525030031,0,8481568,5,region6_2231479909
2023-03-19 07:35,3521300696,0,522261,2,region6_2231479916
2023-03-19 07:35,3525822236,0,873514,2,region6_2231479908
2023-03-19 07:35,3525405234,128,256,2,region6_2231479902
2023-03-19 07:35,3523017503,0,5300,2,region6_2231479902
2023-03-19 07:35,3524927425,0,30285,2,region6_2231479902
2023-03-19 07:35,3524473679,0,4342673,4,region6_2231479911
2023-03-19 07:35,3524704673,0,12149,2,region6_2231479908
2023-03-19 07:35,3524704673,147819,1048576,2,region6_2231479908
2023-03-19 07:35,3525357035,0,16974646,3,region6_2231479910
2023-03-19 07:35,3524586116,2097152,1048576,5,region6_2231479909
2023-03-19 07:35,3524589390,0,8481568,5,region6_2231479909
2023-03-19 07:35,3525106652,0,8388608,5,region6_2231479909
2023-03-19 07:35,3525177892,0,4616667,2,region6_2231479907
2023-03-19 07:35,3524244870,0,1142,2,region6_2231479902
2023-03-19 07:35,3520864571,5192358,1048576,2,region6_2231479905
2023-03-19 07:35,3524724140,0,53088,2,region6_2231479902
2023-03-19 07:35,3525249047,0,5300,2,region6_2231479902
2023-03-19 07:35,3520864571,5192358,1048576,2,region6_2231479905
2023-03-19 07:35,3520864571,5192358,1048576,2,region6_2231479905
2023-03-19 07:35,3524360294,0,277023,2,region6_2231479906
2023-03-19 07:35,3523295164,0,1165988,2,region6_2231479907
2023-03-19 07:35,3524327980,0,128,2,region6_2231479902
2023-03-19 07:35,3524586116,4194304,1048576,5,region6_2231479909
2023-03-19 07:35,3524586116,3145728,1048576,5,region6_2231479909
2023-03-19 07:35,3525174534,0,9110,2,region6_2231479902
2023-03-19 07:35,3522817730,8211731,26938,2,region6_2231479911
2023-03-19 07:35,3524492741,0,1741136,2,region6_2231479902
2023-03-19 07:35,3524492741,1741136,6740432,2,region6_2231479902
2023-03-19 07:35,3524492741,1741136,6740432,2,region6_2231479902
2023-03-19 07:35,3524492741,3315104,5166464,2,region6_2231479902
2023-03-19 07:35,3524492741,0,1741136,2,region6_2231479902
2023-03-19 07:35,3522066201,0,8388608,2,region6_2231479907
2023-03-19 07:35,3520767940,2961478,157543,2,region6_2231479905
2023-03-19 07:35,3524924003,0,50471,2,region6_2231479902
2023-03-19 07:35,3524933062,1142807,7245801,2,region6_2231479905
2023-03-19 07:35,3525306379,2603856,65582,2,region6_2231479902
2023-03-19 07:35,3525414776,2967404,48,2,region6_2231479902
2023-03-19 07:35,3524655701,0,8388608,4,region6_2231479906
2023-03-19 07:35,3524703548,0,8388608,2,region6_2231479907
2023-03-19 07:35,3525306379,2669438,262328,2,region6_2231479902
2023-03-19 07:35,3524327980,0,128,2,region6_2231479902
2023-03-19 07:35,3523097849,150614,4754216,2,region6_2231479907
2023-03-19 07:35,3524721961,0,8481568,5,region6_2231479909
2023-03-19 07:35,3525409874,0,48994,4,region6_2231479911
2023-03-19 07:35,3524323438,0,4872152,2,region6_2231479907
2023-03-19 07:35,3524327980,0,128,2,region6_2231479902
2023-03-19 07:35,3522161544,7464023,755334,2,region6_2231479907
2023-03-19 07:35,3524924003,0,50471,2,region6_2231479902
2023-03-19 07:35,3520673722,4365002,1048576,2,region6_2231479905
2023-03-19 07:35,3524612345,0,5283824,2,region6_2231479904
2023-03-19 07:35,3524612345,5276336,3205232,2,region6_2231479904
2023-03-19 07:35,3524929760,0,5581,2,region6_2231479902
2023-03-19 07:35,3525167941,0,8388608,2,region6_2231479906
2023-03-19 07:35,3523615626,0,49312,2,region6_2231479902
2023-03-19 07:35,3524425477,6331376,2150192,2,region6_2231479904
2023-03-19 07:35,3524425477,0,6910384,2,region6_2231479904
2023-03-19 07:35,3522035052,5405254,5937,2,region6_2231479905
2023-03-19 07:35,3524582870,5242880,3687,5,region6_2231479909
2023-03-19 07:35,3520804093,3146803,137826,2,region6_2231479905
2023-03-19 07:35,3520673722,0,1848869,2,region6_2231479905
2023-03-19 07:35,3521599072,1368668,6988,2,region6_2231479905
2023-03-19 07:35,3521599072,111352,118917,2,region6_2231479905
2023-03-19 07:35,3521906220,0,63604,2,region6_2231479916
2023-03-19 07:35,3524694457,0,918,2,region6_2231479902
2023-03-19 07:35,3524789232,0,6998032,5,region6_2231479909
2023-03-19 07:35,3525028039,0,8388608,2,region6_2231479907
2023-03-19 07:35,3520926467,0,47706,2,region6_2231479902
2023-03-19 07:35,3521300696,0,522261,2,region6_2231479916
2023-03-19 07:35,3521906220,0,63604,2,region6_2231479916
2023-03-19 07:35,3521300696,0,522261,2,region6_2231479916
2023-03-19 07:35,3524430579,497389,1048576,2,region6_2231479905
2023-03-19 07:35,3525021902,0,8388608,4,region6_2231479914
2023-03-19 07:35,3525219884,384,128,2,region6_2231479902
2023-03-19 07:35,3523108641,810613,30484,2,region6_2231479916
2023-03-19 07:35,3524457006,0,427,2,region6_2231479914
2023-03-19 07:35,3524801054,0,8377961,3,region6_2231479910
2023-03-19 07:35,3524957599,0,8388608,2,region6_2231479903
2023-03-19 07:35,3524810896,2931192,2862259,2,region6_2231479907
2023-03-19 07:35,3524810896,4744875,1048576,2,region6_2231479907
2023-03-19 07:35,3521467691,3971872,433280,2,region6_2231479902
2023-03-19 07:35,3524413994,0,8481568,5,region6_2231479909
2023-03-19 07:35,3520772514,1348314,365027,2,region6_2231479911
2023-03-19 07:35,3520772514,0,1698681,2,region6_2231479911
2023-03-19 07:35,3524810896,0,2121350,2,region6_2231479907
2023-03-19 07:35,3522517061,1467731,878738,2,region6_2231479911
2023-03-19 07:35,3525171342,0,8370519,3,region6_2231479910
2023-03-19 07:35,3525255839,0,7935563,1,region6_2231479910
2023-03-19 07:35,3521288771,0,56602,2,region6_2231479902
2023-03-19 07:35,3521906220,0,63604,2,region6_2231479916
2023-03-19 07:35,3525527386,0,8376424,3,region6_2231479910
2023-03-19 07:35,3524586116,4194304,1048576,5,region6_2231479909
2023-03-19 07:35,3523343530,0,16103,2,region6_2231479902
2023-03-19 07:35,3525102256,0,8374711,3,region6_2231479910
2023-03-19 07:35,3525435103,0,663094,2,region6_2231479905
2023-03-19 07:35,3525435103,2774239,1048576,2,region6_2231479905
2023-03-19 07:35,3523973253,0,8388608,2,region6_2231479906
2023-03-19 07:35,3524586116,5242880,1048576,5,region6_2231479909
2023-03-19 07:35,3524917856,0,8365677,3,region6_2231479910
2023-03-19 07:35,3524926411,0,8074618,2,region6_2231479907
2023-03-19 07:35,3525127661,8192,1310720,2,region6_2231479902
2023-03-19 07:35,3525127661,0,176,2,region6_2231479902
2023-03-19 07:35,3525127661,0,176,2,region6_2231479902
2023-03-19 07:35,3525127661,1318912,612820,2,region6_2231479902
2023-03-19 07:35,3524591524,4129252,4259356,2,region6_2231479911
2023-03-19 07:35,3525435103,2962588,695604,2,region6_2231479905
2023-03-19 07:35,3525435103,704834,1204524,2,region6_2231479905
2023-03-19 07:35,3520714784,0,885497,2,region6_2231479905
2023-03-19 07:35,3523106536,0,38664,2,region6_2231479902
2023-03-19 07:35,3521906220,0,63604,2,region6_2231479916
2023-03-19 07:35,3520714784,885497,7386510,2,region6_2231479905
2023-03-19 07:35,3523106536,38664,660044,2,region6_2231479902
2023-03-19 07:35,3525546051,0,1613,2,region6_2231479902
2023-03-19 07:35,3522310470,0,12576,2,region6_2231479902
2023-03-19 07:35,3521300696,0,522261,2,region6_2231479916
2023-03-19 07:35,3524445928,0,7045779,4,region6_2231479913
2023-03-19 07:35,3524980447,0,8377023,3,region6_2231479930
2023-03-19 07:35,3521300696,0,522261,2,region6_2231479916
2023-03-19 07:35,3524525733,3958379,4430229,2,region6_2231479905
2023-03-19 07:35,3524525733,0,1787380,2,region6_2231479905
2023-03-19 07:35,3525007392,0,8372839,3,region6_2231479910
2023-03-19 07:35,3521288771,0,56602,2,region6_2231479902
2023-03-19 07:35,3524525733,1787380,2170999,2,region6_2231479905
2023-03-19 07:35,3525273974,0,8388608,4,region6_2231479914
2023-03-19 07:35,3521195888,0,1056055,2,region6_2231479905
2023-03-19 07:35,3521195888,8354043,34565,2,region6_2231479905
2023-03-19 07:35,3520672852,7061003,1048576,2,region6_2231479905
2023-03-19 07:35,3520672852,5402799,1658204,2,region6_2231479905
2023-03-19 07:35,3520672852,5194466,8748,2,region6_2231479905
2023-03-19 07:35,3520672852,5402799,1658204,2,region6_2231479905
2023-03-19 07:35,3520672852,7061003,1048576,2,region6_2231479905
2023-03-19 07:35,3525620740,0,8388608,2,region6_2231479906
2023-03-19 07:35,3524534219,0,8388608,2,region6_2231479902
2023-03-19 07:35,3524816514,0,8388608,2,region6_2231479907
2023-03-19 07:35,3521165027,0,176,2,region6_2231479902
2023-03-19 07:35,3525195802,0,105302,2,region6_2231479902
2023-03-19 07:35,3523960646,0,3138041,2,region6_2231479916
2023-03-19 07:35,3525389894,121445,8267163,2,region6_2231479907
2023-03-19 07:35,3524719986,1124787,1177332,2,region6_2231479907
2023-03-19 07:35,3525103405,0,4465614,2,region6_2231479907
2023-03-19 07:35,3523960646,3138041,2617347,2,region6_2231479916
2023-03-19 07:35,3524582870,5242880,3687,5,region6_2231479909
2023-03-19 07:35,3525385068,0,6990583,4,region6_2231479913
2023-03-19 07:35,3525476334,133968,938222,2,region6_2231479911
2023-03-19 07:35,3525680770,0,8388608,2,region6_2231479911
2023-03-19 07:36,3524804365,0,1324014,2,region6_2231479916
2023-03-19 07:36,3524804365,1324014,7064594,2,region6_2231479916
2023-03-19 07:36,3525008314,2841344,202368,2,region6_2231479902
2023-03-19 07:36,3525196831,4194304,4187673,1,region6_2231479910
2023-03-19 07:36,3525196831,0,4194304,1,region6_2231479910
2023-03-19 07:36,3521288771,0,56602,2,region6_2231479902
2023-03-19 07:36,3521906220,0,63604,2,region6_2231479916
2023-03-19 07:36,3525431252,0,8388608,2,region6_2231479902
2023-03-19 07:36,3523315331,0,802544,2,region6_2231479902
2023-03-19 07:36,3524589513,0,102452,2,region6_2231479902
2023-03-19 07:36,3521279075,0,176,2,region6_2231479902
2023-03-19 07:36,3525379865,0,5622171,4,region6_2231479923
2023-03-19 07:36,3525436215,0,6990718,4,region6_2231479913
2023-03-19 07:36,3525447334,818,411,2,region6_2231479902
2023-03-19 07:36,3524589513,0,102452,2,region6_2231479902
2023-03-19 07:36,3521411945,427870,222896,2,region6_2231479905
2023-03-19 07:36,3520838417,0,3725,2,region6_2231479902
2023-03-19 07:36,3523333461,5818305,2570303,2,region6_2231479911
2023-03-19 07:36,3524922881,2206389,4993852,2,region6_2231479903
2023-03-19 07:36,3525203930,0,8388608,2,region6_2231479902
2023-03-19 07:36,3521733090,0,8388608,2,region6_2231479907
2023-03-19 07:36,3524589513,0,102452,2,region6_2231479902
2023-03-19 07:36,3524888166,0,8481568,2,region6_2231479904
2023-03-19 07:36,3524888166,0,5430816,2,region6_2231479904
2023-03-19 07:36,3524908627,0,8481568,2,region6_2231479904
2023-03-19 07:36,3525538982,0,8388608,4,region6_2231479911
2023-03-19 07:36,3522684762,5968844,1291713,2,region6_2231479905
2023-03-19 07:36,3520710461,7069731,1048576,2,region6_2231479905
2023-03-19 07:36,3524937229,0,8325288,3,region6_2231479910
2023-03-19 07:36,3521906220,0,63604,2,region6_2231479916
2023-03-19 07:36,3525084970,0,11520,2,region6_2231479902
2023-03-19 07:36,3524834399,0,8388608,2,region6_2231479902
2023-03-19 07:36,3524858054,0,1392453,2,region6_2231479911
2023-03-19 07:36,3525164416,2980607,315680,2,region6_2231479905
2023-03-19 07:36,3524301232,0,940417,2,region6_2231479902
2023-03-19 07:36,3524301232,280385,660032,2,region6_2231479902
2023-03-19 07:36,3522035807,0,422936,2,region6_2231479905
2023-03-19 07:36,3524826613,0,8388608,2,region6_2231479907
2023-03-19 07:36,3520860174,2678194,8388608,2,region6_2231479905
2023-03-19 07:36,3522073557,5704992,98752,2,region6_2231479902
2023-03-19 07:36,3523295164,0,1165988,2,region6_2231479907
2023-03-19 07:36,3525761561,0,8481568,5,region6_2231479909
2023-03-19 07:36,3524951986,3098457,876190,2,region6_2231479911
2023-03-19 07:36,3525000907,0,8481568,5,region6_2231479909
2023-03-19 07:36,3520757081,0,94208,2,region6_2231479902
2023-03-19 07:36,3521322467,0,35264,2,region6_2231479902
2023-03-19 07:36,3524586116,5242880,1048576,5,region6_2231479909
2023-03-19 07:36,3521786636,3611831,408244,2,region6_2231479911
2023-03-19 07:36,3525814681,0,7647768,5,region6_2231479909
2023-03-19 07:36,3520906486,3747550,115590,2,region6_2231479905
2023-03-19 07:36,3525153456,7044920,1117809,2,region6_2231479911
2023-03-19 07:36,3525238561,0,4941594,2,region6_2231479904
2023-03-19 07:36,3525238561,0,602572,2,region6_2231479904
2023-03-19 07:36,3525426509,1454085,6934523,2,region6_2231479907
2023-03-19 07:36,3521988338,39630048,37184,2,region6_2231479902
2023-03-19 07:36,3524582870,5242880,3687,5,region6_2231479909
2023-03-19 07:36,3525840923,0,4429,5,region6_2231479912
2023-03-19 07:36,3525631928,990177,29202,2,region6_2231479905
2023-03-19 07:36,3524955363,0,3578,1,region6_2231479910
2023-03-19 07:36,3520860174,11066802,3731472,2,region6_2231479905
2023-03-19 07:36,3525014305,0,8388608,2,region6_2231479907
2023-03-19 07:36,3523944196,0,14810173,2,region6_2231479906
2023-03-19 07:36,3525850127,0,8481568,2,region6_2231479904
2023-03-19 07:36,3525356763,0,4640152,2,region6_2231479911
2023-03-19 07:36,3521355012,0,7773373,2,region6_2231479906
2023-03-19 07:36,3520793440,0,176,2,region6_2231479902
2023-03-19 07:36,3525356763,4640152,3748456,2,region6_2231479911
2023-03-19 07:36,3525913105,0,8481568,2,region6_2231479902
2023-03-19 07:36,3525104592,5089123,476466,2,region6_2231479905
2023-03-19 07:36,3525406193,0,8481568,2,region6_2231479904
2023-03-19 07:36,3520641013,0,176,2,region6_2231479902
2023-03-19 07:36,3525311736,1323566,6790,2,region6_2231479905
2023-03-19 07:36,3525474695,0,2995281,2,region6_2231479905
2023-03-19 07:36,3525474695,4680754,3707854,2,region6_2231479905
2023-03-19 07:36,3525808368,0,1048576,5,region6_2231479909
2023-03-19 07:36,3525808368,1048576,1048576,5,region6_2231479909
2023-03-19 07:36,3522374117,0,145132,2,region6_2231479902
2023-03-19 07:36,3525878338,7942246,262340,2,region6_2231479911
2023-03-19 07:36,3525623948,0,176,2,region6_2231479902
2023-03-19 07:36,3520690085,1460189,1581628,2,region6_2231479905
2023-03-19 07:36,3520906486,3747550,115590,2,region6_2231479905
2023-03-19 07:36,3525542641,4330016,158400,2,region6_2231479902
2023-03-19 07:36,3525542641,4330016,158400,2,region6_2231479902
2023-03-19 07:36,3525730550,0,8388608,4,region6_2231479905
2023-03-19 07:36,3525559061,0,8481568,5,region6_2231479909
2023-03-19 07:36,3524947720,0,7347440,2,region6_2231479904
2023-03-19 07:36,3524947720,0,4025264,2,region6_2231479904
2023-03-19 07:36,3525264290,0,7113313,3,region6_2231479910
2023-03-19 07:36,3525382891,3180800,48,2,region6_2231479902
2023-03-19 07:36,3525601261,0,2138,2,region6_2231479902
2023-03-19 07:36,3524938302,0,1391941,4,region6_2231479911
2023-03-19 07:36,3524947720,7526448,955120,2,region6_2231479904
2023-03-19 07:36,3524947720,6868784,1612784,2,region6_2231479904
2023-03-19 07:36,3525791592,0,5217942,2,region6_2231479903
2023-03-19 07:36,3525910347,0,8388608,2,region6_2231479903
2023-03-19 07:36,3524979518,0,6993104,5,region6_2231479909
2023-03-19 07:36,3525251403,0,8104532,4,region6_2231479918
2023-03-19 07:36,3525589068,0,556,2,region6_2231479914
2023-03-19 07:36,3525930474,5603680,19136,2,region6_2231479902
2023-03-19 07:36,3525621644,0,344111,4,region6_2231479906
2023-03-19 07:36,3525715884,0,8388608,2,region6_2231479907
2023-03-19 07:36,3521770266,0,1409321,2,region6_2231479905
2023-03-19 07:36,3525952332,0,42938,2,region6_2231479902
2023-03-19 07:36,3525171296,6108650,2279958,2,region6_2231479905
2023-03-19 07:36,3522990804,0,10304,2,region6_2231479902
2023-03-19 07:36,3524936301,0,6992089,4,region6_2231479913
2023-03-19 07:36,3523108641,0,1063834,2,region6_2231479905
2023-03-19 07:36,3522705005,3641920,48,2,region6_2231479902
2023-03-19 07:36,3521209930,0,5825422,1,region6_2231479910
2023-03-19 07:36,3524810458,2253952,48,2,region6_2231479902
2023-03-19 07:36,3523108641,1324189,7064419,2,region6_2231479905
2023-03-19 07:36,3525817351,0,8388608,2,region6_2231479907
2023-03-19 07:36,3524911050,0,4666671,4,region6_2231479906
2023-03-19 07:36,3525435102,6277298,31640,2,region6_2231479905
2023-03-19 07:36,3525512588,5265181,167812,2,region6_2231479907
2023-03-19 07:36,3521770266,1409321,8388608,2,region6_2231479905
2023-03-19 07:36,3525872603,0,4561984,2,region6_2231479904
2023-03-19 07:36,3521411945,0,8388608,2,region6_2231479906
2023-03-19 07:36,3525263145,4614721,1048576,2,region6_2231479905
2023-03-19 07:36,3521770266,9797929,5090528,2,region6_2231479905
2023-03-19 07:36,3525865337,2690811,87123,2,region6_2231479907
2023-03-19 07:36,3525153456,7044920,1117809,2,region6_2231479911
2023-03-19 07:36,3521703676,2931840,30016,2,region6_2231479902
2023-03-19 07:36,3525247078,0,8360134,3,region6_2231479910
2023-03-19 07:36,3525263145,4614721,1048576,2,region6_2231479905
2023-03-19 07:36,3524582870,5242880,3687,5,region6_2231479909
2023-03-19 07:36,3525872603,4562032,3919536,2,region6_2231479904
2023-03-19 07:36,3525872603,4561984,3919584,2,region6_2231479904
2023-03-19 07:36,3520984982,0,2996,2,region6_2231479902
2023-03-19 07:36,3520860174,0,535146,2,region6_2231479905
2023-03-19 07:36,3525013267,0,8481568,2,region6_2231479904
2023-03-19 07:36,3525134095,1216832,49344,2,region6_2231479902
2023-03-19 07:36,3522487880,3909560,166567,2,region6_2231479907
2023-03-19 07:36,3520943562,7064438,1048576,2,region6_2231479905
2023-03-19 07:36,3520943562,515732,304703,2,region6_2231479905
2023-03-19 07:36,3521770266,9797929,5090528,2,region6_2231479905
2023-03-19 07:36,3521770266,1409321,8388608,2,region6_2231479905
2023-03-19 07:36,3525263145,0,5115493,2,region6_2231479905
2023-03-19 07:36,3525263145,4614721,1048576,2,region6_2231479905
2023-03-19 07:36,3520697515,580696,1048576,2,region6_2231479905
2023-03-19 07:36,3525859066,6610446,186410,2,region6_2231479902
2023-03-19 07:36,3520893659,893856,1802112,2,region6_2231479902
2023-03-19 07:36,3521232154,0,176,2,region6_2231479902
2023-03-19 07:36,3525255918,0,8388608,4,region6_2231479906
2023-03-19 07:36,3525260068,4554846,46641,2,region6_2231479911
2023-03-19 07:36,3525260068,74660,3226711,2,region6_2231479911
2023-03-19 07:36,3525894377,5051528,3337080,2,region6_2231479905
2023-03-19 07:36,3525894377,0,3078490,2,region6_2231479905
2023-03-19 07:36,3525260068,7557294,84840,2,region6_2231479911
2023-03-19 07:36,3521599072,486245,889411,2,region6_2231479905
2023-03-19 07:36,3525711314,0,8481568,5,region6_2231479912
2023-03-19 07:36,3525731396,1948971,41240,2,region6_2231479907
2023-03-19 07:36,3523723399,0,176,2,region6_2231479902
2023-03-19 07:36,3525894377,3078490,1973038,2,region6_2231479905
2023-03-19 07:36,3525913105,6821408,1660160,2,region6_2231479902
2023-03-19 07:36,3524532389,0,8388608,2,region6_2231479911
2023-03-19 07:36,3525107698,0,4197486,2,region6_2231479907
2023-03-19 07:36,3525127614,0,1472,2,region6_2231479902
2023-03-19 07:36,3523531913,3186881,3779893,2,region6_2231479907
2023-03-19 07:36,3520795251,0,1818,2,region6_2231479914
2023-03-19 07:36,3525918292,0,8388608,5,region6_2231479909
2023-03-19 07:36,3525015407,0,6714226,2,region6_2231479906
2023-03-19 07:36,3521619958,0,84416,2,region6_2231479902
2023-03-19 07:36,3521643383,0,176,2,region6_2231479902
2023-03-19 07:36,3525174490,0,8344431,3,region6_2231479910
2023-03-19 07:36,3525619147,0,7479553,3,region6_2231479910
2023-03-19 07:36,3525672377,0,188829,3,region6_2231479910
2023-03-19 07:36,3526036115,0,8388608,2,region6_2231479907
2023-03-19 07:36,3525374925,6948096,47706,2,region6_2231479906
2023-03-19 07:36,3525374925,0,6948096,2,region6_2231479906
2023-03-19 07:36,3525402875,0,937451,4,region6_2231479911
2023-03-19 07:36,3525685158,0,8481568,5,region6_2231479909
2023-03-19 07:36,3525762352,0,24640,2,region6_2231479902
2023-03-19 07:36,3520804093,3135177,1121006,2,region6_2231479905
2023-03-19 07:36,3525015407,6714226,7992483,2,region6_2231479906
2023-03-19 07:36,3525737064,0,5278816,2,region6_2231479904
2023-03-19 07:36,3525737064,0,8481568,2,region6_2231479904
2023-03-19 07:36,3525851684,0,8481568,5,region6_2231479909
2023-03-19 07:36,3525174547,0,7917,2,region6_2231479902
2023-03-19 07:36,3522852646,0,4516968,2,region6_2231479907
2023-03-19 07:36,3525646432,3187072,193984,2,region6_2231479902
2023-03-19 07:36,3525907574,0,418937,3,region6_2231479910
2023-03-19 07:36,3525922444,0,6454841,2,region6_2231479905
2023-03-19 07:36,3525705761,3762816,48,2,region6_2231479902
2023-03-19 07:36,3524586116,5242880,1048576,5,region6_2231479909
2023-03-19 07:36,3525515378,0,8481568,5,region6_2231479909
2023-03-19 07:36,3520664311,0,176,2,region6_2231479902
2023-03-19 07:36,3525356763,4640152,3748456,2,region6_2231479905
2023-03-19 07:36,3525356763,0,4640152,2,region6_2231479905
2023-03-19 07:36,3525944027,0,128,2,region6_2231479902
2023-03-19 07:36,3524840658,0,4078764,2,region6_2231479906
2023-03-19 07:36,3520770649,6850007,677261,2,region6_2231479903
2023-03-19 07:36,3520770649,0,1580420,2,region6_2231479903
2023-03-19 07:36,3520767940,2950744,1319395,2,region6_2231479905
2023-03-19 07:36,3526104691,1492832,941922,2,region6_2231479905
2023-03-19 07:36,3526104691,0,247410,2,region6_2231479905
2023-03-19 07:36,3526022043,0,8388608,4,region6_2231479914
2023-03-19 07:36,3525808368,1048576,1048576,5,region6_2231479909
2023-03-19 07:36,3525880038,0,8388608,4,region6_2231479906
2023-03-19 07:37,3525436819,8312996,75612,2,region6_2231479907
2023-03-19 07:37,3525436819,0,3267825,2,region6_2231479907
2023-03-19 07:37,3526150682,0,176,2,region6_2231479902
2023-03-19 07:37,3525312829,0,8071217,2,region6_2231479906
2023-03-19 07:37,3523801499,3865919,4326189,2,region6_2231479905
2023-03-19 07:37,3525567347,0,5365344,2,region6_2231479904
2023-03-19 07:37,3525645503,8010277,378331,2,region6_2231479916
2023-03-19 07:37,3524131679,10467732,73536,2,region6_2231479902
2023-03-19 07:37,3525761544,0,8388608,2,region6_2231479907
2023-03-19 07:37,3525356763,0,4640152,2,region6_2231479911
2023-03-19 07:37,3525968977,0,8388608,4,region6_2231479914
2023-03-19 07:37,3522503521,8192774,6622598,2,region6_2231479905
2023-03-19 07:37,3522503521,0,8192774,2,region6_2231479905
2023-03-19 07:37,3523122564,7806416,582192,2,region6_2231479916
2023-03-19 07:37,3523122564,0,7806416,2,region6_2231479916
2023-03-19 07:37,3525567347,5365344,3116224,2,region6_2231479904
2023-03-19 07:37,3525645503,0,8010277,2,region6_2231479916
2023-03-19 07:37,3525356763,4640152,3748456,2,region6_2231479911
2023-03-19 07:37,3524933062,1142884,26428,2,region6_2231479905
2023-03-19 07:37,3526248718,0,8481568,5,region6_2231479909
2023-03-19 07:37,3525567347,5365392,3116176,2,region6_2231479904
2023-03-19 07:37,3525618167,6368256,349568,2,region6_2231479902
2023-03-19 07:37,3522035052,4351466,1059725,2,region6_2231479905
2023-03-19 07:37,3525979220,0,8481568,5,region6_2231479912
2023-03-19 07:37,3523728482,1887424,65883,2,region6_2231479916
2023-03-19 07:37,3523728482,0,681037,2,region6_2231479916
2023-03-19 07:37,3526110926,0,8388608,5,region6_2231479909
2023-03-19 07:37,3525743319,5034904,447,2,region6_2231479905
2023-03-19 07:37,3525913710,0,8388608,2,region6_2231479907
2023-03-19 07:37,3525425715,7178688,251648,2,region6_2231479902
2023-03-19 07:37,3525594744,0,8481568,6,region6_2231479912
2023-03-19 07:37,3525758773,6775910,1612698,2,region6_2231479907
2023-03-19 07:37,3522673414,0,176,2,region6_2231479902
2023-03-19 07:37,3520860174,535146,2143048,2,region6_2231479905
2023-03-19 07:37,3525743319,0,5034904,2,region6_2231479905
2023-03-19 07:37,3525650764,0,6279120,2,region6_2231479902
2023-03-19 07:37,3525650764,6183056,2298512,2,region6_2231479902
2023-03-19 07:37,3525743319,5035351,3353257,2,region6_2231479905
2023-03-19 07:37,3525744414,0,8372305,3,region6_2231479910
2023-03-19 07:37,3522161544,7464023,755334,2,region6_2231479907
2023-03-19 07:37,3522161544,0,5639531,2,region6_2231479907
2023-03-19 07:37,3522161544,8299391,89217,2,region6_2231479907
2023-03-19 07:37,3520710461,7069731,1048576,2,region6_2231479905
2023-03-19 07:37,3526126060,0,8388608,2,region6_2231479907
2023-03-19 07:37,3525846078,0,8388608,2,region6_2231479902
2023-03-19 07:37,3525913060,0,1353141,2,region6_2231479911
2023-03-19 07:37,3522612341,0,26988,2,region6_2231479902
2023-03-19 07:37,3522742280,0,643943,2,region6_2231479907
2023-03-19 07:37,3525749235,0,6684724,2,region6_2231479907
2023-03-19 07:37,3524065991,0,8388608,2,region6_2231479917
2023-03-19 07:37,3524586116,5242880,1048576,5,region6_2231479909
2023-03-19 07:37,3523333461,5818305,2570303,2,region6_2231479911
2023-03-19 07:37,3522612341,0,26988,2,region6_2231479902
2023-03-19 07:37,3522995584,7709740,678868,2,region6_2231479916
2023-03-19 07:37,3521702405,7268331,633840,2,region6_2231479903
2023-03-19 07:37,3522235601,673792,167552,2,region6_2231479902
2023-03-19 07:37,3525740658,4856196,109253,2,region6_2231479905
2023-03-19 07:37,3525589884,7897200,584368,2,region6_2231479902
2023-03-19 07:37,3525740658,201671,753236,2,region6_2231479905
2023-03-19 07:37,3525740658,3131014,69052,2,region6_2231479905
2023-03-19 07:37,3525821155,0,3188,2,region6_2231479902
2023-03-19 07:37,3521046681,0,531,2,region6_2231479914
2023-03-19 07:37,3526025527,0,2787376,2,region6_2231479904
2023-03-19 07:37,3526025527,2479216,6002352,2,region6_2231479904
2023-03-19 07:37,3524349066,0,172941,2,region6_2231479902
2023-03-19 07:37,3525614963,0,8384298,1,region6_2231479910
2023-03-19 07:37,3526213081,0,1155847,5,region6_2231479912
2023-03-19 07:37,3525435093,0,8481568,5,region6_2231479909
2023-03-19 07:37,3525391878,8888,447010,2,region6_2231479907
2023-03-19 07:37,3520673722,4365002,1048576,2,region6_2231479905
2023-03-19 07:37,3521300696,0,522261,2,region6_2231479916
2023-03-19 07:37,3525626279,0,8388608,2,region6_2231479911
2023-03-19 07:37,3524063173,0,8388608,2,region6_2231479906
2023-03-19 07:37,3525808368,1048576,1048576,5,region6_2231479909
2023-03-19 07:37,3526014282,0,4449174,2,region6_2231479907
2023-03-19 07:37,3524532389,0,8309597,2,region6_2231479905
2023-03-19 07:37,3524950941,0,636672,2,region6_2231479902
2023-03-19 07:37,3524385235,0,1022360,2,region6_2231479902
2023-03-19 07:37,3524385235,2200,1310720,2,region6_2231479902
2023-03-19 07:37,3525858181,5203296,48,2,region6_2231479902
2023-03-19 07:37,3524532389,8309597,79011,2,region6_2231479905
2023-03-19 07:37,3524950941,636672,45568,2,region6_2231479902
2023-03-19 07:37,3526290724,8320840,67768,2,region6_2231479905
2023-03-19 07:37,3526290724,0,8320840,2,region6_2231479905
2023-03-19 07:37,3524385235,1312920,143829,2,region6_2231479902
2023-03-19 07:37,3524002948,0,174381,1,region6_2231479910
2023-03-19 07:37,3525732407,0,451437,2,region6_2231479908
2023-03-19 07:37,3525732407,377121,74316,2,region6_2231479908
2023-03-19 07:37,3525878338,7942246,262340,2,region6_2231479911
2023-03-19 07:37,3522090861,2537038,5851570,2,region6_2231479905
2023-03-19 07:37,3523551423,0,8388608,2,region6_2231479903
2023-03-19 07:37,3521723102,4381696,47552,2,region6_2231479902
2023-03-19 07:37,3525356763,0,4640152,2,region6_2231479905
2023-03-19 07:37,3526427642,0,8356603,3,region6_2231479910
2023-03-19 07:37,3523944196,0,8049042,2,region6_2231479905
2023-03-19 07:37,3523944196,8049042,6761131,2,region6_2231479905
2023-03-19 07:37,3525664767,0,1076,2,region6_2231479902
2023-03-19 07:37,3525356763,4640152,3748456,2,region6_2231479905
2023-03-19 07:37,3526038820,2085216,48,2,region6_2231479902
2023-03-19 07:37,3524017282,2540,4194304,1,region6_2231479910
2023-03-19 07:37,3524017282,0,2540,1,region6_2231479910
2023-03-19 07:37,3524017282,4196844,4189224,1,region6_2231479910
2023-03-19 07:37,3524317945,0,8388608,2,region6_2231479903
2023-03-19 07:37,3525933759,0,8388608,4,region6_2231479920
2023-03-19 07:37,3526411495,546235,1475862,2,region6_2231479907
2023-03-19 07:37,3526411495,3546062,4842546,2,region6_2231479907
2023-03-19 07:37,3525570335,0,85915,2,region6_2231479905
2023-03-19 07:37,3525583953,4868736,25920,2,region6_2231479902
2023-03-19 07:37,3525570335,0,85915,2,region6_2231479905
2023-03-19 07:37,3525652491,0,8388608,2,region6_2231479907
2023-03-19 07:37,3525943197,0,8148121,4,region6_2231479918
2023-03-19 07:37,3526388527,592340,262804,2,region6_2231479907
2023-03-19 07:37,3525873567,0,116192,2,region6_2231479916
2023-03-19 07:37,3524951986,3098457,876190,2,region6_2231479911
2023-03-19 07:37,3523755133,6925152,742976,2,region6_2231479902
2023-03-19 07:37,3526428260,0,7322,2,region6_2231479902
2023-03-19 07:37,3525873567,116192,6771775,2,region6_2231479916
2023-03-19 07:37,3526330640,0,8344445,2,region6_2231479911
2023-03-19 07:37,3522090861,0,879609,2,region6_2231479905
2023-03-19 07:37,3526020647,0,20392972,3,region6_2231479911
2023-03-19 07:37,3522385099,0,8388608,2,region6_2231479906
2023-03-19 07:37,3526240171,0,7871788,3,region6_2231479910
2023-03-19 07:37,3525676041,0,8388608,2,region6_2231479911
2023-03-19 07:37,3521759793,3799522,129916,2,region6_2231479905
2023-03-19 07:37,3525356763,0,4640152,2,region6_2231479911
2023-03-19 07:37,3526034107,4338736,4142832,2,region6_2231479904
2023-03-19 07:37,3526034107,0,5366080,2,region6_2231479904
2023-03-19 07:37,3526173250,0,8481568,5,region6_2231479909
2023-03-19 07:37,3525356763,0,4640152,2,region6_2231479911
2023-03-19 07:37,3523284541,0,22816,2,region6_2231479902
2023-03-19 07:37,3525817443,0,49409,2,region6_2231479905
2023-03-19 07:37,3525356763,4640152,3748456,2,region6_2231479911
2023-03-19 07:37,3522090861,879609,1657429,2,region6_2231479905
2023-03-19 07:37,3525970770,0,687024,2,region6_2231479911
2023-03-19 07:37,3522495837,3450801,5486,2,region6_2231479903
2023-03-19 07:37,3526254140,0,4150990,2,region6_2231479907
2023-03-19 07:37,3526428260,0,7322,2,region6_2231479902
2023-03-19 07:37,3525759707,6218286,1004184,2,region6_2231479907
2023-03-19 07:37,3525759707,1245104,1319614,2,region6_2231479907
2023-03-19 07:37,3525817443,0,49409,2,region6_2231479905
2023-03-19 07:37,3525658170,0,2054896,2,region6_2231479902
2023-03-19 07:37,3525658170,1993456,6488112,2,region6_2231479902
2023-03-19 07:37,3525907574,0,418937,1,region6_2231479910
2023-03-19 07:37,3524533927,1934987,82998,2,region6_2231479907
2023-03-19 07:37,3521294753,0,8388608,2,region6_2231479906
2023-03-19 07:37,3526481692,0,7674816,2,region6_2231479903
2023-03-19 07:37,3521906220,0,63604,2,region6_2231479916
2023-03-19 07:37,3522076836,0,243188,2,region6_2231479902
2023-03-19 07:37,3525948489,0,6990698,4,region6_2231479913
2023-03-19 07:37,3525977120,0,5308530,2,region6_2231479903
2023-03-19 07:37,3521906220,0,63604,2,region6_2231479916
2023-03-19 07:37,3525665762,0,8388608,2,region6_2231479903
2023-03-19 07:37,3525808368,1048576,1048576,5,region6_2231479909
2023-03-19 07:37,3520914907,0,176,2,region6_2231479902
2023-03-19 07:37,3521786636,3611831,408244,2,region6_2231479911
2023-03-19 07:37,3521005971,0,176,2,region6_2231479902
2023-03-19 07:37,3523682096,712,223,2,region6_2231479902
2023-03-19 07:37,3525826781,0,1048576,5,region6_2231479909
2023-03-19 07:37,3525878338,7942246,262340,2,region6_2231479911
2023-03-19 07:37,3526087934,0,8388608,4,region6_2231479906
2023-03-19 07:37,3521906220,0,63604,2,region6_2231479916
2023-03-19 07:37,3525881155,0,14400,2,region6_2231479902
2023-03-19 07:37,3526124156,0,1451696,5,region6_2231479909
2023-03-19 07:37,3521277809,0,2868,2,region6_2231479902
2023-03-19 07:37,3526322943,0,7661327,3,region6_2231479910
2023-03-19 07:37,3526331639,0,8481568,2,region6_2231479904
2023-03-19 07:37,3526341410,0,8388608,2,region6_2231479906
2023-03-19 07:37,3523865616,0,139264,2,region6_2231479902
2023-03-19 07:37,3525904282,985273,1950227,2,region6_2231479916
2023-03-19 07:37,3523865616,139264,253952,2,region6_2231479902
2023-03-19 07:37,3526557800,0,978462,3,region6_2231479911
2023-03-19 07:37,3525632014,0,5586076,5,region6_2231479909
2023-03-19 07:37,3525804180,4960896,98944,2,region6_2231479902
2023-03-19 07:37,3525888330,2240803,186257,2,region6_2231479911
2023-03-19 07:37,3525888330,3489531,260724,2,region6_2231479911
2023-03-19 07:37,3525904282,4353078,756213,2,region6_2231479916
2023-03-19 07:37,3526255781,0,8388608,2,region6_2231479906
2023-03-19 07:37,3525631069,0,121146,2,region6_2231479902
2023-03-19 07:37,3525904282,7432721,841012,2,region6_2231479916
2023-03-19 07:37,3521906220,0,63604,2,region6_2231479916
2023-03-19 07:37,3526220446,7739680,133760,2,region6_2231479902
2023-03-19 07:37,3521623736,0,12212,2,region6_2231479902
2023-03-19 07:37,3525762267,936199,7452409,2,region6_2231479903
2023-03-19 07:37,3526111717,0,8388608,2,region6_2231479907
2023-03-19 07:37,3526136499,0,8415024,2,region6_2231479902
2023-03-19 07:37,3521300696,0,522261,2,region6_2231479916
2023-03-19 07:37,3521939867,0,176,2,region6_2231479902
2023-03-19 07:37,3526477447,836920,7543202,2,region6_2231479907
2023-03-19 07:37,3526136499,8252272,229296,2,region6_2231479902
2023-03-19 07:37,3526450531,51800,17306,2,region6_2231479905
2023-03-19 07:37,3526432503,0,1048576,5,region6_2231479909
2023-03-19 07:37,3526096820,3230911,832303,2,region6_2231479911
2023-03-19 07:37,3526326335,0,371709,2,region6_2231479905
2023-03-19 07:37,3526326335,371709,8016899,2,region6_2231479905
2023-03-19 07:37,3525946459,0,494160,2,region6_2231479904
2023-03-19 07:37,3525946459,1502416,6979152,2,region6_2231479904
2023-03-19 07:37,3525946459,451792,8029776,2,region6_2231479904
2023-03-19 07:37,3526096820,101302,748429,2,region6_2231479911
2023-03-19 07:37,3521623736,0,12212,2,region6_2231479902
2023-03-19 07:37,3520645520,0,176,2,region6_2231479902
2023-03-19 07:37,3526128687,7193197,1048576,2,region6_2231479905
2023-03-19 07:37,3521300696,0,522261,2,region6_2231479916
2023-03-19 07:37,3525620740,0,8388608,2,region6_2231479911
2023-03-19 07:37,3520645520,8192,573242,2,region6_2231479902
2023-03-19 07:37,3526128687,7193197,1048576,2,region6_2231479905
2023-03-19 07:37,3523838836,0,8388608,2,region6_2231479907
2023-03-19 07:37,3525290727,0,2397145,2,region6_2231479911
2023-03-19 07:37,3526125070,2183287,1448799,2,region6_2231479907
2023-03-19 07:37,3525814618,0,1048576,5,region6_2231479909
2023-03-19 07:37,3520645520,0,176,2,region6_2231479902
2023-03-19 07:37,3525290727,2397145,5991463,2,region6_2231479911
2023-03-19 07:37,3521209525,0,1594482,2,region6_2231479906
2023-03-19 07:37,3526125070,5113084,3275524,2,region6_2231479907
2023-03-19 07:37,3522515526,0,36310,2,region6_2231479902
2023-03-19 07:37,3524296610,0,8388608,2,region6_2231479903
2023-03-19 07:37,3521005971,0,176,2,region6_2231479902
2023-03-19 07:37,3525825102,0,1048576,5,region6_2231479909
2023-03-19 07:37,3520672852,5402799,1658204,2,region6_2231479905
2023-03-19 07:37,3520672852,7061003,1048576,2,region6_2231479905
2023-03-19 07:37,3520672852,5402799,1658204,2,region6_2231479905
2023-03-19 07:37,3525985611,0,4675503,4,region6_2231479914
2023-03-19 07:37,3521786636,3611831,408244,2,region6_2231479911
2023-03-19 07:37,3520672852,7061003,1048576,2,region6_2231479905
2023-03-19 07:37,3520672852,5194466,8748,2,region6_2231479905
2023-03-19 07:37,3526572037,0,6995450,4,region6_2231479913
2023-03-19 07:38,3525825102,1048576,1048576,5,region6_2231479909
2023-03-19 07:38,3526235692,0,6993324,4,region6_2231479913
2023-03-19 07:38,3525476334,133968,938222,2,region6_2231479911
2023-03-19 07:38,3525942739,0,8388608,5,region6_2231479909
2023-03-19 07:38,3525356763,4640152,3748456,2,region6_2231479911
2023-03-19 07:38,3523345361,923876,7464732,2,region6_2231479907
2023-03-19 07:38,3525356763,0,4640152,2,region6_2231479911
2023-03-19 07:38,3525932939,0,340064,5,region6_2231479912
2023-03-19 07:38,3522138285,0,128,2,region6_2231479902
2023-03-19 07:38,3526035556,0,391771,2,region6_2231479905
2023-03-19 07:38,3526222238,4576304,3905264,2,region6_2231479904
2023-03-19 07:38,3526222238,0,6667504,2,region6_2231479904
2023-03-19 07:38,3522692482,0,176,2,region6_2231479902
2023-03-19 07:38,3526432503,0,1048576,5,region6_2231479909
2023-03-19 07:38,3523511938,0,1101,2,region6_2231479902
2023-03-19 07:38,3522148841,0,9172,2,region6_2231479902
2023-03-19 07:38,3525825102,2097152,1048576,5,region6_2231479909
2023-03-19 07:38,3526557060,0,976337,2,region6_2231479905
2023-03-19 07:38,3523171559,356,950,2,region6_2231479902
2023-03-19 07:38,3526324738,0,6433947,4,region6_2231479905
2023-03-19 07:38,3526557060,976337,7412271,2,region6_2231479905
2023-03-19 07:38,3520672852,5402799,1658204,2,region6_2231479905
2023-03-19 07:38,3520672852,7061003,1048576,2,region6_2231479905
2023-03-19 07:38,3526753540,0,6990216,2,region6_2231479906
2023-03-19 07:38,3526753540,6990216,1048897,2,region6_2231479906
2023-03-19 07:38,3520860174,2678194,8388608,2,region6_2231479905
2023-03-19 07:38,3526257510,0,1048576,5,region6_2231479909
2023-03-19 07:38,3521906220,0,63604,2,region6_2231479916
2023-03-19 07:38,3520672852,5194466,8748,2,region6_2231479905
2023-03-19 07:38,3520672852,7061003,1048576,2,region6_2231479905
2023-03-19 07:38,3526432503,1048576,1048576,5,region6_2231479909
2023-03-19 07:38,3524680685,0,1555461,2,region6_2231479905
2023-03-19 07:38,3526280008,66176,48,2,region6_2231479902
2023-03-19 07:38,3522249149,0,4625287,2,region6_2231479907
2023-03-19 07:38,3521786636,3611831,408244,2,region6_2231479911
2023-03-19 07:38,3521786636,7927265,461343,2,region6_2231479911
2023-03-19 07:38,3520672852,7061003,1048576,2,region6_2231479907
2023-03-19 07:38,3520672852,5402799,1658204,2,region6_2231479905
2023-03-19 07:38,3520672852,5402799,2706780,2,region6_2231479907
2023-03-19 07:38,3525096082,9664851,188032,2,region6_2231479902
2023-03-19 07:38,3520860174,11066802,3731472,2,region6_2231479905
2023-03-19 07:38,3525153456,7044920,1117809,2,region6_2231479911
2023-03-19 07:38,3520672852,0,272809,2,region6_2231479907
2023-03-19 07:38,3520672852,4526433,668900,2,region6_2231479907
2023-03-19 07:38,3520672852,1636346,329640,2,region6_2231479907
2023-03-19 07:38,3523989440,6084224,48,2,region6_2231479902
2023-03-19 07:38,3525825102,3145728,1048576,5,region6_2231479909
2023-03-19 07:38,3525814618,0,1048576,5,region6_2231479909
2023-03-19 07:38,3526020647,0,578548,1,region6_2231479911
2023-03-19 07:38,3526257510,1048576,1048576,5,region6_2231479909
2023-03-19 07:38,3526432503,2097152,1048576,5,region6_2231479909
2023-03-19 07:38,3522035052,4714285,696906,2,region6_2231479905
2023-03-19 07:38,3526669303,0,8481568,5,region6_2231479909
2023-03-19 07:38,3525403198,0,8388608,2,region6_2231479906
2023-03-19 07:38,3526615487,0,8388608,5,region6_2231479909
2023-03-19 07:38,3525825102,4194304,1048576,5,region6_2231479909
2023-03-19 07:38,3525949829,1079872,48,2,region6_2231479902
2023-03-19 07:38,3525977093,4983873,285056,2,region6_2231479902
2023-03-19 07:38,3526020647,578548,2097152,1,region6_2231479911
2023-03-19 07:38,3526022043,0,8388608,2,region6_2231479906
2023-03-19 07:38,3523728482,651299,29738,2,region6_2231479911
2023-03-19 07:38,3523513394,0,35884,2,region6_2231479902
2023-03-19 07:38,3526630753,1502774,358,2,region6_2231479907
2023-03-19 07:38,3526630753,4085649,1359,2,region6_2231479907
2023-03-19 07:38,3525826781,0,1048576,5,region6_2231479909
2023-03-19 07:38,3520934586,0,724569,2,region6_2231479906
2023-03-19 07:38,3525972970,0,8299878,3,region6_2231479910
2023-03-19 07:38,3526020647,2675700,2097152,1,region6_2231479911
2023-03-19 07:38,3526073747,0,176,2,region6_2231479902
2023-03-19 07:38,3521381443,0,821225,2,region6_2231479905
2023-03-19 07:38,3521381443,821225,3223375,2,region6_2231479905
2023-03-19 07:38,3526367664,8905593,70976,2,region6_2231479902
2023-03-19 07:38,3526512551,3244622,1106286,2,region6_2231479907
2023-03-19 07:38,3526558675,0,2036,6,region6_2231479912
2023-03-19 07:38,3524263772,0,29082,2,region6_2231479902
2023-03-19 07:38,3525814618,1048576,1048576,5,region6_2231479909
2023-03-19 07:38,3525985640,0,8388608,2,region6_2231479911
2023-03-19 07:38,3526257510,2097152,1048576,5,region6_2231479909
2023-03-19 07:38,3526309022,0,6305152,2,region6_2231479904
2023-03-19 07:38,3521381443,4044600,3737015,2,region6_2231479905
2023-03-19 07:38,3526432503,3145728,1048576,5,region6_2231479909
2023-03-19 07:38,3526020647,4772852,2097152,1,region6_2231479911
2023-03-19 07:38,3526309022,6305152,2176416,2,region6_2231479904
2023-03-19 07:38,3526309022,6305200,2176368,2,region6_2231479904
2023-03-19 07:38,3526680357,0,15405,2,region6_2231479902
2023-03-19 07:38,3525825102,5242880,1048576,5,region6_2231479909
2023-03-19 07:38,3523200742,0,9959,2,region6_2231479902
2023-03-19 07:38,3526572656,0,4557,2,region6_2231479902
2023-03-19 07:38,3523468855,0,10855,2,region6_2231479902
2023-03-19 07:38,3526020647,6870004,2097152,1,region6_2231479911
2023-03-19 07:38,3526257510,3145728,1048576,5,region6_2231479909
2023-03-19 07:38,3526549917,0,385619,2,region6_2231479905
2023-03-19 07:38,3526432503,4194304,1048576,5,region6_2231479909
2023-03-19 07:38,3522328354,236187,872044,2,region6_2231479907
2023-03-19 07:38,3525814618,2097152,1048576,5,region6_2231479909
2023-03-19 07:38,3525814618,3145728,1048576,5,region6_2231479909
2023-03-19 07:38,3525926036,0,8481568,5,region6_2231479909
2023-03-19 07:38,3526020647,8967156,2097152,1,region6_2231479911
2023-03-19 07:38,3525825102,6291456,1048576,5,region6_2231479909
2023-03-19 07:38,3525356763,0,4640152,2,region6_2231479911
2023-03-19 07:38,3522479275,0,2144,2,region6_2231479902
2023-03-19 07:38,3526115433,0,8373569,3,region6_2231479910
2023-03-19 07:38,3526209336,0,176,2,region6_2231479902
2023-03-19 07:38,3526020647,11064308,2097152,1,region6_2231479911
2023-03-19 07:38,3520860174,0,535146,2,region6_2231479905
2023-03-19 07:38,3523122877,0,176,2,region6_2231479902
2023-03-19 07:38,3526257510,4194304,1003094,5,region6_2231479909
2023-03-19 07:38,3526473950,0,8372953,3,region6_2231479910
2023-03-19 07:38,3526539398,0,8388608,2,region6_2231479902
2023-03-19 07:38,3525356763,4640152,3748456,2,region6_2231479911
2023-03-19 07:38,3526869262,0,4240784,6,region6_2231479912
2023-03-19 07:38,3526027965,0,8388608,4,region6_2231479919
2023-03-19 07:38,3521300696,0,522261,2,region6_2231479916
2023-03-19 07:38,3526432503,6291456,1048576,5,region6_2231479909
2023-03-19 07:38,3526432503,5242880,1048576,5,region6_2231479909
2023-03-19 07:38,3526020647,13161460,2097152,1,region6_2231479911
2023-03-19 07:38,3526565118,0,8388608,2,region6_2231479902
2023-03-19 07:38,3522328354,236187,872044,2,region6_2231479907
2023-03-19 07:38,3525825102,7340032,1048576,5,region6_2231479909
2023-03-19 07:38,3520671120,0,446394,2,region6_2231479905
2023-03-19 07:38,3525400904,0,8388608,2,region6_2231479917
2023-03-19 07:38,3522233173,4723264,48,2,region6_2231479902
2023-03-19 07:38,3526020647,15258612,2097152,1,region6_2231479911
2023-03-19 07:38,3526761045,0,527040,2,region6_2231479902
2023-03-19 07:38,3526775480,0,7558686,3,region6_2231479910
2023-03-19 07:38,3520671120,446394,8388608,2,region6_2231479905
2023-03-19 07:38,3526862908,1811648,48,2,region6_2231479902
2023-03-19 07:38,3526761045,0,527040,2,region6_2231479902
2023-03-19 07:38,3525728746,0,8388608,2,region6_2231479903
2023-03-19 07:38,3526020647,17355764,2097152,1,region6_2231479911
2023-03-19 07:38,3526165418,0,8349002,3,region6_2231479910
2023-03-19 07:38,3523802998,0,128,2,region6_2231479902
2023-03-19 07:38,3526667869,975552,1000832,2,region6_2231479902
2023-03-19 07:38,3525356763,715348,7673260,2,region6_2231479905
2023-03-19 07:38,3523333666,0,82733,2,region6_2231479902
2023-03-19 07:38,3526148250,0,8481568,2,region6_2231479904
2023-03-19 07:38,3526565302,7333536,1121344,2,region6_2231479902
2023-03-19 07:38,3526763291,0,8368100,3,region6_2231479910
2023-03-19 07:38,3520671120,8835002,6051977,2,region6_2231479905
2023-03-19 07:38,3525356763,4640152,3748456,2,region6_2231479911
2023-03-19 07:38,3526020647,19452916,940056,1,region6_2231479911
2023-03-19 07:38,3524386769,5721424,1442804,2,region6_2231479902
2023-03-19 07:38,3525356763,0,4640152,2,region6_2231479911
2023-03-19 07:38,3526599959,0,8388608,2,region6_2231479902
2023-03-19 07:38,3526624250,894065,1317974,2,region6_2231479905
2023-03-19 07:38,3525988328,8080256,66240,2,region6_2231479902
2023-03-19 07:38,3525356763,4640152,3748456,2,region6_2231479911
2023-03-19 07:38,3525356763,0,4640152,2,region6_2231479911
2023-03-19 07:38,3526821510,0,4655549,3,region6_2231479910
2023-03-19 07:38,3525968977,0,8388608,2,region6_2231479906
2023-03-19 07:38,3520860174,535146,2143048,2,region6_2231479905
2023-03-19 07:38,3520929588,8023648,48,2,region6_2231479902
2023-03-19 07:38,3526164653,6311168,48,2,region6_2231479902
2023-03-19 07:38,3524386769,7164228,1167356,2,region6_2231479902
2023-03-19 07:38,3526434479,0,8388608,2,region6_2231479907
2023-03-19 07:38,3525615562,0,562199,2,region6_2231479903
2023-03-19 07:38,3526764945,7974176,48,2,region6_2231479902
2023-03-19 07:38,3525814618,3145728,1048576,5,region6_2231479909
2023-03-19 07:38,3521083566,0,7275,2,region6_2231479902
2023-03-19 07:38,3526453908,4565536,453376,2,region6_2231479902
2023-03-19 07:38,3524284603,0,186,2,region6_2231479914
2023-03-19 07:38,3520792630,0,1639,2,region6_2231479902
2023-03-19 07:38,3525814618,4194304,1048576,5,region6_2231479909
2023-03-19 07:38,3525814618,5242880,1048576,5,region6_2231479909
2023-03-19 07:38,3520788675,8139091,249517,2,region6_2231479916
2023-03-19 07:38,3520788675,0,8139091,2,region6_2231479916
2023-03-19 07:38,3526763169,0,8388608,4,region6_2231479918
2023-03-19 07:38,3526262049,0,8388608,4,region6_2231479905
2023-03-19 07:38,3526399263,4773472,48,2,region6_2231479902
2023-03-19 07:38,3526115330,0,154432,2,region6_2231479902
2023-03-19 07:38,3526162040,2236168,141056,2,region6_2231479902
2023-03-19 07:38,3526190215,0,8388608,4,region6_2231479914
2023-03-19 07:38,3524608510,0,526822,2,region6_2231479905
2023-03-19 07:38,3520672852,7061003,1048576,2,region6_2231479905
2023-03-19 07:38,3526429555,3185652,5202956,2,region6_2231479905
2023-03-19 07:38,3526115330,154432,78464,2,region6_2231479902
2023-03-19 07:38,3525443911,4385,249878,2,region6_2231479905
2023-03-19 07:38,3525443911,18765,20831,2,region6_2231479905
2023-03-19 07:38,3520860174,0,14798274,2,region6_2231479906
2023-03-19 07:38,3526031444,0,8021097,3,region6_2231479910
2023-03-19 07:38,3526139725,0,7952726,3,region6_2231479910
2023-03-19 07:38,3520672852,1636346,3566868,2,region6_2231479905
2023-03-19 07:38,3520672852,0,272511,2,region6_2231479905
2023-03-19 07:38,3521599072,1368668,6988,2,region6_2231479905
2023-03-19 07:38,3523935110,6952288,125152,2,region6_2231479907
2023-03-19 07:38,3523935110,1878917,1338766,2,region6_2231479907
2023-03-19 07:38,3523935110,5470016,103168,2,region6_2231479907
2023-03-19 07:38,3523935110,0,10601,2,region6_2231479907
2023-03-19 07:38,3521134041,0,7263435,2,region6_2231479905
2023-03-19 07:38,3525198713,3,1020642,2,region6_2231479916
2023-03-19 07:38,3526162844,0,25165824,3,region6_2231479911
2023-03-19 07:38,3526631637,0,5967117,5,region6_2231479909
2023-03-19 07:38,3525443911,7980,460950,2,region6_2231479905
2023-03-19 07:38,3525486514,0,8388608,2,region6_2231479917
2023-03-19 07:38,3526226847,0,5068358,2,region6_2231479905
2023-03-19 07:38,3526455939,5681317,2456822,2,region6_2231479911
2023-03-19 07:38,3522380914,0,358042,2,region6_2231479902
2023-03-19 07:38,3524335864,0,574818,2,region6_2231479905
2023-03-19 07:38,3522370702,286315,6476106,2,region6_2231479903
2023-03-19 07:38,3526426892,0,8184301,2,region6_2231479903
2023-03-19 07:38,3522161544,0,5639531,2,region6_2231479907
2023-03-19 07:38,3522161544,8299391,89217,2,region6_2231479907
2023-03-19 07:38,3525888330,2240803,186257,2,region6_2231479911
2023-03-19 07:38,3525888330,3489531,260724,2,region6_2231479911
2023-03-19 07:38,3526816616,3157703,5230905,2,region6_2231479907
2023-03-19 07:38,3524980447,0,11585,1,region6_2231479910
2023-03-19 07:38,3526087115,5411406,2977202,2,region6_2231479905
2023-03-19 07:38,3526087115,0,5411406,2,region6_2231479905
2023-03-19 07:38,3522161544,7464023,755334,2,region6_2231479907
2023-03-19 07:38,3520729119,0,176491,2,region6_2231479916
2023-03-19 07:38,3520729119,176491,8212117,2,region6_2231479916
2023-03-19 07:38,3526871245,0,4259685,2,region6_2231479907
2023-03-19 07:38,3525243031,0,8388608,2,region6_2231479907
2023-03-19 07:38,3525297585,0,56602,2,region6_2231479902
2023-03-19 07:38,3526432503,7340032,1048576,5,region6_2231479909
2023-03-19 07:38,3526432503,6291456,1048576,5,region6_2231479909
2023-03-19 07:38,3525814618,5242880,1048576,5,region6_2231479909
2023-03-19 07:38,3524980447,11585,4194304,1,region6_2231479910
2023-03-19 07:38,3527039768,0,7024304,2,region6_2231479902
2023-03-19 07:38,3524965461,2738473,1048576,2,region6_2231479905
2023-03-19 07:38,3521786636,3611831,408244,2,region6_2231479911
2023-03-19 07:38,3527039768,6588400,1893168,2,region6_2231479902
2023-03-19 07:38,3526288985,0,951600,5,region6_2231479909
2023-03-19 07:38,3526366480,0,2061088,2,region6_2231479904
2023-03-19 07:38,3524980447,4205889,4171134,1,region6_2231479910
2023-03-19 07:38,3526255748,0,16901158,3,region6_2231479910
2023-03-19 07:38,3526289015,0,1048576,5,region6_2231479909
2023-03-19 07:38,3526336872,0,8388608,2,region6_2231479911
2023-03-19 07:38,3526366480,2061136,6420432,2,region6_2231479904
2023-03-19 07:38,3526366480,2061088,6420480,2,region6_2231479904
2023-03-19 07:38,3526483086,0,24122513,3,region6_2231479911
2023-03-19 07:38,3526640213,0,2731935,5,region6_2231479909
2023-03-19 07:38,3525888330,3489531,260724,2,region6_2231479911
2023-03-19 07:38,3525888330,2240803,186257,2,region6_2231479911
2023-03-19 07:38,3525443911,11575,672022,2,region6_2231479905
2023-03-19 07:38,3526896141,7853216,48,2,region6_2231479902
2023-03-19 07:38,3521324192,4886439,24598,2,region6_2231479907
2023-03-19 07:38,3526226847,5068358,3320250,2,region6_2231479905
2023-03-19 07:38,3525814618,6291456,1048576,5,region6_2231479909
2023-03-19 07:38,3520771998,0,378988,2,region6_2231479907
2023-03-19 07:38,3522709588,0,8388608,2,region6_2231479911
2023-03-19 07:38,3521969627,0,939500,2,region6_2231479907
2023-03-19 07:38,3525878338,7942246,262340,2,region6_2231479911
2023-03-19 07:38,3525443911,15170,2436538,2,region6_2231479905
2023-03-19 07:38,3526289015,1048576,1048576,5,region6_2231479909
2023-03-19 07:38,3526319531,2401614,1080531,2,region6_2231479905
2023-03-19 07:38,3526319531,0,1232460,2,region6_2231479905
2023-03-19 07:38,3525443911,811,3574,2,region6_2231479905
2023-03-19 07:38,3526429555,0,3185652,2,region6_2231479905
2023-03-19 07:38,3525814618,7340032,1048576,5,region6_2231479909
2023-03-19 07:38,3526796243,0,8481568,2,region6_2231479904
2023-03-19 07:38,3520710461,7069731,1048576,2,region6_2231479905
2023-03-19 07:38,3527103176,0,8388608,2,region6_2231479906
2023-03-19 07:38,3527203813,0,368090,2,region6_2231479905
2023-03-19 07:38,3526524377,0,2176,2,region6_2231479902
2023-03-19 07:38,3526593667,0,8481568,2,region6_2231479904
2023-03-19 07:38,3526593667,0,4361696,2,region6_2231479904
2023-03-19 07:38,3526119662,0,63,2,region6_2231479914
2023-03-19 07:39,3526524377,0,2176,2,region6_2231479902
2023-03-19 07:39,3527228675,0,10485760,5,region6_2231479909
2023-03-19 07:39,3526289015,2097152,1048576,5,region6_2231479909
2023-03-19 07:39,3525814618,8388608,92960,5,region6_2231479909
2023-03-19 07:39,3525356763,4640152,3748456,2,region6_2231479911
2023-03-19 07:39,3527228675,10485760,7424,5,region6_2231479909
2023-03-19 07:39,3526331714,2624405,2134002,2,region6_2231479905
2023-03-19 07:39,3526571505,0,8481568,5,region6_2231479909
2023-03-19 07:39,3521300696,0,522261,2,region6_2231479916
2023-03-19 07:39,3526524377,0,2176,2,region6_2231479902
2023-03-19 07:39,3526756633,0,5730626,3,region6_2231479910
2023-03-19 07:39,3526432503,7340032,1048576,5,region6_2231479909
2023-03-19 07:39,3526708446,0,8481568,2,region6_2231479904
2023-03-19 07:39,3526729317,0,8388608,2,region6_2231479902
2023-03-19 07:39,3526289015,3145728,771381,5,region6_2231479909
2023-03-19 07:39,3521300696,0,522261,2,region6_2231479916
2023-03-19 07:39,3526538536,0,176,2,region6_2231479902
2023-03-19 07:39,3526565615,2058496,1482224,2,region6_2231479911
2023-03-19 07:39,3520906486,3747550,115590,2,region6_2231479905
2023-03-19 07:39,3524680685,0,1555461,2,region6_2231479905
2023-03-19 07:39,3526555819,0,4867822,4,region6_2231479914
2023-03-19 07:39,3526432503,8388608,1048576,5,region6_2231479909
2023-03-19 07:39,3525921127,575622,1048576,2,region6_2231479911
2023-03-19 07:39,3521573280,6355539,5725722,2,region6_2231479902
2023-03-19 07:39,3520765724,185410,2257214,2,region6_2231479907
2023-03-19 07:39,3526163337,3639018,1048576,2,region6_2231479905
2023-03-19 07:39,3526426808,0,8388608,2,region6_2231479917
2023-03-19 07:39,3520765724,4720216,3668392,2,region6_2231479907
2023-03-19 07:39,3520747773,0,505,2,region6_2231479914
2023-03-19 07:39,3525443911,4385,249878,2,region6_2231479905
2023-03-19 07:39,3526432503,9437184,1048576,5,region6_2231479909
2023-03-19 07:39,3526706755,0,128,2,region6_2231479902
2023-03-19 07:39,3526781491,2283650,906627,2,region6_2231479916
2023-03-19 07:39,3526821510,0,3733059,1,region6_2231479910
2023-03-19 07:39,3521551845,0,8388608,2,region6_2231479907
2023-03-19 07:39,3526821510,3733059,922489,1,region6_2231479910
2023-03-19 07:39,3520775838,0,257991,2,region6_2231479902
2023-03-19 07:39,3520782592,4359079,46503,2,region6_2231479907
2023-03-19 07:39,3526605922,0,963408,2,region6_2231479902
2023-03-19 07:39,3526605922,1012896,7468672,2,region6_2231479902
2023-03-19 07:39,3522666216,6807621,1580987,2,region6_2231479903
2023-03-19 07:39,3521525155,0,115712,2,region6_2231479902
2023-03-19 07:39,3523333461,0,4163490,2,region6_2231479905
2023-03-19 07:39,3523333461,5715629,102676,2,region6_2231479905
2023-03-19 07:39,3523333461,5818305,2570303,2,region6_2231479905
2023-03-19 07:39,3526432503,11534336,1048576,5,region6_2231479909
2023-03-19 07:39,3526432503,10485760,1048576,5,region6_2231479909
2023-03-19 07:39,3526590198,1817352,199004,2,region6_2231479907
2023-03-19 07:39,3521966393,0,176,2,region6_2231479902
2023-03-19 07:39,3525356763,0,4640152,2,region6_2231479911
2023-03-19 07:39,3526113112,0,8481568,5,region6_2231479909
2023-03-19 07:39,3521525155,0,115712,2,region6_2231479902
2023-03-19 07:39,3526627030,0,27,4,region6_2231479906
2023-03-19 07:39,3520796959,0,176,2,region6_2231479902
2023-03-19 07:39,3525443911,7980,460950,2,region6_2231479905
2023-03-19 07:39,3526953332,0,8388608,5,region6_2231479909
2023-03-19 07:39,3526208729,0,581737,4,region6_2231479906
2023-03-19 07:39,3522831210,1037306,1255943,2,region6_2231479907
2023-03-19 07:39,3526559213,0,8481568,2,region6_2231479904
2023-03-19 07:39,3526559213,0,7359232,2,region6_2231479904
2023-03-19 07:39,3523333461,4163490,1552139,2,region6_2231479905
2023-03-19 07:39,3520943562,515732,304703,2,region6_2231479905
2023-03-19 07:39,3520943562,7064438,1048576,2,region6_2231479905
2023-03-19 07:39,3526884253,0,8481568,2,region6_2231479904
2023-03-19 07:39,3521645200,141187,1267967,2,region6_2231479908
2023-03-19 07:39,3525934254,4194304,4194304,2,region6_2231479906
2023-03-19 07:39,3525934254,0,4194304,2,region6_2231479906
2023-03-19 07:39,3520645520,0,176,2,region6_2231479902
2023-03-19 07:39,3520645520,8192,573242,2,region6_2231479902
2023-03-19 07:39,3526829746,0,5557002,4,region6_2231479914
2023-03-19 07:39,3521939182,5892320,48,2,region6_2231479902
2023-03-19 07:39,3527036474,0,1112308,2,region6_2231479902
2023-03-19 07:39,3522321613,0,640,2,region6_2231479902
2023-03-19 07:39,3527191992,0,8388608,5,region6_2231479909
2023-03-19 07:39,3521209930,5825422,2016893,1,region6_2231479910
2023-03-19 07:39,3521284191,5868427,1914407,2,region6_2231479905
2023-03-19 07:39,3520906486,0,81169,2,region6_2231479907
2023-03-19 07:39,3520906486,3065964,112552,2,region6_2231479907
2023-03-19 07:39,3527192774,0,2497348,2,region6_2231479911
2023-03-19 07:39,3526601861,6424000,2057568,2,region6_2231479904
2023-03-19 07:39,3526754792,0,8481568,5,region6_2231479909
2023-03-19 07:39,3520645520,0,176,2,region6_2231479902
2023-03-19 07:39,3526618347,0,4535333,2,region6_2231479911
2023-03-19 07:39,3522428044,0,1728091,2,region6_2231479911
2023-03-19 07:39,3523471617,0,286621,1,region6_2231479910
2023-03-19 07:39,3527005657,0,8388608,2,region6_2231479903
2023-03-19 07:39,3527192774,2497348,5891260,2,region6_2231479911
2023-03-19 07:39,3526600743,0,8481568,5,region6_2231479909
2023-03-19 07:39,3522076836,0,243188,2,region6_2231479902
2023-03-19 07:39,3526981971,6463232,230912,2,region6_2231479902
2023-03-19 07:39,3526497271,0,6363760,2,region6_2231479904
2023-03-19 07:39,3525198713,3,1020642,2,region6_2231479916
2023-03-19 07:39,3526497271,2851056,5630512,2,region6_2231479904
2023-03-19 07:39,3526593589,0,13735,2,region6_2231479902
2023-03-19 07:39,3526910637,0,8345096,1,region6_2231479910
2023-03-19 07:39,3527265392,0,354881,4,region6_2231479911
2023-03-19 07:39,3526235992,4043628,2878,2,region6_2231479907
2023-03-19 07:39,3526235992,7366381,1022227,2,region6_2231479907
2023-03-19 07:39,3526256012,0,5075268,4,region6_2231479914
2023-03-19 07:39,3526432503,12582912,1048576,5,region6_2231479909
2023-03-19 07:39,3526432503,11534336,1048576,5,region6_2231479909
2023-03-19 07:39,3522035807,0,422936,2,region6_2231479905
2023-03-19 07:39,3524882222,0,4608777,2,region6_2231479905
2023-03-19 07:39,3524882222,4608777,8388608,2,region6_2231479905
2023-03-19 07:39,3522332416,0,336909,2,region6_2231479902
2023-03-19 07:39,3527105603,2721729,5666879,2,region6_2231479911
2023-03-19 07:39,3527105603,0,2721729,2,region6_2231479911
2023-03-19 07:39,3523322040,0,234855,2,region6_2231479902
2023-03-19 07:39,3524882222,12997385,1788764,2,region6_2231479905
2023-03-19 07:39,3521443556,0,8388608,2,region6_2231479907
2023-03-19 07:39,3526093843,0,8354075,3,region6_2231479910
2023-03-19 07:39,3521786636,3611831,408244,2,region6_2231479911
2023-03-19 07:39,3522147309,3739808,435008,2,region6_2231479902
2023-03-19 07:39,3522702636,0,642656,2,region6_2231479911
2023-03-19 07:39,3525199648,3432935,1048576,2,region6_2231479911
2023-03-19 07:39,3525403198,0,8388608,2,region6_2231479906
2023-03-19 07:39,3527269404,0,8481568,5,region6_2231479909
2023-03-19 07:39,3521906220,0,63604,2,region6_2231479916
2023-03-19 07:39,3522199905,0,2070,2,region6_2231479902
2023-03-19 07:39,3526753074,0,492851,2,region6_2231479911
2023-03-19 07:39,3521396634,0,22311,2,region6_2231479902
2023-03-19 07:39,3526681106,0,8311800,3,region6_2231479910
2023-03-19 07:39,3526980696,1212,184,2,region6_2231479902
2023-03-19 07:39,3520672852,5402799,2706780,2,region6_2231479907
2023-03-19 07:39,3520672852,7061003,1048576,2,region6_2231479907
2023-03-19 07:39,3526618347,0,4535333,2,region6_2231479906
2023-03-19 07:39,3526308081,0,25165824,3,region6_2231479911
2023-03-19 07:39,3521906220,0,63604,2,region6_2231479916
2023-03-19 07:39,3520672852,0,5198484,2,region6_2231479907
2023-03-19 07:39,3527042195,7855491,533117,2,region6_2231479907
2023-03-19 07:39,3525693091,5602848,54400,2,region6_2231479902
2023-03-19 07:39,3526703269,0,4240784,6,region6_2231479912
2023-03-19 07:39,3526815430,0,8388608,2,region6_2231479906
2023-03-19 07:39,3526851688,250336,330688,2,region6_2231479902
2023-03-19 07:39,3524933062,344,3538768,2,region6_2231479916
2023-03-19 07:39,3524933062,7216360,2383,2,region6_2231479916
2023-03-19 07:39,3521645200,141187,1267967,2,region6_2231479908
2023-03-19 07:39,3527007399,0,18670796,3,region6_2231479910
2023-03-19 07:39,3524002948,174381,3297408,1,region6_2231479910
2023-03-19 07:39,3526256152,0,4761365,2,region6_2231479905
2023-03-19 07:39,3526814803,2826377,1921791,2,region6_2231479905
2023-03-19 07:39,3521968182,1534432,95168,2,region6_2231479902
2023-03-19 07:39,3521395003,242464,48,2,region6_2231479902
2023-03-19 07:39,3526245513,0,8388608,2,region6_2231479902
2023-03-19 07:39,3526119050,15144,3989848,2,region6_2231479911
2023-03-19 07:39,3526119050,0,4004992,2,region6_2231479911
2023-03-19 07:39,3522075244,96284,1141193,2,region6_2231479905
2023-03-19 07:39,3522075244,3893840,916900,2,region6_2231479905
2023-03-19 07:39,3527017340,605152,78464,2,region6_2231479902
2023-03-19 07:39,3526149127,454968,1048576,2,region6_2231479908
2023-03-19 07:39,3526149127,1494973,3446,2,region6_2231479908
2023-03-19 07:39,3520776471,7121853,6094,2,region6_2231479916
2023-03-19 07:39,3520776471,5904633,141452,2,region6_2231479916
2023-03-19 07:39,3520776471,5842507,31557,2,region6_2231479916
2023-03-19 07:39,3521619839,0,1718553,2,region6_2231479911
2023-03-19 07:39,3520864571,5940435,30894,2,region6_2231479916
2023-03-19 07:39,3520864571,6201540,23010,2,region6_2231479916
2023-03-19 07:39,3520864571,6224550,16384,2,region6_2231479916
2023-03-19 07:39,3526859486,0,8388608,4,region6_2231479922
2023-03-19 07:39,3526979715,0,5683408,2,region6_2231479907
2023-03-19 07:39,3524951986,3098457,876190,2,region6_2231479911
2023-03-19 07:39,3526293935,0,8388608,2,region6_2231479907
2023-03-19 07:39,3526432503,12582912,1048576,5,region6_2231479909
2023-03-19 07:39,3525364737,0,1667386,2,region6_2231479916
2023-03-19 07:39,3525364737,1854619,2940238,2,region6_2231479916
2023-03-19 07:39,3526856169,0,8364110,3,region6_2231479910
2023-03-19 07:39,3526132492,3127013,94312,2,region6_2231479907
2023-03-19 07:39,3526827848,0,8481568,5,region6_2231479909
2023-03-19 07:39,3526455939,5681317,2456822,2,region6_2231479911
2023-03-19 07:39,3526800279,0,7251443,3,region6_2231479910
2023-03-19 07:39,3526182090,0,2609044,5,region6_2231479912
2023-03-19 07:39,3526432503,13631488,1048576,5,region6_2231479909
2023-03-19 07:39,3526455939,5681317,2456822,2,region6_2231479911
2023-03-19 07:39,3525443911,811,3574,2,region6_2231479905
2023-03-19 07:39,3527200905,1401728,147584,2,region6_2231479902
2023-03-19 07:39,3526054120,0,8858,2,region6_2231479902
2023-03-19 07:39,3522693202,0,176,2,region6_2231479902
2023-03-19 07:39,3526277701,0,1048576,5,region6_2231479909
2023-03-19 07:39,3521786636,1673963,374267,2,region6_2231479905
2023-03-19 07:39,3525643027,599840,1575872,2,region6_2231479902
2023-03-19 07:39,3526826150,0,3752994,2,region6_2231479905
2023-03-19 07:39,3526054120,0,8858,2,region6_2231479902
2023-03-19 07:39,3521645200,141187,1267967,2,region6_2231479908
2023-03-19 07:39,3526237390,0,8388608,2,region6_2231479917
2023-03-19 07:39,3526826150,3752994,4635614,2,region6_2231479905
2023-03-19 07:39,3527226286,0,6992041,4,region6_2231479913
2023-03-19 07:39,3526432503,14680064,137714,5,region6_2231479909
2023-03-19 07:39,3526256152,4761365,3627243,2,region6_2231479905
2023-03-19 07:39,3526923136,0,8388608,4,region6_2231479911
2023-03-19 07:39,3526763291,4194304,4173796,1,region6_2231479910
2023-03-19 07:39,3526763291,0,4194304,1,region6_2231479910
2023-03-19 07:39,3526124692,6814306,346799,2,region6_2231479907
2023-03-19 07:39,3526124692,1536543,3358911,2,region6_2231479907
2023-03-19 07:39,3525888330,3489531,260724,2,region6_2231479911
2023-03-19 07:39,3525934254,0,8388608,2,region6_2231479906
2023-03-19 07:39,3527250894,5390795,2997813,2,region6_2231479905
2023-03-19 07:39,3527250894,0,5390795,2,region6_2231479905
2023-03-19 07:40,3526101583,8023898,89914,2,region6_2231479911
2023-03-19 07:40,3520969202,0,4186,2,region6_2231479902
2023-03-19 07:40,3522684762,5968844,1291713,2,region6_2231479905
2023-03-19 07:40,3521906220,0,63604,2,region6_2231479916
2023-03-19 07:40,3526101583,1132970,394494,2,region6_2231479911
2023-03-19 07:40,3523499212,0,3478,2,region6_2231479902
2023-03-19 07:40,3526307963,8223808,122112,2,region6_2231479902
2023-03-19 07:40,3521906220,0,63604,2,region6_2231479916
2023-03-19 07:40,3526421605,0,176,2,region6_2231479902
2023-03-19 07:40,3526733338,0,8285492,3,region6_2231479910
2023-03-19 07:40,3526810526,0,8388608,4,region6_2231479906
2023-03-19 07:40,3526962467,371447,1137896,2,region6_2231479907
2023-03-19 07:40,3526962467,1589156,1048576,2,region6_2231479907
2023-03-19 07:40,3526343237,3932160,1310720,2,region6_2231479902
2023-03-19 07:40,3526343237,0,1310720,2,region6_2231479902
2023-03-19 07:40,3526248011,0,8481568,5,region6_2231479909
2023-03-19 07:40,3520697515,580696,1048576,2,region6_2231479905
2023-03-19 07:40,3526784397,0,5246567,5,region6_2231479909
2023-03-19 07:40,3521324192,0,1002633,2,region6_2231479905
2023-03-19 07:40,3525435103,2774239,1048576,2,region6_2231479905
2023-03-19 07:40,3525435103,0,663094,2,region6_2231479905
2023-03-19 07:40,3521499258,0,2252477,2,region6_2231479911
2023-03-19 07:40,3526163455,0,128,2,region6_2231479902
2023-03-19 07:40,3526215408,6708101,339162,2,region6_2231479907
2023-03-19 07:40,3522971590,0,236,2,region6_2231479914
2023-03-19 07:40,3521324192,1053067,7335541,2,region6_2231479905
2023-03-19 07:40,3525435103,2962588,695604,2,region6_2231479905
2023-03-19 07:40,3525435103,704834,1204524,2,region6_2231479905
2023-03-19 07:40,3526350855,0,6418027,4,region6_2231479905
2023-03-19 07:40,3526563427,0,2618,2,region6_2231479902
2023-03-19 07:40,3526149094,0,7015836,3,region6_2231479910
2023-03-19 07:40,3526498631,0,8388608,4,region6_2231479906
2023-03-19 07:40,3526069695,0,8388608,2,region6_2231479906
2023-03-19 07:40,3522787494,0,8376261,2,region6_2231479916
2023-03-19 07:40,3526393631,0,8388608,5,region6_2231479909
2023-03-19 07:40,3526470559,0,176,2,region6_2231479902
2023-03-19 07:40,3522035052,4263844,1147347,2,region6_2231479916
2023-03-19 07:40,3523446565,0,8388608,2,region6_2231479907
2023-03-19 07:40,3522645177,5494999,668,2,region6_2231479916
2023-03-19 07:40,3526142659,0,45965,2,region6_2231479902
2023-03-19 07:40,3526425058,0,1835257,2,region6_2231479905
2023-03-19 07:40,3520955719,37,1128,2,region6_2231479902
2023-03-19 07:40,3526112275,0,1811605,2,region6_2231479905
2023-03-19 07:40,3526129720,0,502352,2,region6_2231479904
2023-03-19 07:40,3526130673,0,6996190,4,region6_2231479913
2023-03-19 07:40,3526484741,0,354576,2,region6_2231479902
2023-03-19 07:40,3526484741,0,8481568,2,region6_2231479902
2023-03-19 07:40,3526129720,1065552,7416016,2,region6_2231479904
2023-03-19 07:40,3526129720,23696,8457872,2,region6_2231479904
2023-03-19 07:40,3526277701,0,1048576,5,region6_2231479909
2023-03-19 07:40,3521014633,0,158938,2,region6_2231479905
2023-03-19 07:40,3525934254,0,8388608,2,region6_2231479906
2023-03-19 07:40,3526867358,3733504,48,2,region6_2231479902
2023-03-19 07:40,3524524250,0,4701394,2,region6_2231479905
2023-03-19 07:40,3526051312,0,5640856,2,region6_2231479903
2023-03-19 07:40,3521599072,486245,889411,2,region6_2231479905
2023-03-19 07:40,3522787494,8376261,12347,2,region6_2231479916
2023-03-19 07:40,3522035052,5405254,5937,2,region6_2231479905
2023-03-19 07:40,3526529290,7743552,341504,2,region6_2231479902
2023-03-19 07:40,3526565615,2058496,1482224,2,region6_2231479911
2023-03-19 07:40,3526845087,0,8481568,6,region6_2231479912
2023-03-19 07:40,3524524250,4701394,3687214,2,region6_2231479905
2023-03-19 07:40,3526340925,0,1051717,4,region6_2231479911
2023-03-19 07:40,3526399463,0,2764416,5,region6_2231479912
2023-03-19 07:40,3526565615,2058496,1482224,2,region6_2231479911
2023-03-19 07:40,3526621192,0,523161,4,region6_2231479906
2023-03-19 07:40,3526831398,1048352,112,2,region6_2231479907
2023-03-19 07:40,3526831398,150697,897767,2,region6_2231479907
2023-03-19 07:40,3526872365,8209776,271792,2,region6_2231479904
2023-03-19 07:40,3526872365,0,8481568,2,region6_2231479904
2023-03-19 07:40,3522645177,5495667,2892941,2,region6_2231479916
2023-03-19 07:40,3522645177,2954387,2540612,2,region6_2231479916
2023-03-19 07:40,3522645177,0,2954387,2,region6_2231479916
2023-03-19 07:40,3522460622,0,8388608,2,region6_2231479907
2023-03-19 07:40,3526879700,7474057,914551,2,region6_2231479905
2023-03-19 07:40,3527032890,0,2236547,2,region6_2231479907
2023-03-19 07:40,3527032890,3928703,43674,2,region6_2231479907
2023-03-19 07:40,3526277701,1048576,1048576,5,region6_2231479909
2023-03-19 07:40,3526559614,0,8388608,2,region6_2231479903
2023-03-19 07:40,3526879700,0,4612975,2,region6_2231479905
2023-03-19 07:40,3526879700,4614304,2164568,2,region6_2231479905
2023-03-19 07:40,3526879700,7474057,914551,2,region6_2231479905
2023-03-19 07:40,3520969202,0,4186,2,region6_2231479902
2023-03-19 07:40,3526158239,0,8388608,4,region6_2231479911
2023-03-19 07:40,3526343633,0,8481568,2,region6_2231479904
2023-03-19 07:40,3525356763,0,4640152,2,region6_2231479911
2023-03-19 07:40,3526879700,7474057,914551,2,region6_2231479905
2023-03-19 07:40,3523800918,3984531,698990,2,region6_2231479905
2023-03-19 07:40,3523800918,76537,1173376,2,region6_2231479905
2023-03-19 07:40,3525356763,4640152,3748456,2,region6_2231479911
2023-03-19 07:40,3527192285,0,8481568,5,region6_2231479909
2023-03-19 07:40,3526095539,0,15787309,6,region6_2231479912
2023-03-19 07:40,3526277701,2097152,1048576,5,region6_2231479909
2023-03-19 07:40,3526602210,0,2738,2,region6_2231479906
2023-03-19 07:40,3526084020,0,8481568,5,region6_2231479909
2023-03-19 07:40,3526394835,0,8388608,2,region6_2231479917
2023-03-19 07:40,3527158882,0,5661406,3,region6_2231479910
2023-03-19 07:40,3527242700,0,47841,1,region6_2231479910
2023-03-19 07:40,3526632789,0,1048576,5,region6_2231479909
2023-03-19 07:40,3526700137,6123392,48,2,region6_2231479902
2023-03-19 07:40,3526095575,0,1768137,4,region6_2231479906
2023-03-19 07:40,3526277701,3145728,1048576,5,region6_2231479909
2023-03-19 07:40,3526277701,4194304,1048576,5,region6_2231479909
2023-03-19 07:40,3521411945,1707708,90754,2,region6_2231479916
2023-03-19 07:40,3525170670,3780384,226432,2,region6_2231479902
2023-03-19 07:40,3526071557,3523328,48,2,region6_2231479902
2023-03-19 07:40,3526239555,0,8388608,2,region6_2231479907
2023-03-19 07:40,3524238739,6220576,115776,2,region6_2231479902
2023-03-19 07:40,3526338323,0,8366139,3,region6_2231479910
2023-03-19 07:40,3526065412,0,8388608,4,region6_2231479914
2023-03-19 07:40,3522511077,0,7399,2,region6_2231479902
2023-03-19 07:40,3526172044,0,8388608,2,region6_2231479906
2023-03-19 07:40,3526279327,0,7444071,4,region6_2231479911
2023-03-19 07:40,3526398254,0,6432959,4,region6_2231479923
2023-03-19 07:40,3526412953,0,543289,2,region6_2231479905
2023-03-19 07:40,3526412953,543289,7845319,2,region6_2231479905
2023-03-19 07:40,3523452992,0,1498,2,region6_2231479902
2023-03-19 07:40,3520788675,0,8388608,2,region6_2231479906
2023-03-19 07:40,3526609533,0,8388608,2,region6_2231479907
2023-03-19 07:40,3526998133,0,1306480,2,region6_2231479904
2023-03-19 07:40,3521484815,1060157,7328451,2,region6_2231479907
2023-03-19 07:40,3527242700,47841,8292926,1,region6_2231479910
2023-03-19 07:40,3526210586,0,8388608,5,region6_2231479909
2023-03-19 07:40,3526676335,0,7530444,2,region6_2231479905
2023-03-19 07:40,3526998133,8293824,187744,2,region6_2231479904
2023-03-19 07:40,3526998133,0,8293824,2,region6_2231479904
2023-03-19 07:40,3527225427,0,4122,2,region6_2231479902
2023-03-19 07:40,3526066174,7779746,608862,2,region6_2231479907
2023-03-19 07:40,3526066174,793924,3273809,2,region6_2231479907
2023-03-19 07:40,3521525155,0,115712,2,region6_2231479902
2023-03-19 07:40,3526348149,0,8388608,4,region6_2231479911
2023-03-19 07:40,3526386787,15169344,430208,2,region6_2231479902
2023-03-19 07:40,3525585614,0,6433,2,region6_2231479902
2023-03-19 07:40,3527119658,0,8292976,3,region6_2231479910
2023-03-19 07:40,3527203691,0,8481568,2,region6_2231479904
2023-03-19 07:40,3522010595,6314951,37098,2,region6_2231479907
2023-03-19 07:40,3522010595,2915618,9091,2,region6_2231479907
2023-03-19 07:40,3522625621,678592,1048576,2,region6_2231479905
2023-03-19 07:40,3524882222,0,4608777,2,region6_2231479905
2023-03-19 07:40,3527043981,0,1549,2,region6_2231479902
2023-03-19 07:40,3523186287,7479040,48,2,region6_2231479902
2023-03-19 07:40,3527095024,1061952,48,2,region6_2231479902
2023-03-19 07:40,3525476334,133968,938222,2,region6_2231479911
2023-03-19 07:40,3526360084,1884976,65582,2,region6_2231479902
2023-03-19 07:40,3526398254,0,6432959,2,region6_2231479920
2023-03-19 07:40,3525356763,0,4640152,2,region6_2231479911
2023-03-19 07:40,3525153456,7044920,1117809,2,region6_2231479911
2023-03-19 07:40,3526623745,0,7241977,3,region6_2231479910
2023-03-19 07:40,3524882222,4608777,8388608,2,region6_2231479905
2023-03-19 07:40,3521467997,4418390,351424,2,region6_2231479905
2023-03-19 07:40,3526347244,0,8388608,4,region6_2231479911
2023-03-19 07:40,3526632789,0,1048576,5,region6_2231479909
2023-03-19 07:40,3526723720,0,25165824,3,region6_2231479911
2023-03-19 07:40,3521467997,1011549,243246,2,region6_2231479905
2023-03-19 07:40,3521570470,47125,1281784,2,region6_2231479905
2023-03-19 07:40,3524882222,12997385,1788764,2,region6_2231479905
2023-03-19 07:40,3527257618,0,256,2,region6_2231479902
2023-03-19 07:40,3522467289,3036648,4877209,2,region6_2231479907
2023-03-19 07:40,3526568329,0,6990614,4,region6_2231479913
2023-03-19 07:40,3527257618,0,256,2,region6_2231479902
2023-03-19 07:40,3526750272,0,8388608,5,region6_2231479909
2023-03-19 07:40,3526271554,0,7612160,3,region6_2231479910
2023-03-19 07:40,3526632789,1048576,1048576,5,region6_2231479909
2023-03-19 07:40,3524347741,6017928,48,2,region6_2231479902
2023-03-19 07:40,3521338852,0,1111857,2,region6_2231479905
2023-03-19 07:40,3523551423,0,8388608,2,region6_2231479903
2023-03-19 07:40,3526502793,0,1804608,2,region6_2231479902
2023-03-19 07:40,3526119396,0,8481568,2,region6_2231479904
2023-03-19 07:40,3526144321,1048576,1048576,5,region6_2231479909
2023-03-19 07:40,3526144321,0,1048576,5,region6_2231479909
2023-03-19 07:40,3526332139,0,1042159,4,region6_2231479918
2023-03-19 07:40,3526602124,0,8343524,3,region6_2231479910
2023-03-19 07:40,3526632789,2097152,1048576,5,region6_2231479909
2023-03-19 07:40,3526714390,3292448,48,2,region6_2231479902
2023-03-19 07:40,3526210437,0,2061,2,region6_2231479902
2023-03-19 07:40,3526559561,0,8481568,2,region6_2231479904
2023-03-19 07:40,3525356763,0,4640152,2,region6_2231479911
2023-03-19 07:40,3525356763,4640152,3748456,2,region6_2231479911
2023-03-19 07:40,3526753074,0,492851,2,region6_2231479911
2023-03-19 07:40,3521746210,662944,68032,2,region6_2231479902
2023-03-19 07:40,3524339705,8144292,244316,2,region6_2231479905
2023-03-19 07:40,3524339705,0,5656158,2,region6_2231479905
2023-03-19 07:40,3526632789,3145728,1048576,5,region6_2231479909
2023-03-19 07:40,3526630596,1183046,263540,2,region6_2231479902
2023-03-19 07:40,3526630596,0,1183046,2,region6_2231479902
2023-03-19 07:40,3525222126,302536,223003,2,region6_2231479905
2023-03-19 07:40,3521786636,1673963,374267,2,region6_2231479905
2023-03-19 07:40,3525222126,1313822,1057151,2,region6_2231479905
2023-03-19 07:40,3524403494,0,128,2,region6_2231479902
2023-03-19 07:40,3526384361,7481424,1000144,2,region6_2231479904
2023-03-19 07:40,3526384361,0,7618704,2,region6_2231479904
2023-03-19 07:40,3520670638,9638,8388608,2,region6_2231479905
2023-03-19 07:40,3524403494,0,128,2,region6_2231479902
2023-03-19 07:40,3522159495,126640,3515,2,region6_2231479907
2023-03-19 07:40,3526632789,4194304,1048576,5,region6_2231479909
2023-03-19 07:40,3526753074,0,492851,2,region6_2231479911
2023-03-19 07:40,3526335517,3996598,4392010,2,region6_2231479907
2023-03-19 07:40,3526360084,1950558,65582,2,region6_2231479902
2023-03-19 07:40,3521059424,0,91578,2,region6_2231479902
2023-03-19 07:40,3525365060,30835,4194304,1,region6_2231479910
2023-03-19 07:40,3525365060,0,30835,1,region6_2231479910
2023-03-19 07:40,3526350829,0,1163987,2,region6_2231479903
2023-03-19 07:40,3526350829,0,1163987,2,region6_2231479903
2023-03-19 07:40,3526350829,115411,1048576,2,region6_2231479903
2023-03-19 07:40,3526350829,0,1163987,2,region6_2231479903
2023-03-19 07:40,3526350829,115411,1048576,2,region6_2231479903
2023-03-19 07:40,3526635571,724535,1264853,2,region6_2231479916
2023-03-19 07:40,3526775970,8192,96986,2,region6_2231479902
2023-03-19 07:40,3526775970,0,176,2,region6_2231479902
2023-03-19 07:40,3525365060,4225139,4132633,1,region6_2231479910
2023-03-19 07:40,3524403494,0,128,2,region6_2231479902
2023-03-19 07:40,3526093637,3208896,1000832,2,region6_2231479902
2023-03-19 07:40,3525542048,0,4545,2,region6_2231479902
2023-03-19 07:40,3526632789,5242880,1048576,5,region6_2231479909
2023-03-19 07:40,3525965410,0,2097152,1,region6_2231479911
2023-03-19 07:40,3526775970,0,176,2,region6_2231479902
2023-03-19 07:40,3527208186,0,8481568,5,region6_2231479909
2023-03-19 07:40,3524339705,5656158,2488134,2,region6_2231479905
2023-03-19 07:40,3526587514,0,8388608,2,region6_2231479902
2023-03-19 07:40,3526632789,6291456,1048576,5,region6_2231479909
2023-03-19 07:40,3524882222,0,4608777,2,region6_2231479905
2023-03-19 07:40,3526869542,0,28352,2,region6_2231479902
2023-03-19 07:40,3524679639,0,31425,1,region6_2231479910
2023-03-19 07:40,3525732565,0,8388608,2,region6_2231479903
2023-03-19 07:40,3526690649,0,8481568,2,region6_2231479904
2023-03-19 07:40,3522584472,2081636,6306972,2,region6_2231479907
2023-03-19 07:40,3527236107,0,5419792,2,region6_2231479904
2023-03-19 07:40,3527236107,5161424,3320144,2,region6_2231479904
2023-03-19 07:40,3522271013,0,23834,2,region6_2231479902
2023-03-19 07:40,3520670638,8398246,6488585,2,region6_2231479905
2023-03-19 07:40,3526862319,0,8388608,2,region6_2231479902
2023-03-19 07:40,3526122018,0,20416,2,region6_2231479902
2023-03-19 07:40,3523828066,1873627,2709125,2,region6_2231479907
2023-03-19 07:40,3523828066,3534176,1048576,2,region6_2231479907
2023-03-19 07:40,3526345528,0,4593325,2,region6_2231479907
2023-03-19 07:40,3526568482,5636944,2844624,2,region6_2231479902
2023-03-19 07:40,3526568482,0,6064592,2,region6_2231479902
2023-03-19 07:40,3525965410,2097152,2097152,1,region6_2231479911
2023-03-19 07:40,3525558977,0,2243382,1,region6_2231479910
2023-03-19 07:41,3526085690,0,8388608,4,region6_2231479911
2023-03-19 07:41,3526521974,3655648,48,2,region6_2231479902
2023-03-19 07:41,3526632789,7340032,1048576,5,region6_2231479909
2023-03-19 07:41,3520671120,0,446394,2,region6_2231479905
2023-03-19 07:41,3523651859,0,8388608,2,region6_2231479903
2023-03-19 07:41,3526144321,1048576,1048576,5,region6_2231479909
2023-03-19 07:41,3523944196,0,8049042,2,region6_2231479905
2023-03-19 07:41,3520670638,0,9638,2,region6_2231479905
2023-03-19 07:41,3521300696,0,522261,2,region6_2231479916
2023-03-19 07:41,3526243999,0,8388608,2,region6_2231479902
2023-03-19 07:41,3523944196,8049042,6761131,2,region6_2231479905
2023-03-19 07:41,3525878338,7942246,262340,2,region6_2231479911
2023-03-19 07:41,3521300696,0,522261,2,region6_2231479916
2023-03-19 07:41,3525435103,2774239,1048576,2,region6_2231479905
2023-03-19 07:41,3524860275,0,176,2,region6_2231479902
2023-03-19 07:41,3526959364,0,5940586,3,region6_2231479910
2023-03-19 07:41,3525435103,0,663094,2,region6_2231479905
2023-03-19 07:41,3525427002,0,604,2,region6_2231479914
2023-03-19 07:41,3520671120,446394,8388608,2,region6_2231479905
2023-03-19 07:41,3525645595,0,2017,2,region6_2231479902
2023-03-19 07:41,3526144321,2097152,1048576,5,region6_2231479909
2023-03-19 07:41,3526150029,0,66202,2,region6_2231479902
2023-03-19 07:41,3525435103,2962588,695604,2,region6_2231479905
2023-03-19 07:41,3525435103,704834,1204524,2,region6_2231479905
2023-03-19 07:41,3520677037,0,1901152,2,region6_2231479905
2023-03-19 07:41,3526101583,8023898,89914,2,region6_2231479911
2023-03-19 07:41,3526101583,8023898,89914,2,region6_2231479911
2023-03-19 07:41,3526224490,0,1997,2,region6_2231479902
2023-03-19 07:41,3526417094,0,8481568,2,region6_2231479904
2023-03-19 07:41,3520671120,8835002,6051977,2,region6_2231479905
2023-03-19 07:41,3526788009,2641229,1048576,2,region6_2231479905
2023-03-19 07:41,3521300696,0,522261,2,region6_2231479916
2023-03-19 07:41,3526101583,1132970,394494,2,region6_2231479911
2023-03-19 07:41,3526101583,1132970,394494,2,region6_2231479911
2023-03-19 07:41,3526509671,4669744,327910,2,region6_2231479902
2023-03-19 07:41,3524612989,1048528,1621805,2,region6_2231479907
2023-03-19 07:41,3526997425,114914,962822,2,region6_2231479907
2023-03-19 07:41,3521635929,1021115,28,2,region6_2231479905
2023-03-19 07:41,3521635929,2203240,900,2,region6_2231479905
2023-03-19 07:41,3521906220,0,63604,2,region6_2231479916
2023-03-19 07:41,3526771509,4727392,55680,2,region6_2231479902
2023-03-19 07:41,3526877012,0,8481568,6,region6_2231479912
2023-03-19 07:41,3524612989,7091087,1297521,2,region6_2231479907
2023-03-19 07:41,3524679639,31425,8325757,1,region6_2231479910
2023-03-19 07:41,3526144321,3145728,1048576,5,region6_2231479909
2023-03-19 07:41,3522649719,2971703,461963,2,region6_2231479905
2023-03-19 07:41,3522649719,0,77761,2,region6_2231479905
2023-03-19 07:41,3522026562,0,3431,2,region6_2231479902
2023-03-19 07:41,3522100073,0,4852,2,region6_2231479902
2023-03-19 07:41,3520677037,1901152,8358358,2,region6_2231479905
2023-03-19 07:41,3523287326,6108224,268928,2,region6_2231479902
2023-03-19 07:41,3526607583,6089344,48,2,region6_2231479902
2023-03-19 07:41,3525965410,4194304,2097152,1,region6_2231479911
2023-03-19 07:41,3522134455,0,8481568,5,region6_2231479909
2023-03-19 07:41,3526144321,4194304,1048576,5,region6_2231479909
2023-03-19 07:41,3526416047,7820224,156096,2,region6_2231479902
2023-03-19 07:41,3526426196,0,8373743,3,region6_2231479910
2023-03-19 07:41,3526695730,0,8326005,3,region6_2231479910
2023-03-19 07:41,3526792095,0,6990558,4,region6_2231479913
2023-03-19 07:41,3526223636,0,8388608,2,region6_2231479902
2023-03-19 07:41,3526489758,0,176,2,region6_2231479902
2023-03-19 07:41,3526489758,8192,928052,2,region6_2231479902
2023-03-19 07:41,3526489758,0,176,2,region6_2231479902
2023-03-19 07:41,3524874898,0,2957982,2,region6_2231479905
2023-03-19 07:41,3526144321,5242880,1048576,5,region6_2231479909
2023-03-19 07:41,3522035807,0,422936,2,region6_2231479905
2023-03-19 07:41,3523513394,0,35884,2,region6_2231479902
2023-03-19 07:41,3520673722,4365002,1048576,2,region6_2231479905
2023-03-19 07:41,3526417103,0,8388608,4,region6_2231479919
2023-03-19 07:41,3526483086,2097152,2097152,1,region6_2231479911
2023-03-19 07:41,3526483086,0,2097152,1,region6_2231479911
2023-03-19 07:41,3525401328,0,176,2,region6_2231479902
2023-03-19 07:41,3526562899,0,3188,5,region6_2231479909
2023-03-19 07:41,3525965410,6291456,2097152,1,region6_2231479911
2023-03-19 07:41,3526293826,0,7898491,3,region6_2231479910
2023-03-19 07:41,3526483086,4194304,2097152,1,region6_2231479911
2023-03-19 07:41,3526818041,0,6992846,4,region6_2231479913
2023-03-19 07:41,3524458505,2351119,6037489,2,region6_2231479905
2023-03-19 07:41,3524458505,0,2351119,2,region6_2231479905
2023-03-19 07:41,3526144321,6291456,1048576,5,region6_2231479909
2023-03-19 07:41,3526483086,6291456,2097152,1,region6_2231479911
2023-03-19 07:41,3526580196,0,8416016,2,region6_2231479904
2023-03-19 07:41,3526580196,682448,7799120,2,region6_2231479904
2023-03-19 07:41,3526746313,1021840,36098,2,region6_2231479907
2023-03-19 07:41,3526940224,369501,1048576,2,region6_2231479907
2023-03-19 07:41,3520677037,0,1901152,2,region6_2231479905
2023-03-19 07:41,3526483086,8388608,2097152,1,region6_2231479911
2023-03-19 07:41,3526104691,0,247410,2,region6_2231479905
2023-03-19 07:41,3526104691,1492832,941922,2,region6_2231479905
2023-03-19 07:41,3526547012,0,1048576,5,region6_2231479909
2023-03-19 07:41,3522150528,7312197,1076411,2,region6_2231479905
2023-03-19 07:41,3526847959,6986707,769476,2,region6_2231479907
2023-03-19 07:41,3521300696,0,522261,2,region6_2231479916
2023-03-19 07:41,3520677037,1901152,8358358,2,region6_2231479905
2023-03-19 07:41,3526483086,10485760,2097152,1,region6_2231479911
2023-03-19 07:41,3526758777,0,8355534,3,region6_2231479910
2023-03-19 07:41,3526144321,7340032,1048576,5,region6_2231479909
2023-03-19 07:41,3526629254,2584,220,2,region6_2231479902
2023-03-19 07:41,3526676417,0,1052308,2,region6_2231479907
2023-03-19 07:41,3526716529,0,4989752,2,region6_2231479906
2023-03-19 07:41,3526847326,0,7471560,3,region6_2231479910
2023-03-19 07:41,3522696553,0,467938,2,region6_2231479907
2023-03-19 07:41,3526483086,12582912,2097152,1,region6_2231479911
2023-03-19 07:41,3521786636,3611831,408244,2,region6_2231479911
2023-03-19 07:41,3526547012,1048576,1048576,5,region6_2231479909
2023-03-19 07:41,3526824312,0,8354761,2,region6_2231479907
2023-03-19 07:41,3527093825,0,6991517,2,region6_2231479906
2023-03-19 07:41,3526406311,1966203,1048576,2,region6_2231479905
2023-03-19 07:41,3526501224,0,4538426,5,region6_2231479909
2023-03-19 07:41,3526512288,0,5080771,2,region6_2231479906
2023-03-19 07:41,3526144321,8388608,92960,5,region6_2231479909
2023-03-19 07:41,3526483086,14680064,2097152,1,region6_2231479911
2023-03-19 07:41,3520860174,2678194,8388608,2,region6_2231479905
2023-03-19 07:41,3521786636,3611831,408244,2,region6_2231479905
2023-03-19 07:41,3526483086,16777216,2097152,1,region6_2231479911
2023-03-19 07:41,3526547012,2097152,1048576,5,region6_2231479909
2023-03-19 07:41,3525332142,0,10304,2,region6_2231479902
2023-03-19 07:41,3526724699,0,8321667,3,region6_2231479910
2023-03-19 07:41,3520860174,11066802,3731472,2,region6_2231479905
2023-03-19 07:41,3520860174,0,535146,2,region6_2231479905
2023-03-19 07:41,3527214303,0,10485760,5,region6_2231479909
2023-03-19 07:41,3526452523,0,8481568,2,region6_2231479904
2023-03-19 07:41,3520995376,7539329,849279,2,region6_2231479907
2023-03-19 07:41,3525356763,4640152,3748456,2,region6_2231479911
2023-03-19 07:41,3525965410,8388608,2097152,1,region6_2231479911
2023-03-19 07:41,3526753074,0,492851,2,region6_2231479911
2023-03-19 07:41,3527214303,10485760,10485760,5,region6_2231479909
2023-03-19 07:41,3526483086,18874368,2097152,1,region6_2231479911
2023-03-19 07:41,3526506097,0,8388608,2,region6_2231479902
2023-03-19 07:41,3526547012,3145728,1048576,5,region6_2231479909
2023-03-19 07:41,3525788400,8348718,39890,2,region6_2231479916
2023-03-19 07:41,3520860174,535146,2143048,2,region6_2231479905
2023-03-19 07:41,3527214303,20971520,5452596,5,region6_2231479909
2023-03-19 07:41,3521906220,0,63604,2,region6_2231479916
2023-03-19 07:41,3526483086,20971520,2097152,1,region6_2231479911
2023-03-19 07:41,3526589895,0,8372023,3,region6_2231479910
2023-03-19 07:41,3527332483,0,8481568,2,region6_2231479904
2023-03-19 07:41,3523403775,0,1388450,2,region6_2231479905
2023-03-19 07:41,3526673762,0,7664255,3,region6_2231479910
2023-03-19 07:41,3526269179,581882,1048576,2,region6_2231479905
2023-03-19 07:41,3526336872,0,8388608,2,region6_2231479906
2023-03-19 07:41,3527350117,0,56450,4,region6_2231479906
2023-03-19 07:41,3521645200,1368245,40909,2,region6_2231479905
2023-03-19 07:41,3521645200,183743,1244,2,region6_2231479905
2023-03-19 07:41,3526547012,4194304,1048576,5,region6_2231479909
2023-03-19 07:41,3521367050,0,266202,2,region6_2231479902
2023-03-19 07:41,3526667869,975552,1000832,2,region6_2231479902
2023-03-19 07:41,3525965410,10485760,2097152,1,region6_2231479911
2023-03-19 07:41,3526734417,0,8368278,3,region6_2231479910
2023-03-19 07:41,3526753050,0,8388608,2,region6_2231479903
2023-03-19 07:41,3526839442,0,7472263,5,region6_2231479912
2023-03-19 07:41,3521906220,0,63604,2,region6_2231479916
2023-03-19 07:41,3526483086,23068672,1053841,1,region6_2231479911
2023-03-19 07:41,3526547012,5242880,1048576,5,region6_2231479909
2023-03-19 07:41,3521359755,5842086,50438,2,region6_2231479907
2023-03-19 07:41,3524561744,5516638,259218,2,region6_2231479911
2023-03-19 07:41,3527022690,5364892,93376,2,region6_2231479902
2023-03-19 07:41,3521381443,0,7625921,2,region6_2231479907
2023-03-19 07:41,3524800100,3076117,1050296,2,region6_2231479905
2023-03-19 07:41,3526825979,0,8388608,2,region6_2231479902
2023-03-19 07:41,3526842439,0,8388608,4,region6_2231479918
2023-03-19 07:41,3526844834,0,8388608,4,region6_2231479911
2023-03-19 07:41,3526845613,0,8388608,4,region6_2231479906
2023-03-19 07:41,3526547012,6291456,1048576,5,region6_2231479909
2023-03-19 07:41,3526582161,0,8388608,2,region6_2231479906
2023-03-19 07:41,3527318742,0,5611264,2,region6_2231479904
2023-03-19 07:41,3521521415,0,9204,2,region6_2231479902
2023-03-19 07:41,3527318742,5611312,2870256,2,region6_2231479904
2023-03-19 07:41,3527318742,5611264,2870304,2,region6_2231479904
2023-03-19 07:41,3527326696,0,8305408,2,region6_2231479904
2023-03-19 07:41,3525965410,12582912,2097152,1,region6_2231479911
2023-03-19 07:41,3522772707,7861685,526923,2,region6_2231479903
2023-03-19 07:41,3527004623,0,8388608,2,region6_2231479911
2023-03-19 07:41,3521465612,0,60877,2,region6_2231479902
2023-03-19 07:41,3522413669,0,176,2,region6_2231479902
2023-03-19 07:41,3521679436,7910962,6976480,2,region6_2231479905
2023-03-19 07:41,3521679436,0,7910962,2,region6_2231479905
2023-03-19 07:41,3521552852,0,3962,2,region6_2231479902
2023-03-19 07:41,3526277701,4194304,1048576,5,region6_2231479909
2023-03-19 07:41,3521786636,2816754,397363,2,region6_2231479911
2023-03-19 07:41,3526476332,0,8379504,3,region6_2231479910
2023-03-19 07:41,3526547012,7340032,1048576,5,region6_2231479909
2023-03-19 07:41,3524524250,0,8388608,2,region6_2231479906
2023-03-19 07:41,3527326696,8305408,176160,2,region6_2231479904
2023-03-19 07:41,3527326696,8305456,176112,2,region6_2231479904
2023-03-19 07:41,3526788845,0,8481568,2,region6_2231479904
2023-03-19 07:41,3525452810,0,5850,2,region6_2231479911
2023-03-19 07:41,3523840561,4653456,3735152,2,region6_2231479907
2023-03-19 07:41,3521489353,5991104,78720,2,region6_2231479902
2023-03-19 07:41,3527346638,242048,151936,2,region6_2231479902
2023-03-19 07:41,3526812136,0,8388608,5,region6_2231479909
2023-03-19 07:41,3521844858,1106758,561255,2,region6_2231479908
2023-03-19 07:41,3526547012,8388608,92960,5,region6_2231479909
2023-03-19 07:41,3526570486,5456384,523264,2,region6_2231479902
2023-03-19 07:41,3521439156,0,46458,2,region6_2231479902
2023-03-19 07:41,3527007130,0,8388608,4,region6_2231479920
2023-03-19 07:41,3527161393,4179872,251648,2,region6_2231479902
2023-03-19 07:41,3520864571,5192358,1048576,2,region6_2231479905
2023-03-19 07:41,3520667024,2204566,4320434,2,region6_2231479903
2023-03-19 07:41,3520667024,5476424,1048576,2,region6_2231479903
2023-03-19 07:41,3520667024,5476424,1048576,2,region6_2231479903
2023-03-19 07:41,3527363174,0,7151847,3,region6_2231479910
2023-03-19 07:41,3527025392,0,8388608,2,region6_2231479903
2023-03-19 07:41,3527288278,0,8481568,5,region6_2231479909
2023-03-19 07:41,3523828066,0,1384388,2,region6_2231479907
2023-03-19 07:41,3523297587,3210786,656342,2,region6_2231479911
2023-03-19 07:41,3523297587,5203822,1268226,2,region6_2231479911
2023-03-19 07:41,3523297587,1864506,140590,2,region6_2231479911
2023-03-19 07:41,3526844926,1717754,37466,2,region6_2231479916
2023-03-19 07:41,3526844926,3510939,428606,2,region6_2231479916
2023-03-19 07:41,3526844926,6128210,79893,2,region6_2231479916
2023-03-19 07:41,3521294753,0,8388608,2,region6_2231479906
2023-03-19 07:41,3526577392,0,1048576,5,region6_2231479909
2023-03-19 07:41,3520690085,2477923,563894,2,region6_2231479905
2023-03-19 07:41,3522380253,0,47463,2,region6_2231479902
2023-03-19 07:41,3527452967,0,6901865,3,region6_2231479910
2023-03-19 07:41,3522035052,4201068,31036,2,region6_2231479916
2023-03-19 07:42,3526577392,1048576,1048576,5,region6_2231479909
2023-03-19 07:42,3526577392,2097152,1048576,5,region6_2231479909
2023-03-19 07:42,3522434853,0,9248,1,region6_2231479910
2023-03-19 07:42,3522434853,9248,4194304,1,region6_2231479910
2023-03-19 07:42,3522434853,4203552,4175807,1,region6_2231479910
2023-03-19 07:42,3521150470,0,176,2,region6_2231479902
2023-03-19 07:42,3520850383,0,31627,2,region6_2231479902
2023-03-19 07:42,3525965410,14680064,2097152,1,region6_2231479911
2023-03-19 07:42,3526948912,0,8388608,2,region6_2231479903
2023-03-19 07:42,3520776471,7121853,6094,2,region6_2231479905
2023-03-19 07:42,3525888330,2240803,186257,2,region6_2231479911
2023-03-19 07:42,3525888330,3489531,260724,2,region6_2231479911
2023-03-19 07:42,3525623948,0,176,2,region6_2231479902
2023-03-19 07:42,3526737005,0,8388608,2,region6_2231479907
2023-03-19 07:42,3521906220,0,63604,2,region6_2231479916
2023-03-19 07:42,3527356586,0,6904326,3,region6_2231479910
2023-03-19 07:42,3526693143,0,2208,2,region6_2231479902
2023-03-19 07:42,3526734405,4639232,204220,2,region6_2231479903
2023-03-19 07:42,3526734405,300925,191303,2,region6_2231479903
2023-03-19 07:42,3526734405,7772761,615847,2,region6_2231479903
2023-03-19 07:42,3526734405,2043121,196216,2,region6_2231479903
2023-03-19 07:42,3527104775,0,7166224,3,region6_2231479910
2023-03-19 07:42,3526697461,0,4983826,3,region6_2231479910
2023-03-19 07:42,3527404386,1448208,7033360,2,region6_2231479904
2023-03-19 07:42,3527404386,7584592,896976,2,region6_2231479904
2023-03-19 07:42,3527404386,0,1926864,2,region6_2231479904
2023-03-19 07:42,3526656281,0,8481568,2,region6_2231479904
2023-03-19 07:42,3521679436,0,7910962,2,region6_2231479905
2023-03-19 07:42,3526172044,0,8388608,2,region6_2231479906
2023-03-19 07:42,3527343298,8155504,326064,2,region6_2231479902
2023-03-19 07:42,3522035052,4714285,696906,2,region6_2231479905
2023-03-19 07:42,3527574143,0,1269616,2,region6_2231479902
2023-03-19 07:42,3527574143,929904,7551664,2,region6_2231479902
2023-03-19 07:42,3526731852,0,1699456,2,region6_2231479902
2023-03-19 07:42,3526874391,0,8481568,5,region6_2231479909
2023-03-19 07:42,3521679436,7910962,6976480,2,region6_2231479905
2023-03-19 07:42,3524365469,92914,3042016,2,region6_2231479905
2023-03-19 07:42,3526731852,603056,7878512,2,region6_2231479902
2023-03-19 07:42,3526791385,0,8481568,5,region6_2231479909
2023-03-19 07:42,3526709052,1048576,1048576,5,region6_2231479909
2023-03-19 07:42,3526709052,0,1048576,5,region6_2231479909
2023-03-19 07:42,3525965410,16777216,2097152,1,region6_2231479911
2023-03-19 07:42,3525356763,0,4640152,2,region6_2231479911
2023-03-19 07:42,3526761154,3123633,1048576,2,region6_2231479905
2023-03-19 07:42,3522491660,0,3072,2,region6_2231479902
2023-03-19 07:42,3527446507,7653885,734723,2,region6_2231479916
2023-03-19 07:42,3527446507,0,7653885,2,region6_2231479916
2023-03-19 07:42,3526104691,0,247410,2,region6_2231479905
2023-03-19 07:42,3526104691,1492832,941922,2,region6_2231479905
2023-03-19 07:42,3526250160,0,176,2,region6_2231479902
2023-03-19 07:42,3522325706,0,6866257,2,region6_2231479903
2023-03-19 07:42,3525356763,4640152,3748456,2,region6_2231479911
2023-03-19 07:42,3526824279,0,10196,2,region6_2231479902
2023-03-19 07:42,3527512513,0,8388608,2,region6_2231479907
2023-03-19 07:42,3527625510,0,8388608,4,region6_2231479911
2023-03-19 07:42,3522195497,5578530,2411681,2,region6_2231479911
2023-03-19 07:42,3524063173,0,8388608,2,region6_2231479906
2023-03-19 07:42,3527585854,5123689,3203,2,region6_2231479907
2023-03-19 07:42,3527621818,0,8388608,4,region6_2231479919
2023-03-19 07:42,3526658438,7497263,229819,2,region6_2231479911
2023-03-19 07:42,3526658438,6051627,166499,2,region6_2231479911
2023-03-19 07:42,3527507556,0,7641680,2,region6_2231479902
2023-03-19 07:42,3525952332,0,42938,2,region6_2231479902
2023-03-19 07:42,3527000921,0,8481568,5,region6_2231479909
2023-03-19 07:42,3523154657,0,212352,2,region6_2231479902
2023-03-19 07:42,3521469771,5055011,96478,2,region6_2231479916
2023-03-19 07:42,3523403775,1388450,3671600,2,region6_2231479911
2023-03-19 07:42,3521411945,2620749,2649636,2,region6_2231479911
2023-03-19 07:42,3521411945,0,878711,2,region6_2231479911
2023-03-19 07:42,3523154657,212352,792288,2,region6_2231479902
2023-03-19 07:42,3521469771,6208370,5955,2,region6_2231479916
2023-03-19 07:42,3520925882,4258742,11341,2,region6_2231479903
2023-03-19 07:42,3521411945,7168687,172120,2,region6_2231479911
2023-03-19 07:42,3526577392,2097152,1048576,5,region6_2231479909
2023-03-19 07:42,3526577392,3145728,1048576,5,region6_2231479909
2023-03-19 07:42,3527589146,3531318,302683,2,region6_2231479911
2023-03-19 07:42,3521460121,2835613,2197612,2,region6_2231479911
2023-03-19 07:42,3521906220,0,63604,2,region6_2231479916
2023-03-19 07:42,3527589146,1144532,733978,2,region6_2231479911
2023-03-19 07:42,3520786452,2597907,5790701,2,region6_2231479903
2023-03-19 07:42,3527372642,2160272,551356,2,region6_2231479911
2023-03-19 07:42,3527372642,1680416,1048576,2,region6_2231479911
2023-03-19 07:42,3522503521,0,14815372,2,region6_2231479906
2023-03-19 07:42,3521704088,34856192,192896,2,region6_2231479902
2023-03-19 07:42,3526787453,7111856,3284112,2,region6_2231479902
2023-03-19 07:42,3526787453,0,7202224,2,region6_2231479902
2023-03-19 07:42,3521134041,7263435,1125173,2,region6_2231479905
2023-03-19 07:42,3521134041,0,7263435,2,region6_2231479905
2023-03-19 07:42,3527225797,7453720,48,2,region6_2231479902
2023-03-19 07:42,3527551407,0,5323808,2,region6_2231479904
2023-03-19 07:42,3526709052,2097152,1048576,5,region6_2231479909
2023-03-19 07:42,3526709052,1048576,1048576,5,region6_2231479909
2023-03-19 07:42,3525965410,18874368,2097152,1,region6_2231479911
2023-03-19 07:42,3527010886,0,25165824,3,region6_2231479911
2023-03-19 07:42,3521211327,1400554,1311134,2,region6_2231479905
2023-03-19 07:42,3525569238,0,5760,2,region6_2231479902
2023-03-19 07:42,3527434469,370112,368832,2,region6_2231479902
2023-03-19 07:42,3523311142,1051634,700806,2,region6_2231479911
2023-03-19 07:42,3527551407,5323856,3157712,2,region6_2231479904
2023-03-19 07:42,3527551407,5323808,3157760,2,region6_2231479904
2023-03-19 07:42,3526767745,0,2808155,4,region6_2231479911
2023-03-19 07:42,3523108220,0,22452,2,region6_2231479902
2023-03-19 07:42,3525348752,0,12359,2,region6_2231479902
2023-03-19 07:42,3523471617,286621,1210826,1,region6_2231479910
2023-03-19 07:42,3527044495,0,8388608,5,region6_2231479909
2023-03-19 07:42,3527372642,0,2160272,2,region6_2231479911
2023-03-19 07:42,3527506765,80024,1030703,2,region6_2231479905
2023-03-19 07:42,3527506765,3638464,1292574,2,region6_2231479905
2023-03-19 07:42,3526761154,3123633,1048576,2,region6_2231479905
2023-03-19 07:42,3526773990,0,16974063,3,region6_2231479910
2023-03-19 07:42,3523994884,0,4637638,2,region6_2231479911
2023-03-19 07:42,3527507556,6921312,1560256,2,region6_2231479902
2023-03-19 07:42,3525356763,4640152,3748456,2,region6_2231479905
2023-03-19 07:42,3525356763,0,4640152,2,region6_2231479905
2023-03-19 07:42,3523731373,1024210,1562504,2,region6_2231479907
2023-03-19 07:42,3523731373,7189194,1199414,2,region6_2231479907
2023-03-19 07:42,3525004710,0,219200,2,region6_2231479902
2023-03-19 07:42,3520643629,0,2010,2,region6_2231479902
2023-03-19 07:42,3525965410,20971520,2097152,1,region6_2231479911
2023-03-19 07:42,3526775941,0,4612121,2,region6_2231479907
2023-03-19 07:42,3526826018,5604768,48,2,region6_2231479902
2023-03-19 07:42,3527369972,0,8184027,3,region6_2231479910
2023-03-19 07:42,3525356763,4640152,3748456,2,region6_2231479905
2023-03-19 07:42,3526624807,0,5202230,4,region6_2231479918
2023-03-19 07:42,3526577392,3145728,1048576,5,region6_2231479909
2023-03-19 07:42,3521005971,0,176,2,region6_2231479902
2023-03-19 07:42,3526823482,2006828,327910,2,region6_2231479902
2023-03-19 07:42,3526833728,834160,7647408,2,region6_2231479904
2023-03-19 07:42,3526833728,0,3709232,2,region6_2231479904
2023-03-19 07:42,3526873524,2899328,48,2,region6_2231479902
2023-03-19 07:42,3524002948,3471789,2948646,1,region6_2231479910
2023-03-19 07:42,3523994884,4637638,3750970,2,region6_2231479911
2023-03-19 07:42,3526577392,4194304,1048576,5,region6_2231479909
2023-03-19 07:42,3523319117,2095284,1505342,2,region6_2231479911
2023-03-19 07:42,3523319117,0,719624,2,region6_2231479911
2023-03-19 07:42,3521844858,1106758,561255,2,region6_2231479908
2023-03-19 07:42,3525582455,5405312,48,2,region6_2231479902
2023-03-19 07:42,3527667389,7067424,99072,2,region6_2231479902
2023-03-19 07:42,3527676801,0,8481568,5,region6_2231479909
2023-03-19 07:42,3525965410,23068672,2097152,1,region6_2231479911
2023-03-19 07:42,3524575630,0,8205850,2,region6_2231479903
2023-03-19 07:42,3527122297,0,6899285,3,region6_2231479910
2023-03-19 07:42,3527161484,856704,90560,2,region6_2231479902
2023-03-19 07:42,3520852392,0,284890,2,region6_2231479902
2023-03-19 07:42,3521786636,3611831,408244,2,region6_2231479911
2023-03-19 07:42,3526823482,2334738,196746,2,region6_2231479902
2023-03-19 07:42,3527096962,0,6848566,3,region6_2231479910
2023-03-19 07:42,3521100833,0,69146,2,region6_2231479902
2023-03-19 07:42,3526940211,0,8481568,5,region6_2231479909
2023-03-19 07:42,3520948307,0,176,2,region6_2231479902
2023-03-19 07:42,3525199648,0,4439527,2,region6_2231479911
2023-03-19 07:42,3525199648,3432935,1048576,2,region6_2231479911
2023-03-19 07:42,3526577392,5242880,1048576,5,region6_2231479909
2023-03-19 07:42,3527558368,0,8481568,2,region6_2231479902
2023-03-19 07:42,3523286904,5603666,562853,2,region6_2231479903
2023-03-19 07:42,3523286904,2381377,481596,2,region6_2231479903
2023-03-19 07:42,3526823482,2531484,590238,2,region6_2231479902
2023-03-19 07:42,3527025977,2956832,48,2,region6_2231479902
2023-03-19 07:42,3526884906,5785671,2602937,2,region6_2231479916
2023-03-19 07:42,3527171407,0,3686304,2,region6_2231479902
2023-03-19 07:42,3527210537,0,8481568,2,region6_2231479904
2023-03-19 07:42,3525199648,0,4481511,2,region6_2231479911
2023-03-19 07:42,3527507556,8466784,14784,2,region6_2231479902
2023-03-19 07:42,3527618251,2781824,48,2,region6_2231479902
2023-03-19 07:42,3523601248,0,256,2,region6_2231479902
2023-03-19 07:42,3527759773,0,1619470,2,region6_2231479904
2023-03-19 07:42,3527759773,938446,2469612,2,region6_2231479904
2023-03-19 07:42,3521100833,0,69146,2,region6_2231479902
2023-03-19 07:42,3526991429,0,8388608,2,region6_2231479902
2023-03-19 07:42,3527717502,0,6719541,5,region6_2231479909
2023-03-19 07:42,3527349756,0,1048576,5,region6_2231479909
2023-03-19 07:42,3526861466,0,8481568,6,region6_2231479912
2023-03-19 07:42,3527206432,4928576,10112,2,region6_2231479902
2023-03-19 07:42,3526577392,6291456,1048576,5,region6_2231479909
2023-03-19 07:42,3526852315,0,8388608,2,region6_2231479903
2023-03-19 07:42,3526455939,5681317,2456822,2,region6_2231479911
2023-03-19 07:42,3526823482,3121722,524656,2,region6_2231479902
2023-03-19 07:42,3525420256,0,4317081,2,region6_2231479907
2023-03-19 07:42,3526709052,2097152,1048576,5,region6_2231479909
2023-03-19 07:42,3527349756,1048576,1048576,5,region6_2231479909
2023-03-19 07:42,3521770266,0,1409321,2,region6_2231479905
2023-03-19 07:42,3521770266,1409321,8388608,2,region6_2231479905
2023-03-19 07:42,3527347343,0,33005,2,region6_2231479902
2023-03-19 07:42,3527424048,0,1286,4,region6_2231479916
2023-03-19 07:42,3527445022,1020328,1801793,2,region6_2231479903
2023-03-19 07:42,3527453085,17152000,51200,1,region6_2231479911
2023-03-19 07:42,3527453085,17100800,51200,1,region6_2231479911
2023-03-19 07:42,3526577392,7340032,1048576,5,region6_2231479909
2023-03-19 07:42,3521770266,9797929,5090528,2,region6_2231479905
2023-03-19 07:42,3527594609,0,8388608,4,region6_2231479914
2023-03-19 07:42,3522797271,3024680,1469527,2,region6_2231479907
2023-03-19 07:42,3521277809,0,2868,2,region6_2231479902
2023-03-19 07:42,3526565615,2058496,1482224,2,region6_2231479911
2023-03-19 07:42,3527717202,1767744,109056,2,region6_2231479902
2023-03-19 07:42,3526823482,3646378,459074,2,region6_2231479902
2023-03-19 07:42,3522696135,1020780,1598366,2,region6_2231479907
2023-03-19 07:42,3522696135,6796066,1592542,2,region6_2231479907
2023-03-19 07:42,3527349756,2097152,1048576,5,region6_2231479909
2023-03-19 07:42,3527424460,0,4237,2,region6_2231479902
2023-03-19 07:42,3527496712,0,6990933,4,region6_2231479913
2023-03-19 07:42,3527569830,0,8388608,5,region6_2231479909
2023-03-19 07:42,3526709052,3145728,1048576,5,region6_2231479909
2023-03-19 07:42,3527029763,0,8388608,2,region6_2231479902
2023-03-19 07:42,3527035889,0,8388608,2,region6_2231479903
2023-03-19 07:42,3521844858,1106758,561255,2,region6_2231479908
2023-03-19 07:42,3527465806,0,8388608,2,region6_2231479902
2023-03-19 07:42,3524637282,0,8388608,2,region6_2231479911
2023-03-19 07:42,3527719593,4660741,1560109,2,region6_2231479905
2023-03-19 07:42,3520673722,4365002,1048576,2,region6_2231479905
2023-03-19 07:42,3521844858,477682,1190331,2,region6_2231479908
2023-03-19 07:42,3521704088,35049088,7358752,2,region6_2231479902
2023-03-19 07:42,3527613995,0,8164274,3,region6_2231479910
2023-03-19 07:42,3521012614,6756160,160896,2,region6_2231479902
2023-03-19 07:42,3521214838,8435744,45824,2,region6_2231479902
2023-03-19 07:42,3527349756,3145728,1048576,5,region6_2231479909
2023-03-19 07:42,3527470928,5315523,445,2,region6_2231479905
2023-03-19 07:42,3526709052,4194304,1048576,5,region6_2231479909
2023-03-19 07:42,3526956777,0,8388421,3,region6_2231479905
2023-03-19 07:42,3527077000,0,6106553,3,region6_2231479910
2023-03-19 07:42,3527470928,0,2531905,2,region6_2231479905
2023-03-19 07:42,3527470928,5315968,3072640,2,region6_2231479905
2023-03-19 07:42,3527470928,4281504,4107104,2,region6_2231479905
2023-03-19 07:42,3521124086,0,10887,2,region6_2231479902
2023-03-19 07:42,3527640018,0,8481568,5,region6_2231479909
2023-03-19 07:42,3524882222,0,4608777,2,region6_2231479905
2023-03-19 07:42,3527171407,0,6129312,2,region6_2231479902
2023-03-19 07:42,3527361410,0,8208160,2,region6_2231479902
2023-03-19 07:42,3527470928,2531905,1749599,2,region6_2231479905
2023-03-19 07:42,3527171407,6075472,2406096,2,region6_2231479902
2023-03-19 07:42,3527748876,0,8839821,6,region6_2231479912
2023-03-19 07:42,3527922378,4215488,77952,2,region6_2231479902
2023-03-19 07:42,3522766624,75294,2957808,2,region6_2231479911
2023-03-19 07:42,3526450531,50330,1693379,2,region6_2231479911
2023-03-19 07:42,3527349756,4194304,1048576,5,region6_2231479909
2023-03-19 07:42,3522866483,4491715,10485760,2,region6_2231479902
2023-03-19 07:42,3522866483,0,4511363,2,region6_2231479902
2023-03-19 07:42,3522866483,14692867,376298,2,region6_2231479902
2023-03-19 07:42,3524246768,0,2262829,2,region6_2231479911
2023-03-19 07:42,3526709052,5242880,1048576,5,region6_2231479909
2023-03-19 07:42,3524882222,4608777,8388608,2,region6_2231479905
2023-03-19 07:43,3527206455,0,8388608,4,region6_2231479914
2023-03-19 07:43,3524882222,12997385,1788764,2,region6_2231479905
2023-03-19 07:43,3522766624,7067632,76919,2,region6_2231479911
2023-03-19 07:43,3522766624,4291913,44461,2,region6_2231479911
2023-03-19 07:43,3527317604,0,8388608,2,region6_2231479917
2023-03-19 07:43,3522035052,4342250,4046358,2,region6_2231479911
2023-03-19 07:43,3527977665,1863458,6525150,2,region6_2231479907
2023-03-19 07:43,3522275179,1486080,24256,2,region6_2231479902
2023-03-19 07:43,3522205686,0,10829,2,region6_2231479902
2023-03-19 07:43,3527642665,0,5196240,2,region6_2231479904
2023-03-19 07:43,3527642665,0,8481568,2,region6_2231479904
2023-03-19 07:43,3521214405,124253,1202038,2,region6_2231479908
2023-03-19 07:43,3527776172,0,1601284,2,region6_2231479905
2023-03-19 07:43,3521774162,0,168,2,region6_2231479914
2023-03-19 07:43,3527271357,0,8655418,5,region6_2231479909
2023-03-19 07:43,3527347444,0,4286256,2,region6_2231479902
2023-03-19 07:43,3527349756,5242880,1048576,5,region6_2231479909
2023-03-19 07:43,3526709052,7340032,1048576,5,region6_2231479909
2023-03-19 07:43,3526709052,6291456,1048576,5,region6_2231479909
2023-03-19 07:43,3527776172,1601284,6787324,2,region6_2231479905
2023-03-19 07:43,3527010886,4194304,2097152,1,region6_2231479911
2023-03-19 07:43,3527010886,0,2097152,1,region6_2231479911
2023-03-19 07:43,3527010886,2097152,2097152,1,region6_2231479911
2023-03-19 07:43,3527347444,3750704,4730864,2,region6_2231479902
2023-03-19 07:43,3527829394,0,6997073,5,region6_2231479909
2023-03-19 07:43,3527010886,8388608,2097152,1,region6_2231479911
2023-03-19 07:43,3527010886,6291456,2097152,1,region6_2231479911
2023-03-19 07:43,3527254420,0,1666800,2,region6_2231479904
2023-03-19 07:43,3527254420,8109744,371824,2,region6_2231479904
2023-03-19 07:43,3527254420,0,8111152,2,region6_2231479904
2023-03-19 07:43,3527531657,0,8388608,4,region6_2231479911
2023-03-19 07:43,3527010886,16777216,2097152,1,region6_2231479911
2023-03-19 07:43,3527010886,14680064,2097152,1,region6_2231479911
2023-03-19 07:43,3527010886,12582912,2097152,1,region6_2231479911
2023-03-19 07:43,3527010886,10485760,2097152,1,region6_2231479911
2023-03-19 07:43,3527278481,0,16936579,3,region6_2231479910
2023-03-19 07:43,3527695626,0,8481568,2,region6_2231479904
2023-03-19 07:43,3527891110,0,25165824,3,region6_2231479911
2023-03-19 07:43,3527010886,20971520,2097152,1,region6_2231479911
2023-03-19 07:43,3527010886,23068672,2097152,1,region6_2231479911
2023-03-19 07:43,3527010886,18874368,2097152,1,region6_2231479911
2023-03-19 07:43,3527214322,0,25306734,3,region6_2231479916
2023-03-19 07:43,3527296055,4253600,316608,2,region6_2231479902
2023-03-19 07:43,3527349756,6291456,1048576,5,region6_2231479909
2023-03-19 07:43,3527387567,0,8481568,5,region6_2231479909
2023-03-19 07:43,3522090861,2537038,5851570,2,region6_2231479916
2023-03-19 07:43,3528115748,0,5246567,2,region6_2231479902
2023-03-19 07:43,3525435102,6277298,31640,2,region6_2231479911
2023-03-19 07:43,3527408645,0,12948,2,region6_2231479902
2023-03-19 07:43,3522180021,0,59802,2,region6_2231479902
2023-03-19 07:43,3522180021,0,59802,2,region6_2231479902
2023-03-19 07:43,3527831849,0,951024,2,region6_2231479902
2023-03-19 07:43,3521786636,3611831,408244,2,region6_2231479911
2023-03-19 07:43,3521469771,4991725,31683,2,region6_2231479916
2023-03-19 07:43,3522671852,5848512,48,2,region6_2231479902
2023-03-19 07:43,3527831849,878064,7603504,2,region6_2231479902
2023-03-19 07:43,3528069155,0,8388608,4,region6_2231479918
2023-03-19 07:43,3522180021,0,59802,2,region6_2231479902
2023-03-19 07:43,3527749390,0,8388608,5,region6_2231479909
2023-03-19 07:43,3527846050,0,4827538,2,region6_2231479907
2023-03-19 07:43,3522645177,0,8388608,2,region6_2231479906
2023-03-19 07:43,3527349756,7340032,1048576,5,region6_2231479909
2023-03-19 07:43,3528022983,0,4434118,2,region6_2231479907
2023-03-19 07:43,3527262588,0,8388608,4,region6_2231479911
2023-03-19 07:43,3527495902,0,8388608,2,region6_2231479902
2023-03-19 07:43,3521213701,0,177,2,region6_2231479914
2023-03-19 07:43,3522208562,0,176,2,region6_2231479902
2023-03-19 07:43,3527690389,8380828,7780,2,region6_2231479905
2023-03-19 07:43,3521960768,0,3220,2,region6_2231479902
2023-03-19 07:43,3524637282,3647065,4741543,2,region6_2231479905
2023-03-19 07:43,3524637282,0,3647065,2,region6_2231479905
2023-03-19 07:43,3527577378,0,1048576,5,region6_2231479909
2023-03-19 07:43,3527952436,7681792,799776,2,region6_2231479902
2023-03-19 07:43,3522474909,0,65140,2,region6_2231479902
2023-03-19 07:43,3524753681,0,272794,2,region6_2231479902
2023-03-19 07:43,3526709052,7340032,1048576,5,region6_2231479909
2023-03-19 07:43,3527815636,0,7382592,3,region6_2231479910
2023-03-19 07:43,3527421681,0,19866,6,region6_2231479912
2023-03-19 07:43,3528004082,0,8292396,3,region6_2231479910
2023-03-19 07:43,3528102083,0,8388608,4,region6_2231479914
2023-03-19 07:43,3527360074,394343,520221,2,region6_2231479903
2023-03-19 07:43,3527360074,3002725,1068437,2,region6_2231479903
2023-03-19 07:43,3522817730,8211731,26938,2,region6_2231479905
2023-03-19 07:43,3522090861,0,879609,2,region6_2231479916
2023-03-19 07:43,3527577378,2097152,1048576,5,region6_2231479909
2023-03-19 07:43,3527577378,1048576,1048576,5,region6_2231479909
2023-03-19 07:43,3527742281,3526202,1113095,2,region6_2231479905
2023-03-19 07:43,3527797588,0,4780016,2,region6_2231479902
2023-03-19 07:43,3527978971,0,8374400,3,region6_2231479910
2023-03-19 07:43,3527694670,321674,38798,2,region6_2231479907
2023-03-19 07:43,3524881115,48784,317004,2,region6_2231479905
2023-03-19 07:43,3527739470,0,8388608,2,region6_2231479902
2023-03-19 07:43,3525199648,3432935,1048576,2,region6_2231479911
2023-03-19 07:43,3525199648,0,4439527,2,region6_2231479911
2023-03-19 07:43,3527316077,0,8388608,4,region6_2231479911
2023-03-19 07:43,3522090861,879609,1657429,2,region6_2231479916
2023-03-19 07:43,3527806557,0,8388608,4,region6_2231479905
2023-03-19 07:43,3525272212,0,8388608,2,region6_2231479907
2023-03-19 07:43,3524881115,48784,317004,2,region6_2231479905
2023-03-19 07:43,3528031753,0,8374219,3,region6_2231479910
2023-03-19 07:43,3527795929,782382,1112516,2,region6_2231479905
2023-03-19 07:43,3526809670,0,1048576,5,region6_2231479909
2023-03-19 07:43,3527323131,0,19177380,3,region6_2231479910
2023-03-19 07:43,3527594367,0,5152,2,region6_2231479902
2023-03-19 07:43,3521149106,0,193,2,region6_2231479914
2023-03-19 07:43,3527985383,0,8481568,2,region6_2231479904
2023-03-19 07:43,3522089194,0,8388608,2,region6_2231479903
2023-03-19 07:43,3528024726,3035136,56512,2,region6_2231479902
2023-03-19 07:43,3527777715,0,25165824,3,region6_2231479911
2023-03-19 07:43,3527888007,0,1984,2,region6_2231479902
2023-03-19 07:43,3528054382,0,176,2,region6_2231479902
2023-03-19 07:43,3527294094,3403794,307036,2,region6_2231479911
2023-03-19 07:43,3527294094,1275464,740903,2,region6_2231479911
2023-03-19 07:43,3527453255,149984,8331584,2,region6_2231479902
2023-03-19 07:43,3526658438,6051627,166499,2,region6_2231479911
2023-03-19 07:43,3526658438,7497263,229819,2,region6_2231479911
2023-03-19 07:43,3526658438,7497263,229819,2,region6_2231479911
2023-03-19 07:43,3522950864,1483424,194944,2,region6_2231479902
2023-03-19 07:43,3526507705,0,5592714,2,region6_2231479907
2023-03-19 07:43,3525819363,2385887,3650672,2,region6_2231479916
2023-03-19 07:43,3526809670,1048576,1048576,5,region6_2231479909
2023-03-19 07:43,3526119050,0,4004992,2,region6_2231479911
2023-03-19 07:43,3527779272,0,14654248,3,region6_2231479911
2023-03-19 07:43,3527824705,0,8388608,5,region6_2231479909
2023-03-19 07:43,3521664461,8193814,194794,2,region6_2231479905
2023-03-19 07:43,3528181290,0,1048576,5,region6_2231479909
2023-03-19 07:43,3521199943,0,5083646,2,region6_2231479903
2023-03-19 07:43,3520690085,3032016,9801,2,region6_2231479905
2023-03-19 07:43,3525054510,122079,2357668,2,region6_2231479905
2023-03-19 07:43,3525054510,0,122079,2,region6_2231479905
2023-03-19 07:43,3523994884,0,4637638,2,region6_2231479911
2023-03-19 07:43,3527797588,5676080,2805488,2,region6_2231479902
2023-03-19 07:43,3527797588,0,6778368,2,region6_2231479902
2023-03-19 07:43,3521150470,0,176,2,region6_2231479902
2023-03-19 07:43,3521150470,8192,206580,2,region6_2231479902
2023-03-19 07:43,3527300717,437325,7951283,2,region6_2231479916
2023-03-19 07:43,3526809670,2097152,1048576,5,region6_2231479909
2023-03-19 07:43,3527991526,5434080,183104,2,region6_2231479902
2023-03-19 07:43,3527340628,0,4240784,6,region6_2231479912
2023-03-19 07:43,3527453514,183808,77440,2,region6_2231479902
2023-03-19 07:43,3527386283,0,4240784,6,region6_2231479912
2023-03-19 07:43,3522875867,2915117,114905,2,region6_2231479905
2023-03-19 07:43,3522875867,1421454,6636,2,region6_2231479905
2023-03-19 07:43,3522875867,7181503,463290,2,region6_2231479905
2023-03-19 07:43,3521150470,0,176,2,region6_2231479902
2023-03-19 07:43,3526101583,1132970,394494,2,region6_2231479911
2023-03-19 07:43,3526101583,8023898,89914,2,region6_2231479911
2023-03-19 07:43,3528087678,7339776,114944,2,region6_2231479902
2023-03-19 07:43,3521150470,8192,206580,2,region6_2231479902
2023-03-19 07:43,3527355768,5598529,1445288,2,region6_2231479907
2023-03-19 07:43,3527397042,6136028,205445,2,region6_2231479905
2023-03-19 07:43,3521150470,0,176,2,region6_2231479902
2023-03-19 07:43,3523996355,0,16800,2,region6_2231479902
2023-03-19 07:43,3521827635,0,101,2,region6_2231479914
2023-03-19 07:43,3528190518,7356880,1124688,2,region6_2231479904
2023-03-19 07:43,3528190518,3072912,5408656,2,region6_2231479904
2023-03-19 07:43,3528190518,0,3551568,2,region6_2231479904
2023-03-19 07:43,3522988612,2652741,2962927,2,region6_2231479911
2023-03-19 07:43,3526809670,3145728,1048576,5,region6_2231479909
2023-03-19 07:43,3528194988,0,11288602,6,region6_2231479912
2023-03-19 07:43,3522884952,772832,7708736,2,region6_2231479902
2023-03-19 07:43,3521209525,0,468693,2,region6_2231479907
2023-03-19 07:43,3521209525,545902,1048576,2,region6_2231479907
2023-03-19 07:43,3525241089,0,75450,2,region6_2231479902
2023-03-19 07:43,3528253909,3950912,236416,2,region6_2231479902
2023-03-19 07:43,3523994884,4637638,3750970,2,region6_2231479911
2023-03-19 07:43,3527902490,0,2847,4,region6_2231479913
2023-03-19 07:43,3526809670,4194304,1048576,5,region6_2231479909
2023-03-19 07:43,3523841148,0,4258927,2,region6_2231479907
2023-03-19 07:43,3526753074,0,492851,2,region6_2231479911
2023-03-19 07:43,3525067070,0,2279,2,region6_2231479902
2023-03-19 07:43,3528181422,0,8388608,2,region6_2231479917
2023-03-19 07:43,3528257398,0,8388608,4,region6_2231479911
2023-03-19 07:43,3522413235,3247606,48,2,region6_2231479902
2023-03-19 07:43,3527495898,0,453661,2,region6_2231479905
2023-03-19 07:43,3527643441,0,8388608,2,region6_2231479902
2023-03-19 07:43,3527813538,0,8326454,3,region6_2231479910
2023-03-19 07:43,3527439796,5250,43100,2,region6_2231479916
2023-03-19 07:43,3527583980,0,8388608,4,region6_2231479911
2023-03-19 07:43,3521086723,0,1331439,2,region6_2231479905
2023-03-19 07:43,3526809670,6291456,1048576,5,region6_2231479909
2023-03-19 07:43,3526809670,5242880,1048576,5,region6_2231479909
2023-03-19 07:43,3528303893,0,9029,4,region6_2231479911
2023-03-19 07:43,3527836989,0,8481568,2,region6_2231479904
2023-03-19 07:43,3527525595,0,5927,2,region6_2231479902
2023-03-19 07:43,3527577378,2097152,1048576,5,region6_2231479909
2023-03-19 07:43,3522332416,0,336909,2,region6_2231479902
2023-03-19 07:43,3523295164,0,1165988,2,region6_2231479907
2023-03-19 07:43,3524284603,0,186,2,region6_2231479914
2023-03-19 07:43,3521906220,0,63604,2,region6_2231479916
2023-03-19 07:43,3527661204,3730208,48,2,region6_2231479902
2023-03-19 07:43,3521770266,1409321,8388608,2,region6_2231479905
2023-03-19 07:43,3528265406,0,698043,5,region6_2231479909
2023-03-19 07:43,3524637282,0,337857,2,region6_2231479905
2023-03-19 07:43,3521770266,9797929,5090528,2,region6_2231479905
2023-03-19 07:43,3527577378,3145728,1048576,5,region6_2231479909
2023-03-19 07:43,3522715696,0,51853,2,region6_2231479902
2023-03-19 07:43,3527749201,0,7774349,5,region6_2231479909
2023-03-19 07:43,3521559365,0,2452299,2,region6_2231479905
2023-03-19 07:43,3525465086,0,8388608,2,region6_2231479911
2023-03-19 07:43,3528054190,0,18304,2,region6_2231479902
2023-03-19 07:43,3528181290,0,1048576,5,region6_2231479909
2023-03-19 07:43,3527829386,0,1101,2,region6_2231479902
2023-03-19 07:43,3521467997,1011549,243246,2,region6_2231479905
2023-03-19 07:43,3524426778,1462248,271168,2,region6_2231479907
2023-03-19 07:43,3525247078,0,28474,1,region6_2231479910
2023-03-19 07:43,3527548820,8180000,142016,2,region6_2231479902
2023-03-19 07:43,3527577378,5242880,1048576,5,region6_2231479909
2023-03-19 07:43,3527577378,4194304,1048576,5,region6_2231479909
2023-03-19 07:43,3528191321,0,2477588,5,region6_2231479909
2023-03-19 07:43,3528290619,0,8292610,3,region6_2231479910
2023-03-19 07:43,3528181290,1048576,1048576,5,region6_2231479909
2023-03-19 07:43,3528342666,699921,70363,2,region6_2231479916
2023-03-19 07:43,3526972760,0,1048576,5,region6_2231479909
2023-03-19 07:43,3527550839,0,8382068,1,region6_2231479910
2023-03-19 07:43,3523278445,0,5850,2,region6_2231479902
2023-03-19 07:43,3521489353,5991104,78720,2,region6_2231479902
2023-03-19 07:43,3528181290,2097152,1048576,5,region6_2231479909
2023-03-19 07:43,3528181290,3145728,1048576,5,region6_2231479909
2023-03-19 07:43,3521786636,0,8388608,2,region6_2231479911
2023-03-19 07:44,3527895067,550566,488967,2,region6_2231479902
2023-03-19 07:44,3527895067,0,550566,2,region6_2231479902
2023-03-19 07:44,3527897584,0,6899372,3,region6_2231479910
2023-03-19 07:44,3528131906,5889984,48,2,region6_2231479902
2023-03-19 07:44,3521747214,0,1770602,2,region6_2231479911
2023-03-19 07:44,3528393707,5944864,165632,2,region6_2231479902
2023-03-19 07:44,3520782592,6875146,16221,2,region6_2231479907
2023-03-19 07:44,3527895067,841126,198407,2,region6_2231479902
2023-03-19 07:44,3525247078,28474,8331660,1,region6_2231479910
2023-03-19 07:44,3525222126,302536,223003,2,region6_2231479905
2023-03-19 07:44,3527945836,6341952,108800,2,region6_2231479902
2023-03-19 07:44,3523284786,2915696,2163723,2,region6_2231479911
2023-03-19 07:44,3524063716,2790434,789859,2,region6_2231479911
2023-03-19 07:44,3524063716,917359,222611,2,region6_2231479911
2023-03-19 07:44,3522023450,0,277914,2,region6_2231479902
2023-03-19 07:44,3527847175,4747265,3641343,2,region6_2231479905
2023-03-19 07:44,3522425893,8367677,20931,2,region6_2231479911
2023-03-19 07:44,3527847175,0,2760208,2,region6_2231479905
2023-03-19 07:44,3527847175,2760208,1987057,2,region6_2231479905
2023-03-19 07:44,3521381443,0,4046599,2,region6_2231479907
2023-03-19 07:44,3525219721,0,6356,2,region6_2231479902
2023-03-19 07:44,3527902487,2655104,463488,2,region6_2231479902
2023-03-19 07:44,3528409092,0,5246567,5,region6_2231479909
2023-03-19 07:44,3527594609,0,4194304,2,region6_2231479906
2023-03-19 07:44,3527577378,5242880,1048576,5,region6_2231479909
2023-03-19 07:44,3527594609,4194304,4194304,2,region6_2231479906
2023-03-19 07:44,3524933062,1142884,7245724,2,region6_2231479905
2023-03-19 07:44,3521906220,0,63604,2,region6_2231479916
2023-03-19 07:44,3520643629,0,2010,2,region6_2231479902
2023-03-19 07:44,3527642229,0,6895108,3,region6_2231479910
2023-03-19 07:44,3523789138,0,15309,2,region6_2231479902
2023-03-19 07:44,3522990656,12532,8376076,2,region6_2231479908
2023-03-19 07:44,3522990656,0,12532,2,region6_2231479908
2023-03-19 07:44,3528252472,0,8388608,4,region6_2231479918
2023-03-19 07:44,3528155247,0,6917509,3,region6_2231479910
2023-03-19 07:44,3528260427,0,176,2,region6_2231479902
2023-03-19 07:44,3528407925,0,6299754,3,region6_2231479910
2023-03-19 07:44,3526172044,0,8388608,2,region6_2231479906
2023-03-19 07:44,3528414858,0,8481568,2,region6_2231479904
2023-03-19 07:44,3521359755,5842086,50438,2,region6_2231479907
2023-03-19 07:44,3522787980,0,128,2,region6_2231479902
2023-03-19 07:44,3528511491,0,7409408,2,region6_2231479904
2023-03-19 07:44,3526809670,6291456,1048576,5,region6_2231479909
2023-03-19 07:44,3526972760,1048576,1048576,5,region6_2231479909
2023-03-19 07:44,3526972760,0,1048576,5,region6_2231479909
2023-03-19 07:44,3521786636,3611831,408244,2,region6_2231479911
2023-03-19 07:44,3522234818,0,1366,2,region6_2231479902
2023-03-19 07:44,3523499968,5245753,1048576,2,region6_2231479911
2023-03-19 07:44,3527875632,0,5299257,2,region6_2231479907
2023-03-19 07:44,3521300696,0,522261,2,region6_2231479916
2023-03-19 07:44,3522787980,0,128,2,region6_2231479902
2023-03-19 07:44,3523426521,6324160,194328,2,region6_2231479905
2023-03-19 07:44,3527911218,0,1760872,2,region6_2231479911
2023-03-19 07:44,3528102436,0,8481568,5,region6_2231479909
2023-03-19 07:44,3521969627,0,939500,2,region6_2231479907
2023-03-19 07:44,3528181290,3145728,1048576,5,region6_2231479909
2023-03-19 07:44,3527895867,0,8481568,5,region6_2231479909
2023-03-19 07:44,3527158882,0,5661406,1,region6_2231479910
2023-03-19 07:44,3520671120,0,446394,2,region6_2231479905
2023-03-19 07:44,3521599072,1368668,6988,2,region6_2231479916
2023-03-19 07:44,3521599072,7535987,349051,2,region6_2231479916
2023-03-19 07:44,3521599072,5416826,43598,2,region6_2231479916
2023-03-19 07:44,3521599072,32440,102958,2,region6_2231479916
2023-03-19 07:44,3527814704,0,8388608,2,region6_2231479902
2023-03-19 07:44,3527955581,0,8368087,3,region6_2231479910
2023-03-19 07:44,3528181290,4194304,1048576,5,region6_2231479909
2023-03-19 07:44,3520671120,446394,8388608,2,region6_2231479905
2023-03-19 07:44,3528531179,0,1048576,5,region6_2231479909
2023-03-19 07:44,3527819406,1587632,6893936,2,region6_2231479904
2023-03-19 07:44,3527819406,0,1757040,2,region6_2231479904
2023-03-19 07:44,3521513321,0,5370,2,region6_2231479902
2023-03-19 07:44,3523250164,3316030,3225,2,region6_2231479905
2023-03-19 07:44,3520671120,8835002,6051977,2,region6_2231479905
2023-03-19 07:44,3528563446,0,1767,2,region6_2231479902
2023-03-19 07:44,3520934586,0,166216,2,region6_2231479916
2023-03-19 07:44,3522473353,668320,48,2,region6_2231479902
2023-03-19 07:44,3521367050,0,266202,2,region6_2231479902
2023-03-19 07:44,3528181290,6291456,699111,5,region6_2231479909
2023-03-19 07:44,3528181290,5242880,1048576,5,region6_2231479909
2023-03-19 07:44,3527214322,25165824,140910,1,region6_2231479916
2023-03-19 07:44,3527214322,16777216,8388608,1,region6_2231479916
2023-03-19 07:44,3528531179,1048576,1048576,5,region6_2231479909
2023-03-19 07:44,3528531179,2097152,1048576,5,region6_2231479909
2023-03-19 07:44,3524933062,1151460,2387652,2,region6_2231479911
2023-03-19 07:44,3526685971,0,7039504,2,region6_2231479902
2023-03-19 07:44,3527835318,1739667,42,2,region6_2231479907
2023-03-19 07:44,3527989669,0,97,3,region6_2231479910
2023-03-19 07:44,3528244897,0,512,2,region6_2231479902
2023-03-19 07:44,3526149127,454968,1048576,2,region6_2231479908
2023-03-19 07:44,3526149127,1494973,3446,2,region6_2231479908
2023-03-19 07:44,3526685971,6423568,2058000,2,region6_2231479902
2023-03-19 07:44,3527963203,0,8388608,2,region6_2231479902
2023-03-19 07:44,3522990656,0,12532,2,region6_2231479908
2023-03-19 07:44,3526972760,1048576,1048576,5,region6_2231479909
2023-03-19 07:44,3528176426,0,256,2,region6_2231479902
2023-03-19 07:44,3520679504,3326686,762987,2,region6_2231479905
2023-03-19 07:44,3528356453,0,997714,4,region6_2231479911
2023-03-19 07:44,3522990656,12532,8376076,2,region6_2231479908
2023-03-19 07:44,3521212000,0,8388608,2,region6_2231479911
2023-03-19 07:44,3527779207,7971894,55072,2,region6_2231479905
2023-03-19 07:44,3527969286,0,7952367,3,region6_2231479910
2023-03-19 07:44,3528151449,0,8388608,5,region6_2231479909
2023-03-19 07:44,3523907492,0,5453226,2,region6_2231479916
2023-03-19 07:44,3523907492,5453226,2935382,2,region6_2231479916
2023-03-19 07:44,3528552756,559104,344448,2,region6_2231479902
2023-03-19 07:44,3526172044,0,8388608,2,region6_2231479911
2023-03-19 07:44,3526972760,3145728,1048576,5,region6_2231479909
2023-03-19 07:44,3526972760,2097152,1048576,5,region6_2231479909
2023-03-19 07:44,3527420265,0,8388608,2,region6_2231479911
2023-03-19 07:44,3528426665,0,8388608,4,region6_2231479911
2023-03-19 07:44,3521338852,0,1205394,2,region6_2231479905
2023-03-19 07:44,3528432626,0,8481568,2,region6_2231479904
2023-03-19 07:44,3524933062,1151460,2387652,2,region6_2231479911
2023-03-19 07:44,3526809670,6291456,1048576,5,region6_2231479909
2023-03-19 07:44,3527950815,48,10493136,2,region6_2231479902
2023-03-19 07:44,3526863482,0,21760,2,region6_2231479904
2023-03-19 07:44,3527439796,988081,7400527,2,region6_2231479905
2023-03-19 07:44,3527439796,0,988081,2,region6_2231479905
2023-03-19 07:44,3528495312,0,518192,4,region6_2231479918
2023-03-19 07:44,3528036210,501509,23232,2,region6_2231479902
2023-03-19 07:44,3523980478,1027133,1807080,2,region6_2231479907
2023-03-19 07:44,3523980478,7816860,571748,2,region6_2231479907
2023-03-19 07:44,3523425438,7946358,442250,2,region6_2231479907
2023-03-19 07:44,3523425438,2389207,487310,2,region6_2231479907
2023-03-19 07:44,3523425438,4847935,1524478,2,region6_2231479907
2023-03-19 07:44,3527920402,5157447,3231161,2,region6_2231479911
2023-03-19 07:44,3527920402,0,5157447,2,region6_2231479911
2023-03-19 07:44,3528181290,6291456,699111,5,region6_2231479909
2023-03-19 07:44,3527920526,1320608,47808,2,region6_2231479902
2023-03-19 07:44,3521570470,47125,1281784,2,region6_2231479905
2023-03-19 07:44,3524301723,0,1822919,2,region6_2231479911
2023-03-19 07:44,3526685971,7130336,1351232,2,region6_2231479902
2023-03-19 07:44,3526256152,0,4761365,2,region6_2231479905
2023-03-19 07:44,3526680910,0,8388608,4,region6_2231479920
2023-03-19 07:44,3526172044,0,8388608,2,region6_2231479906
2023-03-19 07:44,3528531179,2097152,1048576,5,region6_2231479909
2023-03-19 07:44,3528531179,3145728,1048576,5,region6_2231479909
2023-03-19 07:44,3521190340,0,364519,2,region6_2231479902
2023-03-19 07:44,3525208361,0,8388608,2,region6_2231479903
2023-03-19 07:44,3528108652,0,27072,2,region6_2231479902
2023-03-19 07:44,3528457651,7770400,105600,2,region6_2231479902
2023-03-19 07:44,3526643017,638323,866724,2,region6_2231479907
2023-03-19 07:44,3522385099,0,391347,2,region6_2231479916
2023-03-19 07:44,3526256152,4761365,3627243,2,region6_2231479905
2023-03-19 07:44,3524917900,2984096,5440,2,region6_2231479902
2023-03-19 07:44,3528174994,0,25165824,3,region6_2231479911
2023-03-19 07:44,3523333461,5818305,2570303,2,region6_2231479905
2023-03-19 07:44,3527908738,0,8388608,4,region6_2231479919
2023-03-19 07:44,3528409255,2707737,92364,2,region6_2231479907
2023-03-19 07:44,3520953972,3990472,48,2,region6_2231479902
2023-03-19 07:44,3526630596,1183046,263540,2,region6_2231479902
2023-03-19 07:44,3526630596,0,1183046,2,region6_2231479902
2023-03-19 07:44,3528014841,7200160,48,2,region6_2231479902
2023-03-19 07:44,3528284915,0,8481568,5,region6_2231479909
2023-03-19 07:44,3528454425,4656896,143104,2,region6_2231479902
2023-03-19 07:44,3528616848,0,8388608,2,region6_2231479917
2023-03-19 07:44,3525222126,2008064,90312,2,region6_2231479916
2023-03-19 07:44,3528377866,4409072,969816,2,region6_2231479916
2023-03-19 07:44,3528377866,257806,2346902,2,region6_2231479916
2023-03-19 07:44,3524926450,0,1794928,2,region6_2231479902
2023-03-19 07:44,3528628257,0,128,2,region6_2231479902
2023-03-19 07:44,3521467997,3086394,308424,2,region6_2231479911
2023-03-19 07:44,3521467997,1011549,998014,2,region6_2231479911
2023-03-19 07:44,3528079921,6432480,104832,2,region6_2231479902
2023-03-19 07:44,3528251023,0,3587277,5,region6_2231479909
2023-03-19 07:44,3527110775,2852352,5115937,2,region6_2231479911
2023-03-19 07:44,3528442425,0,8481568,5,region6_2231479909
2023-03-19 07:44,3526651338,0,8388608,5,region6_2231479909
2023-03-19 07:44,3526829003,0,12878,1,region6_2231479910
2023-03-19 07:44,3528195652,0,8388608,4,region6_2231479911
2023-03-19 07:44,3526184829,5249204,238556,2,region6_2231479903
2023-03-19 07:44,3526184829,0,60719,2,region6_2231479903
2023-03-19 07:44,3526184829,6920001,1468607,2,region6_2231479903
2023-03-19 07:44,3526184829,2238278,199080,2,region6_2231479903
2023-03-19 07:44,3524198955,0,387956,2,region6_2231479903
2023-03-19 07:44,3524198955,0,387950,2,region6_2231479903
2023-03-19 07:44,3528679261,0,8388608,2,region6_2231479907
2023-03-19 07:44,3528689195,0,8388608,5,region6_2231479909
2023-03-19 07:44,3528531179,3145728,1048576,5,region6_2231479909
2023-03-19 07:44,3528236340,0,6426,2,region6_2231479902
2023-03-19 07:44,3527577378,5242880,1048576,5,region6_2231479909
2023-03-19 07:44,3521786636,0,7943046,2,region6_2231479905
2023-03-19 07:44,3521786636,3611831,408244,2,region6_2231479911
2023-03-19 07:44,3524696918,0,1316466,2,region6_2231479906
2023-03-19 07:44,3528528128,0,7604,2,region6_2231479902
2023-03-19 07:44,3523172565,0,8481568,5,region6_2231479909
2023-03-19 07:44,3528298567,0,6991225,2,region6_2231479906
2023-03-19 07:44,3521786636,7943046,445562,2,region6_2231479905
2023-03-19 07:44,3524224513,3719872,96832,2,region6_2231479902
2023-03-19 07:44,3520680343,0,3456,2,region6_2231479902
2023-03-19 07:44,3525254065,934400,181248,2,region6_2231479902
2023-03-19 07:44,3528261331,0,8388608,4,region6_2231479906
2023-03-19 07:44,3528298427,0,3462951,2,region6_2231479905
2023-03-19 07:44,3528298427,5502720,2885888,2,region6_2231479905
2023-03-19 07:44,3528469319,0,8388608,2,region6_2231479907
2023-03-19 07:44,3528531179,4194304,1048576,5,region6_2231479909
2023-03-19 07:44,3524188893,0,5850837,2,region6_2231479903
2023-03-19 07:45,3526787795,2342864,6138704,2,region6_2231479904
2023-03-19 07:45,3526787795,0,4190992,2,region6_2231479904
2023-03-19 07:45,3527985042,528416,48,2,region6_2231479902
2023-03-19 07:45,3528298427,3462951,2039769,2,region6_2231479905
2023-03-19 07:45,3526657487,0,8388608,2,region6_2231479903
2023-03-19 07:45,3527370771,0,1048576,5,region6_2231479909
2023-03-19 07:45,3524121988,5240879,1467067,2,region6_2231479911
2023-03-19 07:45,3524822358,1406100,6982508,2,region6_2231479916
2023-03-19 07:45,3524822358,0,1406100,2,region6_2231479916
2023-03-19 07:45,3524926450,0,8481568,2,region6_2231479902
2023-03-19 07:45,3521555124,0,176,2,region6_2231479902
2023-03-19 07:45,3524121988,2010211,139816,2,region6_2231479911
2023-03-19 07:45,3524121988,3226296,667217,2,region6_2231479911
2023-03-19 07:45,3523403775,0,5060050,2,region6_2231479911
2023-03-19 07:45,3528531179,5242880,997781,5,region6_2231479909
2023-03-19 07:45,3526658438,7497263,229819,2,region6_2231479911
2023-03-19 07:45,3526658438,6051627,166499,2,region6_2231479911
2023-03-19 07:45,3526755291,0,7012475,4,region6_2231479913
2023-03-19 07:45,3526386787,17792832,28480,2,region6_2231479902
2023-03-19 07:45,3526829003,12878,8362851,1,region6_2231479910
2023-03-19 07:45,3526172044,0,8388608,2,region6_2231479906
2023-03-19 07:45,3525672377,0,188829,1,region6_2231479910
2023-03-19 07:45,3524637282,0,337857,2,region6_2231479905
2023-03-19 07:45,3526856330,3552573,471736,2,region6_2231479907
2023-03-19 07:45,3526856330,32986,417298,2,region6_2231479907
2023-03-19 07:45,3528292061,0,3346324,2,region6_2231479904
2023-03-19 07:45,3526997815,0,1048576,5,region6_2231479909
2023-03-19 07:45,3522114817,0,8388608,2,region6_2231479903
2023-03-19 07:45,3528292061,0,3346324,2,region6_2231479904
2023-03-19 07:45,3526149127,454968,1048576,2,region6_2231479908
2023-03-19 07:45,3526149127,1494973,3446,2,region6_2231479908
2023-03-19 07:45,3528479385,0,7663361,3,region6_2231479910
2023-03-19 07:45,3520671120,0,446394,2,region6_2231479905
2023-03-19 07:45,3526778488,0,4033277,5,region6_2231479909
2023-03-19 07:45,3524167930,7762720,48,2,region6_2231479902
2023-03-19 07:45,3526883903,2985088,48,2,region6_2231479902
2023-03-19 07:45,3523321323,0,7296364,2,region6_2231479911
2023-03-19 07:45,3521786636,3611831,408244,2,region6_2231479911
2023-03-19 07:45,3523559104,0,1968,2,region6_2231479914
2023-03-19 07:45,3527462429,0,1048576,5,region6_2231479909
2023-03-19 07:45,3527462429,1048576,1048576,5,region6_2231479909
2023-03-19 07:45,3526809718,0,734784,2,region6_2231479916
2023-03-19 07:45,3526809718,734784,4777153,2,region6_2231479916
2023-03-19 07:45,3526842939,0,8481568,5,region6_2231479909
2023-03-19 07:45,3526997815,1048576,1048576,5,region6_2231479909
2023-03-19 07:45,3526997815,2097152,1048576,5,region6_2231479909
2023-03-19 07:45,3520671120,446394,8388608,2,region6_2231479905
2023-03-19 07:45,3528519355,0,6994236,4,region6_2231479913
2023-03-19 07:45,3526809670,6291456,1048576,5,region6_2231479909
2023-03-19 07:45,3528461299,0,7037957,2,region6_2231479907
2023-03-19 07:45,3527179723,0,740,2,region6_2231479914
2023-03-19 07:45,3528479428,2387296,59968,2,region6_2231479902
2023-03-19 07:45,3525944027,0,128,2,region6_2231479902
2023-03-19 07:45,3521195826,2186148,2770362,2,region6_2231479905
2023-03-19 07:45,3526736701,0,8214693,3,region6_2231479910
2023-03-19 07:45,3527254025,2362005,802337,2,region6_2231479911
2023-03-19 07:45,3527254025,0,960115,2,region6_2231479911
2023-03-19 07:45,3524591524,4129252,4259356,2,region6_2231479911
2023-03-19 07:45,3523728482,259502,421535,2,region6_2231479911
2023-03-19 07:45,3525944027,0,128,2,region6_2231479902
2023-03-19 07:45,3525944027,0,128,2,region6_2231479902
2023-03-19 07:45,3526634986,0,6994775,4,region6_2231479913
2023-03-19 07:45,3526911920,0,8388608,2,region6_2231479903
2023-03-19 07:45,3526978083,0,8481568,5,region6_2231479909
2023-03-19 07:45,3524926450,7920384,561184,2,region6_2231479902
2023-03-19 07:45,3522385099,1602104,1248445,2,region6_2231479911
2023-03-19 07:45,3526880156,246016,52864,2,region6_2231479902
2023-03-19 07:45,3526972760,3145728,1048576,5,region6_2231479909
2023-03-19 07:45,3528266885,0,8326997,3,region6_2231479910
2023-03-19 07:45,3528691746,0,8388608,4,region6_2231479911
2023-03-19 07:45,3525164416,0,2980607,2,region6_2231479905
2023-03-19 07:45,3521465612,0,60877,2,region6_2231479902
2023-03-19 07:45,3526250160,0,176,2,region6_2231479902
2023-03-19 07:45,3523447794,972961,1048576,2,region6_2231479911
2023-03-19 07:45,3521465612,0,60877,2,region6_2231479902
2023-03-19 07:45,3526926422,0,6894107,3,region6_2231479910
2023-03-19 07:45,3526997815,2097152,1048576,5,region6_2231479909
2023-03-19 07:45,3526450531,168674,742545,2,region6_2231479911
2023-03-19 07:45,3527462429,1048576,1048576,5,region6_2231479909
2023-03-19 07:45,3525944027,0,128,2,region6_2231479902
2023-03-19 07:45,3526675058,0,8388608,4,region6_2231479911
2023-03-19 07:45,3527449729,0,1048576,5,region6_2231479909
2023-03-19 07:45,3528493196,0,6990557,4,region6_2231479913
2023-03-19 07:45,3520934586,166216,558353,2,region6_2231479907
2023-03-19 07:45,3520934586,400561,324008,2,region6_2231479907
2023-03-19 07:45,3521359755,0,8213376,2,region6_2231479906
2023-03-19 07:45,3520734935,0,256,2,region6_2231479902
2023-03-19 07:45,3528426747,0,1279203,2,region6_2231479916
2023-03-19 07:45,3520734935,0,256,2,region6_2231479902
2023-03-19 07:45,3528426747,4064375,1009793,2,region6_2231479916
2023-03-19 07:45,3527462429,2097152,1048576,5,region6_2231479909
2023-03-19 07:45,3528274114,0,8388608,2,region6_2231479906
2023-03-19 07:45,3521786636,3611831,408244,2,region6_2231479911
2023-03-19 07:45,3527449729,1048576,1048576,5,region6_2231479909
2023-03-19 07:45,3526772857,0,4084,2,region6_2231479902
2023-03-19 07:45,3523539620,896947,89045,2,region6_2231479903
2023-03-19 07:45,3527006270,0,4486,5,region6_2231479909
2023-03-19 07:45,3526695485,0,7944635,3,region6_2231479910
2023-03-19 07:45,3526820333,0,6889703,3,region6_2231479910
2023-03-19 07:45,3523828066,3534176,1048576,2,region6_2231479907
2023-03-19 07:45,3523828066,1873627,2709125,2,region6_2231479907
2023-03-19 07:45,3528340280,4174246,1526124,2,region6_2231479907
2023-03-19 07:45,3527462429,3145728,1048576,5,region6_2231479909
2023-03-19 07:45,3522460217,246968,749826,2,region6_2231479908
2023-03-19 07:45,3525634171,0,506908,2,region6_2231479907
2023-03-19 07:45,3525634171,7353769,1034839,2,region6_2231479907
2023-03-19 07:45,3523871566,0,128,2,region6_2231479902
2023-03-19 07:45,3523828066,0,1384388,2,region6_2231479907
2023-03-19 07:45,3527449729,2097152,1048576,5,region6_2231479909
2023-03-19 07:45,3522590667,3390016,48,2,region6_2231479902
2023-03-19 07:45,3523871566,0,128,2,region6_2231479902
2023-03-19 07:45,3526990896,0,10485760,5,region6_2231479909
2023-03-19 07:45,3526990896,10485760,889076,5,region6_2231479909
2023-03-19 07:45,3527110775,2852352,5115937,2,region6_2231479911
2023-03-19 07:45,3527462429,4194304,1048576,5,region6_2231479909
2023-03-19 07:45,3527462429,5242880,1048576,5,region6_2231479909
2023-03-19 07:45,3527500944,0,8388608,2,region6_2231479906
2023-03-19 07:45,3527110775,2852352,5115937,2,region6_2231479911
2023-03-19 07:45,3528331248,0,52455,2,region6_2231479907
2023-03-19 07:45,3521479136,0,176,2,region6_2231479902
2023-03-19 07:45,3527449729,3145728,1048576,5,region6_2231479909
2023-03-19 07:45,3523446565,0,8388608,2,region6_2231479907
2023-03-19 07:45,3526874576,295301,94120,2,region6_2231479911
2023-03-19 07:45,3523321323,2039483,3118459,2,region6_2231479911
2023-03-19 07:45,3522857370,0,8388608,2,region6_2231479906
2023-03-19 07:45,3521605001,268779,959906,2,region6_2231479907
2023-03-19 07:45,3528376207,0,6993627,4,region6_2231479913
2023-03-19 07:45,3528674243,25726,42392,2,region6_2231479905
2023-03-19 07:45,3521605001,6911942,1476666,2,region6_2231479907
2023-03-19 07:45,3521605001,2847204,2682929,2,region6_2231479907
2023-03-19 07:45,3527535489,0,1048576,5,region6_2231479909
2023-03-19 07:45,3526629952,0,447113,2,region6_2231479908
2023-03-19 07:45,3526972760,3145728,1048576,5,region6_2231479909
2023-03-19 07:45,3522250522,2042115,186356,2,region6_2231479908
2023-03-19 07:45,3526629952,447113,3084885,2,region6_2231479908
2023-03-19 07:45,3526733034,0,8388608,2,region6_2231479906
2023-03-19 07:45,3522467988,0,176,2,region6_2231479902
2023-03-19 07:45,3527449729,5242880,1048576,5,region6_2231479909
2023-03-19 07:45,3527449729,4194304,1048576,5,region6_2231479909
2023-03-19 07:45,3526700137,8178688,48,2,region6_2231479902
2023-03-19 07:45,3526702540,0,8388608,2,region6_2231479907
2023-03-19 07:45,3528585522,0,8481568,2,region6_2231479902
2023-03-19 07:45,3526997815,2097152,1048576,5,region6_2231479909
2023-03-19 07:45,3525645503,8010277,378331,2,region6_2231479916
2023-03-19 07:45,3527535489,1048576,1048576,5,region6_2231479909
2023-03-19 07:45,3526627294,1202609,7185999,2,region6_2231479905
2023-03-19 07:45,3524072770,0,2757424,4,region6_2231479918
2023-03-19 07:45,3526802721,1617509,100259,2,region6_2231479905
2023-03-19 07:45,3525645503,0,8010277,2,region6_2231479916
2023-03-19 07:45,3528689189,8328772,59836,2,region6_2231479911
2023-03-19 07:45,3526627294,0,1202609,2,region6_2231479905
2023-03-19 07:45,3526662516,4981680,3406928,2,region6_2231479907
2023-03-19 07:45,3526662516,1769375,1412699,2,region6_2231479907
2023-03-19 07:45,3520673722,4365002,1048576,2,region6_2231479905
2023-03-19 07:45,3528524348,0,6997837,4,region6_2231479913
2023-03-19 07:45,3526172044,0,8388608,2,region6_2231479906
2023-03-19 07:45,3527230174,0,30298,2,region6_2231479902
2023-03-19 07:45,3526440731,0,929,2,region6_2231479902
2023-03-19 07:45,3527535489,3145728,1048576,5,region6_2231479909
2023-03-19 07:45,3527535489,2097152,1048576,5,region6_2231479909
2023-03-19 07:45,3520864571,5192358,1048576,2,region6_2231479911
2023-03-19 07:45,3526971887,0,8388608,4,region6_2231479911
2023-03-19 07:45,3528523534,0,4435904,2,region6_2231479904
2023-03-19 07:45,3528523534,2382640,6098928,2,region6_2231479904
2023-03-19 07:45,3527462429,5242880,1048576,5,region6_2231479909
2023-03-19 07:45,3521906220,0,63604,2,region6_2231479916
2023-03-19 07:45,3521538444,0,8388608,2,region6_2231479907
2023-03-19 07:45,3527109889,0,8481568,5,region6_2231479909
2023-03-19 07:45,3526644790,0,8481568,2,region6_2231479904
2023-03-19 07:45,3527316339,0,5709927,2,region6_2231479911
2023-03-19 07:45,3527541088,0,1048576,5,region6_2231479909
2023-03-19 07:45,3527462429,6291456,1048576,5,region6_2231479909
2023-03-19 07:45,3527462429,7340032,1048576,5,region6_2231479909
2023-03-19 07:45,3526952028,0,8388608,4,region6_2231479920
2023-03-19 07:45,3523980478,7816860,571748,2,region6_2231479907
2023-03-19 07:45,3523980478,1027133,1807080,2,region6_2231479907
2023-03-19 07:45,3526629952,447113,3084885,2,region6_2231479908
2023-03-19 07:45,3526629952,0,447113,2,region6_2231479908
2023-03-19 07:45,3528611136,5966288,2515280,2,region6_2231479904
2023-03-19 07:45,3528611136,0,8481568,2,region6_2231479904
2023-03-19 07:45,3522007641,0,7128271,2,region6_2231479903
2023-03-19 07:45,3526955201,8218144,48,2,region6_2231479902
2023-03-19 07:45,3528560031,1860320,168704,2,region6_2231479902
2023-03-19 07:45,3521597943,8023424,217152,2,region6_2231479902
2023-03-19 07:45,3526998169,0,8388608,4,region6_2231479918
2023-03-19 07:46,3526827187,3635231,285894,2,region6_2231479907
2023-03-19 07:46,3526882946,0,8481568,2,region6_2231479904
2023-03-19 07:46,3520679504,3326686,762987,2,region6_2231479905
2023-03-19 07:46,3525199648,3432935,1048576,2,region6_2231479911
2023-03-19 07:46,3524808260,0,2969674,2,region6_2231479911
2023-03-19 07:46,3526926490,0,7663377,3,region6_2231479910
2023-03-19 07:46,3521935848,0,8388608,2,region6_2231479907
2023-03-19 07:46,3523365210,0,176,2,region6_2231479902
2023-03-19 07:46,3526874576,293581,95840,2,region6_2231479911
2023-03-19 07:46,3527336744,4022624,48,2,region6_2231479902
2023-03-19 07:46,3527001106,0,6904541,3,region6_2231479910
2023-03-19 07:46,3528638490,0,8481568,2,region6_2231479904
2023-03-19 07:46,3523471617,1497447,1210826,1,region6_2231479910
2023-03-19 07:46,3526980945,0,796888,2,region6_2231479903
2023-03-19 07:46,3527277009,1724704,48,2,region6_2231479902
2023-03-19 07:46,3521774983,0,3438282,2,region6_2231479916
2023-03-19 07:46,3527462429,7340032,1048576,5,region6_2231479909
2023-03-19 07:46,3522620890,0,176,2,region6_2231479902
2023-03-19 07:46,3522620890,8192,1139840,2,region6_2231479902
2023-03-19 07:46,3526703544,0,8388608,5,region6_2231479909
2023-03-19 07:46,3528592225,0,8388608,4,region6_2231479937
2023-03-19 07:46,3522620890,0,176,2,region6_2231479902
2023-03-19 07:46,3526646555,0,6901482,3,region6_2231479910
2023-03-19 07:46,3523731373,1024210,1562504,2,region6_2231479907
2023-03-19 07:46,3523731373,7189194,1199414,2,region6_2231479907
2023-03-19 07:46,3521786636,3611831,408244,2,region6_2231479911
2023-03-19 07:46,3521774983,3438282,4950326,2,region6_2231479916
2023-03-19 07:46,3527541088,0,1048576,5,region6_2231479909
2023-03-19 07:46,3527370771,0,1048576,5,region6_2231479909
2023-03-19 07:46,3527445269,3231296,48,2,region6_2231479902
2023-03-19 07:46,3526829026,0,10551623,6,region6_2231479912
2023-03-19 07:46,3522836652,0,8388608,2,region6_2231479903
2023-03-19 07:46,3527363555,0,18125,2,region6_2231479902
2023-03-19 07:46,3527449729,5242880,1048576,5,region6_2231479909
2023-03-19 07:46,3527535489,4194304,1048576,5,region6_2231479909
2023-03-19 07:46,3527535489,3145728,1048576,5,region6_2231479909
2023-03-19 07:46,3522532779,0,319104,2,region6_2231479902
2023-03-19 07:46,3526822109,0,8227498,3,region6_2231479910
2023-03-19 07:46,3522532779,0,319104,2,region6_2231479902
2023-03-19 07:46,3526788354,0,8324080,3,region6_2231479910
2023-03-19 07:46,3527353287,0,4275119,2,region6_2231479907
2023-03-19 07:46,3527541088,1048576,1048576,5,region6_2231479909
2023-03-19 07:46,3527385939,0,8481568,2,region6_2231479904
2023-03-19 07:46,3526741022,0,7811637,2,region6_2231479905
2023-03-19 07:46,3526741022,7811637,576971,2,region6_2231479905
2023-03-19 07:46,3524612989,1048528,1621805,2,region6_2231479907
2023-03-19 07:46,3524612989,7091087,1297521,2,region6_2231479907
2023-03-19 07:46,3526953959,2977526,3580441,2,region6_2231479907
2023-03-19 07:46,3521734920,0,4429386,2,region6_2231479907
2023-03-19 07:46,3527378544,6916064,48,2,region6_2231479902
2023-03-19 07:46,3527541088,2097152,1048576,5,region6_2231479909
2023-03-19 07:46,3521906220,0,63604,2,region6_2231479916
2023-03-19 07:46,3527500944,0,8388608,2,region6_2231479911
2023-03-19 07:46,3526921005,0,8388608,2,region6_2231479917
2023-03-19 07:46,3527024279,0,8388608,4,region6_2231479911
2023-03-19 07:46,3527193989,0,165242,2,region6_2231479902
2023-03-19 07:46,3527454321,0,1048576,5,region6_2231479909
2023-03-19 07:46,3527541088,3145728,1048576,5,region6_2231479909
2023-03-19 07:46,3526757087,0,2259815,5,region6_2231479912
2023-03-19 07:46,3525237882,0,7014244,2,region6_2231479921
2023-03-19 07:46,3528693013,0,634,3,region6_2231479910
2023-03-19 07:46,3526220586,0,4007224,2,region6_2231479907
2023-03-19 07:46,3526743669,0,6019001,2,region6_2231479905
2023-03-19 07:46,3524318142,2500745,3862669,2,region6_2231479907
2023-03-19 07:46,3524318142,8125774,23302,2,region6_2231479907
2023-03-19 07:46,3526660627,0,1673207,2,region6_2231479907
2023-03-19 07:46,3526660627,624631,1048576,2,region6_2231479907
2023-03-19 07:46,3526660627,0,1673207,2,region6_2231479907
2023-03-19 07:46,3526660627,624631,1048576,2,region6_2231479907
2023-03-19 07:46,3526997815,2097152,1048576,5,region6_2231479909
2023-03-19 07:46,3527561643,0,6126784,2,region6_2231479902
2023-03-19 07:46,3525023890,0,1162544,2,region6_2231479916
2023-03-19 07:46,3526743669,7848738,539870,2,region6_2231479905
2023-03-19 07:46,3526743669,6019001,1829737,2,region6_2231479905
2023-03-19 07:46,3524318142,0,8388608,2,region6_2231479907
2023-03-19 07:46,3527353857,0,53338,2,region6_2231479902
2023-03-19 07:46,3527561643,6327040,2154528,2,region6_2231479902
2023-03-19 07:46,3526710623,0,8388608,2,region6_2231479903
2023-03-19 07:46,3526983897,1269864,469070,2,region6_2231479903
2023-03-19 07:46,3526983897,4126652,972720,2,region6_2231479903
2023-03-19 07:46,3521296543,4068544,202752,2,region6_2231479902
2023-03-19 07:46,3527454321,1048576,1048576,5,region6_2231479909
2023-03-19 07:46,3527535489,4194304,1048576,5,region6_2231479909
2023-03-19 07:46,3527541088,5242880,1048576,5,region6_2231479909
2023-03-19 07:46,3527541088,4194304,1048576,5,region6_2231479909
2023-03-19 07:46,3526818136,2221417,679176,2,region6_2231479903
2023-03-19 07:46,3526818136,0,880649,2,region6_2231479903
2023-03-19 07:46,3527166785,799376,124602,2,region6_2231479907
2023-03-19 07:46,3526800279,0,1137165,1,region6_2231479910
2023-03-19 07:46,3527166785,0,716064,2,region6_2231479907
2023-03-19 07:46,3526823048,112697,96543,2,region6_2231479905
2023-03-19 07:46,3521899125,0,176,2,region6_2231479902
2023-03-19 07:46,3527454321,2097152,1048576,5,region6_2231479909
2023-03-19 07:46,3527245258,172976,4802938,2,region6_2231479905
2023-03-19 07:46,3527245258,0,172976,2,region6_2231479905
2023-03-19 07:46,3527370771,0,1048576,5,region6_2231479909
2023-03-19 07:46,3526812147,0,5909303,2,region6_2231479911
2023-03-19 07:46,3523584016,0,176,2,region6_2231479902
2023-03-19 07:46,3521786636,3611831,408244,2,region6_2231479911
2023-03-19 07:46,3520762029,0,54656,2,region6_2231479902
2023-03-19 07:46,3527449729,5242880,1048576,5,region6_2231479909
2023-03-19 07:46,3527502733,7194944,48,2,region6_2231479902
2023-03-19 07:46,3527525646,5111548,8793713,2,region6_2231479902
2023-03-19 07:46,3527525646,0,5228092,2,region6_2231479902
2023-03-19 07:46,3526330640,0,8344445,2,region6_2231479906
2023-03-19 07:46,3526669135,0,8043816,3,region6_2231479910
2023-03-19 07:46,3525575442,0,8388608,2,region6_2231479906
2023-03-19 07:46,3522696135,6796066,1592542,2,region6_2231479907
2023-03-19 07:46,3522696135,1020780,1598366,2,region6_2231479907
2023-03-19 07:46,3521661776,5286464,48,2,region6_2231479902
2023-03-19 07:46,3527225525,0,7681840,3,region6_2231479910
2023-03-19 07:46,3520762029,0,54656,2,region6_2231479902
2023-03-19 07:46,3527454321,3145728,1048576,5,region6_2231479909
2023-03-19 07:46,3524033611,0,1959,2,region6_2231479914
2023-03-19 07:46,3520660119,4412931,2778527,2,region6_2231479903
2023-03-19 07:46,3526146716,530912,48,2,region6_2231479902
2023-03-19 07:46,3521411945,1365840,84808,2,region6_2231479911
2023-03-19 07:46,3527161452,0,4921269,2,region6_2231479907
2023-03-19 07:46,3527161452,4921269,215,2,region6_2231479907
2023-03-19 07:46,3527496803,4168983,4219625,2,region6_2231479916
2023-03-19 07:46,3526721702,0,8376210,3,region6_2231479910
2023-03-19 07:46,3526980418,0,8388608,2,region6_2231479902
2023-03-19 07:46,3527202547,0,8273095,3,region6_2231479910
2023-03-19 07:46,3527496803,0,4168983,2,region6_2231479916
2023-03-19 07:46,3527207872,0,12762,2,region6_2231479902
2023-03-19 07:46,3527454321,4194304,1048576,5,region6_2231479909
2023-03-19 07:46,3527454321,5242880,1048576,5,region6_2231479909
2023-03-19 07:46,3523369006,8354448,77952,2,region6_2231479902
2023-03-19 07:46,3521599072,1368668,6988,2,region6_2231479905
2023-03-19 07:46,3527161452,4921836,3466772,2,region6_2231479907
2023-03-19 07:46,3521599072,122533,1253123,2,region6_2231479905
2023-03-19 07:46,3521599072,7405220,479818,2,region6_2231479905
2023-03-19 07:46,3524696918,0,1316466,2,region6_2231479906
2023-03-19 07:46,3520690085,2477923,563894,2,region6_2231479905
2023-03-19 07:46,3522035052,4359069,78939,2,region6_2231479911
2023-03-19 07:46,3522035052,7714479,44668,2,region6_2231479911
2023-03-19 07:46,3522035052,5539294,328169,2,region6_2231479911
2023-03-19 07:46,3527340078,0,9741,2,region6_2231479902
2023-03-19 07:46,3523447794,972961,1048576,2,region6_2231479911
2023-03-19 07:46,3521544219,0,115681,2,region6_2231479903
2023-03-19 07:46,3526997815,2097152,1048576,5,region6_2231479909
2023-03-19 07:46,3520714784,885497,7386510,2,region6_2231479905
2023-03-19 07:46,3520714784,0,885497,2,region6_2231479905
2023-03-19 07:46,3527462429,7340032,1048576,5,region6_2231479909
2023-03-19 07:46,3526863482,0,21760,2,region6_2231479904
2023-03-19 07:46,3522988612,0,5615668,2,region6_2231479906
2023-03-19 07:46,3523672460,4577156,1048576,2,region6_2231479911
2023-03-19 07:46,3526982357,0,1048576,5,region6_2231479909
2023-03-19 07:46,3527259117,0,8481568,2,region6_2231479904
2023-03-19 07:46,3526863482,0,21760,2,region6_2231479904
2023-03-19 07:46,3526956709,0,8481568,5,region6_2231479909
2023-03-19 07:46,3527161156,0,4432359,5,region6_2231479909
2023-03-19 07:46,3521786636,3611831,408244,2,region6_2231479911
2023-03-19 07:46,3527408535,1656666,3257,2,region6_2231479905
2023-03-19 07:46,3527408535,6823520,9113,2,region6_2231479905
2023-03-19 07:46,3527499037,0,8388608,4,region6_2231479911
2023-03-19 07:46,3527657263,7618224,863344,2,region6_2231479904
2023-03-19 07:46,3527657263,0,7877680,2,region6_2231479904
2023-03-19 07:46,3522712192,7684473,89440,2,region6_2231479911
2023-03-19 07:46,3522712192,4577464,46483,2,region6_2231479911
2023-03-19 07:46,3522712192,74437,3272190,2,region6_2231479911
2023-03-19 07:46,3527191911,0,8388608,2,region6_2231479907
2023-03-19 07:46,3527554762,0,40987,4,region6_2231479905
2023-03-19 07:46,3521731478,0,8388608,2,region6_2231479911
2023-03-19 07:46,3523161059,0,1305,2,region6_2231479914
2023-03-19 07:46,3526982357,1048576,1048576,5,region6_2231479909
2023-03-19 07:46,3522860205,2238728,427624,2,region6_2231479905
2023-03-19 07:46,3522860205,0,2238728,2,region6_2231479905
2023-03-19 07:46,3524023635,316,1653,2,region6_2231479914
2023-03-19 07:46,3524023635,0,316,2,region6_2231479914
2023-03-19 07:46,3526982357,2097152,1048576,5,region6_2231479909
2023-03-19 07:46,3526982357,3145728,1048576,5,region6_2231479909
2023-03-19 07:46,3521014633,158938,5370934,2,region6_2231479911
2023-03-19 07:46,3527521845,4049626,248048,2,region6_2231479903
2023-03-19 07:46,3527469834,0,2081137,2,region6_2231479906
2023-03-19 07:46,3520792630,0,1639,2,region6_2231479902
2023-03-19 07:46,3522298310,0,320,2,region6_2231479902
2023-03-19 07:46,3522696135,1020780,1598366,2,region6_2231479907
2023-03-19 07:46,3522696135,6796066,1592542,2,region6_2231479907
2023-03-19 07:46,3526800279,1137165,6114277,1,region6_2231479910
2023-03-19 07:46,3527018748,0,8388608,5,region6_2231479909
2023-03-19 07:46,3527420047,0,8481568,5,region6_2231479909
2023-03-19 07:46,3527440636,0,1048576,5,region6_2231479909
2023-03-19 07:46,3524425709,4886348,3502260,2,region6_2231479905
2023-03-19 07:46,3526842206,0,408048,2,region6_2231479902
2023-03-19 07:46,3526842206,0,8481568,2,region6_2231479902
2023-03-19 07:46,3527454321,5242880,1048576,5,region6_2231479909
2023-03-19 07:46,3522972734,0,176,2,region6_2231479902
2023-03-19 07:46,3527001606,1187919,1048576,2,region6_2231479903
2023-03-19 07:46,3527001606,1187919,1048576,2,region6_2231479903
2023-03-19 07:46,3521980001,6121760,69632,2,region6_2231479902
2023-03-19 07:46,3527541088,5242880,1048576,5,region6_2231479909
2023-03-19 07:47,3527001606,0,2236495,2,region6_2231479903
2023-03-19 07:47,3527001606,0,2236495,2,region6_2231479903
2023-03-19 07:47,3527001606,0,2236495,2,region6_2231479903
2023-03-19 07:47,3527475462,0,6544251,4,region6_2231479905
2023-03-19 07:47,3527502619,7099104,48,2,region6_2231479902
2023-03-19 07:47,3520795251,0,1818,2,region6_2231479914
2023-03-19 07:47,3527440636,1048576,1048576,5,region6_2231479909
2023-03-19 07:47,3527092736,0,1690633,2,region6_2231479908
2023-03-19 07:47,3527113936,4189279,1048576,2,region6_2231479907
2023-03-19 07:47,3527113936,3638480,1599375,2,region6_2231479907
2023-03-19 07:47,3527202016,0,8288099,3,region6_2231479910
2023-03-19 07:47,3527454321,6291456,1048576,5,region6_2231479909
2023-03-19 07:47,3527464137,0,1048576,5,region6_2231479909
2023-03-19 07:47,3527619985,0,8324257,3,region6_2231479910
2023-03-19 07:47,3527865945,0,12271578,6,region6_2231479912
2023-03-19 07:47,3527034944,0,8481568,5,region6_2231479909
2023-03-19 07:47,3527462429,7340032,1048576,5,region6_2231479909
2023-03-19 07:47,3522418201,5615264,239680,2,region6_2231479902
2023-03-19 07:47,3527627615,0,378515,4,region6_2231479906
2023-03-19 07:47,3527043680,0,8481568,5,region6_2231479909
2023-03-19 07:47,3527440636,2097152,1048576,5,region6_2231479909
2023-03-19 07:47,3523728482,259502,421535,2,region6_2231479911
2023-03-19 07:47,3527269951,7801904,679664,2,region6_2231479904
2023-03-19 07:47,3527269951,0,7823344,2,region6_2231479904
2023-03-19 07:47,3527269951,0,7275184,2,region6_2231479904
2023-03-19 07:47,3524252342,0,176,2,region6_2231479902
2023-03-19 07:47,3527454321,8388608,92960,5,region6_2231479909
2023-03-19 07:47,3527454321,7340032,1048576,5,region6_2231479909
2023-03-19 07:47,3527464137,1048576,1048576,5,region6_2231479909
2023-03-19 07:47,3527535489,4194304,1048576,5,region6_2231479909
2023-03-19 07:47,3522150528,7096884,9804,2,region6_2231479916
2023-03-19 07:47,3522150528,7106688,205509,2,region6_2231479916
2023-03-19 07:47,3521467997,1011549,243246,2,region6_2231479905
2023-03-19 07:47,3520673722,4365002,1048576,2,region6_2231479905
2023-03-19 07:47,3526991482,2284821,5312967,2,region6_2231479911
2023-03-19 07:47,3527440636,3145728,1048576,5,region6_2231479909
2023-03-19 07:47,3527459089,0,8481568,5,region6_2231479909
2023-03-19 07:47,3527464137,2097152,1048576,5,region6_2231479909
2023-03-19 07:47,3527755179,2252880,473,2,region6_2231479905
2023-03-19 07:47,3526982357,4194304,1048576,5,region6_2231479909
2023-03-19 07:47,3522035052,4351466,1143702,2,region6_2231479911
2023-03-19 07:47,3527358310,0,4462290,2,region6_2231479907
2023-03-19 07:47,3525819756,0,8388608,2,region6_2231479911
2023-03-19 07:47,3527779609,0,4992,2,region6_2231479902
2023-03-19 07:47,3521437372,6811897,618937,2,region6_2231479907
2023-03-19 07:47,3521437372,0,3561445,2,region6_2231479907
2023-03-19 07:47,3525356763,0,4640152,2,region6_2231479911
2023-03-19 07:47,3527584040,4194304,4194304,2,region6_2231479906
2023-03-19 07:47,3527584040,0,4194304,2,region6_2231479906
2023-03-19 07:47,3527006396,0,6660620,3,region6_2231479910
2023-03-19 07:47,3521599072,120643,30,2,region6_2231479905
2023-03-19 07:47,3521599072,1368668,6988,2,region6_2231479905
2023-03-19 07:47,3527202544,0,8029933,3,region6_2231479910
2023-03-19 07:47,3525242535,0,8388608,2,region6_2231479911
2023-03-19 07:47,3525356763,4640152,3748456,2,region6_2231479911
2023-03-19 07:47,3527439331,4066496,491712,2,region6_2231479902
2023-03-19 07:47,3527440636,4194304,1048576,5,region6_2231479909
2023-03-19 07:47,3527449729,5242880,1048576,5,region6_2231479909
2023-03-19 07:47,3527464137,3145728,996040,5,region6_2231479909
2023-03-19 07:47,3526982357,5242880,1048576,5,region6_2231479909
2023-03-19 07:47,3524339705,0,8388608,2,region6_2231479906
2023-03-19 07:47,3527293833,0,1048576,5,region6_2231479909
2023-03-19 07:47,3527293833,1048576,1048576,5,region6_2231479909
2023-03-19 07:47,3521277809,0,2868,2,region6_2231479902
2023-03-19 07:47,3526172044,0,8388608,2,region6_2231479906
2023-03-19 07:47,3523500519,0,4572927,2,region6_2231479907
2023-03-19 07:47,3527440636,5242880,1048576,5,region6_2231479909
2023-03-19 07:47,3523773389,6737390,1651218,2,region6_2231479903
2023-03-19 07:47,3526982357,6291456,1048576,5,region6_2231479909
2023-03-19 07:47,3527092736,0,1690633,2,region6_2231479905
2023-03-19 07:47,3527459090,2535808,176512,2,region6_2231479902
2023-03-19 07:47,3522109124,2151354,702623,2,region6_2231479903
2023-03-19 07:47,3527006697,0,5669979,5,region6_2231479909
2023-03-19 07:47,3522787980,0,128,2,region6_2231479902
2023-03-19 07:47,3522787980,0,128,2,region6_2231479902
2023-03-19 07:47,3523554591,2748448,235776,2,region6_2231479902
2023-03-19 07:47,3527541088,5242880,1048576,5,region6_2231479909
2023-03-19 07:47,3525222126,302536,223003,2,region6_2231479905
2023-03-19 07:47,3527440636,6291456,1048576,5,region6_2231479909
2023-03-19 07:47,3521731478,0,8388608,2,region6_2231479911
2023-03-19 07:47,3527941775,0,58816,5,region6_2231479912
2023-03-19 07:47,3527006659,6558816,72640,2,region6_2231479902
2023-03-19 07:47,3527212618,1279328,165120,2,region6_2231479902
2023-03-19 07:47,3522496642,0,8388608,2,region6_2231479903
2023-03-19 07:47,3526982357,7340032,1048576,5,region6_2231479909
2023-03-19 07:47,3527191802,0,24971,2,region6_2231479902
2023-03-19 07:47,3527476928,722152,4500209,2,region6_2231479907
2023-03-19 07:47,3527627950,0,8388608,2,region6_2231479902
2023-03-19 07:47,3527122436,0,8388608,4,region6_2231479920
2023-03-19 07:47,3527866785,0,8481568,2,region6_2231479902
2023-03-19 07:47,3522710576,0,4783733,2,region6_2231479907
2023-03-19 07:47,3527894957,3145728,1048576,5,region6_2231479909
2023-03-19 07:47,3527894957,2097152,1048576,5,region6_2231479909
2023-03-19 07:47,3527894957,1048576,1048576,5,region6_2231479909
2023-03-19 07:47,3527894957,0,1048576,5,region6_2231479909
2023-03-19 07:47,3527440636,7340032,1048576,5,region6_2231479909
2023-03-19 07:47,3527440636,8388608,92960,5,region6_2231479909
2023-03-19 07:47,3520985300,0,176,2,region6_2231479902
2023-03-19 07:47,3520985300,8192,277664,2,region6_2231479902
2023-03-19 07:47,3522710576,6483447,1905161,2,region6_2231479907
2023-03-19 07:47,3527894957,6291456,1048576,5,region6_2231479909
2023-03-19 07:47,3527894957,5242880,1048576,5,region6_2231479909
2023-03-19 07:47,3527894957,4194304,1048576,5,region6_2231479909
2023-03-19 07:47,3527250651,0,6990520,4,region6_2231479913
2023-03-19 07:47,3527589038,0,1332318,4,region6_2231479911
2023-03-19 07:47,3525496810,3926287,3616594,2,region6_2231479911
2023-03-19 07:47,3527894957,8388608,92960,5,region6_2231479909
2023-03-19 07:47,3527894957,7340032,1048576,5,region6_2231479909
2023-03-19 07:47,3522684762,6009306,595543,2,region6_2231479905
2023-03-19 07:47,3527454321,8388608,92960,5,region6_2231479909
2023-03-19 07:47,3527535489,4194304,1048576,5,region6_2231479909
2023-03-19 07:47,3527388593,0,6901186,3,region6_2231479910
2023-03-19 07:47,3527567753,0,2765,4,region6_2231479913
2023-03-19 07:47,3523831737,2429,372085,2,region6_2231479908
2023-03-19 07:47,3524933062,7216360,2383,2,region6_2231479916
2023-03-19 07:47,3524933062,80224,3458888,2,region6_2231479916
2023-03-19 07:47,3523731373,7189194,1199414,2,region6_2231479907
2023-03-19 07:47,3523731373,1024210,1562504,2,region6_2231479907
2023-03-19 07:47,3525598094,4480570,3908038,2,region6_2231479905
2023-03-19 07:47,3525598094,0,4480570,2,region6_2231479905
2023-03-19 07:47,3527293833,1048576,1048576,5,region6_2231479909
2023-03-19 07:47,3527293833,2097152,1048576,5,region6_2231479909
2023-03-19 07:47,3527387267,0,8481568,2,region6_2231479904
2023-03-19 07:47,3522429263,2842846,1730669,2,region6_2231479907
2023-03-19 07:47,3522429263,373948,739190,2,region6_2231479907
2023-03-19 07:47,3527895908,0,8481568,6,region6_2231479912
2023-03-19 07:47,3525428800,0,1828735,2,region6_2231479907
2023-03-19 07:47,3525356763,0,4640152,2,region6_2231479905
2023-03-19 07:47,3527613040,0,7602219,3,region6_2231479910
2023-03-19 07:47,3524921503,0,9287,2,region6_2231479902
2023-03-19 07:47,3526991482,2284821,5312967,2,region6_2231479911
2023-03-19 07:47,3527991526,5434080,183104,2,region6_2231479902
2023-03-19 07:47,3522988612,0,5615668,2,region6_2231479911
2023-03-19 07:47,3527473029,1159232,334720,2,region6_2231479902
2023-03-19 07:47,3527649681,0,6994880,4,region6_2231479913
2023-03-19 07:47,3527724758,1575801,6812807,2,region6_2231479916
2023-03-19 07:47,3521786636,7213468,713797,2,region6_2231479905
2023-03-19 07:47,3521786636,0,5931233,2,region6_2231479905
2023-03-19 07:47,3527724758,0,1575801,2,region6_2231479916
2023-03-19 07:47,3524612989,7091087,1297521,2,region6_2231479907
2023-03-19 07:47,3524612989,1048528,1621805,2,region6_2231479907
2023-03-19 07:47,3527203154,0,51264,2,region6_2231479902
2023-03-19 07:47,3527756482,0,8333425,3,region6_2231479910
2023-03-19 07:47,3524637282,0,8388608,2,region6_2231479911
2023-03-19 07:47,3527480871,0,6708375,3,region6_2231479910
2023-03-19 07:47,3527513358,0,4621888,2,region6_2231479904
2023-03-19 07:47,3528019045,8030447,358161,2,region6_2231479916
2023-03-19 07:47,3527513358,4610544,3871024,2,region6_2231479904
2023-03-19 07:47,3527948492,0,1933922,4,region6_2231479911
2023-03-19 07:47,3528019045,2384855,5645592,2,region6_2231479916
2023-03-19 07:47,3527316563,0,8388608,5,region6_2231479909
2023-03-19 07:47,3528129433,0,8481568,2,region6_2231479904
2023-03-19 07:47,3523944196,0,14810173,2,region6_2231479906
2023-03-19 07:47,3520714784,0,885497,2,region6_2231479905
2023-03-19 07:47,3527386283,0,4240784,5,region6_2231479912
2023-03-19 07:47,3527503473,0,8481568,5,region6_2231479909
2023-03-19 07:47,3525356763,715348,7673260,2,region6_2231479905
2023-03-19 07:47,3527394338,1048576,1048576,5,region6_2231479909
2023-03-19 07:47,3527394338,0,1048576,5,region6_2231479909
2023-03-19 07:47,3527920473,0,8388608,2,region6_2231479917
2023-03-19 07:47,3527283222,7836544,166848,2,region6_2231479902
2023-03-19 07:47,3527293833,2097152,1048576,5,region6_2231479909
2023-03-19 07:47,3527394338,5242880,1048576,5,region6_2231479909
2023-03-19 07:47,3527394338,4194304,1048576,5,region6_2231479909
2023-03-19 07:47,3527394338,3145728,1048576,5,region6_2231479909
2023-03-19 07:47,3527394338,2097152,1048576,5,region6_2231479909
2023-03-19 07:47,3527502604,0,7952256,2,region6_2231479904
2023-03-19 07:47,3527665194,0,6888994,3,region6_2231479910
2023-03-19 07:47,3527394338,8388608,92960,5,region6_2231479909
2023-03-19 07:47,3527394338,7340032,1048576,5,region6_2231479909
2023-03-19 07:47,3527394338,6291456,1048576,5,region6_2231479909
2023-03-19 07:47,3527502604,661232,7820336,2,region6_2231479904
2023-03-19 07:47,3525356763,0,4640152,2,region6_2231479905
2023-03-19 07:47,3525356763,4640152,3748456,2,region6_2231479905
2023-03-19 07:47,3527535489,4194304,1048576,5,region6_2231479909
2023-03-19 07:47,3526710623,0,8388608,2,region6_2231479903
2023-03-19 07:47,3527874137,0,6992856,4,region6_2231479913
2023-03-19 07:47,3527293833,3145728,1048576,5,region6_2231479909
2023-03-19 07:47,3527293833,4194304,1048576,5,region6_2231479909
2023-03-19 07:47,3527728892,108897,304532,2,region6_2231479907
2023-03-19 07:47,3527742691,0,8481568,2,region6_2231479902
2023-03-19 07:47,3527886779,0,8388608,4,region6_2231479911
2023-03-19 07:47,3527949044,2137920,82944,2,region6_2231479902
2023-03-19 07:47,3528069637,0,8388608,4,region6_2231479914
2023-03-19 07:47,3527440636,8388608,92960,5,region6_2231479909
2023-03-19 07:47,3527550693,0,8388608,2,region6_2231479902
2023-03-19 07:47,3524532389,8309597,79011,2,region6_2231479916
2023-03-19 07:47,3524532389,0,8309597,2,region6_2231479916
2023-03-19 07:47,3525312829,0,8071217,2,region6_2231479906
2023-03-19 07:47,3526991482,2284821,5312967,2,region6_2231479911
2023-03-19 07:47,3522385099,0,1602104,2,region6_2231479905
2023-03-19 07:47,3522385099,2850549,2629131,2,region6_2231479905
2023-03-19 07:47,3522385099,7020441,1368167,2,region6_2231479905
2023-03-19 07:47,3527535624,0,1377837,2,region6_2231479907
2023-03-19 07:47,3528151474,5468256,48,2,region6_2231479902
2023-03-19 07:47,3527620510,0,8336784,3,region6_2231479910
2023-03-19 07:47,3522503521,0,8192774,2,region6_2231479905
2023-03-19 07:47,3527725056,0,8388608,2,region6_2231479906
2023-03-19 07:47,3525222126,0,154524,2,region6_2231479905
2023-03-19 07:47,3525222126,1313822,84701,2,region6_2231479905
2023-03-19 07:47,3527991626,7151760,1329808,2,region6_2231479904
2023-03-19 07:47,3527991626,0,8481568,2,region6_2231479904
2023-03-19 07:47,3522503521,8192774,6622598,2,region6_2231479905
2023-03-19 07:47,3527652144,881519,7507089,2,region6_2231479907
2023-03-19 07:47,3520672852,5402799,2706780,2,region6_2231479907
2023-03-19 07:47,3520672852,7061003,1048576,2,region6_2231479907
2023-03-19 07:47,3520672852,0,5198484,2,region6_2231479907
2023-03-19 07:47,3527511624,0,3105641,2,region6_2231479907
2023-03-19 07:47,3526618347,0,4535333,2,region6_2231479916
2023-03-19 07:47,3520757081,0,94208,2,region6_2231479902
2023-03-19 07:47,3524608510,0,526822,2,region6_2231479911
2023-03-19 07:47,3526991482,2284821,5312967,2,region6_2231479911
2023-03-19 07:47,3527541088,5242880,1048576,5,region6_2231479909
2023-03-19 07:47,3527644525,0,1639,2,region6_2231479902
2023-03-19 07:48,3527503348,0,8481568,5,region6_2231479912
2023-03-19 07:48,3521085625,699178,7689430,2,region6_2231479907
2023-03-19 07:48,3523731641,0,7431864,2,region6_2231479921
2023-03-19 07:48,3527293833,4194304,1048576,5,region6_2231479909
2023-03-19 07:48,3528286157,2516671,82644,2,region6_2231479907
2023-03-19 07:48,3523705741,0,176,2,region6_2231479902
2023-03-19 07:48,3522897063,0,1225383,2,region6_2231479905
2023-03-19 07:48,3527648768,0,176,2,region6_2231479902
2023-03-19 07:48,3528087838,0,8388608,5,region6_2231479909
2023-03-19 07:48,3527293833,5242880,1048576,5,region6_2231479909
2023-03-19 07:48,3521829579,0,176,2,region6_2231479902
2023-03-19 07:48,3527855562,0,8481568,2,region6_2231479904
2023-03-19 07:48,3527365170,0,8388097,3,region6_2231479905
2023-03-19 07:48,3527647476,0,6990917,4,region6_2231479913
2023-03-19 07:48,3527293833,6291456,1048576,5,region6_2231479909
2023-03-19 07:48,3527293833,7340032,1048576,5,region6_2231479909
2023-03-19 07:48,3523020492,1590162,48,2,region6_2231479902
2023-03-19 07:48,3528060257,0,4589798,4,region6_2231479906
2023-03-19 07:48,3527536390,0,25165824,3,region6_2231479911
2023-03-19 07:48,3527594306,0,8481568,2,region6_2231479904
2023-03-19 07:48,3527594306,0,7127456,2,region6_2231479904
2023-03-19 07:48,3521599072,3264942,22608,2,region6_2231479905
2023-03-19 07:48,3521599072,755495,620161,2,region6_2231479905
2023-03-19 07:48,3527608652,0,8388608,5,region6_2231479909
2023-03-19 07:48,3525485633,0,640,2,region6_2231479902
2023-03-19 07:48,3526844926,3009808,2378280,2,region6_2231479911
2023-03-19 07:48,3526844926,0,1265703,2,region6_2231479911
2023-03-19 07:48,3526844926,6528913,1859695,2,region6_2231479911
2023-03-19 07:48,3520864571,5192358,1048576,2,region6_2231479911
2023-03-19 07:48,3522680907,0,8410,2,region6_2231479902
2023-03-19 07:48,3527864571,0,14594903,2,region6_2231479906
2023-03-19 07:48,3527870685,0,8378986,3,region6_2231479910
2023-03-19 07:48,3522860205,3864940,4523668,2,region6_2231479905
2023-03-19 07:48,3528331401,0,8481568,5,region6_2231479909
2023-03-19 07:48,3525356763,4640152,3748456,2,region6_2231479905
2023-03-19 07:48,3525356763,0,4640152,2,region6_2231479905
2023-03-19 07:48,3520766567,0,176,2,region6_2231479902
2023-03-19 07:48,3527811126,0,8481568,2,region6_2231479902
2023-03-19 07:48,3527879610,0,6990513,5,region6_2231479909
2023-03-19 07:48,3524512819,0,12116,2,region6_2231479902
2023-03-19 07:48,3527831819,0,8265642,3,region6_2231479910
2023-03-19 07:48,3528236453,1082040,7306568,2,region6_2231479907
2023-03-19 07:48,3521835866,0,176,2,region6_2231479902
2023-03-19 07:48,3528084548,0,8388608,5,region6_2231479909
2023-03-19 07:48,3522271013,0,23834,2,region6_2231479902
2023-03-19 07:48,3523499968,5245753,1048576,2,region6_2231479905
2023-03-19 07:48,3528286140,0,8388608,4,region6_2231479911
2023-03-19 07:48,3527746923,0,8388608,2,region6_2231479903
2023-03-19 07:48,3527864571,14594903,242300,2,region6_2231479906
2023-03-19 07:48,3523801499,3865919,4326189,2,region6_2231479905
2023-03-19 07:48,3527977644,0,8162975,3,region6_2231479910
2023-03-19 07:48,3528298127,0,8378264,3,region6_2231479910
2023-03-19 07:48,3520796167,0,164224,2,region6_2231479902
2023-03-19 07:48,3527667337,2715732,2849912,2,region6_2231479907
2023-03-19 07:48,3528017112,0,8481568,2,region6_2231479904
2023-03-19 07:48,3521710554,0,8388608,2,region6_2231479906
2023-03-19 07:48,3528232398,1464676,349033,2,region6_2231479916
2023-03-19 07:48,3520782922,0,247476,2,region6_2231479902
2023-03-19 07:48,3520796167,0,164224,2,region6_2231479902
2023-03-19 07:48,3525174490,0,44177,1,region6_2231479910
2023-03-19 07:48,3523752448,0,164065,2,region6_2231479902
2023-03-19 07:48,3528069120,0,8479133,3,region6_2231479911
2023-03-19 07:48,3521570470,898672,430237,2,region6_2231479905
2023-03-19 07:48,3528132694,0,858982,2,region6_2231479906
2023-03-19 07:48,3527293833,7340032,1048576,5,region6_2231479909
2023-03-19 07:48,3521338852,0,1111857,2,region6_2231479905
2023-03-19 07:48,3528233277,0,8481568,5,region6_2231479909
2023-03-19 07:48,3522429263,2842846,1730669,2,region6_2231479907
2023-03-19 07:48,3522429263,373948,739190,2,region6_2231479907
2023-03-19 07:48,3525174490,44177,8300253,1,region6_2231479910
2023-03-19 07:48,3521379759,0,176,2,region6_2231479902
2023-03-19 07:48,3527613623,0,103237,2,region6_2231479916
2023-03-19 07:48,3527746862,0,6990581,4,region6_2231479913
2023-03-19 07:48,3527886837,0,3588030,2,region6_2231479905
2023-03-19 07:48,3520670638,9638,8388608,2,region6_2231479905
2023-03-19 07:48,3527293833,8388608,92960,5,region6_2231479909
2023-03-19 07:48,3522429263,2842846,1730669,2,region6_2231479907
2023-03-19 07:48,3522429263,373948,739190,2,region6_2231479907
2023-03-19 07:48,3527886837,3588030,4800578,2,region6_2231479905
2023-03-19 07:48,3520670638,8398246,6488585,2,region6_2231479905
2023-03-19 07:48,3528151474,1403168,48,2,region6_2231479902
2023-03-19 07:48,3524933062,1151460,2387652,2,region6_2231479911
2023-03-19 07:48,3527987740,8241215,147393,2,region6_2231479916
2023-03-19 07:48,3520670638,0,9638,2,region6_2231479905
2023-03-19 07:48,3527910844,0,8481568,2,region6_2231479904
2023-03-19 07:48,3527987740,0,8241215,2,region6_2231479916
2023-03-19 07:48,3523762577,0,6366484,2,region6_2231479903
2023-03-19 07:48,3524626465,4143359,4245249,2,region6_2231479907
2023-03-19 07:48,3523728482,259502,421535,2,region6_2231479911
2023-03-19 07:48,3527972031,0,4676224,2,region6_2231479904
2023-03-19 07:48,3527972031,0,1017920,2,region6_2231479904
2023-03-19 07:48,3520860174,0,14798274,2,region6_2231479906
2023-03-19 07:48,3527972031,4676272,3805296,2,region6_2231479904
2023-03-19 07:48,3527972031,4676224,3805344,2,region6_2231479904
2023-03-19 07:48,3520864571,5192358,1048576,2,region6_2231479911
2023-03-19 07:48,3524335864,0,574818,2,region6_2231479911
2023-03-19 07:48,3528375870,776448,52992,2,region6_2231479902
2023-03-19 07:48,3526172044,0,8388608,2,region6_2231479906
2023-03-19 07:48,3525930209,8127643,260965,2,region6_2231479916
2023-03-19 07:48,3522370702,4946721,54227,2,region6_2231479903
2023-03-19 07:48,3528010398,0,8388608,4,region6_2231479906
2023-03-19 07:48,3521905346,1229236,1048576,2,region6_2231479905
2023-03-19 07:48,3527862306,0,7418769,5,region6_2231479909
2023-03-19 07:48,3523499968,5245753,1048576,2,region6_2231479905
2023-03-19 07:48,3528069637,0,8388608,2,region6_2231479906
2023-03-19 07:48,3521778833,0,8388608,2,region6_2231479906
2023-03-19 07:48,3527774254,0,6993919,4,region6_2231479913
2023-03-19 07:48,3521041657,0,426337,2,region6_2231479903
2023-03-19 07:48,3527738515,0,8388608,2,region6_2231479902
2023-03-19 07:48,3528332022,0,4651165,2,region6_2231479907
2023-03-19 07:48,3525970770,0,687024,2,region6_2231479906
2023-03-19 07:48,3528331265,0,7610702,3,region6_2231479910
2023-03-19 07:48,3528418757,0,749,2,region6_2231479914
2023-03-19 07:48,3527856195,0,7359528,3,region6_2231479910
2023-03-19 07:48,3527978931,0,8172980,3,region6_2231479910
2023-03-19 07:48,3528456412,3242368,32896,2,region6_2231479902
2023-03-19 07:48,3528564058,0,8295809,3,region6_2231479910
2023-03-19 07:48,3523980478,1027133,1807080,2,region6_2231479907
2023-03-19 07:48,3523980478,7816860,571748,2,region6_2231479907
2023-03-19 07:48,3524157061,0,128,2,region6_2231479902
2023-03-19 07:48,3520955859,0,52378,2,region6_2231479902
2023-03-19 07:48,3524148182,0,59,2,region6_2231479914
2023-03-19 07:48,3522684762,5968844,1291713,2,region6_2231479905
2023-03-19 07:48,3528409609,0,8481568,2,region6_2231479904
2023-03-19 07:48,3528489504,0,6995839,4,region6_2231479913
2023-03-19 07:48,3526142659,0,45965,2,region6_2231479902
2023-03-19 07:48,3527958059,0,8388608,4,region6_2231479922
2023-03-19 07:48,3521905346,1229236,1048576,2,region6_2231479905
2023-03-19 07:48,3525823904,4539980,2829090,2,region6_2231479903
2023-03-19 07:48,3525823904,0,434104,2,region6_2231479903
2023-03-19 07:48,3525823904,1876938,24318,2,region6_2231479903
2023-03-19 07:48,3527965727,7636304,845264,2,region6_2231479902
2023-03-19 07:48,3528342935,4748128,32448,2,region6_2231479902
2023-03-19 07:48,3521599072,1368668,6988,2,region6_2231479905
2023-03-19 07:48,3525732565,0,8388608,2,region6_2231479903
2023-03-19 07:48,3520714784,0,8272007,2,region6_2231479911
2023-03-19 07:48,3526844926,2764447,48189,2,region6_2231479911
2023-03-19 07:48,3526844926,3876238,63307,2,region6_2231479911
2023-03-19 07:48,3528364920,0,6892155,3,region6_2231479910
2023-03-19 07:48,3521116929,0,20429,2,region6_2231479902
2023-03-19 07:48,3527860313,0,8319180,3,region6_2231479910
2023-03-19 07:48,3522035052,4377401,1033790,2,region6_2231479905
2023-03-19 07:48,3528427997,7077120,48,2,region6_2231479902
2023-03-19 07:48,3528501120,0,4346625,5,region6_2231479909
2023-03-19 07:49,3520987589,0,98400,2,region6_2231479902
2023-03-19 07:49,3524074853,1268829,1091828,2,region6_2231479905
2023-03-19 07:49,3528612208,0,1460,2,region6_2231479902
2023-03-19 07:49,3520987589,98400,182848,2,region6_2231479902
2023-03-19 07:49,3528615522,0,8388608,2,region6_2231479911
2023-03-19 07:49,3523769192,0,8388608,2,region6_2231479906
2023-03-19 07:49,3528730474,5303008,48,2,region6_2231479902
2023-03-19 07:49,3520677037,0,1901152,2,region6_2231479905
2023-03-19 07:49,3521134041,0,8388608,2,region6_2231479906
2023-03-19 07:49,3528238843,0,8388608,4,region6_2231479911
2023-03-19 07:49,3523286904,1518866,1344107,2,region6_2231479907
2023-03-19 07:49,3523286904,5605158,561361,2,region6_2231479907
2023-03-19 07:49,3524432315,0,8388608,2,region6_2231479903
2023-03-19 07:49,3526450531,168674,742545,2,region6_2231479911
2023-03-19 07:49,3520677037,1901152,8358358,2,region6_2231479905
2023-03-19 07:49,3528473874,1309296,48,2,region6_2231479902
2023-03-19 07:49,3527105603,2721729,5666879,2,region6_2231479916
2023-03-19 07:49,3527445022,1020328,1801793,2,region6_2231479907
2023-03-19 07:49,3526848589,1437600,48,2,region6_2231479902
2023-03-19 07:49,3527105603,0,2721729,2,region6_2231479916
2023-03-19 07:49,3523828066,1873627,2709125,2,region6_2231479907
2023-03-19 07:49,3523828066,3534176,1048576,2,region6_2231479907
2023-03-19 07:49,3528588458,0,400665,2,region6_2231479907
2023-03-19 07:49,3528588458,153416,247249,2,region6_2231479907
2023-03-19 07:49,3522385964,0,49933,2,region6_2231479902
2023-03-19 07:49,3527918841,0,7631876,3,region6_2231479910
2023-03-19 07:49,3523828066,0,1384388,2,region6_2231479907
2023-03-19 07:49,3523828066,3534176,1048576,2,region6_2231479907
2023-03-19 07:49,3523828066,1873627,2709125,2,region6_2231479907
2023-03-19 07:49,3524916395,958652,223055,2,region6_2231479911
2023-03-19 07:49,3522385964,0,49933,2,region6_2231479902
2023-03-19 07:49,3522844635,1108416,48,2,region6_2231479902
2023-03-19 07:49,3523828066,0,1384388,2,region6_2231479907
2023-03-19 07:49,3524916395,2811608,777484,2,region6_2231479911
2023-03-19 07:49,3528170346,0,8481568,2,region6_2231479904
2023-03-19 07:49,3528320556,0,8481568,5,region6_2231479909
2023-03-19 07:49,3528536393,1376056,1048576,2,region6_2231479929
2023-03-19 07:49,3528409189,0,3874352,2,region6_2231479904
2023-03-19 07:49,3528409189,3395696,5085872,2,region6_2231479904
2023-03-19 07:49,3521152453,0,8388608,2,region6_2231479911
2023-03-19 07:49,3526426373,5965920,48,2,region6_2231479902
2023-03-19 07:49,3523321323,2039483,3118459,2,region6_2231479911
2023-03-19 07:49,3528195472,0,4026440,2,region6_2231479911
2023-03-19 07:49,3528409189,5550768,2930800,2,region6_2231479904
2023-03-19 07:49,3528695734,0,5139052,2,region6_2231479911
2023-03-19 07:49,3528695734,5139052,3249556,2,region6_2231479911
2023-03-19 07:49,3528195472,4026440,4362168,2,region6_2231479911
2023-03-19 07:49,3528221571,48749,1048576,2,region6_2231479907
2023-03-19 07:49,3528710369,0,726432,2,region6_2231479904
2023-03-19 07:49,3527979547,0,8316768,3,region6_2231479910
2023-03-19 07:49,3523359776,0,191130,2,region6_2231479902
2023-03-19 07:49,3528377906,0,2535178,2,region6_2231479906
2023-03-19 07:49,3523944260,2928096,179712,2,region6_2231479902
2023-03-19 07:49,3528710369,726480,7755088,2,region6_2231479904
2023-03-19 07:49,3528710369,726432,7755136,2,region6_2231479904
2023-03-19 07:49,3528617683,99232,48,2,region6_2231479902
2023-03-19 07:49,3520999650,896117,7492491,2,region6_2231479907
2023-03-19 07:49,3528148947,0,10482285,6,region6_2231479912
2023-03-19 07:49,3528245355,0,1048576,5,region6_2231479909
2023-03-19 07:49,3528294462,0,8388608,4,region6_2231479906
2023-03-19 07:49,3526960609,0,8481568,2,region6_2231479904
2023-03-19 07:49,3525356763,4640152,3748456,2,region6_2231479905
2023-03-19 07:49,3525356763,0,4640152,2,region6_2231479905
2023-03-19 07:49,3524005444,0,16948,2,region6_2231479902
2023-03-19 07:49,3528591278,0,7009287,5,region6_2231479909
2023-03-19 07:49,3521100833,0,69146,2,region6_2231479902
2023-03-19 07:49,3521100833,0,69146,2,region6_2231479902
2023-03-19 07:49,3528551958,0,8388608,2,region6_2231479902
2023-03-19 07:49,3524074853,2069512,291145,2,region6_2231479905
2023-03-19 07:49,3520850383,0,31627,2,region6_2231479902
2023-03-19 07:49,3528683851,2815424,48,2,region6_2231479902
2023-03-19 07:49,3524380661,0,10362,2,region6_2231479902
2023-03-19 07:49,3528245355,1048576,1048576,5,region6_2231479909
2023-03-19 07:49,3528531548,0,5860512,2,region6_2231479902
2023-03-19 07:49,3526549056,0,651015,2,region6_2231479902
2023-03-19 07:49,3528670238,0,8481568,5,region6_2231479909
2023-03-19 07:49,3526839237,826624,420544,2,region6_2231479902
2023-03-19 07:49,3528531548,5339664,3141904,2,region6_2231479902
2023-03-19 07:49,3521983746,0,8388608,2,region6_2231479907
2023-03-19 07:49,3521312979,0,1412623,2,region6_2231479905
2023-03-19 07:49,3527245258,0,4975914,2,region6_2231479911
2023-03-19 07:49,3528202479,0,8481568,5,region6_2231479912
2023-03-19 07:49,3527336744,7398304,48,2,region6_2231479902
2023-03-19 07:49,3521853450,477052,273720,2,region6_2231479902
2023-03-19 07:49,3521853450,0,477052,2,region6_2231479902
2023-03-19 07:49,3521853450,0,186492,2,region6_2231479902
2023-03-19 07:49,3528245355,2097152,1048576,5,region6_2231479909
2023-03-19 07:49,3526952852,3288064,48,2,region6_2231479902
2023-03-19 07:49,3528589120,5769344,48,2,region6_2231479902
2023-03-19 07:49,3528197926,0,8388608,4,region6_2231479918
2023-03-19 07:49,3528535150,0,8481568,5,region6_2231479909
2023-03-19 07:49,3523452992,0,1498,2,region6_2231479902
2023-03-19 07:49,3528402370,0,1903495,5,region6_2231479912
2023-03-19 07:49,3528226268,0,8022938,3,region6_2231479910
2023-03-19 07:49,3528245355,3145728,1048576,5,region6_2231479909
2023-03-19 07:49,3528533965,0,1280,2,region6_2231479902
2023-03-19 07:49,3528197502,512,512,2,region6_2231479902
2023-03-19 07:49,3521015231,0,913327,2,region6_2231479905
2023-03-19 07:49,3525482909,0,28160,2,region6_2231479902
2023-03-19 07:49,3526924946,0,4370034,2,region6_2231479907
2023-03-19 07:49,3522053772,0,8388608,2,region6_2231479911
2023-03-19 07:49,3528533965,0,1280,2,region6_2231479902
2023-03-19 07:49,3526895982,4850704,262328,2,region6_2231479902
2023-03-19 07:49,3522002974,0,176,2,region6_2231479902
2023-03-19 07:49,3528533965,0,1280,2,region6_2231479902
2023-03-19 07:49,3528193644,0,8388608,2,region6_2231479907
2023-03-19 07:49,3521061532,6401728,167872,2,region6_2231479902
2023-03-19 07:49,3525237882,0,7014244,2,region6_2231479921
2023-03-19 07:49,3528174353,0,8388608,4,region6_2231479911
2023-03-19 07:49,3528245355,4194304,1048576,5,region6_2231479909
2023-03-19 07:49,3528533965,0,1280,2,region6_2231479902
2023-03-19 07:49,3528643904,1258845,1730228,2,region6_2231479907
2023-03-19 07:49,3528643904,4945337,575119,2,region6_2231479907
2023-03-19 07:49,3528115407,0,8481568,5,region6_2231479909
2023-03-19 07:49,3522035052,4361529,1049662,2,region6_2231479905
2023-03-19 07:49,3522328354,236187,872511,2,region6_2231479907
2023-03-19 07:49,3526843982,241516,1048576,2,region6_2231479903
2023-03-19 07:49,3526843982,0,1290092,2,region6_2231479903
2023-03-19 07:49,3526890561,4579072,123520,2,region6_2231479902
2023-03-19 07:49,3528664878,0,6876685,3,region6_2231479910
2023-03-19 07:49,3528192805,0,3664992,2,region6_2231479904
2023-03-19 07:49,3528192805,3672416,4809152,2,region6_2231479904
2023-03-19 07:49,3528192805,0,3672416,2,region6_2231479904
2023-03-19 07:49,3528495349,0,8481568,2,region6_2231479904
2023-03-19 07:49,3528602357,0,8388608,4,region6_2231479906
2023-03-19 07:49,3528192805,3672464,4809104,2,region6_2231479904
2023-03-19 07:49,3528245355,5242880,1048576,5,region6_2231479909
2023-03-19 07:49,3526163337,3639018,1048576,2,region6_2231479905
2023-03-19 07:49,3528323621,0,8388608,2,region6_2231479903
2023-03-19 07:49,3528450207,0,1261227,3,region6_2231479910
2023-03-19 07:49,3528661175,7316464,1165104,2,region6_2231479902
2023-03-19 07:49,3528661175,0,7599600,2,region6_2231479902
2023-03-19 07:49,3528298474,0,8481568,5,region6_2231479909
2023-03-19 07:49,3526163337,3639018,1048576,2,region6_2231479905
2023-03-19 07:49,3521839155,704,128,2,region6_2231479902
2023-03-19 07:49,3528233533,0,8388608,2,region6_2231479911
2023-03-19 07:49,3527093727,0,6267072,5,region6_2231479909
2023-03-19 07:49,3527094226,0,2292,3,region6_2231479910
2023-03-19 07:49,3527102146,0,8302545,3,region6_2231479910
2023-03-19 07:49,3521679436,0,7910962,2,region6_2231479905
2023-03-19 07:49,3524191585,6431329,6583,2,region6_2231479907
2023-03-19 07:49,3528245355,6291456,699083,5,region6_2231479909
2023-03-19 07:49,3528331094,0,8388608,5,region6_2231479909
2023-03-19 07:49,3521679436,7910962,6976480,2,region6_2231479905
2023-03-19 07:49,3528740686,0,8388608,4,region6_2231479906
2023-03-19 07:49,3527003035,0,103344,2,region6_2231479904
2023-03-19 07:49,3528311505,256595,2405929,2,region6_2231479911
2023-03-19 07:49,3523471617,2708273,1210826,1,region6_2231479910
2023-03-19 07:49,3526932739,0,6990566,4,region6_2231479913
2023-03-19 07:49,3527003035,0,8481568,2,region6_2231479904
2023-03-19 07:49,3520770649,6850007,677261,2,region6_2231479903
2023-03-19 07:49,3520770649,0,1580420,2,region6_2231479903
2023-03-19 07:49,3528717945,0,464272,2,region6_2231479904
2023-03-19 07:49,3526984527,0,8301830,3,region6_2231479910
2023-03-19 07:49,3528443925,0,8388608,4,region6_2231479911
2023-03-19 07:49,3528717945,96400,8385168,2,region6_2231479904
2023-03-19 07:49,3528558979,1730048,75712,2,region6_2231479902
2023-03-19 07:49,3527093934,3049136,5432432,2,region6_2231479904
2023-03-19 07:49,3527093934,0,3805424,2,region6_2231479904
2023-03-19 07:49,3528438362,0,276027,4,region6_2231479919
2023-03-19 07:49,3528617282,0,5714626,2,region6_2231479903
2023-03-19 07:49,3528233838,0,5246567,5,region6_2231479909
2023-03-19 07:49,3528376564,0,8481568,5,region6_2231479909
2023-03-19 07:49,3526450531,168674,742545,2,region6_2231479911
2023-03-19 07:49,3523447794,972961,1048576,2,region6_2231479911
2023-03-19 07:49,3521064384,2500608,95616,2,region6_2231479902
2023-03-19 07:49,3526887723,0,8388608,2,region6_2231479907
2023-03-19 07:49,3524063173,0,8388608,2,region6_2231479906
2023-03-19 07:49,3528717957,0,1790917,2,region6_2231479907
2023-03-19 07:49,3528354201,0,8481568,5,region6_2231479909
2023-03-19 07:49,3522817730,0,8238669,2,region6_2231479911
2023-03-19 07:49,3522199905,0,2070,2,region6_2231479902
2023-03-19 07:49,3528365027,0,8388608,4,region6_2231479918
2023-03-19 07:49,3520767940,0,2884446,2,region6_2231479911
2023-03-19 07:49,3528579963,0,8388608,4,region6_2231479906
2023-03-19 07:49,3526874576,295301,94120,2,region6_2231479911
2023-03-19 07:49,3524608510,0,526822,2,region6_2231479911
2023-03-19 07:50,3524033611,0,1959,2,region6_2231479914
2023-03-19 07:50,3528560242,6366880,959744,2,region6_2231479902
2023-03-19 07:50,3520706457,8280569,108039,2,region6_2231479903
2023-03-19 07:50,3520706457,0,433206,2,region6_2231479903
2023-03-19 07:50,3523728482,259502,421535,2,region6_2231479911
2023-03-19 07:50,3526336872,0,6867019,2,region6_2231479905
2023-03-19 07:50,3528505535,0,8388608,2,region6_2231479903
2023-03-19 07:50,3522503521,8192774,6622598,2,region6_2231479905
2023-03-19 07:50,3522503521,0,8192774,2,region6_2231479905
2023-03-19 07:50,3522995584,7709740,678868,2,region6_2231479916
2023-03-19 07:50,3524244389,6752854,1635754,2,region6_2231479911
2023-03-19 07:50,3524244389,0,406510,2,region6_2231479911
2023-03-19 07:50,3526823048,112697,96543,2,region6_2231479905
2023-03-19 07:50,3526906597,0,8388608,2,region6_2231479907
2023-03-19 07:50,3526376824,0,1952,2,region6_2231479914
2023-03-19 07:50,3527127297,0,8481568,5,region6_2231479909
2023-03-19 07:50,3528347499,0,6821047,4,region6_2231479906
2023-03-19 07:50,3528351705,0,444131,2,region6_2231479911
2023-03-19 07:50,3528610613,0,899056,2,region6_2231479904
2023-03-19 07:50,3528610613,0,8481568,2,region6_2231479904
2023-03-19 07:50,3520767940,2948474,1488596,2,region6_2231479911
2023-03-19 07:50,3526336872,6867019,1521589,2,region6_2231479905
2023-03-19 07:50,3528692122,0,8481568,2,region6_2231479904
2023-03-19 07:50,3526932609,0,7661461,3,region6_2231479910
2023-03-19 07:50,3527361598,0,176,2,region6_2231479902
2023-03-19 07:50,3520877164,0,4240784,5,region6_2231479912
2023-03-19 07:50,3527347324,0,8481568,2,region6_2231479904
2023-03-19 07:50,3526844926,5751176,75080,2,region6_2231479911
2023-03-19 07:50,3526844926,399869,45800,2,region6_2231479911
2023-03-19 07:50,3526844926,2529230,1410315,2,region6_2231479911
2023-03-19 07:50,3525222126,0,751801,2,region6_2231479911
2023-03-19 07:50,3528731023,6583744,537472,2,region6_2231479902
2023-03-19 07:50,3526563427,0,2618,2,region6_2231479902
2023-03-19 07:50,3528408880,0,8481568,5,region6_2231479909
2023-03-19 07:50,3522612341,0,26988,2,region6_2231479902
2023-03-19 07:50,3524612989,7091087,1297521,2,region6_2231479907
2023-03-19 07:50,3524612989,1048528,1621805,2,region6_2231479907
2023-03-19 07:50,3526978376,2603223,1939706,2,region6_2231479907
2023-03-19 07:50,3526978376,7444630,734810,2,region6_2231479907
2023-03-19 07:50,3526978376,0,898200,2,region6_2231479907
2023-03-19 07:50,3523321323,2039483,3118459,2,region6_2231479911
2023-03-19 07:50,3527378612,0,8388608,5,region6_2231479909
2023-03-19 07:50,3527432818,0,4700378,2,region6_2231479907
2023-03-19 07:50,3525222126,3609169,1504159,2,region6_2231479911
2023-03-19 07:50,3526858359,0,352619,2,region6_2231479911
2023-03-19 07:50,3522612341,0,26988,2,region6_2231479902
2023-03-19 07:50,3525222126,6285178,169428,2,region6_2231479911
2023-03-19 07:50,3525222126,1828745,89231,2,region6_2231479911
2023-03-19 07:50,3526858359,352619,2725097,2,region6_2231479911
2023-03-19 07:50,3526858359,3182347,5206261,2,region6_2231479911
2023-03-19 07:50,3527064052,0,6288677,2,region6_2231479903
2023-03-19 07:50,3527094860,0,23156439,3,region6_2231479911
2023-03-19 07:50,3523762577,5539131,827353,2,region6_2231479907
2023-03-19 07:50,3523762577,0,4123384,2,region6_2231479907
2023-03-19 07:50,3521905346,1229236,1048576,2,region6_2231479905
2023-03-19 07:50,3528484323,0,8371234,3,region6_2231479910
2023-03-19 07:50,3528694392,6940704,48,2,region6_2231479902
2023-03-19 07:50,3527022176,0,8341422,3,region6_2231479910
2023-03-19 07:50,3522232105,0,176,2,region6_2231479902
2023-03-19 07:50,3526983961,0,6991872,4,region6_2231479913
2023-03-19 07:50,3527313188,0,1084840,3,region6_2231479910
2023-03-19 07:50,3521178191,1764251,6624357,2,region6_2231479903
2023-03-19 07:50,3521623736,0,12212,2,region6_2231479902
2023-03-19 07:50,3528510027,0,8481568,5,region6_2231479909
2023-03-19 07:50,3527955581,0,8368087,1,region6_2231479910
2023-03-19 07:50,3528675123,1425741,6962867,2,region6_2231479907
2023-03-19 07:50,3528701100,0,8388608,2,region6_2231479902
2023-03-19 07:50,3527285063,0,8373641,3,region6_2231479910
2023-03-19 07:50,3528432828,0,6872718,3,region6_2231479910
2023-03-19 07:50,3526020202,654556,7734052,2,region6_2231479916
2023-03-19 07:50,3528536367,0,4382279,2,region6_2231479907
2023-03-19 07:50,3528581252,0,110806,2,region6_2231479902
2023-03-19 07:50,3523946886,0,57818,2,region6_2231479902
2023-03-19 07:50,3521469771,5142883,1113338,2,region6_2231479911
2023-03-19 07:50,3527350322,0,8365490,3,region6_2231479910
2023-03-19 07:50,3527367236,0,6264692,4,region6_2231479905
2023-03-19 07:50,3527387201,0,8481568,5,region6_2231479909
2023-03-19 07:50,3527387471,0,128,2,region6_2231479902
2023-03-19 07:50,3528581252,0,110806,2,region6_2231479902
2023-03-19 07:50,3521623736,0,12212,2,region6_2231479902
2023-03-19 07:50,3527049336,2689760,188928,2,region6_2231479902
2023-03-19 07:50,3527453193,0,8388608,5,region6_2231479909
2023-03-19 07:50,3528581252,0,110806,2,region6_2231479902
2023-03-19 07:50,3526450531,168674,742545,2,region6_2231479911
2023-03-19 07:50,3522239600,14699978,317,2,region6_2231479911
2023-03-19 07:50,3526330640,8208177,136268,2,region6_2231479916
2023-03-19 07:50,3526330640,0,8208177,2,region6_2231479916
2023-03-19 07:50,3524425626,223901,1552927,2,region6_2231479911
2023-03-19 07:50,3528692708,0,8388608,4,region6_2231479906
2023-03-19 07:50,3524425626,5840899,2547709,2,region6_2231479911
2023-03-19 07:50,3522395823,0,8388608,2,region6_2231479903
2023-03-19 07:50,3520898730,0,551085,2,region6_2231479902
2023-03-19 07:50,3528581252,0,110806,2,region6_2231479902
2023-03-19 07:50,3524307384,0,176,2,region6_2231479902
2023-03-19 07:50,3527214265,2774658,1048576,2,region6_2231479905
2023-03-19 07:50,3527263213,3311255,58804,2,region6_2231479911
2023-03-19 07:50,3527263213,389891,989317,2,region6_2231479911
2023-03-19 07:50,3521148068,0,22592,2,region6_2231479902
2023-03-19 07:50,3526906395,880183,4082016,2,region6_2231479916
2023-03-19 07:50,3526906395,4962199,3426409,2,region6_2231479916
2023-03-19 07:50,3527235667,0,7085,2,region6_2231479902
2023-03-19 07:50,3528612211,0,176,2,region6_2231479902
2023-03-19 07:50,3526330640,8208177,136268,2,region6_2231479905
2023-03-19 07:50,3526330640,0,8208177,2,region6_2231479905
2023-03-19 07:50,3521889387,0,176,2,region6_2231479902
2023-03-19 07:50,3527518985,0,8481568,2,region6_2231479904
2023-03-19 07:50,3524753681,0,272794,2,region6_2231479902
2023-03-19 07:50,3526909383,0,8388608,5,region6_2231479909
2023-03-19 07:50,3523980478,7816860,571748,2,region6_2231479907
2023-03-19 07:50,3523980478,1027133,1807080,2,region6_2231479907
2023-03-19 07:50,3527023734,0,820,6,region6_2231479912
2023-03-19 07:50,3522239600,0,4998819,2,region6_2231479911
2023-03-19 07:50,3520775838,0,257991,2,region6_2231479902
2023-03-19 07:50,3522692482,0,176,2,region6_2231479902
2023-03-19 07:50,3522035052,4994319,416872,2,region6_2231479905
2023-03-19 07:50,3522035052,6995515,18913,2,region6_2231479905
2023-03-19 07:50,3522239600,4998819,8388608,2,region6_2231479911
2023-03-19 07:50,3522239600,13387427,1312551,2,region6_2231479911
2023-03-19 07:50,3522474909,0,65140,2,region6_2231479902
2023-03-19 07:50,3526830038,0,8388608,5,region6_2231479909
2023-03-19 07:50,3528697725,0,8388608,5,region6_2231479909
2023-03-19 07:50,3523321323,2039483,3118459,2,region6_2231479911
2023-03-19 07:50,3522035052,5405254,5937,2,region6_2231479905
2023-03-19 07:50,3527519028,2352992,48,2,region6_2231479902
2023-03-19 07:50,3527815636,0,3018048,1,region6_2231479910
2023-03-19 07:50,3527102886,6879488,135360,2,region6_2231479902
2023-03-19 07:50,3524029621,6426272,103360,2,region6_2231479902
2023-03-19 07:50,3527319853,0,8266996,3,region6_2231479910
2023-03-19 07:50,3526884906,5785671,2602937,2,region6_2231479916
2023-03-19 07:50,3527174343,0,8194168,3,region6_2231479910
2023-03-19 07:50,3523468855,0,10855,2,region6_2231479902
2023-03-19 07:50,3527562510,0,8388608,4,region6_2231479911
2023-03-19 07:50,3526899904,0,6997018,4,region6_2231479913
2023-03-19 07:50,3527039259,0,8481568,2,region6_2231479904
2023-03-19 07:50,3527537656,0,8388608,5,region6_2231479909
2023-03-19 07:50,3526788009,2641229,1048576,2,region6_2231479905
2023-03-19 07:50,3526990566,0,1187219,3,region6_2231479910
2023-03-19 07:50,3527039259,7117008,1364560,2,region6_2231479904
2023-03-19 07:50,3527104970,0,176,2,region6_2231479902
2023-03-19 07:50,3528538838,0,8388608,2,region6_2231479906
2023-03-19 07:50,3525536652,0,176,2,region6_2231479902
2023-03-19 07:50,3528717754,0,8317635,3,region6_2231479910
2023-03-19 07:50,3526326335,0,371709,2,region6_2231479916
2023-03-19 07:50,3521305844,0,5096957,2,region6_2231479903
2023-03-19 07:50,3526326335,371709,8016899,2,region6_2231479916
2023-03-19 07:50,3523191884,2845936,327431,2,region6_2231479905
2023-03-19 07:50,3527427617,0,6990665,4,region6_2231479913
2023-03-19 07:50,3527332219,0,6811595,3,region6_2231479910
2023-03-19 07:50,3520643629,0,2010,2,region6_2231479902
2023-03-19 07:50,3527411913,0,1634651,2,region6_2231479916
2023-03-19 07:50,3527411913,1634651,6753957,2,region6_2231479916
2023-03-19 07:50,3524644504,999904,237312,2,region6_2231479902
2023-03-19 07:50,3527147785,0,7804546,3,region6_2231479911
2023-03-19 07:50,3526840017,0,176,2,region6_2231479902
2023-03-19 07:50,3527537658,3533904,4947664,2,region6_2231479902
2023-03-19 07:50,3527537658,0,3541200,2,region6_2231479902
2023-03-19 07:50,3527595599,0,1090369,5,region6_2231479909
2023-03-19 07:50,3525626279,0,6493143,2,region6_2231479916
2023-03-19 07:50,3525626279,6493143,1895465,2,region6_2231479916
2023-03-19 07:50,3527421881,0,8388608,4,region6_2231479906
2023-03-19 07:50,3522395823,0,8388608,2,region6_2231479903
2023-03-19 07:50,3527092736,0,976712,2,region6_2231479908
2023-03-19 07:50,3525426805,2957617,862574,2,region6_2231479911
2023-03-19 07:50,3525426805,634551,731818,2,region6_2231479911
2023-03-19 07:50,3527563922,0,176,2,region6_2231479902
2023-03-19 07:50,3526897802,0,4967847,5,region6_2231479912
2023-03-19 07:50,3523582691,0,8388608,2,region6_2231479907
2023-03-19 07:50,3523333461,0,8388608,2,region6_2231479911
2023-03-19 07:50,3528619946,0,8481568,2,region6_2231479904
2023-03-19 07:50,3522892414,0,8388608,2,region6_2231479903
2023-03-19 07:50,3526830009,0,8481568,5,region6_2231479909
2023-03-19 07:50,3527347299,0,8349190,3,region6_2231479910
2023-03-19 07:50,3523468855,0,10855,2,region6_2231479902
2023-03-19 07:50,3522696135,1020780,1598366,2,region6_2231479907
2023-03-19 07:50,3521036797,0,176,2,region6_2231479902
2023-03-19 07:50,3521036797,8192,101351,2,region6_2231479902
2023-03-19 07:50,3526940197,0,7345837,2,region6_2231479903
2023-03-19 07:50,3527192654,0,944628,3,region6_2231479910
2023-03-19 07:50,3527201229,6457944,4025820,2,region6_2231479902
2023-03-19 07:50,3527300717,437325,7951283,2,region6_2231479916
2023-03-19 07:50,3524532389,0,8388608,2,region6_2231479906
2023-03-19 07:50,3522696135,6796066,1592542,2,region6_2231479907
2023-03-19 07:50,3524326738,5160480,54656,2,region6_2231479902
2023-03-19 07:50,3524326738,5160480,54656,2,region6_2231479902
2023-03-19 07:50,3525853592,0,1674384,2,region6_2231479911
2023-03-19 07:50,3527094077,0,768,2,region6_2231479902
2023-03-19 07:50,3527453041,0,8481568,5,region6_2231479909
2023-03-19 07:50,3522815512,0,2936708,2,region6_2231479905
2023-03-19 07:50,3524933062,1142884,7245724,2,region6_2231479905
2023-03-19 07:50,3526733034,856802,7531806,2,region6_2231479907
2023-03-19 07:50,3521284191,2707884,3160543,2,region6_2231479916
2023-03-19 07:50,3520673722,4365002,1048576,2,region6_2231479905
2023-03-19 07:50,3528633756,0,7136998,3,region6_2231479910
2023-03-19 07:50,3526865336,6709632,1000832,2,region6_2231479902
2023-03-19 07:50,3524140688,0,16628,2,region6_2231479902
2023-03-19 07:50,3524869940,2495260,1048576,2,region6_2231479905
2023-03-19 07:50,3527237325,0,8481568,2,region6_2231479904
2023-03-19 07:50,3523315774,0,8388608,2,region6_2231479906
2023-03-19 07:50,3527691168,0,8481568,2,region6_2231479904
2023-03-19 07:50,3521505124,0,2988000,2,region6_2231479903
2023-03-19 07:50,3523642468,0,176,2,region6_2231479902
2023-03-19 07:50,3523403775,0,5060050,2,region6_2231479911
2023-03-19 07:50,3526812147,6206878,2181730,2,region6_2231479911
2023-03-19 07:51,3524869940,2495260,1048576,2,region6_2231479905
2023-03-19 07:51,3527042674,0,1048576,5,region6_2231479909
2023-03-19 07:51,3527235693,0,61095,2,region6_2231479902
2023-03-19 07:51,3524869940,0,3534258,2,region6_2231479905
2023-03-19 07:51,3527235693,0,61095,2,region6_2231479902
2023-03-19 07:51,3523319117,2095284,1505342,2,region6_2231479911
2023-03-19 07:51,3523319117,0,719624,2,region6_2231479911
2023-03-19 07:51,3527092736,0,1690633,2,region6_2231479905
2023-03-19 07:51,3523147139,3174321,1693581,2,region6_2231479907
2023-03-19 07:51,3523147139,0,1039579,2,region6_2231479907
2023-03-19 07:51,3524470499,1170400,48,2,region6_2231479902
2023-03-19 07:51,3527042674,2097152,1048576,5,region6_2231479909
2023-03-19 07:51,3527042674,1048576,1048576,5,region6_2231479909
2023-03-19 07:51,3520788675,5660562,629675,2,region6_2231479908
2023-03-19 07:51,3520788675,2807131,975835,2,region6_2231479908
2023-03-19 07:51,3520788675,0,781937,2,region6_2231479908
2023-03-19 07:51,3520788675,1783829,1023302,2,region6_2231479908
2023-03-19 07:51,3522429263,2842846,1730669,2,region6_2231479907
2023-03-19 07:51,3522429263,373948,739190,2,region6_2231479907
2023-03-19 07:51,3527094634,0,8481568,2,region6_2231479904
2023-03-19 07:51,3527174374,0,6872656,3,region6_2231479910
2023-03-19 07:51,3527839025,0,1048576,5,region6_2231479909
2023-03-19 07:51,3523779696,0,176,2,region6_2231479902
2023-03-19 07:51,3527749974,1223217,1048576,2,region6_2231479908
2023-03-19 07:51,3527365170,0,8388097,1,region6_2231479905
2023-03-19 07:51,3527627897,1037008,304148,2,region6_2231479907
