Session_ID,Block_ID,IO_Offset,IO_Size,Op_Name,User
2023-03-19 06:58,2714817521,0,4038842,6,region7_918076230
2023-03-19 06:58,2714891276,2020439,34423,2,region7_918076238
2023-03-19 06:58,2714891276,2053207,1655,2,region7_918076238
2023-03-19 06:58,2714891276,0,2054863,4,region7_918076238
2023-03-19 06:58,2714947498,8159040,312256,2,region7_918076231
2023-03-19 06:58,2714915548,0,5556,2,region7_918076231
2023-03-19 06:58,2714960900,3145728,1048576,5,region7_918076230
2023-03-19 06:58,2714960900,1048576,1048576,5,region7_918076230
2023-03-19 06:58,2714960900,0,1048576,5,region7_918076230
2023-03-19 06:58,2714960900,2097152,1048576,5,region7_918076230
2023-03-19 06:58,2714859265,0,8388608,5,region7_918076230
2023-03-19 06:58,2714915548,0,5556,2,region7_918076231
2023-03-19 06:58,2714915548,0,5556,2,region7_918076231
2023-03-19 06:58,2714807077,1087456,370048,2,region7_918076231
2023-03-19 06:58,2714950996,0,820010,5,region7_918076242
2023-03-19 06:58,2714939263,0,4038842,5,region7_918076230
2023-03-19 06:58,2714976858,0,8388608,2,region7_918076227
2023-03-19 06:58,2715062799,0,6251197,2,region7_918076227
2023-03-19 06:58,2715032399,0,363047,2,region7_918076231
2023-03-19 06:58,2715032472,0,4038842,2,region7_918076231
2023-03-19 06:58,2714921650,1337017,3726908,2,region7_918076235
2023-03-19 06:58,2714704616,4918165,1379705,1,region7_918076226
2023-03-19 06:58,2715184851,0,23619,2,region7_918076236
2023-03-19 06:58,2714815105,0,6272,2,region7_918076231
2023-03-19 06:58,2714947569,0,6999390,4,region7_918076245
2023-03-19 06:58,2715123837,8128448,94656,2,region7_918076231
2023-03-19 06:58,2714997553,0,3054050,6,region7_918076230
2023-03-19 06:58,2715035485,0,8388608,4,region7_918076232
2023-03-19 06:58,2715195921,0,176,2,region7_918076231
2023-03-19 06:58,2714832041,0,328623,2,region7_918076244
2023-03-19 06:58,2714832041,328623,8059985,2,region7_918076244
2023-03-19 06:58,2714931222,0,820,2,region7_918076231
2023-03-19 06:58,2715234614,0,369413,2,region7_918076233
2023-03-19 06:58,2714799295,0,8388608,2,region7_918076238
2023-03-19 06:58,2714876347,0,4038842,6,region7_918076230
2023-03-19 06:58,2715230519,634384,1048576,2,region7_918076229
2023-03-19 06:58,2715230519,1682960,1048576,2,region7_918076229
2023-03-19 06:58,2715230519,0,634384,2,region7_918076229
2023-03-19 06:58,2715230519,5877264,608263,2,region7_918076229
2023-03-19 06:58,2715230519,4828688,1048576,2,region7_918076229
2023-03-19 06:58,2715230519,3780112,1048576,2,region7_918076229
2023-03-19 06:58,2715230519,2731536,1048576,2,region7_918076229
2023-03-19 06:58,2715233316,0,176128,2,region7_918076236
2023-03-19 06:58,2715233316,176128,2101248,2,region7_918076236
2023-03-19 06:58,2715233316,2277376,2129920,2,region7_918076236
2023-03-19 06:58,2714820972,0,8481568,6,region7_918076230
2023-03-19 06:58,2715164005,0,8388608,2,region7_918076235
2023-03-19 06:58,2715173882,0,7800294,4,region7_918076232
2023-03-19 06:58,2715233316,4407296,2105344,2,region7_918076236
2023-03-19 06:58,2715233316,6512640,1875968,2,region7_918076236
2023-03-19 06:58,2715263322,0,7042533,4,region7_918076245
2023-03-19 06:58,2715074075,8123648,94720,2,region7_918076231
2023-03-19 06:58,2715201993,0,1039664,1,region7_918076226
2023-03-19 06:58,2715234709,0,7910423,2,region7_918076227
2023-03-19 06:58,2714987836,0,55751,2,region7_918076231
2023-03-19 06:58,2715029022,0,12237,2,region7_918076231
2023-03-19 06:58,2715267927,1048576,1048576,5,region7_918076230
2023-03-19 06:58,2715267927,3145728,893114,5,region7_918076230
2023-03-19 06:58,2715267927,2097152,1048576,5,region7_918076230
2023-03-19 06:58,2715267927,0,1048576,5,region7_918076230
2023-03-19 06:58,2715318685,0,256,2,region7_918076231
2023-03-19 06:58,2715349746,0,8388608,2,region7_918076235
2023-03-19 06:58,2714906502,0,4038842,5,region7_918076230
2023-03-19 06:58,2715130060,1124,1232,2,region7_918076231
2023-03-19 06:58,2715318685,0,256,2,region7_918076231
2023-03-19 06:58,2715065954,0,8376856,3,region7_918076226
2023-03-19 06:58,2715225418,0,5532329,2,region7_918076235
2023-03-19 06:58,2715090009,2097152,1048576,5,region7_918076230
2023-03-19 06:58,2715090009,1048576,1048576,5,region7_918076230
2023-03-19 06:58,2715090009,0,1048576,5,region7_918076230
2023-03-19 06:58,2715090009,3145728,1048576,5,region7_918076230
2023-03-19 06:58,2714830612,1956672,37248,2,region7_918076231
2023-03-19 06:58,2714942360,0,768,2,region7_918076231
2023-03-19 06:58,2715027229,7340032,647454,5,region7_918076230
2023-03-19 06:58,2715027229,5242880,1048576,5,region7_918076230
2023-03-19 06:58,2715027229,4194304,1048576,5,region7_918076230
2023-03-19 06:58,2715027229,2097152,1048576,5,region7_918076230
2023-03-19 06:58,2715027229,0,1048576,5,region7_918076230
2023-03-19 06:58,2715027229,6291456,1048576,5,region7_918076230
2023-03-19 06:58,2715027229,3145728,1048576,5,region7_918076230
2023-03-19 06:58,2715027229,1048576,1048576,5,region7_918076230
2023-03-19 06:58,2715041995,6779586,1129931,1,region7_918076226
2023-03-19 06:58,2714819736,5213312,2448640,2,region7_918076231
2023-03-19 06:58,2714830646,0,2893,2,region7_918076231
2023-03-19 06:58,2714999068,6573066,1815542,2,region7_918076227
2023-03-19 06:58,2714999068,37798,1286606,2,region7_918076227
2023-03-19 06:58,2714999068,3922301,1319323,2,region7_918076227
2023-03-19 06:59,2715045309,0,3071348,6,region7_918076230
2023-03-19 06:59,2715391745,1101634,204480,2,region7_918076231
2023-03-19 06:59,2715043614,0,384,2,region7_918076231
2023-03-19 06:59,2715173803,0,1703,2,region7_918076231
2023-03-19 06:59,2715443417,0,3188,2,region7_918076231
2023-03-19 06:59,2714954256,3145728,1048576,5,region7_918076230
2023-03-19 06:59,2714954256,1048576,1048576,5,region7_918076230
2023-03-19 06:59,2714954256,2097152,1048576,5,region7_918076230
2023-03-19 06:59,2714954256,0,1048576,5,region7_918076230
2023-03-19 06:59,2715077548,0,8481568,6,region7_918076230
2023-03-19 06:59,2715391745,1101634,204480,2,region7_918076231
2023-03-19 06:59,2714954256,4194304,107084,5,region7_918076230
2023-03-19 06:59,2714992959,0,1024,2,region7_918076231
2023-03-19 06:59,2714992959,0,1024,2,region7_918076231
2023-03-19 06:59,2715240474,0,618496,2,region7_918076236
2023-03-19 06:59,2715369571,1048576,878836,5,region7_918076230
2023-03-19 06:59,2715369571,0,1048576,5,region7_918076230
2023-03-19 06:59,2715176976,0,15872,2,region7_918076231
2023-03-19 06:59,2715240474,618496,2109440,2,region7_918076236
2023-03-19 06:59,2714966349,0,401882,2,region7_918076231
2023-03-19 06:59,2714992959,0,1024,2,region7_918076231
2023-03-19 06:59,2715240474,2727936,2129920,2,region7_918076236
2023-03-19 06:59,2715176976,0,15872,2,region7_918076231
2023-03-19 06:59,2714992959,0,1024,2,region7_918076231
2023-03-19 06:59,2715240474,4857856,2121728,2,region7_918076236
2023-03-19 06:59,2715240474,6979584,1409024,2,region7_918076236
2023-03-19 06:59,2715558692,0,3044670,6,region7_918076230
2023-03-19 06:59,2715112053,1310720,57984,2,region7_918076231
2023-03-19 06:59,2715112053,262144,262144,2,region7_918076231
2023-03-19 06:59,2715137477,0,8388608,2,region7_918076227
2023-03-19 06:59,2715338026,1500455,869108,2,region7_918076235
2023-03-19 06:59,2714740894,0,8388608,2,region7_918076227
2023-03-19 06:59,2715365023,3309484,387029,2,region7_918076228
2023-03-19 06:59,2715365023,50716,58,2,region7_918076228
2023-03-19 06:59,2714871663,696320,2105344,2,region7_918076233
2023-03-19 06:59,2714871663,0,696320,2,region7_918076233
2023-03-19 06:59,2714871663,2801664,2109440,2,region7_918076233
2023-03-19 06:59,2714881484,0,7967781,2,region7_918076227
2023-03-19 06:59,2714905384,0,384,2,region7_918076231
2023-03-19 06:59,2715131512,3278390,5110218,2,region7_918076229
2023-03-19 06:59,2715131512,0,3278390,2,region7_918076229
2023-03-19 06:59,2715429838,0,176,2,region7_918076231
2023-03-19 06:59,2714871663,7020544,1368064,2,region7_918076233
2023-03-19 06:59,2714871663,4911104,2109440,2,region7_918076233
2023-03-19 06:59,2714955805,0,28877,2,region7_918076231
2023-03-19 06:59,2715548816,7381984,48,2,region7_918076231
2023-03-19 06:59,2714944919,0,176,2,region7_918076231
2023-03-19 06:59,2715481157,0,571136,4,region7_918076237
2023-03-19 06:59,2714969362,0,256,2,region7_918076231
2023-03-19 06:59,2714822120,0,820,2,region7_918076231
2023-03-19 06:59,2714930087,7340032,1048576,5,region7_918076230
2023-03-19 06:59,2714930087,5242880,1048576,5,region7_918076230
2023-03-19 06:59,2714930087,4194304,1048576,5,region7_918076230
2023-03-19 06:59,2714930087,2097152,1048576,5,region7_918076230
2023-03-19 06:59,2714930087,0,1048576,5,region7_918076230
2023-03-19 06:59,2714930087,6291456,1048576,5,region7_918076230
2023-03-19 06:59,2714930087,3145728,1048576,5,region7_918076230
2023-03-19 06:59,2714930087,1048576,1048576,5,region7_918076230
2023-03-19 06:59,2715161056,0,11244,2,region7_918076231
2023-03-19 06:59,2715168685,0,2253,2,region7_918076231
2023-03-19 06:59,2715394826,0,4834,4,region7_918076238
2023-03-19 06:59,2714808192,0,4038842,2,region7_918076231
2023-03-19 06:59,2715037150,7171776,48,2,region7_918076231
2023-03-19 06:59,2715282113,0,3138874,6,region7_918076230
2023-03-19 06:59,2715562855,0,4736,2,region7_918076231
2023-03-19 06:59,2715225418,0,5532329,2,region7_918076235
2023-03-19 06:59,2715163709,0,128,2,region7_918076231
2023-03-19 06:59,2715471021,0,4038842,2,region7_918076231
2023-03-19 06:59,2715659856,0,751696,2,region7_918076227
2023-03-19 06:59,2715115111,0,8388608,2,region7_918076227
2023-03-19 06:59,2714932395,1058510,1048576,2,region7_918076228
2023-03-19 06:59,2714914065,0,11898,2,region7_918076231
2023-03-19 06:59,2715305261,6565248,48,2,region7_918076231
2023-03-19 06:59,2715435795,0,256,2,region7_918076231
2023-03-19 06:59,2714810635,396408,7992200,2,region7_918076228
2023-03-19 06:59,2714810635,0,320430,2,region7_918076228
2023-03-19 06:59,2714859205,1726560,135808,2,region7_918076231
2023-03-19 06:59,2715210149,0,1741,2,region7_918076231
2023-03-19 06:59,2715233305,0,128,2,region7_918076231
2023-03-19 06:59,2714922779,0,8388608,4,region7_918076232
2023-03-19 06:59,2715291403,0,6490797,6,region7_918076230
2023-03-19 06:59,2715494001,2097152,1048576,5,region7_918076230
2023-03-19 06:59,2715494001,1048576,1048576,5,region7_918076230
2023-03-19 06:59,2715494001,3145728,893114,5,region7_918076230
2023-03-19 06:59,2715494001,0,1048576,5,region7_918076230
2023-03-19 06:59,2714839518,0,4641641,2,region7_918076227
2023-03-19 06:59,2714949652,4945792,119808,2,region7_918076231
2023-03-19 06:59,2714800450,0,4038842,5,region7_918076230
2023-03-19 06:59,2715260168,0,6772,2,region7_918076231
2023-03-19 06:59,2714851571,0,8388608,2,region7_918076227
2023-03-19 06:59,2714905396,4707544,88512,2,region7_918076231
2023-03-19 06:59,2714825416,0,4038842,2,region7_918076234
2023-03-19 06:59,2715372595,0,8388608,4,region7_918076247
2023-03-19 06:59,2715297357,0,176,2,region7_918076231
2023-03-19 06:59,2715352960,0,20765,2,region7_918076236
2023-03-19 06:59,2715348308,0,8388608,2,region7_918076227
2023-03-19 06:59,2715590427,6379249,2009359,2,region7_918076227
2023-03-19 06:59,2715263258,0,128,2,region7_918076231
2023-03-19 06:59,2715399246,0,7047513,5,region7_918076230
2023-03-19 06:59,2715399246,0,3064137,6,region7_918076230
2023-03-19 06:59,2715321756,0,156595,5,region7_918076230
2023-03-19 06:59,2715348550,2791535,648167,2,region7_918076235
2023-03-19 06:59,2715676939,0,397312,2,region7_918076236
2023-03-19 06:59,2715676939,397312,2109440,2,region7_918076236
2023-03-19 06:59,2715766884,0,458855,2,region7_918076231
2023-03-19 06:59,2715079054,0,8388608,2,region7_918076227
2023-03-19 06:59,2715191117,0,989152,2,region7_918076231
2023-03-19 06:59,2715201993,1039664,2202890,1,region7_918076226
2023-03-19 06:59,2715457830,0,808258,2,region7_918076239
2023-03-19 06:59,2715676939,6733824,1654784,2,region7_918076236
2023-03-19 06:59,2715676939,4628480,2105344,2,region7_918076236
2023-03-19 06:59,2715676939,2506752,2121728,2,region7_918076236
2023-03-19 06:59,2715681156,839488,153664,2,region7_918076231
2023-03-19 06:59,2715766884,0,458855,2,region7_918076231
2023-03-19 06:59,2714874230,0,8388608,5,region7_918076230
2023-03-19 06:59,2715537129,2052096,2097152,2,region7_918076238
2023-03-19 06:59,2715537129,8339456,49152,2,region7_918076238
2023-03-19 06:59,2715537129,6242304,2097152,2,region7_918076238
2023-03-19 06:59,2715537129,4149248,2093056,2,region7_918076238
2023-03-19 06:59,2715537129,0,2052096,2,region7_918076238
2023-03-19 06:59,2715745774,0,3089849,6,region7_918076230
2023-03-19 06:59,2715805313,0,8388608,2,region7_918076227
2023-03-19 06:59,2715069450,0,820,6,region7_918076242
2023-03-19 06:59,2715766884,0,458855,2,region7_918076231
2023-03-19 06:59,2715240767,0,721304,2,region7_918076244
2023-03-19 06:59,2715418461,0,1858882,4,region7_918076237
2023-03-19 06:59,2715730056,0,91584,2,region7_918076231
2023-03-19 06:59,2715810996,0,143,4,region7_918076239
2023-03-19 06:59,2715664055,0,435505,4,region7_918076237
2023-03-19 06:59,2715828967,0,737280,2,region7_918076236
2023-03-19 06:59,2715115587,0,5320717,2,region7_918076244
2023-03-19 06:59,2715730056,0,91584,2,region7_918076231
2023-03-19 06:59,2715730056,0,91584,2,region7_918076231
2023-03-19 06:59,2715766785,0,2787440,2,region7_918076227
2023-03-19 06:59,2715828967,737280,2129920,2,region7_918076236
2023-03-19 06:59,2715115587,5320717,3067891,2,region7_918076244
2023-03-19 06:59,2714931608,0,2304,2,region7_918076231
2023-03-19 06:59,2715828967,5009408,2105344,2,region7_918076236
2023-03-19 06:59,2715828967,2867200,2142208,2,region7_918076236
2023-03-19 06:59,2715551539,0,4301793,2,region7_918076237
2023-03-19 06:59,2715828967,7114752,1273856,2,region7_918076236
2023-03-19 06:59,2714952431,0,25297943,3,region7_918076244
2023-03-19 06:59,2714816377,6169856,94272,2,region7_918076231
2023-03-19 06:59,2714841588,179595,713185,2,region7_918076244
2023-03-19 06:59,2715517317,0,681179,2,region7_918076235
2023-03-19 06:59,2715608621,0,557056,2,region7_918076236
2023-03-19 06:59,2714846586,4335072,48,2,region7_918076231
2023-03-19 06:59,2714901688,0,10420,6,region7_918076242
2023-03-19 06:59,2715180394,0,50544,5,region7_918076230
2023-03-19 06:59,2715345545,377386,1040,2,region7_918076235
2023-03-19 06:59,2715608621,6950912,1437696,2,region7_918076236
2023-03-19 06:59,2715608621,4833280,2117632,2,region7_918076236
2023-03-19 06:59,2715608621,2695168,2138112,2,region7_918076236
2023-03-19 06:59,2715608621,557056,2138112,2,region7_918076236
2023-03-19 06:59,2715677044,0,3848652,2,region7_918076234
2023-03-19 06:59,2715677044,3219772,819070,2,region7_918076234
2023-03-19 06:59,2715710966,10485760,1310720,2,region7_918076231
2023-03-19 06:59,2715710966,7864320,1310720,2,region7_918076231
2023-03-19 06:59,2715710966,17039360,1310720,2,region7_918076231
2023-03-19 06:59,2715710966,14417920,1310720,2,region7_918076231
2023-03-19 06:59,2715710966,9175040,1310720,2,region7_918076231
2023-03-19 06:59,2715710966,3932160,1310720,2,region7_918076231
2023-03-19 06:59,2715747019,0,8481568,6,region7_918076242
2023-03-19 06:59,2715854736,1854560,48,2,region7_918076231
2023-03-19 06:59,2715710966,20971520,1310720,2,region7_918076231
2023-03-19 06:59,2714882626,0,8481568,6,region7_918076230
2023-03-19 06:59,2714882626,0,4038842,5,region7_918076230
2023-03-19 06:59,2715444829,0,2795421,3,region7_918076244
2023-03-19 06:59,2715456202,2840827,1048576,2,region7_918076228
2023-03-19 06:59,2715678424,0,315141,2,region7_918076235
2023-03-19 06:59,2715675186,0,8481568,6,region7_918076230
2023-03-19 06:59,2715089416,0,128,2,region7_918076231
2023-03-19 06:59,2715675186,0,4038842,5,region7_918076230
2023-03-19 06:59,2714811617,1027217,2045418,2,region7_918076235
2023-03-19 06:59,2715317234,0,1983794,2,region7_918076235
2023-03-19 06:59,2714811617,7834551,554057,2,region7_918076235
2023-03-19 06:59,2715002466,0,4547639,2,region7_918076235
2023-03-19 06:59,2715052082,0,6269329,2,region7_918076227
2023-03-19 06:59,2714916834,5730572,58048,2,region7_918076231
2023-03-19 06:59,2715317234,4120531,175639,2,region7_918076235
2023-03-19 06:59,2715573227,0,3191128,2,region7_918076231
2023-03-19 06:59,2715047621,57937,6339,2,region7_918076233
2023-03-19 06:59,2715047621,57937,6339,2,region7_918076233
2023-03-19 06:59,2715959538,5990464,48,2,region7_918076231
2023-03-19 06:59,2715157830,0,4757262,2,region7_918076228
2023-03-19 06:59,2715047621,57937,6339,2,region7_918076233
2023-03-19 06:59,2714952431,16777216,8388608,1,region7_918076244
2023-03-19 06:59,2715329245,0,7049421,5,region7_918076230
2023-03-19 06:59,2715530009,0,8388608,4,region7_918076238
2023-03-19 06:59,2715329245,0,3064966,6,region7_918076230
2023-03-19 06:59,2715816732,650432,48,2,region7_918076231
2023-03-19 06:59,2715687548,447,1102,2,region7_918076231
2023-03-19 06:59,2714944195,3215296,40832,2,region7_918076231
2023-03-19 06:59,2715131650,0,7997978,4,region7_918076246
2023-03-19 06:59,2715157830,4757262,3631346,2,region7_918076228
2023-03-19 06:59,2715970934,0,5340866,2,region7_918076235
2023-03-19 06:59,2715244956,0,128,2,region7_918076231
2023-03-19 06:59,2715784687,3145728,1048576,5,region7_918076230
2023-03-19 06:59,2715784687,1048576,1048576,5,region7_918076230
2023-03-19 06:59,2715784687,5242880,177779,5,region7_918076230
2023-03-19 06:59,2715784687,4194304,1048576,5,region7_918076230
2023-03-19 06:59,2715784687,2097152,1048576,5,region7_918076230
2023-03-19 06:59,2715784687,0,1048576,5,region7_918076230
2023-03-19 06:59,2715998046,7340032,841951,5,region7_918076230
2023-03-19 06:59,2715998046,6291456,1048576,5,region7_918076230
2023-03-19 06:59,2715998046,5242880,1048576,5,region7_918076230
2023-03-19 06:59,2715998046,4194304,1048576,5,region7_918076230
2023-03-19 06:59,2715998046,3145728,1048576,5,region7_918076230
2023-03-19 06:59,2715998046,1048576,1048576,5,region7_918076230
2023-03-19 06:59,2715998046,0,1048576,5,region7_918076230
2023-03-19 06:59,2715998046,2097152,1048576,5,region7_918076230
2023-03-19 06:59,2715112071,4554912,352576,2,region7_918076231
2023-03-19 06:59,2715329205,0,8388608,4,region7_918076232
2023-03-19 06:59,2715047621,57937,6339,2,region7_918076233
2023-03-19 07:00,2716061702,0,128,2,region7_918076231
2023-03-19 07:00,2715868689,0,8388608,4,region7_918076233
2023-03-19 07:00,2715039151,0,8388608,2,region7_918076235
2023-03-19 07:00,2714931608,0,2304,2,region7_918076231
2023-03-19 07:00,2715518711,978572,7410036,2,region7_918076235
2023-03-19 07:00,2714886575,0,11460858,5,region7_918076230
2023-03-19 07:00,2716114382,0,7680,2,region7_918076231
2023-03-19 07:00,2714886575,0,5209481,6,region7_918076230
2023-03-19 07:00,2716036536,0,25984,2,region7_918076231
2023-03-19 07:00,2715200249,4017808,21034,2,region7_918076231
2023-03-19 07:00,2715520178,1048576,1048576,5,region7_918076230
2023-03-19 07:00,2715520178,0,1048576,5,region7_918076230
2023-03-19 07:00,2715520178,3145728,893114,5,region7_918076230
2023-03-19 07:00,2715520178,2097152,1048576,5,region7_918076230
2023-03-19 07:00,2715745624,0,8388608,2,region7_918076237
2023-03-19 07:00,2715721381,6917314,1048576,2,region7_918076235
2023-03-19 07:00,2715721381,5303527,2662363,2,region7_918076235
2023-03-19 07:00,2716036536,0,25984,2,region7_918076231
2023-03-19 07:00,2715721381,4433934,661675,2,region7_918076235
2023-03-19 07:00,2715721381,0,1771247,2,region7_918076235
2023-03-19 07:00,2715377162,0,8388608,2,region7_918076227
2023-03-19 07:00,2715220477,0,655126,2,region7_918076232
2023-03-19 07:00,2715469394,95389,313173,2,region7_918076244
2023-03-19 07:00,2716015722,0,8388608,4,region7_918076232
2023-03-19 07:00,2715298994,0,4621,2,region7_918076231
2023-03-19 07:00,2715980960,0,8388608,2,region7_918076227
2023-03-19 07:00,2715999143,0,8356405,3,region7_918076226
2023-03-19 07:00,2715352926,149480,3867964,2,region7_918076235
2023-03-19 07:00,2715372621,0,8388608,2,region7_918076232
2023-03-19 07:00,2715201993,3242554,2202890,1,region7_918076226
2023-03-19 07:00,2716040249,7340032,1048121,5,region7_918076230
2023-03-19 07:00,2716040249,6291456,1048576,5,region7_918076230
2023-03-19 07:00,2716040249,3145728,1048576,5,region7_918076230
2023-03-19 07:00,2716040249,1048576,1048576,5,region7_918076230
2023-03-19 07:00,2716040249,5242880,1048576,5,region7_918076230
2023-03-19 07:00,2716040249,4194304,1048576,5,region7_918076230
2023-03-19 07:00,2716040249,2097152,1048576,5,region7_918076230
2023-03-19 07:00,2716040249,0,1048576,5,region7_918076230
2023-03-19 07:00,2716135902,2753371,298685,2,region7_918076245
2023-03-19 07:00,2715083654,16609,64,2,region7_918076231
2023-03-19 07:00,2715250922,0,4038842,5,region7_918076230
2023-03-19 07:00,2716025418,0,8388608,4,region7_918076237
2023-03-19 07:00,2716148161,0,4038842,2,region7_918076231
2023-03-19 07:00,2715250922,0,8481568,6,region7_918076230
2023-03-19 07:00,2715044122,0,256,2,region7_918076231
2023-03-19 07:00,2715839457,18581452,52032,2,region7_918076231
2023-03-19 07:00,2715466323,0,384,2,region7_918076231
2023-03-19 07:00,2715144844,1304,2140,2,region7_918076231
2023-03-19 07:00,2715260204,0,57056,2,region7_918076231
2023-03-19 07:00,2715176884,0,7110088,4,region7_918076245
2023-03-19 07:00,2715759982,0,7041182,4,region7_918076245
2023-03-19 07:00,2715466323,0,384,2,region7_918076231
2023-03-19 07:00,2714934820,0,4752617,2,region7_918076232
2023-03-19 07:00,2714671383,0,176,2,region7_918076231
2023-03-19 07:00,2715223248,0,1024,2,region7_918076231
2023-03-19 07:00,2716239587,4808704,2121728,2,region7_918076236
2023-03-19 07:00,2716239587,2699264,2109440,2,region7_918076236
2023-03-19 07:00,2716239587,6930432,1458176,2,region7_918076236
2023-03-19 07:00,2716239587,598016,2101248,2,region7_918076236
2023-03-19 07:00,2716239587,0,598016,2,region7_918076236
2023-03-19 07:00,2715195614,0,176,2,region7_918076231
2023-03-19 07:00,2715330735,6291456,1048576,5,region7_918076230
2023-03-19 07:00,2715330735,5242880,1048576,5,region7_918076230
2023-03-19 07:00,2715330735,2097152,1048576,5,region7_918076230
2023-03-19 07:00,2715330735,0,1048576,5,region7_918076230
2023-03-19 07:00,2715330735,7340032,1048576,5,region7_918076230
2023-03-19 07:00,2715330735,4194304,1048576,5,region7_918076230
2023-03-19 07:00,2715330735,3145728,1048576,5,region7_918076230
2023-03-19 07:00,2715330735,1048576,1048576,5,region7_918076230
2023-03-19 07:00,2715538671,1048192,48,2,region7_918076231
2023-03-19 07:00,2715728999,0,1280,2,region7_918076231
2023-03-19 07:00,2715133442,0,1523712,2,region7_918076236
2023-03-19 07:00,2716129696,0,12897,2,region7_918076231
2023-03-19 07:00,2715133442,1523712,2101248,2,region7_918076236
2023-03-19 07:00,2715133442,3624960,2138112,2,region7_918076236
2023-03-19 07:00,2715223248,0,1024,2,region7_918076231
2023-03-19 07:00,2715126986,0,319258,2,region7_918076231
2023-03-19 07:00,2715133442,5763072,2109440,2,region7_918076236
2023-03-19 07:00,2715133442,7872512,516096,2,region7_918076236
2023-03-19 07:00,2716102979,0,8388608,4,region7_918076237
2023-03-19 07:00,2716103007,0,88551,2,region7_918076231
2023-03-19 07:00,2715223248,0,1024,2,region7_918076231
2023-03-19 07:00,2715623038,0,1686679,5,region7_918076230
2023-03-19 07:00,2715623038,0,3373357,6,region7_918076230
2023-03-19 07:00,2715466323,0,384,2,region7_918076231
2023-03-19 07:00,2715223248,0,1024,2,region7_918076231
2023-03-19 07:00,2716134650,1185984,35648,2,region7_918076231
2023-03-19 07:00,2715728999,0,1280,2,region7_918076231
2023-03-19 07:00,2715786598,0,7080725,4,region7_918076245
2023-03-19 07:00,2714810635,0,320430,2,region7_918076228
2023-03-19 07:00,2714810635,320430,8068178,2,region7_918076228
2023-03-19 07:00,2715898290,3488384,48,2,region7_918076231
2023-03-19 07:00,2715993112,0,7014125,4,region7_918076245
2023-03-19 07:00,2716150975,0,4038842,6,region7_918076230
2023-03-19 07:00,2715510089,0,8481568,6,region7_918076230
2023-03-19 07:00,2715510089,0,4038842,5,region7_918076230
2023-03-19 07:00,2715802727,0,977945,2,region7_918076237
2023-03-19 07:00,2715284038,0,564234,5,region7_918076230
2023-03-19 07:00,2715330838,0,2902877,4,region7_918076238
2023-03-19 07:00,2714835262,0,421384,2,region7_918076228
2023-03-19 07:00,2716022770,3750368,123712,2,region7_918076231
2023-03-19 07:00,2715625839,0,4103680,2,region7_918076235
2023-03-19 07:00,2715625839,4965028,3423580,2,region7_918076235
2023-03-19 07:00,2715698172,0,4038842,2,region7_918076234
2023-03-19 07:00,2716404202,0,8388608,2,region7_918076235
2023-03-19 07:00,2715139173,645894,1048576,2,region7_918076228
2023-03-19 07:00,2715720340,0,8388608,2,region7_918076227
2023-03-19 07:00,2716085282,0,8388608,2,region7_918076235
2023-03-19 07:00,2715324766,0,14585387,2,region7_918076232
2023-03-19 07:00,2715891930,0,3056530,6,region7_918076230
2023-03-19 07:00,2715662688,9909663,76288,2,region7_918076231
2023-03-19 07:00,2715802727,979535,2579215,2,region7_918076237
2023-03-19 07:00,2715829037,0,8388608,2,region7_918076235
2023-03-19 07:00,2714845950,0,66330,2,region7_918076231
2023-03-19 07:00,2715623082,0,1319,2,region7_918076231
2023-03-19 07:00,2715835356,0,778240,2,region7_918076233
2023-03-19 07:00,2716074064,788770,7599838,2,region7_918076235
2023-03-19 07:00,2714927744,3229120,140672,2,region7_918076231
2023-03-19 07:00,2715835356,5001216,2113536,2,region7_918076233
2023-03-19 07:00,2715835356,778240,2105344,2,region7_918076233
2023-03-19 07:00,2715835356,7114752,1273856,2,region7_918076233
2023-03-19 07:00,2715835356,2883584,2117632,2,region7_918076233
2023-03-19 07:00,2715240767,0,721304,2,region7_918076228
2023-03-19 07:00,2715741406,0,2668,2,region7_918076231
2023-03-19 07:00,2715921013,3145728,893114,5,region7_918076230
2023-03-19 07:00,2715921013,1048576,1048576,5,region7_918076230
2023-03-19 07:00,2715921013,2097152,1048576,5,region7_918076230
2023-03-19 07:00,2715921013,0,1048576,5,region7_918076230
2023-03-19 07:00,2714810635,0,8388608,2,region7_918076237
2023-03-19 07:00,2714859205,1726560,135808,2,region7_918076231
2023-03-19 07:00,2716243228,5199136,23872,2,region7_918076231
2023-03-19 07:00,2716337823,0,8388608,2,region7_918076235
2023-03-19 07:00,2716441427,0,8117138,3,region7_918076226
2023-03-19 07:00,2715741584,0,4038842,5,region7_918076230
2023-03-19 07:00,2716079203,0,10244952,3,region7_918076237
2023-03-19 07:00,2715511572,0,717743,4,region7_918076239
2023-03-19 07:00,2715852166,0,8388608,2,region7_918076227
2023-03-19 07:00,2715865457,0,418356,2,region7_918076231
2023-03-19 07:00,2716440275,1048576,1048576,5,region7_918076230
2023-03-19 07:00,2716440275,0,1048576,5,region7_918076230
2023-03-19 07:00,2715628446,1216512,2084864,2,region7_918076238
2023-03-19 07:00,2715628446,3301376,2088960,2,region7_918076238
2023-03-19 07:00,2715628446,0,1216512,2,region7_918076238
2023-03-19 07:00,2715963316,0,1995,2,region7_918076231
2023-03-19 07:00,2714953581,0,6572,2,region7_918076231
2023-03-19 07:00,2716368412,0,3085054,6,region7_918076230
2023-03-19 07:00,2716440275,7340032,1048576,5,region7_918076230
2023-03-19 07:00,2716440275,5242880,1048576,5,region7_918076230
2023-03-19 07:00,2716440275,4194304,1048576,5,region7_918076230
2023-03-19 07:00,2716440275,3145728,1048576,5,region7_918076230
2023-03-19 07:00,2716440275,2097152,1048576,5,region7_918076230
2023-03-19 07:00,2716440275,6291456,1048576,5,region7_918076230
2023-03-19 07:00,2715502877,0,2407,2,region7_918076231
2023-03-19 07:00,2715628446,7475200,913408,2,region7_918076238
2023-03-19 07:00,2715628446,5390336,2084864,2,region7_918076238
2023-03-19 07:00,2714810635,0,8125490,2,region7_918076244
2023-03-19 07:00,2714810635,8353196,35412,2,region7_918076244
2023-03-19 07:00,2715960711,0,19712,2,region7_918076231
2023-03-19 07:00,2716135902,613777,1073705,2,region7_918076245
2023-03-19 07:00,2715551787,0,7091446,5,region7_918076230
2023-03-19 07:00,2716293879,0,8192,2,region7_918076231
2023-03-19 07:00,2715551787,0,3083237,6,region7_918076230
2023-03-19 07:00,2715218563,2357541,4899792,2,region7_918076228
2023-03-19 07:00,2715218563,0,7257333,2,region7_918076228
2023-03-19 07:00,2714965458,0,1224284,4,region7_918076243
2023-03-19 07:00,2716253297,2097152,1048576,5,region7_918076230
2023-03-19 07:00,2716253297,0,1048576,5,region7_918076230
2023-03-19 07:00,2716253297,3145728,893114,5,region7_918076230
2023-03-19 07:00,2716253297,1048576,1048576,5,region7_918076230
2023-03-19 07:00,2715460464,0,60832,4,region7_918076240
2023-03-19 07:00,2714974655,0,5388582,2,region7_918076227
2023-03-19 07:00,2716527242,0,8388608,2,region7_918076235
2023-03-19 07:00,2716122374,0,128,2,region7_918076231
2023-03-19 07:00,2715201993,5445444,2202890,1,region7_918076226
2023-03-19 07:00,2715967097,1088,96,2,region7_918076231
2023-03-19 07:00,2716090379,1303850,48,2,region7_918076231
2023-03-19 07:00,2716552765,0,8388608,2,region7_918076232
2023-03-19 07:00,2715532949,0,8388608,2,region7_918076227
2023-03-19 07:01,2716132073,2750304,48,2,region7_918076231
2023-03-19 07:01,2716346168,0,8381758,3,region7_918076226
2023-03-19 07:01,2716352066,0,8347644,3,region7_918076226
2023-03-19 07:01,2715041995,7909517,239910,1,region7_918076226
2023-03-19 07:01,2715345041,350902,172041,2,region7_918076228
2023-03-19 07:01,2715940635,0,7077720,4,region7_918076245
2023-03-19 07:01,2715218563,0,2199860,2,region7_918076228
2023-03-19 07:01,2715131512,2229814,1048576,2,region7_918076229
2023-03-19 07:01,2715131512,132662,1048576,2,region7_918076229
2023-03-19 07:01,2715131512,7472694,915914,2,region7_918076229
2023-03-19 07:01,2715131512,6424118,1048576,2,region7_918076229
2023-03-19 07:01,2715131512,5375542,1048576,2,region7_918076229
2023-03-19 07:01,2715131512,4326966,1048576,2,region7_918076229
2023-03-19 07:01,2715131512,3278390,1048576,2,region7_918076229
2023-03-19 07:01,2715131512,1181238,1048576,2,region7_918076229
2023-03-19 07:01,2715131512,0,132662,2,region7_918076229
2023-03-19 07:01,2716557460,0,26572,2,region7_918076231
2023-03-19 07:01,2715681438,0,207568,2,region7_918076239
2023-03-19 07:01,2715712250,0,8388608,2,region7_918076227
2023-03-19 07:01,2715218563,2199860,5057473,2,region7_918076228
2023-03-19 07:01,2716135902,613777,1073705,2,region7_918076245
2023-03-19 07:01,2716255501,0,4038842,2,region7_918076231
2023-03-19 07:01,2716255501,0,4038842,2,region7_918076231
2023-03-19 07:01,2715596014,0,98304,2,region7_918076233
2023-03-19 07:01,2715891697,0,19476,2,region7_918076231
2023-03-19 07:01,2716165915,0,256,2,region7_918076231
2023-03-19 07:01,2716440206,0,7926548,4,region7_918076246
2023-03-19 07:01,2715868834,0,185549,2,region7_918076231
2023-03-19 07:01,2716125822,7739584,61440,2,region7_918076238
2023-03-19 07:01,2716125822,7801024,1533,2,region7_918076238
2023-03-19 07:01,2716125822,7802464,40,2,region7_918076238
2023-03-19 07:01,2716125822,7801338,1126,2,region7_918076238
2023-03-19 07:01,2716125822,7802504,53,2,region7_918076238
2023-03-19 07:01,2716470521,0,176,2,region7_918076231
2023-03-19 07:01,2715780548,19900236,471040,2,region7_918076231
2023-03-19 07:01,2716065560,4948032,48,2,region7_918076231
2023-03-19 07:01,2716365920,0,2048,2,region7_918076231
2023-03-19 07:01,2716159412,0,384,2,region7_918076231
2023-03-19 07:01,2715596014,98304,2113536,2,region7_918076233
2023-03-19 07:01,2715255905,4925376,3556192,2,region7_918076231
2023-03-19 07:01,2715255905,0,1090096,2,region7_918076231
2023-03-19 07:01,2716506445,0,4038842,6,region7_918076230
2023-03-19 07:01,2716135902,613777,1073705,2,region7_918076245
2023-03-19 07:01,2716342462,5700832,45440,2,region7_918076231
2023-03-19 07:01,2716392423,5170180,1409137,2,region7_918076245
2023-03-19 07:01,2716446004,7508256,166912,2,region7_918076231
2023-03-19 07:01,2716140842,0,453770,4,region7_918076237
2023-03-19 07:01,2715969595,5089760,48,2,region7_918076231
2023-03-19 07:01,2716118438,319046,224759,2,region7_918076235
2023-03-19 07:01,2715596014,2211840,2121728,2,region7_918076233
2023-03-19 07:01,2715691192,3803021,143774,2,region7_918076235
2023-03-19 07:01,2716254376,0,8388608,4,region7_918076232
2023-03-19 07:01,2716468233,176892,21440,2,region7_918076231
2023-03-19 07:01,2716024261,0,2174928,1,region7_918076226
2023-03-19 07:01,2716148140,0,1048576,5,region7_918076230
2023-03-19 07:01,2716412674,0,8388608,4,region7_918076237
2023-03-19 07:01,2715758087,825486,48,2,region7_918076231
2023-03-19 07:01,2715369639,8192,77146,2,region7_918076231
2023-03-19 07:01,2715369639,0,176,2,region7_918076231
2023-03-19 07:01,2716148140,3145728,893114,5,region7_918076230
2023-03-19 07:01,2716148140,1048576,1048576,5,region7_918076230
2023-03-19 07:01,2716148140,2097152,1048576,5,region7_918076230
2023-03-19 07:01,2714779518,7882341,506267,2,region7_918076235
2023-03-19 07:01,2715369639,8192,77146,2,region7_918076231
2023-03-19 07:01,2715369639,0,176,2,region7_918076231
2023-03-19 07:01,2715964650,0,841372,2,region7_918076228
2023-03-19 07:01,2714667525,0,128,2,region7_918076231
2023-03-19 07:01,2716125822,6666432,1136125,2,region7_918076238
2023-03-19 07:01,2716125822,2529472,2080768,2,region7_918076238
2023-03-19 07:01,2716125822,460992,2068480,2,region7_918076238
2023-03-19 07:01,2716125822,4610240,2056192,2,region7_918076238
2023-03-19 07:01,2716125822,0,460992,2,region7_918076238
2023-03-19 07:01,2716255505,0,1792,2,region7_918076231
2023-03-19 07:01,2716492932,0,130759,2,region7_918076231
2023-03-19 07:01,2715596014,4333568,2105344,2,region7_918076233
2023-03-19 07:01,2716751179,0,128,2,region7_918076231
2023-03-19 07:01,2715369639,8192,77146,2,region7_918076231
2023-03-19 07:01,2716116973,0,2304,2,region7_918076231
2023-03-19 07:01,2716275620,598016,2125824,2,region7_918076236
2023-03-19 07:01,2716275620,0,598016,2,region7_918076236
2023-03-19 07:01,2716275620,2723840,2150400,2,region7_918076236
2023-03-19 07:01,2714931608,0,2304,2,region7_918076231
2023-03-19 07:01,2716275620,4874240,2138112,2,region7_918076236
2023-03-19 07:01,2716275620,7012352,1376256,2,region7_918076236
2023-03-19 07:01,2716419612,312082,4936756,2,region7_918076231
2023-03-19 07:01,2716419612,0,2046802,2,region7_918076231
2023-03-19 07:01,2716426481,7761408,142016,2,region7_918076231
2023-03-19 07:01,2715369639,0,176,2,region7_918076231
2023-03-19 07:01,2715369639,8192,77146,2,region7_918076231
2023-03-19 07:01,2716183273,0,814748,2,region7_918076228
2023-03-19 07:01,2716763556,0,1536,2,region7_918076231
2023-03-19 07:01,2716324616,0,8388608,2,region7_918076235
2023-03-19 07:01,2716543241,0,8388608,2,region7_918076232
2023-03-19 07:01,2716570164,0,256,2,region7_918076231
2023-03-19 07:01,2714779518,0,2312708,2,region7_918076235
2023-03-19 07:01,2714779518,6606319,1053232,2,region7_918076235
2023-03-19 07:01,2715901166,0,7002687,4,region7_918076245
2023-03-19 07:01,2716191919,0,4194304,1,region7_918076226
2023-03-19 07:01,2716191919,4194304,4186709,1,region7_918076226
2023-03-19 07:01,2716570126,0,8388608,4,region7_918076238
2023-03-19 07:01,2715596014,6438912,1949696,2,region7_918076233
2023-03-19 07:01,2716319563,0,643724,2,region7_918076231
2023-03-19 07:01,2716319563,643724,31464,2,region7_918076231
2023-03-19 07:01,2716570164,0,256,2,region7_918076231
2023-03-19 07:01,2715964650,0,841372,2,region7_918076228
2023-03-19 07:01,2716371003,0,445322,4,region7_918076237
2023-03-19 07:01,2716419774,0,256,2,region7_918076231
2023-03-19 07:01,2716792490,0,343028,2,region7_918076231
2023-03-19 07:01,2716252075,0,219256,2,region7_918076228
2023-03-19 07:01,2716252075,219256,8169352,2,region7_918076228
2023-03-19 07:01,2716562990,0,2788685,2,region7_918076231
2023-03-19 07:01,2716138261,0,3452147,2,region7_918076235
2023-03-19 07:01,2716562990,13126221,2014330,2,region7_918076231
2023-03-19 07:01,2716562990,2746317,10485760,2,region7_918076231
2023-03-19 07:01,2716570164,0,256,2,region7_918076231
2023-03-19 07:01,2716085409,0,4194304,1,region7_918076226
2023-03-19 07:01,2716152357,0,8388608,2,region7_918076227
2023-03-19 07:01,2715906247,0,4038842,5,region7_918076230
2023-03-19 07:01,2716085409,4194304,4180405,1,region7_918076226
2023-03-19 07:01,2716581725,1693350,361059,2,region7_918076235
2023-03-19 07:01,2716590973,0,4038842,5,region7_918076230
2023-03-19 07:01,2715720807,8123617,6784247,2,region7_918076232
2023-03-19 07:01,2715720807,0,8123617,2,region7_918076232
2023-03-19 07:01,2715906247,0,8481568,6,region7_918076230
2023-03-19 07:01,2716158116,0,3059302,6,region7_918076230
2023-03-19 07:01,2716210417,0,8481568,5,region7_918076230
2023-03-19 07:01,2716158116,0,7036394,5,region7_918076230
2023-03-19 07:01,2716590973,0,8481568,6,region7_918076230
2023-03-19 07:01,2716210417,0,4038842,6,region7_918076230
2023-03-19 07:01,2716185763,0,3392102,2,region7_918076235
2023-03-19 07:01,2716708465,3452928,2109440,2,region7_918076236
2023-03-19 07:01,2716708465,1335296,2117632,2,region7_918076236
2023-03-19 07:01,2716708465,0,1335296,2,region7_918076236
2023-03-19 07:01,2716788146,0,8366596,3,region7_918076226
2023-03-19 07:01,2715047621,57937,6339,2,region7_918076233
2023-03-19 07:01,2715047621,57937,6339,2,region7_918076233
2023-03-19 07:01,2715201993,7648334,123562,1,region7_918076226
2023-03-19 07:01,2716377895,4216408,1048576,2,region7_918076228
2023-03-19 07:01,2716377895,4216408,1048576,2,region7_918076228
2023-03-19 07:01,2716708465,7675904,712704,2,region7_918076236
2023-03-19 07:01,2716708465,5562368,2113536,2,region7_918076236
2023-03-19 07:01,2716086706,1048576,1048576,5,region7_918076230
2023-03-19 07:01,2716086706,3145728,893114,5,region7_918076230
2023-03-19 07:01,2716086706,2097152,1048576,5,region7_918076230
2023-03-19 07:01,2716086706,0,1048576,5,region7_918076230
2023-03-19 07:01,2715596759,0,6600788,2,region7_918076227
2023-03-19 07:01,2715974822,0,1660772,6,region7_918076230
2023-03-19 07:01,2716123490,6178336,198272,2,region7_918076231
2023-03-19 07:01,2716368356,0,176,2,region7_918076231
2023-03-19 07:01,2716381640,0,7125009,5,region7_918076230
2023-03-19 07:01,2715908375,0,768,2,region7_918076231
2023-03-19 07:01,2716381640,0,3097830,6,region7_918076230
2023-03-19 07:01,2716948954,0,84503,2,region7_918076236
2023-03-19 07:01,2716252075,0,219256,2,region7_918076228
2023-03-19 07:01,2716418399,7755540,238848,2,region7_918076231
2023-03-19 07:01,2716462334,0,17618562,3,region7_918076226
2023-03-19 07:01,2716665188,0,8388608,4,region7_918076238
2023-03-19 07:01,2714931608,0,2304,2,region7_918076231
2023-03-19 07:01,2714934820,3488662,1097333,2,region7_918076228
2023-03-19 07:01,2716114480,0,2944,2,region7_918076231
2023-03-19 07:01,2716505083,395327,263889,2,region7_918076235
2023-03-19 07:01,2715940535,1945360,327910,2,region7_918076231
2023-03-19 07:01,2715409318,0,176,2,region7_918076231
2023-03-19 07:01,2716252075,219256,8169352,2,region7_918076228
2023-03-19 07:01,2716589641,0,8388608,4,region7_918076232
2023-03-19 07:01,2714813480,0,176,2,region7_918076231
2023-03-19 07:01,2716279195,0,512,2,region7_918076231
2023-03-19 07:01,2716280631,0,4038842,5,region7_918076230
2023-03-19 07:01,2716593302,0,384,2,region7_918076231
2023-03-19 07:01,2716676758,0,15514,2,region7_918076231
2023-03-19 07:01,2715940535,2273270,327910,2,region7_918076231
2023-03-19 07:01,2715994370,0,8388608,5,region7_918076230
2023-03-19 07:01,2716283490,0,917504,2,region7_918076233
2023-03-19 07:01,2716283490,917504,2109440,2,region7_918076233
2023-03-19 07:01,2716586316,4794304,48,2,region7_918076231
2023-03-19 07:01,2716280631,0,8481568,6,region7_918076230
2023-03-19 07:01,2716283490,7270400,1118208,2,region7_918076233
2023-03-19 07:01,2716283490,3026944,2121728,2,region7_918076233
2023-03-19 07:01,2716283490,5148672,2121728,2,region7_918076233
2023-03-19 07:01,2716338740,0,7009000,4,region7_918076245
2023-03-19 07:01,2716892918,0,8388608,2,region7_918076227
2023-03-19 07:01,2716113112,0,8388608,4,region7_918076232
2023-03-19 07:01,2716505158,1945436,122566,2,region7_918076231
2023-03-19 07:01,2716763515,0,896,2,region7_918076231
2023-03-19 07:01,2715150915,1167712,48,2,region7_918076231
2023-03-19 07:01,2716337823,0,8388608,2,region7_918076235
2023-03-19 07:01,2716624257,5487776,79296,2,region7_918076231
2023-03-19 07:01,2716001365,0,8388608,2,region7_918076235
2023-03-19 07:01,2716445904,4194304,1048576,5,region7_918076230
2023-03-19 07:01,2716445904,1048576,1048576,5,region7_918076230
2023-03-19 07:01,2716445904,5242880,3687,5,region7_918076230
2023-03-19 07:01,2716445904,3145728,1048576,5,region7_918076230
2023-03-19 07:01,2716445904,2097152,1048576,5,region7_918076230
2023-03-19 07:01,2716445904,0,1048576,5,region7_918076230
2023-03-19 07:01,2716972724,0,8383597,3,region7_918076226
2023-03-19 07:01,2716007274,0,768,2,region7_918076231
2023-03-19 07:01,2716776526,259489,832372,2,region7_918076235
2023-03-19 07:01,2716702751,0,22196,2,region7_918076236
2023-03-19 07:01,2714900955,0,6486042,2,region7_918076227
2023-03-19 07:01,2715809622,0,739403,2,region7_918076231
2023-03-19 07:01,2715809622,0,1029963,2,region7_918076231
2023-03-19 07:01,2716099393,0,3866,2,region7_918076231
2023-03-19 07:01,2715084382,2736102,5652506,2,region7_918076228
2023-03-19 07:01,2715084382,0,2736102,2,region7_918076228
2023-03-19 07:01,2715809622,1029963,37020,2,region7_918076231
2023-03-19 07:01,2716928909,0,176,2,region7_918076231
2023-03-19 07:01,2716135902,2753371,298685,2,region7_918076245
2023-03-19 07:01,2715335318,0,176,2,region7_918076231
2023-03-19 07:01,2716841738,145303,624064,2,region7_918076245
2023-03-19 07:01,2716988426,7340032,1048576,5,region7_918076230
2023-03-19 07:01,2716988426,6291456,1048576,5,region7_918076230
2023-03-19 07:01,2716988426,4194304,1048576,5,region7_918076230
2023-03-19 07:01,2716988426,1048576,1048576,5,region7_918076230
2023-03-19 07:01,2716988426,0,1048576,5,region7_918076230
2023-03-19 07:01,2716988426,5242880,1048576,5,region7_918076230
2023-03-19 07:01,2716988426,3145728,1048576,5,region7_918076230
2023-03-19 07:01,2716988426,2097152,1048576,5,region7_918076230
2023-03-19 07:01,2714810635,0,320430,2,region7_918076228
2023-03-19 07:01,2716175775,1191066,21568,2,region7_918076231
2023-03-19 07:01,2716231456,0,4038842,5,region7_918076230
2023-03-19 07:01,2715335318,8192,53479,2,region7_918076231
2023-03-19 07:01,2716734034,7219627,55040,2,region7_918076231
2023-03-19 07:01,2716231456,0,8481568,6,region7_918076230
2023-03-19 07:01,2715964650,0,841372,2,region7_918076228
2023-03-19 07:02,2716224186,0,8388608,4,region7_918076232
2023-03-19 07:02,2716678815,3342544,5046064,2,region7_918076227
2023-03-19 07:02,2716861990,0,524288,2,region7_918076236
2023-03-19 07:02,2716601433,0,8388608,2,region7_918076227
2023-03-19 07:02,2716808058,307200,2105344,2,region7_918076236
2023-03-19 07:02,2716808058,0,307200,2,region7_918076236
2023-03-19 07:02,2716808058,2412544,2146304,2,region7_918076236
2023-03-19 07:02,2716861990,524288,2105344,2,region7_918076236
2023-03-19 07:02,2716135902,1687482,1065889,2,region7_918076245
2023-03-19 07:02,2716808058,6668288,1720320,2,region7_918076236
2023-03-19 07:02,2716808058,4558848,2109440,2,region7_918076236
2023-03-19 07:02,2716926384,0,4038842,2,region7_918076234
2023-03-19 07:02,2716024261,2174928,2212185,1,region7_918076226
2023-03-19 07:02,2716164568,115413,8273195,2,region7_918076237
2023-03-19 07:02,2716796689,56791,254344,2,region7_918076235
2023-03-19 07:02,2716861990,2629632,2125824,2,region7_918076236
2023-03-19 07:02,2715820379,2133582,92510,2,region7_918076227
2023-03-19 07:02,2715820379,5585578,212137,2,region7_918076227
2023-03-19 07:02,2715820379,8252853,115651,2,region7_918076227
2023-03-19 07:02,2715820379,3744608,100015,2,region7_918076227
2023-03-19 07:02,2715820379,0,2665,2,region7_918076227
2023-03-19 07:02,2715218563,3425237,3832096,2,region7_918076228
2023-03-19 07:02,2715218563,0,2871543,2,region7_918076228
2023-03-19 07:02,2716861990,4755456,2101248,2,region7_918076236
2023-03-19 07:02,2716888454,0,8388608,2,region7_918076227
2023-03-19 07:02,2716861990,6856704,1531904,2,region7_918076236
2023-03-19 07:02,2714931608,0,2304,2,region7_918076231
2023-03-19 07:02,2716983837,0,8388608,4,region7_918076232
2023-03-19 07:02,2716322025,0,8388608,2,region7_918076235
2023-03-19 07:02,2716582793,0,176,2,region7_918076231
2023-03-19 07:02,2716198176,0,8388608,4,region7_918076232
2023-03-19 07:02,2716525857,0,8388608,2,region7_918076227
2023-03-19 07:02,2716771058,0,7006115,4,region7_918076245
2023-03-19 07:02,2716902980,2477824,48,2,region7_918076231
2023-03-19 07:02,2717064009,0,6269114,2,region7_918076227
2023-03-19 07:02,2714810635,4268233,179508,2,region7_918076228
2023-03-19 07:02,2714810635,320430,75978,2,region7_918076228
2023-03-19 07:02,2714810635,2095622,99622,2,region7_918076228
2023-03-19 07:02,2714810635,7898536,454660,2,region7_918076228
2023-03-19 07:02,2714810635,5528691,182907,2,region7_918076228
2023-03-19 07:02,2715084382,0,2736102,2,region7_918076228
2023-03-19 07:02,2715084382,2736102,5652506,2,region7_918076228
2023-03-19 07:02,2716244397,2480723,457983,2,region7_918076228
2023-03-19 07:02,2716560556,0,176,2,region7_918076231
2023-03-19 07:02,2716711743,0,466686,4,region7_918076237
2023-03-19 07:02,2716815475,3145728,893114,5,region7_918076230
2023-03-19 07:02,2716815475,2097152,1048576,5,region7_918076230
2023-03-19 07:02,2716815475,1048576,1048576,5,region7_918076230
2023-03-19 07:02,2716815475,0,1048576,5,region7_918076230
2023-03-19 07:02,2716841944,0,7099466,4,region7_918076245
2023-03-19 07:02,2714817282,0,1234593,2,region7_918076229
2023-03-19 07:02,2716563961,3388640,48,2,region7_918076231
2023-03-19 07:02,2716829816,1700920,16512,2,region7_918076231
2023-03-19 07:02,2716066098,0,8388608,2,region7_918076227
2023-03-19 07:02,2715574016,0,256,2,region7_918076231
2023-03-19 07:02,2716308727,0,44307,2,region7_918076228
2023-03-19 07:02,2716493937,0,4038842,5,region7_918076230
2023-03-19 07:02,2717001513,3145728,893114,5,region7_918076230
2023-03-19 07:02,2717001513,1048576,1048576,5,region7_918076230
2023-03-19 07:02,2717001513,2097152,1048576,5,region7_918076230
2023-03-19 07:02,2717001513,0,1048576,5,region7_918076230
2023-03-19 07:02,2716212370,4462304,377600,2,region7_918076231
2023-03-19 07:02,2716493937,0,8481568,6,region7_918076230
2023-03-19 07:02,2717058537,0,8388608,4,region7_918076232
2023-03-19 07:02,2716902846,0,7024677,5,region7_918076230
2023-03-19 07:02,2716225414,0,992077,5,region7_918076230
2023-03-19 07:02,2716387864,0,3045709,6,region7_918076230
2023-03-19 07:02,2716387864,0,7005130,5,region7_918076230
2023-03-19 07:02,2716902846,0,3054208,6,region7_918076230
2023-03-19 07:02,2716381694,0,8388608,4,region7_918076238
2023-03-19 07:02,2714810635,8125490,227706,2,region7_918076228
2023-03-19 07:02,2714810635,863810,2593206,2,region7_918076228
2023-03-19 07:02,2717104255,0,8388608,2,region7_918076235
2023-03-19 07:02,2714992959,0,1024,2,region7_918076231
2023-03-19 07:02,2716602910,7340032,1048576,5,region7_918076230
2023-03-19 07:02,2716602910,6291456,1048576,5,region7_918076230
2023-03-19 07:02,2716602910,5242880,1048576,5,region7_918076230
2023-03-19 07:02,2716602910,4194304,1048576,5,region7_918076230
2023-03-19 07:02,2716602910,3145728,1048576,5,region7_918076230
2023-03-19 07:02,2716602910,2097152,1048576,5,region7_918076230
2023-03-19 07:02,2716602910,0,1048576,5,region7_918076230
2023-03-19 07:02,2716602910,1048576,1048576,5,region7_918076230
2023-03-19 07:02,2715382535,0,4002,2,region7_918076229
2023-03-19 07:02,2716955733,3145728,893114,5,region7_918076230
2023-03-19 07:02,2716955733,2097152,1048576,5,region7_918076230
2023-03-19 07:02,2716955733,0,1048576,5,region7_918076230
2023-03-19 07:02,2716955733,1048576,1048576,5,region7_918076230
2023-03-19 07:02,2717040457,5929440,79232,2,region7_918076231
2023-03-19 07:02,2714992959,0,1024,2,region7_918076231
2023-03-19 07:02,2716572190,0,12160,2,region7_918076231
2023-03-19 07:02,2716877437,0,8388608,4,region7_918076232
2023-03-19 07:02,2716288527,681248,48,2,region7_918076231
2023-03-19 07:02,2716320877,0,378584,2,region7_918076235
2023-03-19 07:02,2716449627,2388512,48,2,region7_918076231
2023-03-19 07:02,2717107486,0,3064793,6,region7_918076230
2023-03-19 07:02,2714992959,0,1024,2,region7_918076231
2023-03-19 07:02,2717204907,0,4038842,2,region7_918076231
2023-03-19 07:02,2716835232,2710530,1048576,2,region7_918076228
2023-03-19 07:02,2716572190,0,12160,2,region7_918076231
2023-03-19 07:02,2716608506,0,4038842,6,region7_918076230
2023-03-19 07:02,2714810635,396408,7992200,2,region7_918076228
2023-03-19 07:02,2714810635,0,320430,2,region7_918076228
2023-03-19 07:02,2716308727,44307,912908,2,region7_918076228
2023-03-19 07:02,2716308727,0,44307,2,region7_918076228
2023-03-19 07:02,2716332786,0,8388608,2,region7_918076237
2023-03-19 07:02,2716615439,0,5050363,5,region7_918076230
2023-03-19 07:02,2714931608,0,2304,2,region7_918076231
2023-03-19 07:02,2717313093,4513124,48,2,region7_918076231
2023-03-19 07:02,2716337710,0,493064,5,region7_918076230
2023-03-19 07:02,2716930001,19434,259856,2,region7_918076228
2023-03-19 07:02,2716513245,0,4148577,2,region7_918076227
2023-03-19 07:02,2716748743,1508346,3810824,2,region7_918076235
2023-03-19 07:02,2716513245,5942575,1230220,2,region7_918076227
2023-03-19 07:02,2716776627,0,21816,2,region7_918076228
2023-03-19 07:02,2717031345,0,8378071,3,region7_918076226
2023-03-19 07:02,2716592077,0,8388608,2,region7_918076257
2023-03-19 07:02,2716878517,2052023,1299384,2,region7_918076235
2023-03-19 07:02,2716065560,3003008,48,2,region7_918076231
2023-03-19 07:02,2717165950,3947936,48,2,region7_918076231
2023-03-19 07:02,2717254143,0,8388608,2,region7_918076227
2023-03-19 07:02,2716687965,0,6482242,2,region7_918076227
2023-03-19 07:02,2716888512,0,8310784,2,region7_918076236
2023-03-19 07:02,2717271073,0,8263568,2,region7_918076231
2023-03-19 07:02,2716668562,8296693,91915,2,region7_918076227
2023-03-19 07:02,2716668562,4571511,1457544,2,region7_918076227
2023-03-19 07:02,2716668562,0,2443692,2,region7_918076227
2023-03-19 07:02,2716993987,2704471,863788,2,region7_918076228
2023-03-19 07:02,2716705189,0,3069021,6,region7_918076230
2023-03-19 07:02,2716888512,8310784,77824,2,region7_918076236
2023-03-19 07:02,2716405328,0,7074583,5,region7_918076230
2023-03-19 07:02,2716997328,1692276,131164,2,region7_918076231
2023-03-19 07:02,2716405328,0,3075906,6,region7_918076230
2023-03-19 07:02,2716422084,0,675840,2,region7_918076236
2023-03-19 07:02,2716308727,44307,912908,2,region7_918076228
2023-03-19 07:02,2716308727,0,44307,2,region7_918076228
2023-03-19 07:02,2716422084,675840,2105344,2,region7_918076236
2023-03-19 07:02,2716466963,0,1789587,2,region7_918076227
2023-03-19 07:02,2716466963,3284180,5104428,2,region7_918076227
2023-03-19 07:02,2716940203,0,5314977,2,region7_918076227
2023-03-19 07:02,2716422084,2781184,2134016,2,region7_918076236
2023-03-19 07:02,2716820505,0,713709,2,region7_918076228
2023-03-19 07:02,2716820505,0,708270,2,region7_918076228
2023-03-19 07:02,2716820505,0,713709,2,region7_918076228
2023-03-19 07:02,2716422084,4915200,2125824,2,region7_918076236
2023-03-19 07:02,2714881484,0,7967781,2,region7_918076227
2023-03-19 07:02,2716678939,0,4148382,5,region7_918076230
2023-03-19 07:02,2716024261,4387113,2212185,1,region7_918076226
2023-03-19 07:02,2714974655,0,5388582,2,region7_918076227
2023-03-19 07:02,2716422084,7041024,1347584,2,region7_918076236
2023-03-19 07:02,2715597567,0,2964351,2,region7_918076232
2023-03-19 07:02,2716773320,5009739,2160602,2,region7_918076228
2023-03-19 07:02,2717369311,0,8388608,2,region7_918076227
2023-03-19 07:02,2716773386,5242880,1048576,5,region7_918076230
2023-03-19 07:02,2716773386,3145728,1048576,5,region7_918076230
2023-03-19 07:02,2716773386,1048576,1048576,5,region7_918076230
2023-03-19 07:02,2716773386,0,1048576,5,region7_918076230
2023-03-19 07:02,2716773386,7340032,1048576,5,region7_918076230
2023-03-19 07:02,2716773386,2097152,1048576,5,region7_918076230
2023-03-19 07:02,2716773386,6291456,1048576,5,region7_918076230
2023-03-19 07:02,2716773386,4194304,1048576,5,region7_918076230
2023-03-19 07:02,2716920495,0,505424,4,region7_918076237
2023-03-19 07:02,2717303220,0,1021331,4,region7_918076247
2023-03-19 07:02,2716593409,0,4038842,2,region7_918076234
2023-03-19 07:02,2716779734,0,20433,2,region7_918076236
2023-03-19 07:02,2717121826,1251547,1048576,2,region7_918076228
2023-03-19 07:02,2715095089,0,2487965,1,region7_918076226
2023-03-19 07:02,2717332561,1058258,25530,2,region7_918076228
2023-03-19 07:02,2717332561,3512748,165440,2,region7_918076228
2023-03-19 07:02,2716631041,0,8388608,2,region7_918076227
2023-03-19 07:02,2717007401,0,5398790,2,region7_918076235
2023-03-19 07:02,2717051674,3092332,9856,2,region7_918076231
2023-03-19 07:02,2717060663,0,538048,2,region7_918076232
2023-03-19 07:02,2716595690,0,696320,2,region7_918076233
2023-03-19 07:02,2716516716,154425,1048576,2,region7_918076228
2023-03-19 07:02,2716595690,696320,2129920,2,region7_918076233
2023-03-19 07:02,2717210902,942624,1450060,2,region7_918076227
2023-03-19 07:02,2717220724,0,7770205,2,region7_918076235
2023-03-19 07:02,2716595690,2826240,2113536,2,region7_918076233
2023-03-19 07:02,2716796616,1213930,1048576,2,region7_918076228
2023-03-19 07:02,2716796616,1213930,1048576,2,region7_918076228
2023-03-19 07:02,2715081351,2563213,1048576,2,region7_918076229
2023-03-19 07:02,2715081351,458144,7917,2,region7_918076229
2023-03-19 07:02,2715081351,466061,1048576,2,region7_918076229
2023-03-19 07:02,2715081351,3611789,601410,2,region7_918076229
2023-03-19 07:02,2715081351,1514637,1048576,2,region7_918076229
2023-03-19 07:02,2717271073,3778080,4703488,2,region7_918076231
2023-03-19 07:02,2716595690,4939776,2109440,2,region7_918076233
2023-03-19 07:02,2716649196,0,768,2,region7_918076231
2023-03-19 07:02,2717142513,3145728,893114,5,region7_918076230
2023-03-19 07:02,2717142513,1048576,1048576,5,region7_918076230
2023-03-19 07:02,2717142513,2097152,1048576,5,region7_918076230
2023-03-19 07:02,2717142513,0,1048576,5,region7_918076230
2023-03-19 07:02,2715024707,1538245,1884593,2,region7_918076228
2023-03-19 07:02,2717196299,0,3179791,4,region7_918076232
2023-03-19 07:02,2716649196,0,768,2,region7_918076231
2023-03-19 07:02,2717057538,0,8388608,2,region7_918076227
2023-03-19 07:02,2717075347,0,3728750,2,region7_918076228
2023-03-19 07:02,2716595690,7049216,1339392,2,region7_918076233
2023-03-19 07:02,2716649196,0,768,2,region7_918076231
2023-03-19 07:02,2717075347,3728750,2423768,2,region7_918076228
2023-03-19 07:02,2717084430,2097152,1048576,5,region7_918076230
2023-03-19 07:02,2717084430,0,1048576,5,region7_918076230
2023-03-19 07:02,2717084430,3145728,893114,5,region7_918076230
2023-03-19 07:02,2717084430,1048576,1048576,5,region7_918076230
2023-03-19 07:02,2717104189,0,1602406,2,region7_918076227
2023-03-19 07:02,2716242879,2698835,2109572,2,region7_918076228
2023-03-19 07:02,2715221456,0,128,2,region7_918076231
2023-03-19 07:02,2716742971,0,425202,2,region7_918076232
2023-03-19 07:02,2714810635,8353196,35412,2,region7_918076244
2023-03-19 07:02,2714810635,0,8353196,2,region7_918076244
2023-03-19 07:02,2717229346,0,4038842,2,region7_918076231
2023-03-19 07:02,2717229346,0,4038842,2,region7_918076231
2023-03-19 07:02,2717337054,7929724,311737,2,region7_918076235
2023-03-19 07:02,2717337054,6539022,10458,2,region7_918076235
2023-03-19 07:02,2717337054,1203786,45650,2,region7_918076235
2023-03-19 07:02,2716976946,261312,48,2,region7_918076231
2023-03-19 07:02,2717421323,0,8388608,2,region7_918076227
2023-03-19 07:02,2714976528,1337778,797585,2,region7_918076228
2023-03-19 07:02,2714976528,2135363,6253245,2,region7_918076228
2023-03-19 07:02,2716620299,0,176,2,region7_918076231
2023-03-19 07:02,2714758498,0,8388608,2,region7_918076235
2023-03-19 07:02,2716821419,1048576,1048576,5,region7_918076230
2023-03-19 07:02,2716821419,8388608,92960,5,region7_918076230
2023-03-19 07:02,2716821419,0,1048576,5,region7_918076230
2023-03-19 07:02,2716821419,7340032,1048576,5,region7_918076230
2023-03-19 07:02,2716821419,6291456,1048576,5,region7_918076230
2023-03-19 07:02,2716821419,5242880,1048576,5,region7_918076230
2023-03-19 07:02,2716821419,4194304,1048576,5,region7_918076230
2023-03-19 07:02,2716821419,3145728,1048576,5,region7_918076230
2023-03-19 07:02,2716821419,2097152,1048576,5,region7_918076230
2023-03-19 07:02,2716841738,769367,2103670,2,region7_918076245
2023-03-19 07:02,2717329937,0,11777,1,region7_918076226
2023-03-19 07:02,2715632391,0,2304,2,region7_918076231
2023-03-19 07:02,2717470729,0,951051,4,region7_918076232
2023-03-19 07:02,2716587301,5095744,70400,2,region7_918076231
2023-03-19 07:02,2716587530,0,8388608,4,region7_918076232
2023-03-19 07:02,2716593554,5456036,2806236,2,region7_918076235
2023-03-19 07:02,2716686868,0,8388608,4,region7_918076232
2023-03-19 07:02,2715126986,0,319258,2,region7_918076231
2023-03-19 07:02,2717329937,11777,4194304,1,region7_918076226
2023-03-19 07:02,2717459554,0,8388608,2,region7_918076227
2023-03-19 07:02,2717174020,0,3049617,6,region7_918076230
2023-03-19 07:02,2717329937,4206081,4170750,1,region7_918076226
2023-03-19 07:02,2715632391,0,2304,2,region7_918076231
2023-03-19 07:02,2717463689,0,7106700,4,region7_918076245
2023-03-19 07:03,2717105315,0,1006732,4,region7_918076237
2023-03-19 07:03,2717258552,0,8388608,4,region7_918076232
2023-03-19 07:03,2716308727,1944032,6444576,2,region7_918076228
2023-03-19 07:03,2716308727,957215,11204,2,region7_918076228
2023-03-19 07:03,2715247541,0,22599,2,region7_918076236
2023-03-19 07:03,2716867218,2097152,1048576,5,region7_918076230
2023-03-19 07:03,2716867218,0,1048576,5,region7_918076230
2023-03-19 07:03,2716867218,3145728,1048576,5,region7_918076230
2023-03-19 07:03,2716867218,1048576,1048576,5,region7_918076230
2023-03-19 07:03,2716999528,0,4038842,2,region7_918076234
2023-03-19 07:03,2715002427,0,8388608,2,region7_918076227
2023-03-19 07:03,2715632391,0,2304,2,region7_918076231
2023-03-19 07:03,2717438209,0,2443293,4,region7_918076232
2023-03-19 07:03,2716867218,7340032,1048576,5,region7_918076230
2023-03-19 07:03,2716867218,5242880,1048576,5,region7_918076230
2023-03-19 07:03,2716867218,4194304,1048576,5,region7_918076230
2023-03-19 07:03,2716867218,6291456,1048576,5,region7_918076230
2023-03-19 07:03,2716942298,670369,7718239,2,region7_918076227
2023-03-19 07:03,2717326730,0,3066068,6,region7_918076230
2023-03-19 07:03,2717501241,6814438,1574170,2,region7_918076227
2023-03-19 07:03,2717501241,0,1553454,2,region7_918076227
2023-03-19 07:03,2716863166,0,3059237,6,region7_918076230
2023-03-19 07:03,2717468782,0,1869,2,region7_918076231
2023-03-19 07:03,2717332619,2334272,55104,2,region7_918076231
2023-03-19 07:03,2717355314,0,2240,2,region7_918076231
2023-03-19 07:03,2716899476,0,8481568,2,region7_918076231
2023-03-19 07:03,2717219671,3145728,893114,5,region7_918076230
2023-03-19 07:03,2717219671,1048576,1048576,5,region7_918076230
2023-03-19 07:03,2717219671,0,1048576,5,region7_918076230
2023-03-19 07:03,2717219671,2097152,1048576,5,region7_918076230
2023-03-19 07:03,2716696407,0,176,2,region7_918076231
2023-03-19 07:03,2715265386,0,8388608,2,region7_918076235
2023-03-19 07:03,2717179569,0,7187007,3,region7_918076226
2023-03-19 07:03,2717201843,0,7015896,5,region7_918076230
2023-03-19 07:03,2716989564,0,4038842,2,region7_918076231
2023-03-19 07:03,2717157994,1048576,1048576,5,region7_918076230
2023-03-19 07:03,2717157994,0,1048576,5,region7_918076230
2023-03-19 07:03,2717201843,0,3050390,6,region7_918076230
2023-03-19 07:03,2717353596,0,7048102,4,region7_918076245
2023-03-19 07:03,2716780651,0,27124,2,region7_918076231
2023-03-19 07:03,2717157994,2097152,1048576,5,region7_918076230
2023-03-19 07:03,2717157994,3145728,893114,5,region7_918076230
2023-03-19 07:03,2715024707,1538245,1884593,2,region7_918076228
2023-03-19 07:03,2715024707,1538245,1884593,2,region7_918076228
2023-03-19 07:03,2715047621,57937,6339,2,region7_918076233
2023-03-19 07:03,2715722877,89,2612,2,region7_918076231
2023-03-19 07:03,2716250515,0,177332,2,region7_918076231
2023-03-19 07:03,2717422914,3145728,1048576,5,region7_918076230
2023-03-19 07:03,2717422914,1048576,1048576,5,region7_918076230
2023-03-19 07:03,2717422914,4194304,171115,5,region7_918076230
2023-03-19 07:03,2717422914,2097152,1048576,5,region7_918076230
2023-03-19 07:03,2717422914,0,1048576,5,region7_918076230
2023-03-19 07:03,2715311146,0,21728,2,region7_918076231
2023-03-19 07:03,2716250515,0,177332,2,region7_918076231
2023-03-19 07:03,2717529168,0,1048576,5,region7_918076230
2023-03-19 07:03,2717534398,0,4191271,2,region7_918076228
2023-03-19 07:03,2717463473,0,8388608,2,region7_918076235
2023-03-19 07:03,2717529168,7340032,1048576,5,region7_918076230
2023-03-19 07:03,2717529168,2097152,1048576,5,region7_918076230
2023-03-19 07:03,2717529168,1048576,1048576,5,region7_918076230
2023-03-19 07:03,2717529168,6291456,1048576,5,region7_918076230
2023-03-19 07:03,2717529168,4194304,1048576,5,region7_918076230
2023-03-19 07:03,2717529168,5242880,1048576,5,region7_918076230
2023-03-19 07:03,2717529168,3145728,1048576,5,region7_918076230
2023-03-19 07:03,2717553147,0,704519,4,region7_918076232
2023-03-19 07:03,2714934820,0,4752617,2,region7_918076237
2023-03-19 07:03,2715530432,0,176,2,region7_918076231
2023-03-19 07:03,2714813480,0,176,2,region7_918076231
2023-03-19 07:03,2714813480,0,1997,2,region7_918076231
2023-03-19 07:03,2717587528,0,8388608,4,region7_918076232
2023-03-19 07:03,2716988252,0,7037202,5,region7_918076230
2023-03-19 07:03,2716988252,0,3059653,6,region7_918076230
2023-03-19 07:03,2714949652,4945792,119808,2,region7_918076231
2023-03-19 07:03,2714976528,2135363,6253245,2,region7_918076228
2023-03-19 07:03,2717154769,2394158,3717338,2,region7_918076235
2023-03-19 07:03,2717423977,0,12585,1,region7_918076226
2023-03-19 07:03,2714976528,0,1704562,2,region7_918076228
2023-03-19 07:03,2717257585,0,8388608,4,region7_918076238
2023-03-19 07:03,2717423977,4206889,4169133,1,region7_918076226
2023-03-19 07:03,2717423977,12585,4194304,1,region7_918076226
2023-03-19 07:03,2717287254,0,3348368,2,region7_918076231
2023-03-19 07:03,2717621738,1413152,59776,2,region7_918076231
2023-03-19 07:03,2717640089,1516662,48,2,region7_918076231
2023-03-19 07:03,2714921650,1337017,3726908,2,region7_918076235
2023-03-19 07:03,2717476971,7340032,1048576,5,region7_918076230
2023-03-19 07:03,2717476971,5242880,1048576,5,region7_918076230
2023-03-19 07:03,2717476971,3145728,1048576,5,region7_918076230
2023-03-19 07:03,2717476971,1048576,1048576,5,region7_918076230
2023-03-19 07:03,2717476971,6291456,1048576,5,region7_918076230
2023-03-19 07:03,2717476971,4194304,1048576,5,region7_918076230
2023-03-19 07:03,2717476971,2097152,1048576,5,region7_918076230
2023-03-19 07:03,2717476971,0,1048576,5,region7_918076230
2023-03-19 07:03,2716048044,1888896,494716,2,region7_918076228
2023-03-19 07:03,2716308727,0,44307,2,region7_918076228
2023-03-19 07:03,2717604865,1728512,2101248,2,region7_918076236
2023-03-19 07:03,2717604865,0,1728512,2,region7_918076236
2023-03-19 07:03,2717272163,0,145789,5,region7_918076230
2023-03-19 07:03,2717276341,10044338,48,2,region7_918076231
2023-03-19 07:03,2717289527,0,1780513,4,region7_918076232
2023-03-19 07:03,2717512787,0,3043776,5,region7_918076230
2023-03-19 07:03,2717604865,8081408,307200,2,region7_918076236
2023-03-19 07:03,2717604865,5971968,2109440,2,region7_918076236
2023-03-19 07:03,2717604865,3829760,2142208,2,region7_918076236
2023-03-19 07:03,2717614348,1043962,124992,2,region7_918076231
2023-03-19 07:03,2716920492,0,8388608,2,region7_918076235
2023-03-19 07:03,2716933436,0,7012840,4,region7_918076245
2023-03-19 07:03,2714810635,2095622,99622,2,region7_918076228
2023-03-19 07:03,2714810635,5528691,182907,2,region7_918076228
2023-03-19 07:03,2717358413,7794304,48,2,region7_918076231
2023-03-19 07:03,2717540692,0,8388608,2,region7_918076235
2023-03-19 07:03,2717571468,0,27648,2,region7_918076231
2023-03-19 07:03,2716024261,6599298,1161978,1,region7_918076226
2023-03-19 07:03,2717176210,5214208,2125824,2,region7_918076236
2023-03-19 07:03,2717176210,3088384,2125824,2,region7_918076236
2023-03-19 07:03,2717176210,7340032,1048576,2,region7_918076236
2023-03-19 07:03,2717176210,954368,2134016,2,region7_918076236
2023-03-19 07:03,2717176210,0,954368,2,region7_918076236
2023-03-19 07:03,2715758311,0,856299,2,region7_918076228
2023-03-19 07:03,2717654901,5059680,544832,2,region7_918076231
2023-03-19 07:03,2717619202,0,2543,5,region7_918076230
2023-03-19 07:03,2716945479,0,8388608,2,region7_918076235
2023-03-19 07:03,2717245507,0,8481568,6,region7_918076230
2023-03-19 07:03,2717245507,0,4038842,5,region7_918076230
2023-03-19 07:03,2717598155,0,15284,2,region7_918076231
2023-03-19 07:03,2717045017,0,5449461,2,region7_918076235
2023-03-19 07:03,2717409774,0,8388608,2,region7_918076235
2023-03-19 07:03,2715742518,0,176,2,region7_918076231
2023-03-19 07:03,2717544916,2736780,1673663,2,region7_918076227
2023-03-19 07:03,2717544916,3361867,1048576,2,region7_918076227
2023-03-19 07:03,2716668562,8296693,91915,2,region7_918076227
2023-03-19 07:03,2716668562,4571511,1457544,2,region7_918076227
2023-03-19 07:03,2716668562,0,2443692,2,region7_918076227
2023-03-19 07:03,2717694638,302030,203020,2,region7_918076228
2023-03-19 07:03,2715234709,0,7910423,2,region7_918076227
2023-03-19 07:03,2715386474,0,71465,2,region7_918076229
2023-03-19 07:03,2717165992,0,3047,2,region7_918076231
2023-03-19 07:03,2715661494,0,1098228,2,region7_918076231
2023-03-19 07:03,2715661494,1098228,431264,2,region7_918076231
2023-03-19 07:03,2717747853,2340978,196746,2,region7_918076231
2023-03-19 07:03,2717530268,6291456,1048576,5,region7_918076230
2023-03-19 07:03,2717530268,4194304,1048576,5,region7_918076230
2023-03-19 07:03,2717530268,3145728,1048576,5,region7_918076230
2023-03-19 07:03,2717530268,2097152,1048576,5,region7_918076230
2023-03-19 07:03,2717530268,1048576,1048576,5,region7_918076230
2023-03-19 07:03,2717530268,0,1048576,5,region7_918076230
2023-03-19 07:03,2717530268,7340032,1048576,5,region7_918076230
2023-03-19 07:03,2717530268,5242880,1048576,5,region7_918076230
2023-03-19 07:03,2717636351,0,4038842,5,region7_918076230
2023-03-19 07:03,2717725431,0,4608,2,region7_918076231
2023-03-19 07:03,2715095089,2487965,3339414,1,region7_918076226
2023-03-19 07:03,2714976528,2135363,6253245,2,region7_918076228
2023-03-19 07:03,2717509589,0,431121,5,region7_918076230
2023-03-19 07:03,2714976528,1337778,797585,2,region7_918076228
2023-03-19 07:03,2717106297,4194304,1048576,5,region7_918076230
2023-03-19 07:03,2717106297,2097152,1048576,5,region7_918076230
2023-03-19 07:03,2717106297,0,1048576,5,region7_918076230
2023-03-19 07:03,2717106297,5242880,1048576,5,region7_918076230
2023-03-19 07:03,2717106297,3145728,1048576,5,region7_918076230
2023-03-19 07:03,2717106297,1048576,1048576,5,region7_918076230
2023-03-19 07:03,2717396683,7647520,406144,2,region7_918076231
2023-03-19 07:03,2717560140,0,90356,2,region7_918076231
2023-03-19 07:03,2717106297,6291456,1048576,5,region7_918076230
2023-03-19 07:03,2717106297,7340032,1048576,5,region7_918076230
2023-03-19 07:03,2717219661,0,8244703,3,region7_918076226
2023-03-19 07:03,2717574440,0,8388608,2,region7_918076237
2023-03-19 07:03,2714976528,1337778,797585,2,region7_918076228
2023-03-19 07:03,2717193356,0,8679,2,region7_918076231
2023-03-19 07:03,2716852190,0,4038842,2,region7_918076231
2023-03-19 07:03,2717452676,309600,232448,2,region7_918076231
2023-03-19 07:03,2717273138,0,3046252,6,region7_918076230
2023-03-19 07:03,2716852190,0,4038842,2,region7_918076231
2023-03-19 07:03,2717422735,3997808,721402,2,region7_918076231
2023-03-19 07:03,2717643349,16384,5520,2,region7_918076236
2023-03-19 07:03,2716987298,0,128,2,region7_918076231
2023-03-19 07:03,2717083388,9364,4194304,1,region7_918076226
2023-03-19 07:03,2717083388,0,9364,1,region7_918076226
2023-03-19 07:03,2716841738,2873037,173700,2,region7_918076245
2023-03-19 07:03,2714931608,0,2304,2,region7_918076231
2023-03-19 07:03,2717750695,0,749556,2,region7_918076235
2023-03-19 07:03,2717750695,450535,299021,2,region7_918076235
2023-03-19 07:03,2717758559,7172585,310740,2,region7_918076235
2023-03-19 07:03,2717758559,2933030,840307,2,region7_918076235
2023-03-19 07:03,2717780736,6878309,55360,2,region7_918076231
2023-03-19 07:03,2717083388,4203668,4175575,1,region7_918076226
2023-03-19 07:03,2717132424,629399,7759209,2,region7_918076227
2023-03-19 07:03,2715333191,0,8388608,2,region7_918076227
2023-03-19 07:03,2717650804,0,11271,2,region7_918076231
2023-03-19 07:03,2717203882,5009472,488192,2,region7_918076231
2023-03-19 07:03,2716852190,0,4038842,2,region7_918076231
2023-03-19 07:03,2717499270,0,564232,2,region7_918076232
2023-03-19 07:03,2717788661,640,128,2,region7_918076231
2023-03-19 07:03,2715940535,2601180,459074,2,region7_918076231
2023-03-19 07:03,2717485332,1048576,1048576,5,region7_918076230
2023-03-19 07:03,2717485332,0,1048576,5,region7_918076230
2023-03-19 07:03,2715848747,2041822,3602297,2,region7_918076237
2023-03-19 07:03,2715940535,3388164,327910,2,region7_918076231
2023-03-19 07:03,2715940535,3060254,327910,2,region7_918076231
2023-03-19 07:03,2717213227,6389309,11862,2,region7_918076235
2023-03-19 07:03,2717213227,699525,41317,2,region7_918076235
2023-03-19 07:03,2717213227,7685493,2266,2,region7_918076235
2023-03-19 07:03,2717485332,3145728,893114,5,region7_918076230
2023-03-19 07:03,2717485332,2097152,1048576,5,region7_918076230
2023-03-19 07:03,2715480741,0,628663,2,region7_918076227
2023-03-19 07:03,2717057379,0,4038842,5,region7_918076230
2023-03-19 07:03,2717057379,0,8481568,6,region7_918076230
2023-03-19 07:03,2714810635,0,8353196,2,region7_918076244
2023-03-19 07:03,2717072172,0,512,2,region7_918076231
2023-03-19 07:03,2714810635,8353196,35412,2,region7_918076244
2023-03-19 07:03,2717248894,0,819460,5,region7_918076242
2023-03-19 07:03,2715860310,0,1339392,2,region7_918076236
2023-03-19 07:03,2717331731,0,640,2,region7_918076231
2023-03-19 07:03,2716773320,5009739,2160602,2,region7_918076228
2023-03-19 07:03,2717747853,3324708,196746,2,region7_918076231
2023-03-19 07:03,2715602515,0,384,2,region7_918076231
2023-03-19 07:03,2717534398,3142688,1048576,2,region7_918076228
2023-03-19 07:03,2716562045,3,989591,2,region7_918076228
2023-03-19 07:03,2717279855,0,8388608,2,region7_918076227
2023-03-19 07:03,2717643349,0,21904,2,region7_918076236
2023-03-19 07:03,2715964650,0,841372,2,region7_918076228
2023-03-19 07:03,2717386188,6291456,1048576,5,region7_918076230
2023-03-19 07:03,2717386188,4194304,1048576,5,region7_918076230
2023-03-19 07:03,2717386188,2097152,1048576,5,region7_918076230
2023-03-19 07:03,2717386188,1048576,1048576,5,region7_918076230
2023-03-19 07:03,2717386188,0,1048576,5,region7_918076230
2023-03-19 07:03,2717386188,7340032,1048576,5,region7_918076230
2023-03-19 07:03,2717386188,5242880,1048576,5,region7_918076230
2023-03-19 07:03,2717386188,3145728,1048576,5,region7_918076230
2023-03-19 07:03,2715763481,0,1052672,2,region7_918076233
2023-03-19 07:03,2717694638,302030,203020,2,region7_918076228
2023-03-19 07:03,2717698471,0,8388608,4,region7_918076237
2023-03-19 07:03,2715144825,2336880,688984,2,region7_918076229
2023-03-19 07:03,2717499338,11360000,169664,2,region7_918076231
2023-03-19 07:03,2715763481,7368704,1019904,2,region7_918076233
2023-03-19 07:03,2715763481,5263360,2105344,2,region7_918076233
2023-03-19 07:03,2715763481,3158016,2105344,2,region7_918076233
2023-03-19 07:03,2715763481,1052672,2105344,2,region7_918076233
2023-03-19 07:03,2717747853,3652618,196746,2,region7_918076231
2023-03-19 07:04,2717366197,0,1750749,6,region7_918076230
2023-03-19 07:04,2717366197,0,3501498,5,region7_918076230
2023-03-19 07:04,2717695558,0,226368,2,region7_918076231
2023-03-19 07:04,2717747853,3980528,131164,2,region7_918076231
2023-03-19 07:04,2717747853,3849364,131164,2,region7_918076231
2023-03-19 07:04,2715964650,0,841372,2,region7_918076228
2023-03-19 07:04,2717402852,0,8388608,2,region7_918076227
2023-03-19 07:04,2717538686,6291456,1048576,5,region7_918076230
2023-03-19 07:04,2717538686,4194304,1048576,5,region7_918076230
2023-03-19 07:04,2717538686,7340032,1048576,5,region7_918076230
2023-03-19 07:04,2717538686,5242880,1048576,5,region7_918076230
2023-03-19 07:04,2717538686,1048576,1048576,5,region7_918076230
2023-03-19 07:04,2717538686,3145728,1048576,5,region7_918076230
2023-03-19 07:04,2717538686,2097152,1048576,5,region7_918076230
2023-03-19 07:04,2717538686,0,1048576,5,region7_918076230
2023-03-19 07:04,2717769697,0,1048576,5,region7_918076230
2023-03-19 07:04,2715052492,0,20608,2,region7_918076231
2023-03-19 07:04,2717769697,4194304,1048576,5,region7_918076230
2023-03-19 07:04,2717769697,2097152,1048576,5,region7_918076230
2023-03-19 07:04,2717769697,1048576,1048576,5,region7_918076230
2023-03-19 07:04,2717769697,7340032,1048576,5,region7_918076230
2023-03-19 07:04,2717769697,6291456,1048576,5,region7_918076230
2023-03-19 07:04,2717769697,5242880,1048576,5,region7_918076230
2023-03-19 07:04,2717769697,3145728,1048576,5,region7_918076230
2023-03-19 07:04,2717579498,0,1335679,2,region7_918076227
2023-03-19 07:04,2717589632,490896,7990672,2,region7_918076234
2023-03-19 07:04,2717589632,0,584656,2,region7_918076234
2023-03-19 07:04,2717159093,0,7098873,4,region7_918076245
2023-03-19 07:04,2715052492,0,20608,2,region7_918076231
2023-03-19 07:04,2715427361,0,8388608,2,region7_918076232
2023-03-19 07:04,2717695558,226368,92716,2,region7_918076231
2023-03-19 07:04,2715226068,0,2982945,2,region7_918076229
2023-03-19 07:04,2717838711,3145728,1048576,5,region7_918076230
2023-03-19 07:04,2717838711,7340032,1048576,5,region7_918076230
2023-03-19 07:04,2717838711,5242880,1048576,5,region7_918076230
2023-03-19 07:04,2717838711,2097152,1048576,5,region7_918076230
2023-03-19 07:04,2717838711,1048576,1048576,5,region7_918076230
2023-03-19 07:04,2717838711,0,1048576,5,region7_918076230
2023-03-19 07:04,2717838711,6291456,1048576,5,region7_918076230
2023-03-19 07:04,2717838711,4194304,1048576,5,region7_918076230
2023-03-19 07:04,2717259868,0,368482,4,region7_918076237
2023-03-19 07:04,2717180555,0,128,2,region7_918076231
2023-03-19 07:04,2715047621,57937,6339,2,region7_918076233
2023-03-19 07:04,2715047621,57937,6339,2,region7_918076233
2023-03-19 07:04,2715047621,57937,6339,2,region7_918076233
2023-03-19 07:04,2715226068,0,2911067,2,region7_918076229
2023-03-19 07:04,2715226068,0,2982945,2,region7_918076229
2023-03-19 07:04,2717838711,8388608,92960,5,region7_918076230
2023-03-19 07:04,2714976528,2135363,6253245,2,region7_918076228
2023-03-19 07:04,2714976528,1337778,797585,2,region7_918076228
2023-03-19 07:04,2715052492,0,20608,2,region7_918076231
2023-03-19 07:04,2717422735,4719210,44734,2,region7_918076231
2023-03-19 07:04,2717275560,0,3897921,2,region7_918076233
2023-03-19 07:04,2717694638,302030,203020,2,region7_918076228
2023-03-19 07:04,2714978533,0,8388608,2,region7_918076227
2023-03-19 07:04,2717240962,0,4038842,5,region7_918076230
2023-03-19 07:04,2715052082,0,6269329,2,region7_918076227
2023-03-19 07:04,2717656359,1282048,2138112,2,region7_918076236
2023-03-19 07:04,2717656359,0,1282048,2,region7_918076236
2023-03-19 07:04,2717656359,3420160,2105344,2,region7_918076236
2023-03-19 07:04,2715031592,0,3053459,6,region7_918076230
2023-03-19 07:04,2717656359,5525504,2134016,2,region7_918076236
2023-03-19 07:04,2717656359,7659520,729088,2,region7_918076236
2023-03-19 07:04,2717320984,0,8388608,2,region7_918076227
2023-03-19 07:04,2715111043,877837,535066,2,region7_918076227
2023-03-19 07:04,2717297493,7340032,1048576,5,region7_918076230
2023-03-19 07:04,2717297493,6291456,1048576,5,region7_918076230
2023-03-19 07:04,2717297493,5242880,1048576,5,region7_918076230
2023-03-19 07:04,2717297493,4194304,1048576,5,region7_918076230
2023-03-19 07:04,2717297493,3145728,1048576,5,region7_918076230
2023-03-19 07:04,2717297493,2097152,1048576,5,region7_918076230
2023-03-19 07:04,2717297493,1048576,1048576,5,region7_918076230
2023-03-19 07:04,2717297493,0,1048576,5,region7_918076230
2023-03-19 07:04,2717565389,3846880,48,2,region7_918076231
2023-03-19 07:04,2715052492,0,20608,2,region7_918076231
2023-03-19 07:04,2717632545,0,128,2,region7_918076231
2023-03-19 07:04,2716980835,0,30080,2,region7_918076231
2023-03-19 07:04,2714810635,0,8388608,2,region7_918076237
2023-03-19 07:04,2715052492,0,20608,2,region7_918076231
2023-03-19 07:04,2715240767,0,721304,2,region7_918076244
2023-03-19 07:04,2715240767,0,721304,2,region7_918076232
2023-03-19 07:04,2717607226,0,1889,2,region7_918076231
2023-03-19 07:04,2714810635,8353196,35412,2,region7_918076244
2023-03-19 07:04,2714810635,0,8125490,2,region7_918076244
2023-03-19 07:04,2715003213,0,896,2,region7_918076231
2023-03-19 07:04,2714953645,5235280,3153328,2,region7_918076235
2023-03-19 07:04,2715112680,5391488,60480,2,region7_918076231
2023-03-19 07:04,2717770585,0,176,2,region7_918076231
2023-03-19 07:04,2717872067,1048576,1048576,5,region7_918076230
2023-03-19 07:04,2717872067,0,1048576,5,region7_918076230
2023-03-19 07:04,2717926593,1608003,6780605,2,region7_918076227
2023-03-19 07:04,2717872067,9437184,1048576,5,region7_918076230
2023-03-19 07:04,2717872067,3145728,1048576,5,region7_918076230
2023-03-19 07:04,2717872067,2097152,1048576,5,region7_918076230
2023-03-19 07:04,2717872067,12582912,714445,5,region7_918076230
2023-03-19 07:04,2717872067,11534336,1048576,5,region7_918076230
2023-03-19 07:04,2717872067,10485760,1048576,5,region7_918076230
2023-03-19 07:04,2717872067,8388608,1048576,5,region7_918076230
2023-03-19 07:04,2717872067,5242880,1048576,5,region7_918076230
2023-03-19 07:04,2717872067,7340032,1048576,5,region7_918076230
2023-03-19 07:04,2717872067,6291456,1048576,5,region7_918076230
2023-03-19 07:04,2717872067,4194304,1048576,5,region7_918076230
2023-03-19 07:04,2717772537,0,8163344,2,region7_918076234
2023-03-19 07:04,2717772537,0,394704,2,region7_918076234
2023-03-19 07:04,2717916672,0,3057365,6,region7_918076230
2023-03-19 07:04,2717614413,0,3054602,6,region7_918076230
2023-03-19 07:04,2717614413,0,7025585,5,region7_918076230
2023-03-19 07:04,2717772537,2932368,5549200,2,region7_918076234
2023-03-19 07:04,2717802481,505274,3954343,2,region7_918076229
2023-03-19 07:04,2717802481,1553850,2905767,2,region7_918076229
2023-03-19 07:04,2717487561,0,33946,2,region7_918076231
2023-03-19 07:04,2717342774,0,1866228,5,region7_918076230
2023-03-19 07:04,2717342774,0,933114,6,region7_918076230
2023-03-19 07:04,2715095089,5827379,1702898,1,region7_918076226
2023-03-19 07:04,2714931608,0,2304,2,region7_918076231
2023-03-19 07:04,2715024707,1538245,1884593,2,region7_918076228
2023-03-19 07:04,2717516738,0,4038842,5,region7_918076230
2023-03-19 07:04,2715860310,1339392,2129920,2,region7_918076236
2023-03-19 07:04,2714704131,0,40628,2,region7_918076231
2023-03-19 07:04,2716443558,0,176,2,region7_918076231
2023-03-19 07:04,2717840543,0,564219,4,region7_918076237
2023-03-19 07:04,2717850361,0,7012296,4,region7_918076245
2023-03-19 07:04,2717320999,2575417,4807608,2,region7_918076227
2023-03-19 07:04,2714704131,0,40628,2,region7_918076231
2023-03-19 07:04,2717603459,0,1589248,2,region7_918076236
2023-03-19 07:04,2717900982,6021713,2366895,2,region7_918076227
2023-03-19 07:04,2715114557,3726683,1084035,2,region7_918076235
2023-03-19 07:04,2715114557,1257641,739243,2,region7_918076235
2023-03-19 07:04,2714704131,0,40628,2,region7_918076231
2023-03-19 07:04,2717603459,3735552,2138112,2,region7_918076236
2023-03-19 07:04,2717603459,1589248,2146304,2,region7_918076236
2023-03-19 07:04,2714948345,4942641,82561,2,region7_918076235
2023-03-19 07:04,2714704131,0,40628,2,region7_918076231
2023-03-19 07:04,2717603459,5873664,2150400,2,region7_918076236
2023-03-19 07:04,2717694638,3312234,1082275,2,region7_918076228
2023-03-19 07:04,2714995435,5165716,495907,2,region7_918076228
2023-03-19 07:04,2717461502,0,4038842,5,region7_918076230
2023-03-19 07:04,2717603459,8024064,364544,2,region7_918076236
2023-03-19 07:04,2714976528,2135363,6253245,2,region7_918076228
2023-03-19 07:04,2714976528,1337778,797585,2,region7_918076228
2023-03-19 07:04,2715024707,1538245,1884593,2,region7_918076228
2023-03-19 07:04,2715101589,0,416108,4,region7_918076237
2023-03-19 07:04,2714981551,0,10572,2,region7_918076231
2023-03-19 07:04,2717372010,0,502281,5,region7_918076230
2023-03-19 07:04,2716187003,0,15066,2,region7_918076231
2023-03-19 07:04,2717662521,2472160,39104,2,region7_918076231
2023-03-19 07:04,2717861094,0,8320077,3,region7_918076226
2023-03-19 07:04,2715128911,0,512,2,region7_918076231
2023-03-19 07:04,2717776654,3391601,168392,2,region7_918076229
2023-03-19 07:04,2717776654,0,3559993,2,region7_918076229
2023-03-19 07:04,2714979517,8192,2356,2,region7_918076231
2023-03-19 07:04,2714979517,0,176,2,region7_918076231
2023-03-19 07:04,2715427361,0,8388608,2,region7_918076232
2023-03-19 07:04,2717791847,0,743421,2,region7_918076235
2023-03-19 07:04,2716124870,0,8388608,2,region7_918076227
2023-03-19 07:04,2714985679,0,8481568,6,region7_918076242
2023-03-19 07:04,2715022988,0,7069908,5,region7_918076230
2023-03-19 07:04,2717620122,1048576,86618,5,region7_918076230
2023-03-19 07:04,2717620122,0,1048576,5,region7_918076230
2023-03-19 07:04,2715022988,0,3073873,6,region7_918076230
2023-03-19 07:04,2717535610,7340032,1048576,5,region7_918076230
2023-03-19 07:04,2717535610,5242880,1048576,5,region7_918076230
2023-03-19 07:04,2717535610,3145728,1048576,5,region7_918076230
2023-03-19 07:04,2717535610,1048576,1048576,5,region7_918076230
2023-03-19 07:04,2717535610,6291456,1048576,5,region7_918076230
2023-03-19 07:04,2717535610,4194304,1048576,5,region7_918076230
2023-03-19 07:04,2717535610,2097152,1048576,5,region7_918076230
2023-03-19 07:04,2717535610,0,1048576,5,region7_918076230
2023-03-19 07:04,2717482334,19448,4194304,1,region7_918076226
2023-03-19 07:04,2717482334,0,19448,1,region7_918076226
2023-03-19 07:04,2717881098,0,8383799,3,region7_918076228
2023-03-19 07:04,2715182556,0,8388608,5,region7_918076230
2023-03-19 07:04,2715267384,0,7069079,4,region7_918076245
2023-03-19 07:04,2715290790,0,3072616,6,region7_918076230
2023-03-19 07:04,2717482334,4213752,4155408,1,region7_918076226
2023-03-19 07:04,2717693731,0,1485,2,region7_918076231
2023-03-19 07:04,2715226068,0,2982945,2,region7_918076229
2023-03-19 07:04,2715106161,0,8388608,2,region7_918076227
2023-03-19 07:04,2714930328,0,3866267,2,region7_918076229
2023-03-19 07:04,2714930328,0,2360724,2,region7_918076229
2023-03-19 07:04,2714986935,0,1159168,2,region7_918076233
2023-03-19 07:04,2717612658,0,295872,2,region7_918076234
2023-03-19 07:04,2717669098,0,640,2,region7_918076231
2023-03-19 07:04,2714986935,1159168,2125824,2,region7_918076233
2023-03-19 07:04,2717867850,4193312,48,2,region7_918076231
2023-03-19 07:04,2714986935,3284992,2117632,2,region7_918076233
2023-03-19 07:04,2717612658,295872,3742970,2,region7_918076234
2023-03-19 07:04,2714986935,5402624,2117632,2,region7_918076233
2023-03-19 07:04,2716795962,0,256,2,region7_918076231
2023-03-19 07:04,2714986935,7520256,649657,2,region7_918076233
2023-03-19 07:04,2717576597,0,4038842,2,region7_918076231
2023-03-19 07:04,2715197881,0,928140,2,region7_918076231
2023-03-19 07:04,2715485100,0,12007,2,region7_918076231
2023-03-19 07:04,2717470818,1918048,48,2,region7_918076231
2023-03-19 07:04,2715860310,3469312,2138112,2,region7_918076236
2023-03-19 07:04,2715499462,0,63328,2,region7_918076231
2023-03-19 07:04,2714953581,0,6572,2,region7_918076231
2023-03-19 07:04,2717521028,0,7089166,4,region7_918076245
2023-03-19 07:04,2717521852,0,4958623,4,region7_918076232
2023-03-19 07:04,2717582471,0,3054633,6,region7_918076230
2023-03-19 07:04,2717523015,0,4038842,5,region7_918076230
2023-03-19 07:04,2717676502,4420352,267264,2,region7_918076231
2023-03-19 07:04,2717925650,3229654,601137,2,region7_918076229
2023-03-19 07:04,2717617810,0,3053761,6,region7_918076230
2023-03-19 07:04,2715021526,7846474,60494,2,region7_918076231
2023-03-19 07:04,2716087408,0,3988,2,region7_918076231
2023-03-19 07:04,2717929389,1951840,48,2,region7_918076231
2023-03-19 07:04,2715512526,0,1174052,2,region7_918076228
2023-03-19 07:04,2715039151,0,8388608,2,region7_918076235
2023-03-19 07:04,2714995044,0,3245,2,region7_918076231
2023-03-19 07:04,2715042980,0,2543151,4,region7_918076232
2023-03-19 07:04,2715193572,0,176,2,region7_918076231
2023-03-19 07:04,2717522891,4641076,48,2,region7_918076231
2023-03-19 07:04,2715458229,0,768,2,region7_918076231
2023-03-19 07:04,2715499462,0,63328,2,region7_918076231
2023-03-19 07:04,2717613288,0,4038842,5,region7_918076230
2023-03-19 07:04,2717856152,0,256,2,region7_918076231
2023-03-19 07:05,2715073100,0,3955903,2,region7_918076229
2023-03-19 07:05,2715527000,4743168,2117632,2,region7_918076233
2023-03-19 07:05,2716288040,0,176,2,region7_918076231
2023-03-19 07:05,2715944356,0,8388608,2,region7_918076227
2023-03-19 07:05,2717669090,0,3089222,6,region7_918076230
2023-03-19 07:05,2714931608,0,2304,2,region7_918076231
2023-03-19 07:05,2714976528,1337778,797585,2,region7_918076228
2023-03-19 07:05,2714976528,2135363,6253245,2,region7_918076228
2023-03-19 07:05,2715455117,0,639454,5,region7_918076230
2023-03-19 07:05,2715492304,0,256,2,region7_918076231
2023-03-19 07:05,2716288040,8192,1101,2,region7_918076231
2023-03-19 07:05,2717549978,0,8328576,3,region7_918076226
2023-03-19 07:05,2717447738,0,8388608,2,region7_918076227
2023-03-19 07:05,2717846458,1634513,2088960,2,region7_918076238
2023-03-19 07:05,2717846458,0,1634513,2,region7_918076238
2023-03-19 07:05,2717846458,3723473,142942,2,region7_918076238
2023-03-19 07:05,2715543138,0,176,2,region7_918076231
2023-03-19 07:05,2715295115,0,512,2,region7_918076231
2023-03-19 07:05,2715458229,0,768,2,region7_918076231
2023-03-19 07:05,2715527000,6860800,1527808,2,region7_918076233
2023-03-19 07:05,2714971424,0,176,2,region7_918076231
2023-03-19 07:05,2714971424,8192,1310720,2,region7_918076231
2023-03-19 07:05,2715024707,1538245,1884593,2,region7_918076228
2023-03-19 07:05,2715197881,0,4232134,2,region7_918076231
2023-03-19 07:05,2715290784,0,3053815,6,region7_918076230
2023-03-19 07:05,2715373037,0,4038842,2,region7_918076231
2023-03-19 07:05,2715386474,0,71465,2,region7_918076229
2023-03-19 07:05,2715427361,0,8388608,2,region7_918076232
2023-03-19 07:05,2715458229,0,768,2,region7_918076231
2023-03-19 07:05,2717827014,0,31194,2,region7_918076231
2023-03-19 07:05,2714956640,284144,328000,2,region7_918076231
2023-03-19 07:05,2715221604,0,4038842,2,region7_918076231
2023-03-19 07:05,2715221604,0,2204780,2,region7_918076231
2023-03-19 07:05,2715221604,3758748,280094,2,region7_918076231
2023-03-19 07:05,2715559391,0,3344172,2,region7_918076229
2023-03-19 07:05,2715087128,0,8388608,2,region7_918076235
2023-03-19 07:05,2715216958,0,8388564,3,region7_918076228
2023-03-19 07:05,2715860310,5607424,2109440,2,region7_918076236
2023-03-19 07:05,2715247541,0,22599,2,region7_918076236
2023-03-19 07:05,2717657250,0,2053006,2,region7_918076234
2023-03-19 07:05,2717669124,5477822,2910786,2,region7_918076237
2023-03-19 07:05,2717928368,0,8388608,4,region7_918076232
2023-03-19 07:05,2715033061,0,6291673,2,region7_918076227
2023-03-19 07:05,2715142891,0,46422,2,region7_918076231
2023-03-19 07:05,2715494951,0,3971076,2,region7_918076229
2023-03-19 07:05,2715680116,0,4038842,5,region7_918076230
2023-03-19 07:05,2715047621,57937,6339,2,region7_918076233
2023-03-19 07:05,2717833670,8247699,140909,2,region7_918076228
2023-03-19 07:05,2717833670,7447582,800117,2,region7_918076228
2023-03-19 07:05,2714955075,0,7228672,4,region7_918076245
2023-03-19 07:05,2715483701,0,2810,2,region7_918076231
2023-03-19 07:05,2715494951,0,3971076,2,region7_918076229
2023-03-19 07:05,2715680116,0,8481568,6,region7_918076230
2023-03-19 07:05,2715008144,1048576,1048576,5,region7_918076230
2023-03-19 07:05,2715008144,3145728,1048576,5,region7_918076230
2023-03-19 07:05,2715008144,2097152,1048576,5,region7_918076230
2023-03-19 07:05,2715008144,0,1048576,5,region7_918076230
2023-03-19 07:05,2715610367,0,8344328,3,region7_918076226
2023-03-19 07:05,2715008144,6291456,1048576,5,region7_918076230
2023-03-19 07:05,2715008144,4194304,1048576,5,region7_918076230
2023-03-19 07:05,2715008144,7340032,1048576,5,region7_918076230
2023-03-19 07:05,2715008144,5242880,1048576,5,region7_918076230
2023-03-19 07:05,2717774514,0,38925,2,region7_918076231
2023-03-19 07:05,2715626175,0,8388608,2,region7_918076237
2023-03-19 07:05,2715740732,0,7105331,5,region7_918076230
2023-03-19 07:05,2717910816,7972104,416504,2,region7_918076228
2023-03-19 07:05,2715480629,0,7356527,3,region7_918076226
2023-03-19 07:05,2715740732,0,3089274,6,region7_918076230
2023-03-19 07:05,2717719438,0,512,2,region7_918076231
2023-03-19 07:05,2717799494,5242880,1048576,5,region7_918076230
2023-03-19 07:05,2717799494,8388608,92960,5,region7_918076230
2023-03-19 07:05,2717799494,7340032,1048576,5,region7_918076230
2023-03-19 07:05,2717799494,6291456,1048576,5,region7_918076230
2023-03-19 07:05,2717799494,4194304,1048576,5,region7_918076230
2023-03-19 07:05,2717799494,0,1048576,5,region7_918076230
2023-03-19 07:05,2717799494,3145728,1048576,5,region7_918076230
2023-03-19 07:05,2717799494,2097152,1048576,5,region7_918076230
2023-03-19 07:05,2717799494,1048576,1048576,5,region7_918076230
2023-03-19 07:05,2717910816,0,6837521,2,region7_918076228
2023-03-19 07:05,2717847430,0,3234832,2,region7_918076228
2023-03-19 07:05,2715136453,101302,271777,2,region7_918076235
2023-03-19 07:05,2715210730,0,587412,5,region7_918076230
2023-03-19 07:05,2715223254,16226656,42432,2,region7_918076231
2023-03-19 07:05,2715289436,0,6292300,2,region7_918076227
2023-03-19 07:05,2717708232,3209216,48,2,region7_918076231
2023-03-19 07:05,2717708232,3360832,48,2,region7_918076231
2023-03-19 07:05,2717708232,4070592,48,2,region7_918076231
2023-03-19 07:05,2717715372,0,921232,2,region7_918076228
2023-03-19 07:05,2717715372,921232,7467376,2,region7_918076228
2023-03-19 07:05,2715660208,0,1048576,5,region7_918076230
2023-03-19 07:05,2717660103,0,3099258,5,region7_918076242
2023-03-19 07:05,2717677988,0,4038842,5,region7_918076230
2023-03-19 07:05,2717847430,3234832,5153776,2,region7_918076228
2023-03-19 07:05,2717847430,0,3234832,2,region7_918076228
2023-03-19 07:05,2717852378,0,7057110,5,region7_918076230
2023-03-19 07:05,2714810635,0,8353196,2,region7_918076244
2023-03-19 07:05,2714943187,0,4048088,3,region7_918076226
2023-03-19 07:05,2714961692,0,1048576,5,region7_918076230
2023-03-19 07:05,2714961692,4194304,1048576,5,region7_918076230
2023-03-19 07:05,2714961692,3145728,1048576,5,region7_918076230
2023-03-19 07:05,2714961692,2097152,1048576,5,region7_918076230
2023-03-19 07:05,2714961692,1048576,1048576,5,region7_918076230
2023-03-19 07:05,2715660208,1048576,1048576,5,region7_918076230
2023-03-19 07:05,2717684693,0,6295,5,region7_918076230
2023-03-19 07:05,2717852378,0,3068309,6,region7_918076230
2023-03-19 07:05,2714961692,9437184,1048576,5,region7_918076230
2023-03-19 07:05,2714961692,14680064,166508,5,region7_918076230
2023-03-19 07:05,2714961692,11534336,1048576,5,region7_918076230
2023-03-19 07:05,2714961692,10485760,1048576,5,region7_918076230
2023-03-19 07:05,2714961692,13631488,1048576,5,region7_918076230
2023-03-19 07:05,2714961692,12582912,1048576,5,region7_918076230
2023-03-19 07:05,2714961692,8388608,1048576,5,region7_918076230
2023-03-19 07:05,2714961692,7340032,1048576,5,region7_918076230
2023-03-19 07:05,2714961692,6291456,1048576,5,region7_918076230
2023-03-19 07:05,2714961692,5242880,1048576,5,region7_918076230
2023-03-19 07:05,2715442606,0,7360,2,region7_918076231
2023-03-19 07:05,2715550627,0,3064848,2,region7_918076228
2023-03-19 07:05,2715660208,2097152,1048576,5,region7_918076230
2023-03-19 07:05,2717910816,0,6837521,2,region7_918076228
2023-03-19 07:05,2715244333,0,1888052,6,region7_918076230
2023-03-19 07:05,2715355362,0,8388608,2,region7_918076227
2023-03-19 07:05,2715244333,0,3776103,5,region7_918076230
2023-03-19 07:05,2715485100,0,12007,2,region7_918076231
2023-03-19 07:05,2715596329,285410,875103,2,region7_918076235
2023-03-19 07:05,2715660208,3145728,893114,5,region7_918076230
2023-03-19 07:05,2716413247,0,8375049,3,region7_918076226
2023-03-19 07:05,2715312306,0,176,2,region7_918076231
2023-03-19 07:05,2714810635,1533823,87462,2,region7_918076228
2023-03-19 07:05,2714810635,26559,369849,2,region7_918076228
2023-03-19 07:05,2714810635,8125490,227706,2,region7_918076228
2023-03-19 07:05,2714810635,5711598,183396,2,region7_918076228
2023-03-19 07:05,2715312042,7340032,1048576,2,region7_918076248
2023-03-19 07:05,2715705669,0,17332,2,region7_918076231
2023-03-19 07:05,2717715372,921232,7467376,2,region7_918076228
2023-03-19 07:05,2715312306,0,176,2,region7_918076231
2023-03-19 07:05,2717864097,0,8388608,2,region7_918076227
2023-03-19 07:05,2717876944,2097152,1048576,5,region7_918076230
2023-03-19 07:05,2717876944,0,1048576,5,region7_918076230
2023-03-19 07:05,2717876944,3145728,893114,5,region7_918076230
2023-03-19 07:05,2717876944,1048576,1048576,5,region7_918076230
2023-03-19 07:05,2715550627,3064848,5323760,2,region7_918076228
2023-03-19 07:05,2715675563,0,9818,2,region7_918076231
2023-03-19 07:05,2715480822,0,1048576,5,region7_918076230
2023-03-19 07:05,2715480822,1048576,1048576,5,region7_918076230
2023-03-19 07:05,2715684433,0,2129,5,region7_918076230
2023-03-19 07:05,2715764325,0,204800,2,region7_918076233
2023-03-19 07:05,2715084114,7487648,48,2,region7_918076231
2023-03-19 07:05,2715480822,3145728,893114,5,region7_918076230
2023-03-19 07:05,2715480822,2097152,1048576,5,region7_918076230
2023-03-19 07:05,2715640461,0,128,2,region7_918076231
2023-03-19 07:05,2715764325,6520832,1867776,2,region7_918076233
2023-03-19 07:05,2715764325,4411392,2109440,2,region7_918076233
2023-03-19 07:05,2715764325,204800,2101248,2,region7_918076233
2023-03-19 07:05,2715764325,2306048,2105344,2,region7_918076233
2023-03-19 07:05,2715335653,0,96,5,region7_918076230
2023-03-19 07:05,2715493571,0,8388608,2,region7_918076227
2023-03-19 07:05,2715826656,0,8379558,3,region7_918076226
2023-03-19 07:05,2717862343,742,2983,2,region7_918076231
2023-03-19 07:05,2715822735,4918080,148416,2,region7_918076231
2023-03-19 07:05,2717820150,1530444,21504,2,region7_918076231
2023-03-19 07:05,2715393433,0,1046170,6,region7_918076230
2023-03-19 07:05,2715393433,0,2406189,5,region7_918076230
2023-03-19 07:05,2715709697,0,8388608,2,region7_918076227
2023-03-19 07:05,2715021420,0,570744,4,region7_918076237
2023-03-19 07:05,2715104567,8265497,48,2,region7_918076231
2023-03-19 07:05,2715199765,0,5350120,4,region7_918076236
2023-03-19 07:05,2715702923,3731234,319442,2,region7_918076237
2023-03-19 07:05,2715720807,0,14907864,2,region7_918076232
2023-03-19 07:05,2715569459,0,286336,2,region7_918076231
2023-03-19 07:05,2715743606,0,512,2,region7_918076231
2023-03-19 07:05,2715566492,0,3102529,6,region7_918076230
2023-03-19 07:05,2715661732,0,7019162,4,region7_918076245
2023-03-19 07:05,2715066909,1613204,48,2,region7_918076231
2023-03-19 07:05,2715743606,0,512,2,region7_918076231
2023-03-19 07:05,2715786153,7965472,54784,2,region7_918076231
2023-03-19 07:05,2714931608,0,2304,2,region7_918076231
2023-03-19 07:05,2715455194,205898,1048576,2,region7_918076237
2023-03-19 07:05,2715743606,0,512,2,region7_918076231
2023-03-19 07:05,2715772659,0,1991211,4,region7_918076232
2023-03-19 07:05,2715952585,0,8374615,3,region7_918076226
2023-03-19 07:05,2715240767,0,721304,2,region7_918076232
2023-03-19 07:05,2715070111,0,8361216,3,region7_918076226
2023-03-19 07:05,2714937008,4881873,3273014,2,region7_918076235
2023-03-19 07:05,2714937008,298303,184152,2,region7_918076235
2023-03-19 07:05,2715116190,0,7140327,2,region7_918076231
2023-03-19 07:05,2715144358,0,65799,2,region7_918076231
2023-03-19 07:05,2715556442,0,3231508,2,region7_918076228
2023-03-19 07:05,2715859212,0,5837,2,region7_918076231
2023-03-19 07:05,2715963601,313696,48,2,region7_918076231
2023-03-19 07:05,2715346573,0,8366077,3,region7_918076226
2023-03-19 07:05,2715556442,3231508,5157100,2,region7_918076228
2023-03-19 07:05,2715392037,3395796,48,2,region7_918076231
2023-03-19 07:05,2715860310,7716864,671744,2,region7_918076236
2023-03-19 07:05,2715495112,0,3296,2,region7_918076231
2023-03-19 07:05,2715798668,0,4752271,2,region7_918076235
2023-03-19 07:05,2715047621,57937,6339,2,region7_918076233
2023-03-19 07:05,2715047621,57937,6339,2,region7_918076233
2023-03-19 07:05,2715024707,1538245,1884593,2,region7_918076228
2023-03-19 07:05,2715830812,3145728,1048576,5,region7_918076230
2023-03-19 07:05,2715830812,2097152,1048576,5,region7_918076230
2023-03-19 07:05,2715830812,0,1048576,5,region7_918076230
2023-03-19 07:05,2715830812,1048576,1048576,5,region7_918076230
2023-03-19 07:05,2714969199,0,3533,2,region7_918076231
2023-03-19 07:05,2715830812,7340032,1048576,5,region7_918076230
2023-03-19 07:05,2715830812,6291456,1048576,5,region7_918076230
2023-03-19 07:05,2715830812,5242880,1048576,5,region7_918076230
2023-03-19 07:05,2715830812,4194304,1048576,5,region7_918076230
2023-03-19 07:05,2715906504,0,8388608,2,region7_918076227
2023-03-19 07:05,2717326331,2580514,1372109,2,region7_918076229
2023-03-19 07:05,2715106082,0,8388608,4,region7_918076232
2023-03-19 07:05,2715135068,0,134,5,region7_918076230
2023-03-19 07:05,2715481511,0,2333737,2,region7_918076227
2023-03-19 07:05,2717871085,7864192,48,2,region7_918076231
2023-03-19 07:05,2717326331,1531938,2420685,2,region7_918076229
2023-03-19 07:05,2715348057,8388608,92960,5,region7_918076230
2023-03-19 07:05,2715348057,7340032,1048576,5,region7_918076230
2023-03-19 07:05,2715348057,6291456,1048576,5,region7_918076230
2023-03-19 07:05,2715348057,5242880,1048576,5,region7_918076230
2023-03-19 07:05,2715348057,4194304,1048576,5,region7_918076230
2023-03-19 07:05,2715348057,3145728,1048576,5,region7_918076230
2023-03-19 07:05,2715348057,2097152,1048576,5,region7_918076230
2023-03-19 07:05,2715348057,0,1048576,5,region7_918076230
2023-03-19 07:05,2715348057,1048576,1048576,5,region7_918076230
2023-03-19 07:05,2715199765,1045600,2142208,2,region7_918076236
2023-03-19 07:05,2715677417,0,11488746,5,region7_918076230
2023-03-19 07:05,2715622112,0,8342018,3,region7_918076226
2023-03-19 07:05,2715875674,0,4721914,5,region7_918076230
2023-03-19 07:05,2715887043,0,384,2,region7_918076231
2023-03-19 07:05,2715875674,0,2053006,6,region7_918076230
2023-03-19 07:05,2715072728,0,176,2,region7_918076231
2023-03-19 07:05,2715677417,0,26424116,6,region7_918076230
2023-03-19 07:05,2715355298,0,8388608,2,region7_918076227
2023-03-19 07:05,2715455200,14464,1536,2,region7_918076231
2023-03-19 07:05,2714931608,0,2304,2,region7_918076231
2023-03-19 07:05,2715470833,12858816,80192,2,region7_918076231
2023-03-19 07:05,2715107920,1835398,75072,2,region7_918076231
2023-03-19 07:05,2715232485,0,3050825,6,region7_918076230
2023-03-19 07:05,2715565014,0,940,2,region7_918076231
2023-03-19 07:05,2715087147,0,8388608,4,region7_918076232
2023-03-19 07:06,2715054356,5246976,2146304,2,region7_918076236
2023-03-19 07:06,2715054356,3133440,2113536,2,region7_918076236
2023-03-19 07:06,2715054356,1032192,2101248,2,region7_918076236
2023-03-19 07:06,2715054356,0,1032192,2,region7_918076236
2023-03-19 07:06,2715054356,7393280,995328,2,region7_918076236
2023-03-19 07:06,2715998594,0,2260277,4,region7_918076232
2023-03-19 07:06,2714934820,0,2416537,2,region7_918076244
2023-03-19 07:06,2715713919,4194304,4194304,2,region7_918076232
2023-03-19 07:06,2715713919,0,4194304,2,region7_918076232
2023-03-19 07:06,2715725392,0,711767,2,region7_918076228
2023-03-19 07:06,2715725392,711767,7676841,2,region7_918076228
2023-03-19 07:06,2715389341,0,1084134,2,region7_918076228
2023-03-19 07:06,2715728176,0,2050068,2,region7_918076229
2023-03-19 07:06,2715728176,0,3098644,2,region7_918076229
2023-03-19 07:06,2714831273,0,8388608,2,region7_918076235
2023-03-19 07:06,2715011317,1044480,2068480,2,region7_918076238
2023-03-19 07:06,2715011317,0,1044480,2,region7_918076238
2023-03-19 07:06,2715597567,0,2964351,2,region7_918076232
2023-03-19 07:06,2715979960,1477610,48,2,region7_918076231
2023-03-19 07:06,2716136242,0,8388608,5,region7_918076230
2023-03-19 07:06,2715011317,3112960,2068480,2,region7_918076238
2023-03-19 07:06,2715121174,0,896422,4,region7_918076232
2023-03-19 07:06,2715011317,7249920,1138688,2,region7_918076238
2023-03-19 07:06,2715011317,5181440,2068480,2,region7_918076238
2023-03-19 07:06,2716034638,0,8388608,4,region7_918076232
2023-03-19 07:06,2715544824,0,263398,2,region7_918076231
2023-03-19 07:06,2715894792,0,29357,2,region7_918076231
2023-03-19 07:06,2716077170,0,4544,2,region7_918076231
2023-03-19 07:06,2716181324,2674880,48,2,region7_918076231
2023-03-19 07:06,2714768373,0,158452,2,region7_918076231
2023-03-19 07:06,2715160556,0,3104422,5,region7_918076230
2023-03-19 07:06,2715511258,1695744,2117632,2,region7_918076236
2023-03-19 07:06,2715511258,3813376,2125824,2,region7_918076236
2023-03-19 07:06,2715511258,0,1695744,2,region7_918076236
2023-03-19 07:06,2715544824,263398,264359,2,region7_918076231
2023-03-19 07:06,2715691641,0,8388608,2,region7_918076227
2023-03-19 07:06,2715736648,0,63821,2,region7_918076231
2023-03-19 07:06,2715738222,7890656,32768,2,region7_918076231
2023-03-19 07:06,2715511258,8056832,331776,2,region7_918076236
2023-03-19 07:06,2715511258,5939200,2117632,2,region7_918076236
2023-03-19 07:06,2715736648,0,63821,2,region7_918076231
2023-03-19 07:06,2715047621,57937,6339,2,region7_918076233
2023-03-19 07:06,2715894716,1175638,48,2,region7_918076231
2023-03-19 07:06,2715380432,0,8388608,2,region7_918076227
2023-03-19 07:06,2715736648,0,63821,2,region7_918076231
2023-03-19 07:06,2714976528,2135363,6253245,2,region7_918076228
2023-03-19 07:06,2714976528,1337778,797585,2,region7_918076228
2023-03-19 07:06,2716228861,0,8388608,2,region7_918076237
2023-03-19 07:06,2715518333,6623232,1765376,2,region7_918076236
2023-03-19 07:06,2715518333,2363392,2129920,2,region7_918076236
2023-03-19 07:06,2715518333,4493312,2129920,2,region7_918076236
2023-03-19 07:06,2715518333,229376,2134016,2,region7_918076236
2023-03-19 07:06,2715518333,0,229376,2,region7_918076236
2023-03-19 07:06,2715825450,0,7020138,4,region7_918076245
2023-03-19 07:06,2716042055,0,8753101,5,region7_918076230
2023-03-19 07:06,2715433095,0,1600589,2,region7_918076231
2023-03-19 07:06,2715597514,0,12160,1,region7_918076226
2023-03-19 07:06,2716042055,0,4168144,6,region7_918076230
2023-03-19 07:06,2715597514,12160,4194304,1,region7_918076226
2023-03-19 07:06,2715712836,0,5646905,4,region7_918076232
2023-03-19 07:06,2715476393,803590,48,2,region7_918076231
2023-03-19 07:06,2715597514,4206464,4169983,1,region7_918076226
2023-03-19 07:06,2716157334,7340032,1048576,5,region7_918076230
2023-03-19 07:06,2716157334,4194304,1048576,5,region7_918076230
2023-03-19 07:06,2716157334,3145728,1048576,5,region7_918076230
2023-03-19 07:06,2716157334,2097152,1048576,5,region7_918076230
2023-03-19 07:06,2716157334,0,1048576,5,region7_918076230
2023-03-19 07:06,2716157334,6291456,1048576,5,region7_918076230
2023-03-19 07:06,2716157334,5242880,1048576,5,region7_918076230
2023-03-19 07:06,2716157334,1048576,1048576,5,region7_918076230
2023-03-19 07:06,2715125654,0,128,2,region7_918076231
2023-03-19 07:06,2715166695,7340032,1048576,5,region7_918076230
2023-03-19 07:06,2715166695,5242880,1048576,5,region7_918076230
2023-03-19 07:06,2715166695,1048576,1048576,5,region7_918076230
2023-03-19 07:06,2715166695,6291456,1048576,5,region7_918076230
2023-03-19 07:06,2715166695,4194304,1048576,5,region7_918076230
2023-03-19 07:06,2715166695,3145728,1048576,5,region7_918076230
2023-03-19 07:06,2715166695,2097152,1048576,5,region7_918076230
2023-03-19 07:06,2715166695,0,1048576,5,region7_918076230
2023-03-19 07:06,2715182767,2097152,635392,5,region7_918076230
2023-03-19 07:06,2715182767,0,1048576,5,region7_918076230
2023-03-19 07:06,2715182767,1048576,1048576,5,region7_918076230
2023-03-19 07:06,2715340385,809952,42944,2,region7_918076231
2023-03-19 07:06,2715385428,343296,30272,2,region7_918076231
2023-03-19 07:06,2715260080,0,6285957,2,region7_918076227
2023-03-19 07:06,2715404197,0,3068337,2,region7_918076232
2023-03-19 07:06,2715783541,0,5448517,2,region7_918076228
2023-03-19 07:06,2715783541,5448517,1687232,2,region7_918076228
2023-03-19 07:06,2715814290,0,3658992,2,region7_918076229
2023-03-19 07:06,2714976528,2135363,6253245,2,region7_918076228
2023-03-19 07:06,2716184222,0,8347820,3,region7_918076226
2023-03-19 07:06,2715272190,0,4038842,5,region7_918076230
2023-03-19 07:06,2715272190,0,8481568,6,region7_918076230
2023-03-19 07:06,2715814290,0,3658992,2,region7_918076229
2023-03-19 07:06,2715047621,57937,6339,2,region7_918076233
2023-03-19 07:06,2714931608,0,2304,2,region7_918076231
2023-03-19 07:06,2714837320,0,6284191,2,region7_918076232
2023-03-19 07:06,2716175529,0,4038842,2,region7_918076231
2023-03-19 07:06,2716175529,0,910620,2,region7_918076231
2023-03-19 07:06,2715446664,2338816,2117632,2,region7_918076233
2023-03-19 07:06,2715446664,225280,2113536,2,region7_918076233
2023-03-19 07:06,2715446664,0,225280,2,region7_918076233
2023-03-19 07:06,2715279729,4414706,43520,2,region7_918076231
2023-03-19 07:06,2715446664,6565888,1822720,2,region7_918076233
2023-03-19 07:06,2715446664,4456448,2109440,2,region7_918076233
2023-03-19 07:06,2715661712,4173248,48256,2,region7_918076231
2023-03-19 07:06,2715684479,0,470772,5,region7_918076230
2023-03-19 07:06,2716088260,0,10048,2,region7_918076231
2023-03-19 07:06,2715566340,0,8388608,4,region7_918076232
2023-03-19 07:06,2715256787,0,176,2,region7_918076231
2023-03-19 07:06,2714870008,0,256,2,region7_918076231
2023-03-19 07:06,2714777954,0,8388608,2,region7_918076227
2023-03-19 07:06,2715262831,3145728,893114,5,region7_918076230
2023-03-19 07:06,2715262831,1048576,1048576,5,region7_918076230
2023-03-19 07:06,2715262831,2097152,1048576,5,region7_918076230
2023-03-19 07:06,2715262831,0,1048576,5,region7_918076230
2023-03-19 07:06,2715293955,0,4038842,6,region7_918076230
2023-03-19 07:06,2715427361,0,8388608,2,region7_918076232
2023-03-19 07:06,2715840929,0,8388608,2,region7_918076235
2023-03-19 07:06,2716057300,0,1048576,5,region7_918076230
2023-03-19 07:06,2716057300,1048576,1048576,5,region7_918076230
2023-03-19 07:06,2716116177,0,3968,2,region7_918076231
2023-03-19 07:06,2714870008,0,256,2,region7_918076231
2023-03-19 07:06,2716057300,5242880,3687,5,region7_918076230
2023-03-19 07:06,2716057300,4194304,1048576,5,region7_918076230
2023-03-19 07:06,2716057300,3145728,1048576,5,region7_918076230
2023-03-19 07:06,2716057300,2097152,1048576,5,region7_918076230
2023-03-19 07:06,2715014137,0,8388608,2,region7_918076227
2023-03-19 07:06,2716381325,0,67149,2,region7_918076231
2023-03-19 07:06,2715893616,801566,48,2,region7_918076231
2023-03-19 07:06,2715341633,0,8386351,3,region7_918076226
2023-03-19 07:06,2715639293,0,28288,2,region7_918076231
2023-03-19 07:06,2715024707,3186500,1048576,2,region7_918076228
2023-03-19 07:06,2715319463,0,4038842,2,region7_918076231
2023-03-19 07:06,2715483478,0,3648,5,region7_918076230
2023-03-19 07:06,2715739599,5491712,29120,2,region7_918076231
2023-03-19 07:06,2715364830,5931436,1048576,2,region7_918076235
2023-03-19 07:06,2715364830,5339186,1640826,2,region7_918076235
2023-03-19 07:06,2715531237,1957680,459074,2,region7_918076231
2023-03-19 07:06,2714931608,0,2304,2,region7_918076231
2023-03-19 07:06,2715480419,0,788698,2,region7_918076228
2023-03-19 07:06,2714870008,0,256,2,region7_918076231
2023-03-19 07:06,2715587845,4776480,238656,2,region7_918076231
2023-03-19 07:06,2715639293,0,28288,2,region7_918076231
2023-03-19 07:06,2714961086,0,2448580,2,region7_918076228
2023-03-19 07:06,2715856528,0,2322027,2,region7_918076227
2023-03-19 07:06,2715024707,1538245,1884593,2,region7_918076228
2023-03-19 07:06,2715450627,0,640,2,region7_918076231
2023-03-19 07:06,2716317055,0,3046287,6,region7_918076230
2023-03-19 07:06,2715408750,0,8388608,2,region7_918076227
2023-03-19 07:06,2714961086,10837188,3991246,2,region7_918076228
2023-03-19 07:06,2714961086,2448580,8388608,2,region7_918076228
2023-03-19 07:06,2715783541,0,5448517,2,region7_918076228
2023-03-19 07:06,2715842202,0,8388608,2,region7_918076232
2023-03-19 07:06,2714779170,0,176,2,region7_918076231
2023-03-19 07:06,2716408658,3145728,926397,5,region7_918076230
2023-03-19 07:06,2716408658,2097152,1048576,5,region7_918076230
2023-03-19 07:06,2716408658,0,1048576,5,region7_918076230
2023-03-19 07:06,2716408658,1048576,1048576,5,region7_918076230
2023-03-19 07:06,2715567866,0,8388608,2,region7_918076227
2023-03-19 07:06,2715577696,0,8481568,5,region7_918076230
2023-03-19 07:06,2715925287,0,32608,2,region7_918076231
2023-03-19 07:06,2715953749,0,4173,2,region7_918076231
2023-03-19 07:06,2716039481,0,8388608,2,region7_918076227
2023-03-19 07:06,2716060064,1048576,815947,5,region7_918076230
2023-03-19 07:06,2716060064,0,1048576,5,region7_918076230
2023-03-19 07:06,2716331297,0,896,2,region7_918076231
2023-03-19 07:06,2715577696,0,4038842,6,region7_918076230
2023-03-19 07:06,2716307205,0,8388608,2,region7_918076227
2023-03-19 07:06,2715024707,1538245,1884593,2,region7_918076228
2023-03-19 07:06,2715225418,0,5532329,2,region7_918076235
2023-03-19 07:06,2715437392,0,3830427,4,region7_918076243
2023-03-19 07:06,2716218809,0,8378818,3,region7_918076226
2023-03-19 07:06,2716242879,2698835,2109572,2,region7_918076228
2023-03-19 07:06,2716214846,0,3143538,4,region7_918076232
2023-03-19 07:06,2716331297,0,896,2,region7_918076231
2023-03-19 07:06,2716135082,2807560,34816,2,region7_918076231
2023-03-19 07:06,2716293329,0,3138993,4,region7_918076232
2023-03-19 07:06,2716333771,2048,8704,2,region7_918076231
2023-03-19 07:06,2715483506,0,7064230,5,region7_918076230
2023-03-19 07:06,2715518330,4083141,3487408,2,region7_918076227
2023-03-19 07:06,2715808763,0,3764,2,region7_918076231
2023-03-19 07:06,2715483506,0,3071405,6,region7_918076230
2023-03-19 07:06,2716151354,0,7019936,4,region7_918076245
2023-03-19 07:06,2715532471,0,8388608,4,region7_918076232
2023-03-19 07:06,2716066098,0,8388608,2,region7_918076227
2023-03-19 07:06,2715701480,0,14413,2,region7_918076231
2023-03-19 07:06,2715782317,0,8388608,2,region7_918076227
2023-03-19 07:06,2715556412,0,7103826,5,region7_918076230
2023-03-19 07:06,2715556412,0,3088620,6,region7_918076230
2023-03-19 07:06,2716100748,0,7055872,4,region7_918076245
2023-03-19 07:06,2715677123,0,20621,2,region7_918076231
2023-03-19 07:06,2715826737,1225,497633,2,region7_918076235
2023-03-19 07:06,2716187850,0,7022796,5,region7_918076230
2023-03-19 07:06,2715842202,0,8388608,2,region7_918076232
2023-03-19 07:06,2716187850,0,3053390,6,region7_918076230
2023-03-19 07:06,2715115587,0,8388608,2,region7_918076237
2023-03-19 07:06,2715805313,0,8388608,2,region7_918076227
2023-03-19 07:06,2716056470,0,4038842,6,region7_918076230
2023-03-19 07:06,2715907865,0,6605,2,region7_918076231
2023-03-19 07:06,2715869029,0,7074357,4,region7_918076245
2023-03-19 07:06,2716100572,0,984961,2,region7_918076235
2023-03-19 07:06,2715785832,0,8388608,2,region7_918076227
2023-03-19 07:06,2716443585,2293507,6095101,2,region7_918076229
2023-03-19 07:06,2715684689,0,7016084,5,region7_918076230
2023-03-19 07:06,2715052329,0,153639,2,region7_918076231
2023-03-19 07:06,2716123690,0,10368,2,region7_918076231
2023-03-19 07:06,2715510351,0,8388608,2,region7_918076227
2023-03-19 07:06,2715575142,0,4038842,5,region7_918076230
2023-03-19 07:06,2715592269,0,5632,2,region7_918076231
2023-03-19 07:06,2715970152,0,7991794,2,region7_918076227
2023-03-19 07:06,2716298762,0,8388608,2,region7_918076227
2023-03-19 07:06,2715684689,0,3050472,6,region7_918076230
2023-03-19 07:06,2716494615,0,8388608,2,region7_918076235
2023-03-19 07:06,2715575142,0,8481568,6,region7_918076230
2023-03-19 07:06,2715240767,0,721304,2,region7_918076237
2023-03-19 07:06,2715804546,2601152,104960,2,region7_918076231
2023-03-19 07:06,2716060102,0,8370737,3,region7_918076226
2023-03-19 07:06,2715592269,0,5632,2,region7_918076231
2023-03-19 07:06,2715715457,3733568,148928,2,region7_918076231
2023-03-19 07:06,2715596288,0,808235,5,region7_918076230
2023-03-19 07:06,2716549197,8541030,28224,2,region7_918076231
2023-03-19 07:06,2715633601,0,1179326,4,region7_918076247
2023-03-19 07:06,2714952285,0,7024168,2,region7_918076227
2023-03-19 07:06,2714952285,7262841,1125767,2,region7_918076227
2023-03-19 07:06,2714952285,7857770,530838,2,region7_918076227
2023-03-19 07:06,2716443542,0,7025711,4,region7_918076245
2023-03-19 07:06,2714746353,0,82518,1,region7_918076226
2023-03-19 07:06,2715400223,0,2176,2,region7_918076231
2023-03-19 07:07,2716472660,6067056,2414512,2,region7_918076231
2023-03-19 07:07,2716472660,0,6490672,2,region7_918076231
2023-03-19 07:07,2716354009,0,2728587,4,region7_918076232
2023-03-19 07:07,2715665982,0,4038842,6,region7_918076230
2023-03-19 07:07,2715848747,0,8388608,2,region7_918076237
2023-03-19 07:07,2716231185,0,4038842,2,region7_918076234
2023-03-19 07:07,2716589517,0,27,5,region7_918076230
2023-03-19 07:07,2716234462,8388608,92960,5,region7_918076230
2023-03-19 07:07,2716234462,7340032,1048576,5,region7_918076230
2023-03-19 07:07,2716234462,6291456,1048576,5,region7_918076230
2023-03-19 07:07,2716234462,5242880,1048576,5,region7_918076230
2023-03-19 07:07,2716234462,4194304,1048576,5,region7_918076230
2023-03-19 07:07,2716234462,3145728,1048576,5,region7_918076230
2023-03-19 07:07,2716234462,2097152,1048576,5,region7_918076230
2023-03-19 07:07,2716234462,1048576,1048576,5,region7_918076230
2023-03-19 07:07,2716234462,0,1048576,5,region7_918076230
2023-03-19 07:07,2716377826,0,8388608,2,region7_918076237
2023-03-19 07:07,2716658486,225920,16960,2,region7_918076231
2023-03-19 07:07,2716574333,42384,503096,2,region7_918076228
2023-03-19 07:07,2716551506,0,17803283,3,region7_918076226
2023-03-19 07:07,2714810635,6864870,1523738,2,region7_918076228
2023-03-19 07:07,2714810635,3457016,990725,2,region7_918076228
2023-03-19 07:07,2714810635,320430,1874814,2,region7_918076228
2023-03-19 07:07,2714810635,5528691,182907,2,region7_918076228
2023-03-19 07:07,2716138825,0,647195,4,region7_918076237
2023-03-19 07:07,2716286883,4742912,48,2,region7_918076231
2023-03-19 07:07,2716318061,0,176,2,region7_918076231
2023-03-19 07:07,2716597827,0,2624,2,region7_918076231
2023-03-19 07:07,2716721372,0,4038842,5,region7_918076230
2023-03-19 07:07,2715954843,0,7001912,4,region7_918076245
2023-03-19 07:07,2716124784,0,8388608,2,region7_918076227
2023-03-19 07:07,2716392263,3145728,893114,5,region7_918076230
2023-03-19 07:07,2716392263,2097152,1048576,5,region7_918076230
2023-03-19 07:07,2716392263,1048576,1048576,5,region7_918076230
2023-03-19 07:07,2716392263,0,1048576,5,region7_918076230
2023-03-19 07:07,2716579039,0,8388608,4,region7_918076232
2023-03-19 07:07,2716329073,4058688,48,2,region7_918076231
2023-03-19 07:07,2716161003,0,3323344,2,region7_918076234
2023-03-19 07:07,2714707232,0,2083906,1,region7_918076226
2023-03-19 07:07,2716729993,0,8388608,2,region7_918076227
2023-03-19 07:07,2716161003,2233488,6248080,2,region7_918076234
2023-03-19 07:07,2716614917,7678080,112640,2,region7_918076231
2023-03-19 07:07,2716177993,0,4038842,6,region7_918076230
2023-03-19 07:07,2716452584,0,128,2,region7_918076231
2023-03-19 07:07,2716655870,0,6822,1,region7_918076226
2023-03-19 07:07,2716655870,6822,4194304,1,region7_918076226
2023-03-19 07:07,2715515282,0,567808,2,region7_918076231
2023-03-19 07:07,2714985310,0,377344,2,region7_918076231
2023-03-19 07:07,2716256436,3145728,893114,5,region7_918076230
2023-03-19 07:07,2716256436,1048576,1048576,5,region7_918076230
2023-03-19 07:07,2716256436,0,1048576,5,region7_918076230
2023-03-19 07:07,2716256436,2097152,1048576,5,region7_918076230
2023-03-19 07:07,2714985310,0,377344,2,region7_918076231
2023-03-19 07:07,2716655870,4201126,4180659,1,region7_918076226
2023-03-19 07:07,2715480419,0,788698,2,region7_918076228
2023-03-19 07:07,2716343618,0,8388608,4,region7_918076232
2023-03-19 07:07,2716034828,0,722426,2,region7_918076231
2023-03-19 07:07,2716343518,0,8388608,2,region7_918076227
2023-03-19 07:07,2715126986,0,319258,2,region7_918076231
2023-03-19 07:07,2716574333,0,545480,2,region7_918076228
2023-03-19 07:07,2716604698,17326,5356,2,region7_918076233
2023-03-19 07:07,2716604698,0,21422,2,region7_918076233
2023-03-19 07:07,2716322897,0,3049152,6,region7_918076230
2023-03-19 07:07,2716545517,1560640,69888,2,region7_918076231
2023-03-19 07:07,2716693282,0,24960,2,region7_918076231
2023-03-19 07:07,2716759478,23743,3487,2,region7_918076233
2023-03-19 07:07,2716759478,0,26235,2,region7_918076233
2023-03-19 07:07,2716759478,26235,2194,2,region7_918076233
2023-03-19 07:07,2714810635,0,8353196,2,region7_918076244
2023-03-19 07:07,2714810635,8353196,35412,2,region7_918076244
2023-03-19 07:07,2716387556,3428416,903616,2,region7_918076231
2023-03-19 07:07,2716606010,0,25165824,3,region7_918076237
2023-03-19 07:07,2715972762,6781120,97152,2,region7_918076231
2023-03-19 07:07,2715976250,0,823298,2,region7_918076235
2023-03-19 07:07,2715514783,0,8375496,3,region7_918076226
2023-03-19 07:07,2716710149,6819072,1569536,2,region7_918076228
2023-03-19 07:07,2716710149,0,6819072,2,region7_918076228
2023-03-19 07:07,2716842363,0,11610,2,region7_918076231
2023-03-19 07:07,2715920249,3145728,1048576,5,region7_918076230
2023-03-19 07:07,2715920249,7340032,1048576,5,region7_918076230
2023-03-19 07:07,2715920249,2097152,1048576,5,region7_918076230
2023-03-19 07:07,2715920249,0,1048576,5,region7_918076230
2023-03-19 07:07,2715920249,6291456,1048576,5,region7_918076230
2023-03-19 07:07,2715920249,5242880,1048576,5,region7_918076230
2023-03-19 07:07,2715920249,4194304,1048576,5,region7_918076230
2023-03-19 07:07,2715920249,1048576,1048576,5,region7_918076230
2023-03-19 07:07,2716355179,0,3569470,2,region7_918076232
2023-03-19 07:07,2716142341,0,4038842,2,region7_918076231
2023-03-19 07:07,2716225047,0,7066126,5,region7_918076230
2023-03-19 07:07,2716225047,0,3072229,6,region7_918076230
2023-03-19 07:07,2716693282,0,24960,2,region7_918076231
2023-03-19 07:07,2715878280,0,8388608,4,region7_918076238
2023-03-19 07:07,2714810635,0,8388608,2,region7_918076237
2023-03-19 07:07,2716796018,0,643072,2,region7_918076236
2023-03-19 07:07,2716834531,0,8388608,4,region7_918076232
2023-03-19 07:07,2714976528,1337778,797585,2,region7_918076228
2023-03-19 07:07,2716318247,0,8379312,3,region7_918076226
2023-03-19 07:07,2716006315,0,8388608,2,region7_918076237
2023-03-19 07:07,2716058647,6291456,1048576,5,region7_918076230
2023-03-19 07:07,2716058647,5242880,1048576,5,region7_918076230
2023-03-19 07:07,2716058647,3145728,1048576,5,region7_918076230
2023-03-19 07:07,2716058647,2097152,1048576,5,region7_918076230
2023-03-19 07:07,2716058647,1048576,1048576,5,region7_918076230
2023-03-19 07:07,2716058647,7340032,1048576,5,region7_918076230
2023-03-19 07:07,2716058647,4194304,1048576,5,region7_918076230
2023-03-19 07:07,2716058647,0,1048576,5,region7_918076230
2023-03-19 07:07,2716280422,1968320,69504,2,region7_918076231
2023-03-19 07:07,2716757249,0,17980053,3,region7_918076226
2023-03-19 07:07,2716832371,5582912,48,2,region7_918076231
2023-03-19 07:07,2716860194,0,4036360,4,region7_918076237
2023-03-19 07:07,2716717843,3238048,329152,2,region7_918076231
2023-03-19 07:07,2715234447,0,5742162,2,region7_918076232
2023-03-19 07:07,2714746353,82518,2212185,1,region7_918076226
2023-03-19 07:07,2716866671,0,4038842,2,region7_918076231
2023-03-19 07:07,2716067438,0,352251,4,region7_918076237
2023-03-19 07:07,2716117481,3145728,893114,5,region7_918076230
2023-03-19 07:07,2716117481,1048576,1048576,5,region7_918076230
2023-03-19 07:07,2716117481,0,1048576,5,region7_918076230
2023-03-19 07:07,2716117481,2097152,1048576,5,region7_918076230
2023-03-19 07:07,2716181474,6146960,2334608,2,region7_918076231
2023-03-19 07:07,2716181474,0,6190864,2,region7_918076231
2023-03-19 07:07,2716658374,5050368,2101248,2,region7_918076236
2023-03-19 07:07,2716658374,811008,2138112,2,region7_918076236
2023-03-19 07:07,2716658374,0,811008,2,region7_918076236
2023-03-19 07:07,2716658374,7151616,1236992,2,region7_918076236
2023-03-19 07:07,2716658374,2949120,2101248,2,region7_918076236
2023-03-19 07:07,2716796018,643072,2105344,2,region7_918076236
2023-03-19 07:07,2715154782,3259647,5128961,2,region7_918076237
2023-03-19 07:07,2715971412,0,7067611,5,region7_918076230
2023-03-19 07:07,2714931608,0,2304,2,region7_918076231
2023-03-19 07:07,2715971412,0,3072875,6,region7_918076230
2023-03-19 07:07,2716103387,5435225,2953383,2,region7_918076227
2023-03-19 07:07,2716103387,0,3019264,2,region7_918076227
2023-03-19 07:07,2716423856,5140480,2146304,2,region7_918076236
2023-03-19 07:07,2716423856,7286784,1101824,2,region7_918076236
2023-03-19 07:07,2716771537,0,4038842,6,region7_918076230
2023-03-19 07:07,2716144906,1585664,48,2,region7_918076231
2023-03-19 07:07,2716120615,0,128,2,region7_918076231
2023-03-19 07:07,2716796018,2748416,2129920,2,region7_918076236
2023-03-19 07:07,2716949253,815104,2109440,2,region7_918076236
2023-03-19 07:07,2716949253,0,815104,2,region7_918076236
2023-03-19 07:07,2716684018,0,6196816,4,region7_918076232
2023-03-19 07:07,2715677123,0,20621,2,region7_918076231
2023-03-19 07:07,2716949253,2924544,2150400,2,region7_918076236
2023-03-19 07:07,2716952626,0,8388608,2,region7_918076227
2023-03-19 07:07,2716358687,0,525782,4,region7_918076237
2023-03-19 07:07,2716388682,1637982,2122980,2,region7_918076235
2023-03-19 07:07,2716408694,2097152,1048576,5,region7_918076230
2023-03-19 07:07,2716408694,3145728,893114,5,region7_918076230
2023-03-19 07:07,2716408694,1048576,1048576,5,region7_918076230
2023-03-19 07:07,2716408694,0,1048576,5,region7_918076230
2023-03-19 07:07,2716443509,0,7981143,4,region7_918076246
2023-03-19 07:07,2716483137,0,6581723,3,region7_918076226
2023-03-19 07:07,2715733882,0,8388608,2,region7_918076235
2023-03-19 07:07,2716740051,0,4839693,5,region7_918076230
2023-03-19 07:07,2716949253,7204864,1183744,2,region7_918076236
2023-03-19 07:07,2716949253,5074944,2129920,2,region7_918076236
2023-03-19 07:07,2714976528,1337778,797585,2,region7_918076228
2023-03-19 07:07,2716273908,7340032,1048576,5,region7_918076230
2023-03-19 07:07,2716273908,5242880,1048576,5,region7_918076230
2023-03-19 07:07,2716273908,6291456,1048576,5,region7_918076230
2023-03-19 07:07,2716273908,4194304,1048576,5,region7_918076230
2023-03-19 07:07,2716273908,3145728,1048576,5,region7_918076230
2023-03-19 07:07,2716273908,1048576,1048576,5,region7_918076230
2023-03-19 07:07,2716273908,0,1048576,5,region7_918076230
2023-03-19 07:07,2716273908,2097152,1048576,5,region7_918076230
2023-03-19 07:07,2714976528,2135363,6253245,2,region7_918076228
2023-03-19 07:07,2716540761,0,4038842,2,region7_918076234
2023-03-19 07:07,2714949652,4945792,119808,2,region7_918076231
2023-03-19 07:07,2716095646,0,3814124,2,region7_918076231
2023-03-19 07:07,2716714605,8021049,367559,2,region7_918076235
2023-03-19 07:07,2716714605,726782,506548,2,region7_918076235
2023-03-19 07:07,2716714605,6018893,654651,2,region7_918076235
2023-03-19 07:07,2716796018,4878336,2105344,2,region7_918076236
2023-03-19 07:07,2716810571,0,9959,2,region7_918076231
2023-03-19 07:07,2716095646,3814124,224718,2,region7_918076231
2023-03-19 07:07,2716659433,0,984382,2,region7_918076235
2023-03-19 07:07,2716659433,7515013,249005,2,region7_918076235
2023-03-19 07:07,2716786478,0,1920,2,region7_918076231
2023-03-19 07:07,2716960596,0,3073322,6,region7_918076230
2023-03-19 07:07,2716143662,0,355981,4,region7_918076232
2023-03-19 07:07,2716205189,0,3108256,6,region7_918076230
2023-03-19 07:07,2716591883,0,8380110,3,region7_918076228
2023-03-19 07:07,2716319262,0,8388608,2,region7_918076227
2023-03-19 07:07,2716402847,3413664,217152,2,region7_918076231
2023-03-19 07:07,2716510848,3323024,48,2,region7_918076231
2023-03-19 07:07,2716570812,0,441722,2,region7_918076232
2023-03-19 07:07,2716982840,0,8388608,4,region7_918076232
2023-03-19 07:07,2716249291,0,61868,2,region7_918076231
2023-03-19 07:07,2716792490,0,343028,2,region7_918076231
2023-03-19 07:07,2716512034,0,128,2,region7_918076231
2023-03-19 07:07,2716796018,6983680,1404928,2,region7_918076236
2023-03-19 07:07,2716800219,1048576,1048576,5,region7_918076230
2023-03-19 07:07,2716800219,3145728,893114,5,region7_918076230
2023-03-19 07:07,2716800219,2097152,1048576,5,region7_918076230
2023-03-19 07:07,2716800219,0,1048576,5,region7_918076230
2023-03-19 07:07,2716792490,0,343028,2,region7_918076231
2023-03-19 07:07,2716212451,0,8281884,2,region7_918076227
2023-03-19 07:07,2716792490,0,343028,2,region7_918076231
2023-03-19 07:07,2716903408,0,18050854,3,region7_918076226
2023-03-19 07:07,2714995435,5165716,495907,2,region7_918076244
2023-03-19 07:07,2716703512,0,8388608,2,region7_918076237
2023-03-19 07:07,2716792490,0,343028,2,region7_918076231
2023-03-19 07:07,2716792490,0,343028,2,region7_918076231
2023-03-19 07:07,2716976315,6550688,88320,2,region7_918076231
2023-03-19 07:07,2716893385,0,5766679,3,region7_918076226
2023-03-19 07:07,2714931608,0,2304,2,region7_918076231
2023-03-19 07:07,2716124870,0,8388608,2,region7_918076227
2023-03-19 07:07,2716144985,0,176,2,region7_918076231
2023-03-19 07:07,2715240767,0,721304,2,region7_918076244
2023-03-19 07:07,2716510791,8192,4500,2,region7_918076231
2023-03-19 07:07,2716510791,0,176,2,region7_918076231
2023-03-19 07:07,2716511979,3145728,1048576,5,region7_918076230
2023-03-19 07:07,2716511979,2097152,1048576,5,region7_918076230
2023-03-19 07:07,2716511979,1048576,1048576,5,region7_918076230
2023-03-19 07:07,2716511979,0,1048576,5,region7_918076230
2023-03-19 07:07,2716651049,0,1771569,4,region7_918076232
2023-03-19 07:07,2714703020,0,176,2,region7_918076231
2023-03-19 07:07,2714703020,8192,13709,2,region7_918076231
2023-03-19 07:08,2716428531,0,602002,4,region7_918076237
2023-03-19 07:08,2716511979,7340032,1048576,5,region7_918076230
2023-03-19 07:08,2716511979,6291456,1048576,5,region7_918076230
2023-03-19 07:08,2716511979,5242880,1048576,5,region7_918076230
2023-03-19 07:08,2716511979,4194304,1048576,5,region7_918076230
2023-03-19 07:08,2716663347,7027638,8765188,2,region7_918076231
2023-03-19 07:08,2716663347,0,7036870,2,region7_918076231
2023-03-19 07:08,2716794072,0,8388608,4,region7_918076232
2023-03-19 07:08,2717059903,0,4062183,2,region7_918076235
2023-03-19 07:08,2717059903,3013607,1048576,2,region7_918076235
2023-03-19 07:08,2716263998,0,1048576,5,region7_918076230
2023-03-19 07:08,2714707232,2083906,2202890,1,region7_918076226
2023-03-19 07:08,2717132656,6024528,2457040,2,region7_918076231
2023-03-19 07:08,2717132656,0,6080144,2,region7_918076231
2023-03-19 07:08,2716263998,7340032,1048121,5,region7_918076230
2023-03-19 07:08,2716263998,6291456,1048576,5,region7_918076230
2023-03-19 07:08,2716263998,4194304,1048576,5,region7_918076230
2023-03-19 07:08,2716263998,5242880,1048576,5,region7_918076230
2023-03-19 07:08,2716263998,3145728,1048576,5,region7_918076230
2023-03-19 07:08,2716263998,2097152,1048576,5,region7_918076230
2023-03-19 07:08,2716263998,1048576,1048576,5,region7_918076230
2023-03-19 07:08,2716710149,0,6819072,2,region7_918076228
2023-03-19 07:08,2716239390,0,176,2,region7_918076231
2023-03-19 07:08,2716451518,0,8314880,2,region7_918076236
2023-03-19 07:08,2714823407,0,2035712,2,region7_918076236
2023-03-19 07:08,2716451518,8314880,73728,2,region7_918076236
2023-03-19 07:08,2716702201,0,1459499,3,region7_918076228
2023-03-19 07:08,2716898907,1048576,1048576,5,region7_918076230
2023-03-19 07:08,2716898907,0,1048576,5,region7_918076230
2023-03-19 07:08,2717091305,0,640,2,region7_918076231
2023-03-19 07:08,2716759478,0,28435,2,region7_918076233
2023-03-19 07:08,2716898907,3145728,893114,5,region7_918076230
2023-03-19 07:08,2716898907,2097152,1048576,5,region7_918076230
2023-03-19 07:08,2716486692,0,4038842,2,region7_918076231
2023-03-19 07:08,2716944626,0,4038842,2,region7_918076231
2023-03-19 07:08,2717006508,8112736,54720,2,region7_918076231
2023-03-19 07:08,2717079260,0,1940994,4,region7_918076232
2023-03-19 07:08,2714760847,0,8388608,2,region7_918076227
2023-03-19 07:08,2716369276,0,256,5,region7_918076242
2023-03-19 07:08,2716486692,48124,3990718,2,region7_918076231
2023-03-19 07:08,2716879128,0,2266,5,region7_918076230
2023-03-19 07:08,2716989843,0,8089600,2,region7_918076236
2023-03-19 07:08,2716491329,0,4038842,5,region7_918076230
2023-03-19 07:08,2716204945,0,2770,3,region7_918076226
2023-03-19 07:08,2716817927,0,8388608,2,region7_918076227
2023-03-19 07:08,2715047621,57937,6339,2,region7_918076233
2023-03-19 07:08,2716989843,8089600,299008,2,region7_918076236
2023-03-19 07:08,2717117819,479232,2105344,2,region7_918076236
2023-03-19 07:08,2717117819,0,479232,2,region7_918076236
2023-03-19 07:08,2715175556,0,8388608,2,region7_918076235
2023-03-19 07:08,2716405127,3145728,893114,5,region7_918076230
2023-03-19 07:08,2716405127,1048576,1048576,5,region7_918076230
2023-03-19 07:08,2716405127,2097152,1048576,5,region7_918076230
2023-03-19 07:08,2716405127,0,1048576,5,region7_918076230
2023-03-19 07:08,2715358968,3835579,1048576,2,region7_918076228
2023-03-19 07:08,2717059903,0,4062183,2,region7_918076235
2023-03-19 07:08,2717117819,2584576,2105344,2,region7_918076236
2023-03-19 07:08,2717117819,4689920,2105344,2,region7_918076236
2023-03-19 07:08,2714931608,0,2304,2,region7_918076231
2023-03-19 07:08,2716925705,0,17549,2,region7_918076231
2023-03-19 07:08,2715480419,0,788698,2,region7_918076228
2023-03-19 07:08,2717117819,6795264,1593344,2,region7_918076236
2023-03-19 07:08,2716842343,0,129061,2,region7_918076233
2023-03-19 07:08,2717171993,0,8375466,3,region7_918076226
2023-03-19 07:08,2716313320,0,12886,2,region7_918076231
2023-03-19 07:08,2714746353,2294703,2212185,1,region7_918076226
2023-03-19 07:08,2716639496,3987680,4493888,2,region7_918076231
2023-03-19 07:08,2714793244,0,929465,2,region7_918076228
2023-03-19 07:08,2714793244,3350080,2947489,2,region7_918076228
2023-03-19 07:08,2717113229,0,128,2,region7_918076231
2023-03-19 07:08,2716988780,3932731,1048576,2,region7_918076228
2023-03-19 07:08,2716481953,0,8388608,4,region7_918076232
2023-03-19 07:08,2716807476,0,1132233,5,region7_918076230
2023-03-19 07:08,2715368379,4307140,188620,2,region7_918076228
2023-03-19 07:08,2715368379,1418113,36062,2,region7_918076228
2023-03-19 07:08,2714874520,3145728,893114,5,region7_918076230
2023-03-19 07:08,2714874520,2097152,1048576,5,region7_918076230
2023-03-19 07:08,2714874520,1048576,1048576,5,region7_918076230
2023-03-19 07:08,2714874520,0,1048576,5,region7_918076230
2023-03-19 07:08,2714793244,0,929465,2,region7_918076228
2023-03-19 07:08,2714793244,3350080,2947489,2,region7_918076228
2023-03-19 07:08,2717184600,0,8376680,3,region7_918076226
2023-03-19 07:08,2716550264,0,1157665,5,region7_918076230
2023-03-19 07:08,2716874655,0,8481568,6,region7_918076242
2023-03-19 07:08,2716663224,0,4038842,5,region7_918076230
2023-03-19 07:08,2716663224,0,8481568,6,region7_918076230
2023-03-19 07:08,2717007728,0,8375478,3,region7_918076226
2023-03-19 07:08,2716679468,0,128,5,region7_918076242
2023-03-19 07:08,2716430922,0,7060748,4,region7_918076245
2023-03-19 07:08,2716508575,3240120,1108419,2,region7_918076235
2023-03-19 07:08,2716508575,0,1038969,2,region7_918076235
2023-03-19 07:08,2716709041,0,1005312,2,region7_918076231
2023-03-19 07:08,2716877992,3068992,81344,2,region7_918076231
2023-03-19 07:08,2717291340,0,1327104,2,region7_918076236
2023-03-19 07:08,2717291340,1327104,2142208,2,region7_918076236
2023-03-19 07:08,2717291340,3469312,2109440,2,region7_918076236
2023-03-19 07:08,2716843604,0,3078879,6,region7_918076230
2023-03-19 07:08,2717137432,2921280,489216,2,region7_918076231
2023-03-19 07:08,2717207382,4611936,80896,2,region7_918076231
2023-03-19 07:08,2717291340,5578752,2125824,2,region7_918076236
2023-03-19 07:08,2717291340,7704576,684032,2,region7_918076236
2023-03-19 07:08,2716709041,0,1005312,2,region7_918076231
2023-03-19 07:08,2716991979,0,176,2,region7_918076231
2023-03-19 07:08,2717079356,0,1791348,4,region7_918076238
2023-03-19 07:08,2717092419,0,4038842,5,region7_918076230
2023-03-19 07:08,2717221056,0,1152,2,region7_918076231
2023-03-19 07:08,2716429674,0,7134886,5,region7_918076230
2023-03-19 07:08,2717086013,2097152,346698,5,region7_918076230
2023-03-19 07:08,2717086013,1048576,1048576,5,region7_918076230
2023-03-19 07:08,2717086013,0,1048576,5,region7_918076230
2023-03-19 07:08,2716429674,0,3102124,6,region7_918076230
2023-03-19 07:08,2716520130,0,2053006,5,region7_918076230
2023-03-19 07:08,2717219112,0,512,2,region7_918076231
2023-03-19 07:08,2716809623,7862168,48,2,region7_918076231
2023-03-19 07:08,2716604698,0,22686,2,region7_918076233
2023-03-19 07:08,2716850194,9646464,22080,2,region7_918076231
2023-03-19 07:08,2715505569,0,2816,2,region7_918076231
2023-03-19 07:08,2716498201,5440963,332958,2,region7_918076235
2023-03-19 07:08,2716498201,648953,2142130,2,region7_918076235
2023-03-19 07:08,2715240767,0,721304,2,region7_918076237
2023-03-19 07:08,2716120321,8192,467776,2,region7_918076231
2023-03-19 07:08,2716120321,0,176,2,region7_918076231
2023-03-19 07:08,2715842202,0,8388608,2,region7_918076232
2023-03-19 07:08,2715505569,0,2816,2,region7_918076231
2023-03-19 07:08,2715345545,377386,1040,2,region7_918076235
2023-03-19 07:08,2714726731,0,19008,6,region7_918076242
2023-03-19 07:08,2716528973,0,9312,1,region7_918076226
2023-03-19 07:08,2716858067,18700992,48,2,region7_918076231
2023-03-19 07:08,2714704696,0,659026,4,region7_918076232
2023-03-19 07:08,2716467868,0,8377174,3,region7_918076226
2023-03-19 07:08,2716528973,4203616,4175680,1,region7_918076226
2023-03-19 07:08,2716528973,9312,4194304,1,region7_918076226
2023-03-19 07:08,2717060916,959424,48,2,region7_918076231
2023-03-19 07:08,2717286859,0,7153382,3,region7_918076226
2023-03-19 07:08,2714745187,333171,768095,2,region7_918076237
2023-03-19 07:08,2714745187,5943310,905189,2,region7_918076237
2023-03-19 07:08,2714746353,4506888,2212185,1,region7_918076226
2023-03-19 07:08,2716732122,0,4038842,2,region7_918076231
2023-03-19 07:08,2714917111,7644317,744291,2,region7_918076235
2023-03-19 07:08,2714917111,0,3510981,2,region7_918076235
2023-03-19 07:08,2717292434,0,1705517,6,region7_918076230
2023-03-19 07:08,2716806519,0,55885,2,region7_918076231
2023-03-19 07:08,2716816787,128,128,2,region7_918076231
2023-03-19 07:08,2716976221,2666976,48,2,region7_918076231
2023-03-19 07:08,2714837320,0,6284191,2,region7_918076227
2023-03-19 07:08,2714708190,0,3052114,6,region7_918076230
2023-03-19 07:08,2716680728,8039392,44992,2,region7_918076231
2023-03-19 07:08,2717062302,0,8388608,5,region7_918076230
2023-03-19 07:08,2714696785,0,8388608,4,region7_918076238
2023-03-19 07:08,2717013276,686990,7701618,2,region7_918076227
2023-03-19 07:08,2717019933,0,4511889,2,region7_918076227
2023-03-19 07:08,2714707232,4286796,2202890,1,region7_918076226
2023-03-19 07:08,2714718905,6312454,2076154,2,region7_918076237
2023-03-19 07:08,2714718905,0,6312454,2,region7_918076237
2023-03-19 07:08,2717041817,0,357815,5,region7_918076230
2023-03-19 07:08,2716293642,2668212,2367204,2,region7_918076237
2023-03-19 07:08,2715842202,0,8388608,2,region7_918076232
2023-03-19 07:08,2716885691,0,3049825,6,region7_918076230
2023-03-19 07:08,2716930445,1495192,177728,2,region7_918076231
2023-03-19 07:08,2717021121,0,315392,2,region7_918076233
2023-03-19 07:08,2714746667,214784,139904,2,region7_918076231
2023-03-19 07:08,2716778036,0,5138433,4,region7_918076232
2023-03-19 07:08,2717021121,6627328,1761280,2,region7_918076233
2023-03-19 07:08,2717021121,4521984,2105344,2,region7_918076233
2023-03-19 07:08,2717021121,2420736,2101248,2,region7_918076233
2023-03-19 07:08,2717021121,315392,2105344,2,region7_918076233
2023-03-19 07:08,2714700767,0,8381596,3,region7_918076226
2023-03-19 07:08,2714741183,0,4609184,2,region7_918076231
2023-03-19 07:08,2716666404,0,8388608,2,region7_918076232
2023-03-19 07:08,2715102097,0,8065,2,region7_918076228
2023-03-19 07:08,2716963066,0,17909179,3,region7_918076226
2023-03-19 07:08,2716977246,4075608,48,2,region7_918076231
2023-03-19 07:08,2717132424,629399,7759209,2,region7_918076227
2023-03-19 07:08,2717198776,0,7079,2,region7_918076231
2023-03-19 07:08,2716654593,0,7526616,3,region7_918076226
2023-03-19 07:08,2714699217,0,29001,3,region7_918076228
2023-03-19 07:08,2714719166,0,512,2,region7_918076231
2023-03-19 07:08,2716178319,0,8388608,2,region7_918076227
2023-03-19 07:08,2714705330,0,8481568,5,region7_918076230
2023-03-19 07:08,2715469394,96655,311907,2,region7_918076244
2023-03-19 07:08,2717145987,0,285588,3,region7_918076228
2023-03-19 07:08,2714705330,0,4038842,6,region7_918076230
2023-03-19 07:08,2714708021,0,7041103,5,region7_918076230
2023-03-19 07:08,2717227678,0,3049741,6,region7_918076230
2023-03-19 07:08,2714708021,0,3061350,6,region7_918076230
2023-03-19 07:08,2714716512,4423199,281041,2,region7_918076227
2023-03-19 07:08,2714726589,0,3105712,6,region7_918076230
2023-03-19 07:08,2717035274,0,4038842,5,region7_918076230
2023-03-19 07:08,2714942912,0,1252107,2,region7_918076227
2023-03-19 07:08,2717294827,26246880,325760,2,region7_918076231
2023-03-19 07:08,2716641819,0,8388608,4,region7_918076232
2023-03-19 07:08,2717062351,0,7150987,3,region7_918076226
2023-03-19 07:08,2716961951,2097152,1048576,5,region7_918076230
2023-03-19 07:08,2716961951,3145728,893114,5,region7_918076230
2023-03-19 07:08,2716961951,1048576,1048576,5,region7_918076230
2023-03-19 07:08,2716961951,0,1048576,5,region7_918076230
2023-03-19 07:08,2716994284,0,176,2,region7_918076231
2023-03-19 07:08,2716293642,2668212,2367204,2,region7_918076237
2023-03-19 07:08,2714956203,5306889,3081719,2,region7_918076237
2023-03-19 07:08,2714956203,0,5306889,2,region7_918076237
2023-03-19 07:09,2714705553,3519798,4868810,2,region7_918076235
2023-03-19 07:09,2714705553,0,833034,2,region7_918076235
2023-03-19 07:09,2714740894,0,8388608,2,region7_918076227
2023-03-19 07:09,2716697898,4136864,116224,2,region7_918076231
2023-03-19 07:09,2716699168,0,8388608,2,region7_918076237
2023-03-19 07:09,2716929005,3004743,1048576,2,region7_918076227
2023-03-19 07:09,2716929005,2335483,1717836,2,region7_918076227
2023-03-19 07:09,2715146860,996768,48,2,region7_918076231
2023-03-19 07:09,2717035251,0,8388608,4,region7_918076232
2023-03-19 07:09,2717072368,6291456,1048576,5,region7_918076230
2023-03-19 07:09,2717072368,5242880,1048576,5,region7_918076230
2023-03-19 07:09,2717072368,3145728,1048576,5,region7_918076230
2023-03-19 07:09,2717072368,1048576,1048576,5,region7_918076230
2023-03-19 07:09,2717072368,4194304,1048576,5,region7_918076230
2023-03-19 07:09,2717072368,0,1048576,5,region7_918076230
2023-03-19 07:09,2717072368,7340032,1048576,5,region7_918076230
2023-03-19 07:09,2717072368,2097152,1048576,5,region7_918076230
2023-03-19 07:09,2717264755,0,1259,2,region7_918076231
2023-03-19 07:09,2714725659,0,8388608,4,region7_918076232
2023-03-19 07:09,2714749046,0,8388608,4,region7_918076232
2023-03-19 07:09,2714774367,0,8329584,3,region7_918076226
2023-03-19 07:09,2716048044,0,1425795,2,region7_918076228
2023-03-19 07:09,2714706538,0,256,2,region7_918076231
2023-03-19 07:09,2714774435,0,2076672,2,region7_918076233
2023-03-19 07:09,2714774435,2076672,2101248,2,region7_918076233
2023-03-19 07:09,2716048044,1888896,494716,2,region7_918076228
2023-03-19 07:09,2714774435,4177920,2113536,2,region7_918076233
2023-03-19 07:09,2714774435,6291456,2097152,2,region7_918076233
2023-03-19 07:09,2716095278,0,675348,4,region7_918076237
2023-03-19 07:09,2714699217,0,29001,1,region7_918076228
2023-03-19 07:09,2714704131,0,40628,2,region7_918076231
2023-03-19 07:09,2716729085,0,8388608,4,region7_918076232
2023-03-19 07:09,2714704131,0,40628,2,region7_918076231
2023-03-19 07:09,2714704616,6297870,1379705,1,region7_918076226
2023-03-19 07:09,2714705171,5968320,102784,2,region7_918076231
2023-03-19 07:09,2714721565,0,8388608,2,region7_918076227
2023-03-19 07:09,2716729996,0,6263203,2,region7_918076227
2023-03-19 07:09,2716781283,0,256,2,region7_918076231
2023-03-19 07:09,2715102097,0,8065,2,region7_918076228
2023-03-19 07:09,2714758809,0,8388608,4,region7_918076232
2023-03-19 07:09,2715047621,57937,6339,2,region7_918076233
2023-03-19 07:09,2714704131,0,40628,2,region7_918076231
2023-03-19 07:09,2714715810,0,6607636,5,region7_918076242
2023-03-19 07:09,2714797733,0,2906,2,region7_918076231
2023-03-19 07:09,2714808608,0,8388608,4,region7_918076247
2023-03-19 07:09,2714931608,0,2304,2,region7_918076231
2023-03-19 07:09,2717040709,0,392122,2,region7_918076231
2023-03-19 07:09,2714707310,0,512,2,region7_918076231
2023-03-19 07:09,2714760398,2667802,1371040,2,region7_918076231
2023-03-19 07:09,2714760398,0,4038842,2,region7_918076231
2023-03-19 07:09,2717004385,7965696,48,2,region7_918076231
2023-03-19 07:09,2714740127,0,4038842,6,region7_918076230
2023-03-19 07:09,2714779539,0,8036852,3,region7_918076226
2023-03-19 07:09,2714729174,4194304,985595,5,region7_918076230
2023-03-19 07:09,2714729174,2097152,1048576,5,region7_918076230
2023-03-19 07:09,2714729174,0,1048576,5,region7_918076230
2023-03-19 07:09,2714729174,3145728,1048576,5,region7_918076230
2023-03-19 07:09,2714729174,1048576,1048576,5,region7_918076230
2023-03-19 07:09,2714745187,5943310,905189,2,region7_918076237
2023-03-19 07:09,2714745187,333171,768095,2,region7_918076237
2023-03-19 07:09,2714786861,0,128,2,region7_918076231
2023-03-19 07:09,2715312306,0,176,2,region7_918076231
2023-03-19 07:09,2715077548,1153664,48,2,region7_918076231
2023-03-19 07:09,2714770665,0,7444666,2,region7_918076235
2023-03-19 07:09,2714779914,128,1216,2,region7_918076231
2023-03-19 07:09,2714823407,2035712,2146304,2,region7_918076236
2023-03-19 07:09,2717031619,0,7022572,4,region7_918076245
2023-03-19 07:09,2717104450,3145728,1048576,5,region7_918076230
2023-03-19 07:09,2717104450,2097152,1048576,5,region7_918076230
2023-03-19 07:09,2717104450,7340032,1048576,5,region7_918076230
2023-03-19 07:09,2717104450,5242880,1048576,5,region7_918076230
2023-03-19 07:09,2717104450,6291456,1048576,5,region7_918076230
2023-03-19 07:09,2717104450,4194304,1048576,5,region7_918076230
2023-03-19 07:09,2717104450,1048576,1048576,5,region7_918076230
2023-03-19 07:09,2717104450,0,1048576,5,region7_918076230
2023-03-19 07:09,2717240644,0,504368,4,region7_918076237
2023-03-19 07:09,2714746353,6719073,1002945,1,region7_918076226
2023-03-19 07:09,2714767703,0,6679896,2,region7_918076227
2023-03-19 07:09,2716775916,0,8388608,2,region7_918076232
2023-03-19 07:09,2715312306,0,176,2,region7_918076231
2023-03-19 07:09,2717144916,0,2556832,2,region7_918076237
2023-03-19 07:09,2717156151,0,65472,2,region7_918076231
2023-03-19 07:09,2714715977,0,8481568,5,region7_918076230
2023-03-19 07:09,2714785336,0,176,2,region7_918076231
2023-03-19 07:09,2714785336,8192,26215,2,region7_918076231
2023-03-19 07:09,2717023277,0,8359131,3,region7_918076226
2023-03-19 07:09,2715102097,0,8065,2,region7_918076228
2023-03-19 07:09,2714699459,0,4724,2,region7_918076231
2023-03-19 07:09,2714715977,0,4038842,6,region7_918076230
2023-03-19 07:09,2714814580,0,8388608,2,region7_918076227
2023-03-19 07:09,2716846812,0,7065926,5,region7_918076230
2023-03-19 07:09,2716846812,0,3072142,6,region7_918076230
2023-03-19 07:09,2717289243,6420384,48,2,region7_918076231
2023-03-19 07:09,2717258145,23262828,89408,2,region7_918076231
2023-03-19 07:09,2714707694,0,2998721,4,region7_918076232
2023-03-19 07:09,2714863326,2097152,1048576,5,region7_918076230
2023-03-19 07:09,2714863326,0,1048576,5,region7_918076230
2023-03-19 07:09,2714863326,3145728,893114,5,region7_918076230
2023-03-19 07:09,2714863326,1048576,1048576,5,region7_918076230
2023-03-19 07:09,2715039151,0,8388608,2,region7_918076235
2023-03-19 07:09,2717021001,0,8388608,2,region7_918076227
2023-03-19 07:09,2714741192,0,1225760,2,region7_918076234
2023-03-19 07:09,2715524657,535968,337792,2,region7_918076231
2023-03-19 07:09,2714741192,1225760,7255808,2,region7_918076234
2023-03-19 07:09,2714956203,0,5306889,2,region7_918076237
2023-03-19 07:09,2717129374,0,8388608,2,region7_918076227
2023-03-19 07:09,2717247014,0,412398,4,region7_918076232
2023-03-19 07:09,2714903307,0,393216,2,region7_918076238
2023-03-19 07:09,2714903307,393216,1439797,2,region7_918076238
2023-03-19 07:09,2714956203,5306889,3081719,2,region7_918076237
2023-03-19 07:09,2715911130,8192,1310720,2,region7_918076231
2023-03-19 07:09,2715911130,0,176,2,region7_918076231
2023-03-19 07:09,2714725467,0,7254734,4,region7_918076245
2023-03-19 07:09,2715911130,0,176,2,region7_918076231
2023-03-19 07:09,2715911130,1318912,412077,2,region7_918076231
2023-03-19 07:09,2714779518,7882341,506267,2,region7_918076235
2023-03-19 07:09,2714782889,0,256,2,region7_918076231
2023-03-19 07:09,2716801084,5497600,48,2,region7_918076231
2023-03-19 07:09,2715722498,0,176,2,region7_918076231
2023-03-19 07:09,2717229810,8362432,119136,2,region7_918076231
2023-03-19 07:09,2714715629,6291456,1048576,5,region7_918076230
2023-03-19 07:09,2714715629,4194304,1048576,5,region7_918076230
2023-03-19 07:09,2714715629,3145728,1048576,5,region7_918076230
2023-03-19 07:09,2714715629,2097152,1048576,5,region7_918076230
2023-03-19 07:09,2714715629,1048576,1048576,5,region7_918076230
2023-03-19 07:09,2714715629,0,1048576,5,region7_918076230
2023-03-19 07:09,2714715629,8388608,92960,5,region7_918076230
2023-03-19 07:09,2714715629,7340032,1048576,5,region7_918076230
2023-03-19 07:09,2714715629,5242880,1048576,5,region7_918076230
2023-03-19 07:09,2714779518,6606319,1053232,2,region7_918076235
2023-03-19 07:09,2714779518,0,2312708,2,region7_918076235
2023-03-19 07:09,2715911130,0,176,2,region7_918076231
2023-03-19 07:09,2717284536,0,1024,2,region7_918076231
2023-03-19 07:09,2714767507,0,8380070,3,region7_918076228
2023-03-19 07:09,2716964132,5979360,48,2,region7_918076231
2023-03-19 07:09,2716932981,0,66938,2,region7_918076231
2023-03-19 07:09,2714786350,572318,625798,2,region7_918076228
2023-03-19 07:09,2714932792,8408224,73344,2,region7_918076231
2023-03-19 07:09,2717188990,0,731885,2,region7_918076227
2023-03-19 07:09,2716985241,0,176,2,region7_918076231
2023-03-19 07:09,2714733988,0,9933,2,region7_918076231
2023-03-19 07:09,2714759825,0,4038840,2,region7_918076231
2023-03-19 07:09,2714707232,6489686,1250175,1,region7_918076226
2023-03-19 07:09,2714949652,4945792,119808,2,region7_918076231
2023-03-19 07:09,2715102097,0,8065,2,region7_918076228
2023-03-19 07:09,2717047622,2097152,1048576,5,region7_918076230
2023-03-19 07:09,2717047622,1048576,1048576,5,region7_918076230
2023-03-19 07:09,2717047622,0,1048576,5,region7_918076230
2023-03-19 07:09,2717047622,3145728,893114,5,region7_918076230
2023-03-19 07:09,2717235333,213613,278553,2,region7_918076235
2023-03-19 07:09,2714707485,0,8388608,4,region7_918076232
2023-03-19 07:09,2714712028,0,8388608,4,region7_918076232
2023-03-19 07:09,2714925293,6715866,1241302,2,region7_918076227
2023-03-19 07:09,2714925293,2699577,1598510,2,region7_918076227
2023-03-19 07:09,2717152572,0,396109,5,region7_918076230
2023-03-19 07:09,2714734553,0,8388608,2,region7_918076227
2023-03-19 07:09,2715024036,8521958,264064,2,region7_918076231
2023-03-19 07:09,2715265386,0,8388608,2,region7_918076235
2023-03-19 07:09,2717129418,1048576,1048576,5,region7_918076230
2023-03-19 07:09,2717129418,0,1048576,5,region7_918076230
2023-03-19 07:09,2717129418,3145728,893114,5,region7_918076230
2023-03-19 07:09,2717129418,2097152,1048576,5,region7_918076230
2023-03-19 07:09,2717188855,0,8388608,4,region7_918076237
2023-03-19 07:09,2717284546,47328384,15232,2,region7_918076231
2023-03-19 07:09,2714811115,0,16039,2,region7_918076231
2023-03-19 07:09,2715227572,0,8388608,4,region7_918076238
2023-03-19 07:09,2717147304,0,55639,2,region7_918076247
2023-03-19 07:09,2717147304,0,55639,2,region7_918076247
2023-03-19 07:09,2716786992,0,8388608,2,region7_918076227
2023-03-19 07:09,2714734615,0,7572252,3,region7_918076226
2023-03-19 07:09,2715169496,4194304,4181791,1,region7_918076226
2023-03-19 07:09,2715169496,0,4194304,1,region7_918076226
2023-03-19 07:09,2717031466,0,1024,2,region7_918076231
2023-03-19 07:09,2717087084,0,7151083,4,region7_918076232
2023-03-19 07:09,2717194462,0,5410288,4,region7_918076232
2023-03-19 07:09,2717265914,0,8388608,2,region7_918076235
2023-03-19 07:09,2715167983,0,176,2,region7_918076231
2023-03-19 07:09,2717147156,0,8388608,2,region7_918076237
2023-03-19 07:09,2717176643,5729568,41728,2,region7_918076231
2023-03-19 07:09,2714704009,0,7150117,3,region7_918076226
2023-03-19 07:09,2714717520,1048576,1048576,5,region7_918076230
2023-03-19 07:09,2714717520,3145728,893114,5,region7_918076230
2023-03-19 07:09,2714717520,2097152,1048576,5,region7_918076230
2023-03-19 07:09,2714717520,0,1048576,5,region7_918076230
2023-03-19 07:09,2715222933,1273792,48,2,region7_918076231
2023-03-19 07:09,2714697931,0,3953121,2,region7_918076244
2023-03-19 07:09,2714708263,0,512,2,region7_918076231
2023-03-19 07:09,2717086903,0,345184,4,region7_918076237
2023-03-19 07:09,2716862086,0,1664,2,region7_918076231
2023-03-19 07:09,2714697931,0,4002033,2,region7_918076244
2023-03-19 07:09,2714697931,3953121,48912,2,region7_918076244
2023-03-19 07:09,2714758498,0,8388608,2,region7_918076235
2023-03-19 07:09,2715292610,0,507,5,region7_918076230
2023-03-19 07:09,2717056631,0,1006596,6,region7_918076230
2023-03-19 07:09,2717209261,5745600,48,2,region7_918076231
2023-03-19 07:09,2714719449,0,8388608,2,region7_918076227
2023-03-19 07:09,2714714891,0,34164,2,region7_918076231
2023-03-19 07:09,2714926886,0,12429,2,region7_918076231
2023-03-19 07:09,2715255689,0,512,2,region7_918076231
2023-03-19 07:09,2717157234,0,63943,2,region7_918076231
2023-03-19 07:09,2715039151,0,8388608,2,region7_918076235
2023-03-19 07:09,2715199227,0,8388608,4,region7_918076232
2023-03-19 07:09,2714724144,0,176,2,region7_918076231
2023-03-19 07:09,2714725020,0,4038842,6,region7_918076230
2023-03-19 07:09,2717117713,0,734834,2,region7_918076231
2023-03-19 07:09,2717117713,734834,66299,2,region7_918076231
2023-03-19 07:09,2717283624,0,1804472,2,region7_918076231
2023-03-19 07:09,2714770567,0,6940470,3,region7_918076226
2023-03-19 07:09,2714931608,0,2304,2,region7_918076231
2023-03-19 07:09,2717283624,0,4038842,2,region7_918076231
2023-03-19 07:09,2715224508,0,1735,2,region7_918076231
2023-03-19 07:09,2714808608,0,8163328,2,region7_918076247
2023-03-19 07:09,2714917111,0,3510981,2,region7_918076235
2023-03-19 07:09,2714917111,7644317,744291,2,region7_918076235
2023-03-19 07:09,2715094393,0,5318263,4,region7_918076232
2023-03-19 07:10,2714774975,0,8832,2,region7_918076231
2023-03-19 07:10,2714808608,8163328,225280,2,region7_918076247
2023-03-19 07:10,2717235216,0,128,2,region7_918076231
2023-03-19 07:10,2714759113,0,2736702,4,region7_918076237
2023-03-19 07:10,2715175556,0,8388608,2,region7_918076235
2023-03-19 07:10,2714708526,7340032,1048576,5,region7_918076230
2023-03-19 07:10,2714708526,6291456,1048576,5,region7_918076230
2023-03-19 07:10,2714708526,4194304,1048576,5,region7_918076230
2023-03-19 07:10,2714708526,2097152,1048576,5,region7_918076230
2023-03-19 07:10,2714708526,1048576,1048576,5,region7_918076230
2023-03-19 07:10,2714708526,0,1048576,5,region7_918076230
2023-03-19 07:10,2714708526,5242880,1048576,5,region7_918076230
2023-03-19 07:10,2714708526,3145728,1048576,5,region7_918076230
2023-03-19 07:10,2714786350,572318,625798,2,region7_918076228
2023-03-19 07:10,2715349167,0,3112663,6,region7_918076230
2023-03-19 07:10,2715432109,0,8388608,2,region7_918076235
2023-03-19 07:10,2714829059,8388608,92960,5,region7_918076230
2023-03-19 07:10,2714829059,6291456,1048576,5,region7_918076230
2023-03-19 07:10,2714829059,4194304,1048576,5,region7_918076230
2023-03-19 07:10,2714829059,3145728,1048576,5,region7_918076230
2023-03-19 07:10,2714829059,1048576,1048576,5,region7_918076230
2023-03-19 07:10,2714829059,2097152,1048576,5,region7_918076230
2023-03-19 07:10,2714829059,0,1048576,5,region7_918076230
2023-03-19 07:10,2714829059,7340032,1048576,5,region7_918076230
2023-03-19 07:10,2714829059,5242880,1048576,5,region7_918076230
2023-03-19 07:10,2715208825,8192,4954,2,region7_918076231
2023-03-19 07:10,2715208825,0,176,2,region7_918076231
2023-03-19 07:10,2717201935,0,3054352,6,region7_918076230
2023-03-19 07:10,2714775721,1069809,7318799,2,region7_918076227
2023-03-19 07:10,2714934702,0,152333,2,region7_918076231
2023-03-19 07:10,2717307215,1048576,1048576,5,region7_918076230
2023-03-19 07:10,2717307215,3145728,893114,5,region7_918076230
2023-03-19 07:10,2717307215,2097152,1048576,5,region7_918076230
2023-03-19 07:10,2717307215,0,1048576,5,region7_918076230
2023-03-19 07:10,2714772509,3145728,893114,5,region7_918076230
2023-03-19 07:10,2714772509,2097152,1048576,5,region7_918076230
2023-03-19 07:10,2714772509,1048576,1048576,5,region7_918076230
2023-03-19 07:10,2714772509,0,1048576,5,region7_918076230
2023-03-19 07:10,2715193058,0,3014930,4,region7_918076237
2023-03-19 07:10,2714810635,863810,2593206,2,region7_918076228
2023-03-19 07:10,2714810635,8125490,227706,2,region7_918076228
2023-03-19 07:10,2714934619,0,9700480,6,region7_918076242
2023-03-19 07:10,2715047621,57937,6339,2,region7_918076233
2023-03-19 07:10,2715102097,0,8065,2,region7_918076228
2023-03-19 07:10,2715373360,0,4358496,5,region7_918076242
2023-03-19 07:10,2714752517,0,6485120,5,region7_918076242
2023-03-19 07:10,2714934702,0,152333,2,region7_918076231
2023-03-19 07:10,2714956430,0,885434,2,region7_918076235
2023-03-19 07:10,2715009312,0,4606908,5,region7_918076230
2023-03-19 07:10,2715044122,0,256,2,region7_918076231
2023-03-19 07:10,2714727260,1356,353,2,region7_918076231
2023-03-19 07:10,2715111747,1057280,305344,2,region7_918076231
2023-03-19 07:10,2717243824,0,1737143,5,region7_918076242
2023-03-19 07:10,2717269247,0,18176,2,region7_918076231
2023-03-19 07:10,2715144825,2981041,44823,2,region7_918076229
2023-03-19 07:10,2714700185,0,212992,2,region7_918076233
2023-03-19 07:10,2714743329,3145728,893114,5,region7_918076230
2023-03-19 07:10,2714743329,1048576,1048576,5,region7_918076230
2023-03-19 07:10,2714743329,2097152,1048576,5,region7_918076230
2023-03-19 07:10,2714743329,0,1048576,5,region7_918076230
2023-03-19 07:10,2715166319,0,2524065,4,region7_918076232
2023-03-19 07:10,2715574016,0,256,2,region7_918076231
2023-03-19 07:10,2715337597,0,7086623,4,region7_918076245
2023-03-19 07:10,2715489962,0,61643,2,region7_918076231
2023-03-19 07:10,2717300401,0,7145599,3,region7_918076226
2023-03-19 07:10,2714700185,212992,2109440,2,region7_918076233
2023-03-19 07:10,2714725716,3188450,4865205,2,region7_918076227
2023-03-19 07:10,2714931608,0,2304,2,region7_918076231
2023-03-19 07:10,2715340509,0,176,2,region7_918076231
2023-03-19 07:10,2717245064,0,1461440,2,region7_918076231
2023-03-19 07:10,2715417672,5665755,2722853,2,region7_918076235
2023-03-19 07:10,2715417672,20134,1439799,2,region7_918076235
2023-03-19 07:10,2715489962,0,61643,2,region7_918076231
2023-03-19 07:10,2715589484,0,176,2,region7_918076231
2023-03-19 07:10,2714700185,2322432,2101248,2,region7_918076233
2023-03-19 07:10,2714703517,0,896,2,region7_918076231
2023-03-19 07:10,2714744493,0,8189122,2,region7_918076227
2023-03-19 07:10,2714951318,5242880,3687,5,region7_918076230
2023-03-19 07:10,2714951318,3145728,1048576,5,region7_918076230
2023-03-19 07:10,2714951318,1048576,1048576,5,region7_918076230
2023-03-19 07:10,2714951318,0,1048576,5,region7_918076230
2023-03-19 07:10,2714951318,4194304,1048576,5,region7_918076230
2023-03-19 07:10,2714951318,2097152,1048576,5,region7_918076230
2023-03-19 07:10,2715067560,0,8481568,5,region7_918076242
2023-03-19 07:10,2715489962,0,61643,2,region7_918076231
2023-03-19 07:10,2715024707,1538245,1884593,2,region7_918076228
2023-03-19 07:10,2714700185,4423680,2105344,2,region7_918076233
2023-03-19 07:10,2714895500,0,714995,2,region7_918076235
2023-03-19 07:10,2714895500,381408,333587,2,region7_918076235
2023-03-19 07:10,2715226068,0,2982945,2,region7_918076229
2023-03-19 07:10,2715226068,0,2982945,2,region7_918076229
2023-03-19 07:10,2715288113,0,7958038,2,region7_918076234
2023-03-19 07:10,2715288113,7880854,1830455,2,region7_918076234
2023-03-19 07:10,2715414794,0,8388608,4,region7_918076232
2023-03-19 07:10,2714707165,0,4038842,6,region7_918076230
2023-03-19 07:10,2715179173,0,17634004,3,region7_918076226
2023-03-19 07:10,2715382251,0,219379,2,region7_918076235
2023-03-19 07:10,2714707165,0,8481568,5,region7_918076230
2023-03-19 07:10,2714700185,6529024,1859584,2,region7_918076233
2023-03-19 07:10,2714869369,0,8384975,3,region7_918076228
2023-03-19 07:10,2714874343,0,449986,2,region7_918076228
2023-03-19 07:10,2715334673,0,1876,2,region7_918076231
2023-03-19 07:10,2715340621,0,3066746,4,region7_918076237
2023-03-19 07:10,2715382251,4406671,428812,2,region7_918076235
2023-03-19 07:10,2715458366,0,4147491,6,region7_918076230
2023-03-19 07:10,2714820003,3696359,4692249,2,region7_918076235
2023-03-19 07:10,2714990058,0,128,2,region7_918076231
2023-03-19 07:10,2715052329,0,153639,2,region7_918076231
2023-03-19 07:10,2715245352,0,48,2,region7_918076231
2023-03-19 07:10,2714713241,0,8388608,2,region7_918076235
2023-03-19 07:10,2715487154,0,3053204,6,region7_918076230
2023-03-19 07:10,2715504728,0,8387678,3,region7_918076228
2023-03-19 07:10,2715675057,0,7884647,3,region7_918076226
2023-03-19 07:10,2715073733,0,8388608,2,region7_918076227
2023-03-19 07:10,2714891881,0,1605997,5,region7_918076242
2023-03-19 07:10,2715398341,0,6246948,2,region7_918076227
2023-03-19 07:10,2715468557,0,2829,2,region7_918076231
2023-03-19 07:10,2714717856,0,5599894,3,region7_918076228
2023-03-19 07:10,2715123656,0,6516,2,region7_918076231
2023-03-19 07:10,2715255905,5232896,48,2,region7_918076231
2023-03-19 07:10,2714709784,0,4038842,2,region7_918076231
2023-03-19 07:10,2714838278,0,7158925,3,region7_918076226
2023-03-19 07:10,2714726739,0,176,2,region7_918076231
2023-03-19 07:10,2714939636,0,64480,2,region7_918076231
2023-03-19 07:10,2714934820,0,4752617,2,region7_918076237
2023-03-19 07:10,2715477037,0,292168,2,region7_918076229
2023-03-19 07:10,2715477037,1991437,1014879,2,region7_918076229
2023-03-19 07:10,2715477037,973740,1017697,2,region7_918076229
2023-03-19 07:10,2714780217,0,41613,2,region7_918076231
2023-03-19 07:10,2714823407,4182016,2134016,2,region7_918076236
2023-03-19 07:10,2715205688,0,8369923,3,region7_918076226
2023-03-19 07:10,2715235016,0,454981,2,region7_918076228
2023-03-19 07:10,2714949652,4945792,119808,2,region7_918076231
2023-03-19 07:10,2715089416,0,128,2,region7_918076231
2023-03-19 07:10,2715111967,2097152,1048576,5,region7_918076230
2023-03-19 07:10,2715111967,3145728,893114,5,region7_918076230
2023-03-19 07:10,2715111967,1048576,1048576,5,region7_918076230
2023-03-19 07:10,2715111967,0,1048576,5,region7_918076230
2023-03-19 07:10,2714746091,6226440,103296,2,region7_918076231
2023-03-19 07:10,2715572557,3145728,893114,5,region7_918076230
2023-03-19 07:10,2715572557,0,1048576,5,region7_918076230
2023-03-19 07:10,2715572557,2097152,1048576,5,region7_918076230
2023-03-19 07:10,2715572557,1048576,1048576,5,region7_918076230
2023-03-19 07:10,2715703414,1823010,852566,2,region7_918076231
2023-03-19 07:10,2714770776,0,55467,4,region7_918076240
2023-03-19 07:10,2714957876,0,1809905,4,region7_918076232
2023-03-19 07:10,2715084771,0,8388608,4,region7_918076232
2023-03-19 07:10,2715207186,0,1344,2,region7_918076231
2023-03-19 07:10,2714869557,0,622353,2,region7_918076228
2023-03-19 07:10,2715001212,0,8388608,4,region7_918076232
2023-03-19 07:10,2714976528,1337778,797585,2,region7_918076228
2023-03-19 07:10,2714976528,2135363,6253245,2,region7_918076228
2023-03-19 07:10,2715463957,691573,1048576,2,region7_918076228
2023-03-19 07:10,2715512009,64723,1724499,2,region7_918076228
2023-03-19 07:10,2715126986,0,319258,2,region7_918076231
2023-03-19 07:10,2714720865,0,8388608,4,region7_918076238
2023-03-19 07:10,2715300089,160624,1628756,2,region7_918076228
2023-03-19 07:10,2715373484,0,4038842,5,region7_918076230
2023-03-19 07:10,2715477037,0,292168,2,region7_918076229
2023-03-19 07:10,2715477037,973740,1017697,2,region7_918076229
2023-03-19 07:10,2715665153,0,896,2,region7_918076231
2023-03-19 07:10,2715240767,0,721304,2,region7_918076237
2023-03-19 07:10,2714976528,2135363,6253245,2,region7_918076228
2023-03-19 07:10,2714976528,1337778,797585,2,region7_918076228
2023-03-19 07:10,2715373484,0,8481568,6,region7_918076230
2023-03-19 07:10,2715047621,57937,6339,2,region7_918076233
2023-03-19 07:10,2715047621,57937,6339,2,region7_918076233
2023-03-19 07:10,2715246663,2029376,695376,2,region7_918076231
2023-03-19 07:10,2715452687,2192704,41856,2,region7_918076231
2023-03-19 07:10,2715024707,1538245,1884593,2,region7_918076228
2023-03-19 07:10,2715129778,4972350,3416258,2,region7_918076228
2023-03-19 07:10,2715129778,0,4972350,2,region7_918076228
2023-03-19 07:10,2715312306,0,176,2,region7_918076231
2023-03-19 07:10,2715417672,20134,1439799,2,region7_918076235
2023-03-19 07:10,2715417672,5665755,2722853,2,region7_918076235
2023-03-19 07:10,2714770776,0,55467,2,region7_918076233
2023-03-19 07:10,2715312306,0,176,2,region7_918076231
2023-03-19 07:10,2714914065,0,11898,2,region7_918076231
2023-03-19 07:10,2715685242,0,7063234,5,region7_918076230
2023-03-19 07:10,2714776610,0,427635,4,region7_918076237
2023-03-19 07:10,2715271856,128,128,2,region7_918076231
2023-03-19 07:10,2715685242,0,3070971,6,region7_918076230
2023-03-19 07:10,2714770776,0,55467,2,region7_918076233
2023-03-19 07:10,2715297283,0,27,4,region7_918076232
2023-03-19 07:10,2714882791,3678764,134737,2,region7_918076228
2023-03-19 07:10,2715823144,0,4415711,5,region7_918076230
2023-03-19 07:10,2714746398,0,768,2,region7_918076231
2023-03-19 07:10,2714773382,0,8388608,2,region7_918076235
2023-03-19 07:10,2714912013,0,8383525,3,region7_918076228
2023-03-19 07:10,2714931608,0,2304,2,region7_918076231
2023-03-19 07:10,2715177424,0,4038842,5,region7_918076230
2023-03-19 07:10,2715177424,0,8481568,6,region7_918076230
2023-03-19 07:10,2715491382,0,8388608,4,region7_918076232
2023-03-19 07:10,2715024707,1538245,1884593,2,region7_918076228
2023-03-19 07:10,2715738485,0,7122749,4,region7_918076245
2023-03-19 07:10,2715789336,0,4038842,5,region7_918076230
2023-03-19 07:10,2714798713,2782994,1458,2,region7_918076235
2023-03-19 07:10,2714798713,1371210,11762,2,region7_918076235
2023-03-19 07:10,2714835549,0,8376962,3,region7_918076226
2023-03-19 07:10,2714845625,0,4038842,6,region7_918076230
2023-03-19 07:10,2714832857,0,143337,2,region7_918076229
2023-03-19 07:10,2714832857,1191913,772302,2,region7_918076229
2023-03-19 07:10,2714832857,143337,1048576,2,region7_918076229
2023-03-19 07:10,2715086414,2811082,415154,2,region7_918076235
2023-03-19 07:10,2715349281,245306,643763,2,region7_918076235
2023-03-19 07:10,2714705171,5968320,102784,2,region7_918076231
2023-03-19 07:10,2714791067,5869164,42880,2,region7_918076231
2023-03-19 07:10,2715303347,0,25165824,3,region7_918076237
2023-03-19 07:10,2715494545,0,1408,2,region7_918076231
2023-03-19 07:10,2715734243,0,1048576,5,region7_918076230
2023-03-19 07:10,2715734243,3145728,893114,5,region7_918076230
2023-03-19 07:10,2715734243,2097152,1048576,5,region7_918076230
2023-03-19 07:10,2715734243,1048576,1048576,5,region7_918076230
2023-03-19 07:10,2714789553,0,12416,2,region7_918076231
2023-03-19 07:10,2715827244,0,1408,2,region7_918076231
2023-03-19 07:10,2715837494,0,597766,2,region7_918076231
2023-03-19 07:10,2715295171,0,6951,2,region7_918076231
2023-03-19 07:10,2714894244,5257212,122368,2,region7_918076231
2023-03-19 07:10,2715737039,704,128,2,region7_918076231
2023-03-19 07:10,2714856390,556684,84736,2,region7_918076231
2023-03-19 07:10,2714930328,0,3866267,2,region7_918076229
2023-03-19 07:10,2715171054,6752374,253807,2,region7_918076245
2023-03-19 07:10,2715345935,0,1280,2,region7_918076231
2023-03-19 07:10,2714976377,0,81677,2,region7_918076231
2023-03-19 07:10,2715665207,0,5264944,2,region7_918076234
2023-03-19 07:10,2714789553,0,12416,2,region7_918076231
2023-03-19 07:10,2714980600,3968,256,2,region7_918076231
2023-03-19 07:10,2715047621,57937,6339,2,region7_918076233
2023-03-19 07:10,2714976528,1337778,797585,2,region7_918076228
2023-03-19 07:10,2715478530,0,3045172,6,region7_918076230
2023-03-19 07:10,2715702005,0,8388608,2,region7_918076237
2023-03-19 07:10,2715878487,0,6236788,2,region7_918076227
2023-03-19 07:10,2714811107,0,176,2,region7_918076231
2023-03-19 07:10,2715402759,0,544477,5,region7_918076230
2023-03-19 07:10,2714976528,1337778,797585,2,region7_918076228
2023-03-19 07:10,2715888559,564587,782418,2,region7_918076228
2023-03-19 07:10,2715888559,3885581,978852,2,region7_918076228
2023-03-19 07:10,2714882910,40960,288896,2,region7_918076231
2023-03-19 07:10,2715123610,0,33146,2,region7_918076231
2023-03-19 07:10,2715096531,0,2036,2,region7_918076231
2023-03-19 07:10,2714832262,0,4038842,5,region7_918076230
2023-03-19 07:10,2715063487,0,8388608,2,region7_918076232
2023-03-19 07:10,2715318512,4300800,2138112,2,region7_918076236
2023-03-19 07:10,2715318512,2154496,2146304,2,region7_918076236
2023-03-19 07:10,2715318512,0,2154496,2,region7_918076236
2023-03-19 07:10,2716002796,0,1282048,2,region7_918076233
2023-03-19 07:10,2716002796,1282048,2101248,2,region7_918076233
2023-03-19 07:11,2714990071,0,8388591,3,region7_918076228
2023-03-19 07:11,2715318512,6438912,1949696,2,region7_918076236
2023-03-19 07:11,2714976528,2135363,6253245,2,region7_918076228
2023-03-19 07:11,2716002796,7598080,790528,2,region7_918076233
2023-03-19 07:11,2716002796,5484544,2113536,2,region7_918076233
2023-03-19 07:11,2716002796,3383296,2101248,2,region7_918076233
2023-03-19 07:11,2715523558,2144308,113472,2,region7_918076231
2023-03-19 07:11,2715721542,6555926,1048576,2,region7_918076235
2023-03-19 07:11,2715721542,4959552,2644950,2,region7_918076235
2023-03-19 07:11,2714789553,0,12416,2,region7_918076231
2023-03-19 07:11,2715720275,6602446,1048576,2,region7_918076235
2023-03-19 07:11,2715720275,4986988,2664034,2,region7_918076235
2023-03-19 07:11,2714813480,0,176,2,region7_918076231
2023-03-19 07:11,2714813480,0,176,2,region7_918076231
2023-03-19 07:11,2714839518,0,8388608,2,region7_918076232
2023-03-19 07:11,2714961086,0,2448580,2,region7_918076228
2023-03-19 07:11,2714961086,10837188,3991246,2,region7_918076228
2023-03-19 07:11,2714961086,2448580,8388608,2,region7_918076228
2023-03-19 07:11,2715380981,34394032,216202,2,region7_918076231
2023-03-19 07:11,2715665207,5241840,3239728,2,region7_918076234
2023-03-19 07:11,2715670839,0,176,2,region7_918076231
2023-03-19 07:11,2716037576,0,952597,2,region7_918076237
2023-03-19 07:11,2716111517,6732256,133248,2,region7_918076231
2023-03-19 07:11,2714980720,8204672,48,2,region7_918076231
2023-03-19 07:11,2715242401,0,7054211,4,region7_918076245
2023-03-19 07:11,2715265386,0,8388608,2,region7_918076235
2023-03-19 07:11,2715344899,2972099,44769,2,region7_918076235
2023-03-19 07:11,2715503403,0,3071419,6,region7_918076230
2023-03-19 07:11,2714976528,2135363,6253245,2,region7_918076228
2023-03-19 07:11,2715687887,0,1920,2,region7_918076231
2023-03-19 07:11,2715390158,0,8388608,2,region7_918076227
2023-03-19 07:11,2716080003,0,7150117,3,region7_918076226
2023-03-19 07:11,2715720187,0,128,2,region7_918076231
2023-03-19 07:11,2715427642,0,4857,4,region7_918076232
2023-03-19 07:11,2715451313,2770464,48,2,region7_918076231
2023-03-19 07:11,2716111517,6732256,133248,2,region7_918076231
2023-03-19 07:11,2715095909,0,7014296,5,region7_918076230
2023-03-19 07:11,2715403011,3766164,4622444,2,region7_918076235
2023-03-19 07:11,2715403011,0,2205337,2,region7_918076235
2023-03-19 07:11,2715510351,2403155,5985453,2,region7_918076235
2023-03-19 07:11,2716005406,0,7005706,5,region7_918076230
2023-03-19 07:11,2714897918,0,12472793,3,region7_918076237
2023-03-19 07:11,2715232198,0,128,2,region7_918076231
2023-03-19 07:11,2715265385,2617196,48,2,region7_918076231
2023-03-19 07:11,2715908162,7579509,809099,2,region7_918076232
2023-03-19 07:11,2715908162,0,7579509,2,region7_918076232
2023-03-19 07:11,2716005406,0,3045959,6,region7_918076230
2023-03-19 07:11,2715095909,0,3049694,6,region7_918076230
2023-03-19 07:11,2715615062,844732,509072,2,region7_918076231
2023-03-19 07:11,2715841165,2089180,1048576,2,region7_918076228
2023-03-19 07:11,2716204945,0,2770,1,region7_918076226
2023-03-19 07:11,2715741039,0,8388608,2,region7_918076227
2023-03-19 07:11,2715107062,0,128,2,region7_918076231
2023-03-19 07:11,2715074127,0,15450,2,region7_918076231
2023-03-19 07:11,2715925610,0,4633,1,region7_918076226
2023-03-19 07:11,2715814529,6291456,1048576,5,region7_918076230
2023-03-19 07:11,2715814529,5242880,1048576,5,region7_918076230
2023-03-19 07:11,2715814529,4194304,1048576,5,region7_918076230
2023-03-19 07:11,2715814529,3145728,1048576,5,region7_918076230
2023-03-19 07:11,2715814529,2097152,1048576,5,region7_918076230
2023-03-19 07:11,2715814529,1048576,1048576,5,region7_918076230
2023-03-19 07:11,2715814529,0,1048576,5,region7_918076230
2023-03-19 07:11,2715865753,0,2223928,4,region7_918076238
2023-03-19 07:11,2715874650,0,52743,2,region7_918076231
2023-03-19 07:11,2715925610,4198937,4185037,1,region7_918076226
2023-03-19 07:11,2715925610,4633,4194304,1,region7_918076226
2023-03-19 07:11,2715934426,0,176,2,region7_918076231
2023-03-19 07:11,2716199842,0,8388608,2,region7_918076227
2023-03-19 07:11,2715352521,2930651,1198173,2,region7_918076228
2023-03-19 07:11,2715352521,378728,2551923,2,region7_918076228
2023-03-19 07:11,2715522048,0,1902794,2,region7_918076232
2023-03-19 07:11,2715721542,4253699,504509,2,region7_918076235
2023-03-19 07:11,2715721542,0,2263759,2,region7_918076235
2023-03-19 07:11,2715428121,0,1747257,2,region7_918076228
2023-03-19 07:11,2715814529,7340032,1048576,5,region7_918076230
2023-03-19 07:11,2715908007,2561683,4316673,2,region7_918076227
2023-03-19 07:11,2715908007,5829780,1048576,2,region7_918076227
2023-03-19 07:11,2714994862,0,43986,2,region7_918076228
2023-03-19 07:11,2715015017,270841,471305,2,region7_918076235
2023-03-19 07:11,2715288279,0,6606087,2,region7_918076231
2023-03-19 07:11,2715720275,0,2214093,2,region7_918076235
2023-03-19 07:11,2715720275,4265970,517837,2,region7_918076235
2023-03-19 07:11,2715428121,3930111,193597,2,region7_918076228
2023-03-19 07:11,2715428121,1987248,724007,2,region7_918076228
2023-03-19 07:11,2716214797,0,791968,2,region7_918076231
2023-03-19 07:11,2715171343,0,350444,4,region7_918076237
2023-03-19 07:11,2715774583,4734744,343477,2,region7_918076244
2023-03-19 07:11,2715774583,132973,336711,2,region7_918076244
2023-03-19 07:11,2715774583,119772,5865,2,region7_918076244
2023-03-19 07:11,2716005500,2103426,48,2,region7_918076231
2023-03-19 07:11,2716135728,0,8388608,2,region7_918076235
2023-03-19 07:11,2714994862,0,43986,2,region7_918076228
2023-03-19 07:11,2715029512,0,3543313,2,region7_918076235
2023-03-19 07:11,2715029512,7320719,918478,2,region7_918076235
2023-03-19 07:11,2715050797,5242880,1048576,5,region7_918076230
2023-03-19 07:11,2715050797,3145728,1048576,5,region7_918076230
2023-03-19 07:11,2715050797,2097152,1048576,5,region7_918076230
2023-03-19 07:11,2715050797,4194304,1048576,5,region7_918076230
2023-03-19 07:11,2715050797,1048576,1048576,5,region7_918076230
2023-03-19 07:11,2715050797,0,1048576,5,region7_918076230
2023-03-19 07:11,2715413245,0,4038842,5,region7_918076230
2023-03-19 07:11,2715024707,1538245,1884593,2,region7_918076228
2023-03-19 07:11,2716120615,0,128,2,region7_918076231
2023-03-19 07:11,2716170297,0,512,2,region7_918076231
2023-03-19 07:11,2715050797,7340032,1048576,5,region7_918076230
2023-03-19 07:11,2715050797,10485760,1002986,5,region7_918076230
2023-03-19 07:11,2715050797,9437184,1048576,5,region7_918076230
2023-03-19 07:11,2715050797,8388608,1048576,5,region7_918076230
2023-03-19 07:11,2715050797,6291456,1048576,5,region7_918076230
2023-03-19 07:11,2715424588,0,7255609,2,region7_918076235
2023-03-19 07:11,2715695073,0,2286912,2,region7_918076231
2023-03-19 07:11,2715695073,5421232,3060336,2,region7_918076231
2023-03-19 07:11,2715695073,2286912,6194656,2,region7_918076231
2023-03-19 07:11,2715775673,2872082,48,2,region7_918076231
2023-03-19 07:11,2715965229,0,3043800,6,region7_918076230
2023-03-19 07:11,2714786350,572318,625798,2,region7_918076228
2023-03-19 07:11,2715330428,140764,2080768,2,region7_918076238
2023-03-19 07:11,2715330428,0,140764,2,region7_918076238
2023-03-19 07:11,2715330428,4306396,1915053,2,region7_918076238
2023-03-19 07:11,2715330428,2221532,2084864,2,region7_918076238
2023-03-19 07:11,2715761787,0,2285,5,region7_918076230
2023-03-19 07:11,2715291272,4194304,1048576,5,region7_918076230
2023-03-19 07:11,2715291272,2097152,1048576,5,region7_918076230
2023-03-19 07:11,2715291272,6291456,1048576,5,region7_918076230
2023-03-19 07:11,2715291272,5242880,1048576,5,region7_918076230
2023-03-19 07:11,2715291272,3145728,1048576,5,region7_918076230
2023-03-19 07:11,2715291272,1048576,1048576,5,region7_918076230
2023-03-19 07:11,2715291272,7340032,902626,5,region7_918076230
2023-03-19 07:11,2715291272,0,1048576,5,region7_918076230
2023-03-19 07:11,2716063901,0,8388608,4,region7_918076232
2023-03-19 07:11,2716072758,0,256,2,region7_918076231
2023-03-19 07:11,2716161809,3107137,3501570,2,region7_918076227
2023-03-19 07:11,2716161809,658649,1011813,2,region7_918076227
2023-03-19 07:11,2716206285,242144,48,2,region7_918076231
2023-03-19 07:11,2716143164,0,10906,2,region7_918076231
2023-03-19 07:11,2715370474,8096424,292184,2,region7_918076227
2023-03-19 07:11,2715489990,3145728,893114,5,region7_918076230
2023-03-19 07:11,2715489990,1048576,1048576,5,region7_918076230
2023-03-19 07:11,2715489990,2097152,1048576,5,region7_918076230
2023-03-19 07:11,2715489990,0,1048576,5,region7_918076230
2023-03-19 07:11,2716016544,0,8388608,2,region7_918076227
2023-03-19 07:11,2714949652,4945792,119808,2,region7_918076231
2023-03-19 07:11,2715135812,0,1431937,4,region7_918076243
2023-03-19 07:11,2715717578,0,4038842,5,region7_918076230
2023-03-19 07:11,2716300736,3609,974,2,region7_918076231
2023-03-19 07:11,2715167923,0,22061,2,region7_918076231
2023-03-19 07:11,2715616759,7375131,1013477,2,region7_918076228
2023-03-19 07:11,2715918021,0,8388608,4,region7_918076232
2023-03-19 07:11,2716016544,0,8388608,2,region7_918076227
2023-03-19 07:11,2716055374,1102703,10485760,2,region7_918076231
2023-03-19 07:11,2716055374,0,4314415,2,region7_918076231
2023-03-19 07:11,2716111663,0,7116495,5,region7_918076230
2023-03-19 07:11,2715833544,0,2654695,5,region7_918076242
2023-03-19 07:11,2716055374,7563951,5588318,2,region7_918076231
2023-03-19 07:11,2716111663,0,3094128,6,region7_918076230
2023-03-19 07:11,2715929283,1849248,193280,2,region7_918076231
2023-03-19 07:11,2716387149,0,6285423,2,region7_918076227
2023-03-19 07:11,2714934820,0,2416537,2,region7_918076244
2023-03-19 07:11,2715394069,0,21781,2,region7_918076236
2023-03-19 07:11,2715456975,0,804400,5,region7_918076230
2023-03-19 07:11,2716091171,0,2336591,2,region7_918076235
2023-03-19 07:11,2716172819,0,3123808,6,region7_918076230
2023-03-19 07:11,2716286598,0,8388608,2,region7_918076227
2023-03-19 07:11,2716172819,0,7184757,5,region7_918076230
2023-03-19 07:11,2715456975,0,1608800,6,region7_918076230
2023-03-19 07:11,2715349033,0,5320327,2,region7_918076227
2023-03-19 07:11,2714737935,0,3804845,2,region7_918076228
2023-03-19 07:11,2715906810,0,8388608,4,region7_918076232
2023-03-19 07:11,2715908007,0,2343819,2,region7_918076227
2023-03-19 07:11,2716075165,0,7067158,4,region7_918076245
2023-03-19 07:11,2715682498,0,11488746,5,region7_918076230
2023-03-19 07:11,2714934820,0,2416537,2,region7_918076237
2023-03-19 07:11,2715500410,0,6216726,2,region7_918076227
2023-03-19 07:11,2715648745,0,8388608,4,region7_918076232
2023-03-19 07:11,2716215890,0,21773,2,region7_918076231
2023-03-19 07:11,2716257336,0,1048576,5,region7_918076230
2023-03-19 07:11,2716257494,0,24249979,3,region7_918076237
2023-03-19 07:11,2715129778,0,4972350,2,region7_918076228
2023-03-19 07:11,2715129778,4972350,3416258,2,region7_918076228
2023-03-19 07:11,2714987423,51864,3265267,2,region7_918076228
2023-03-19 07:11,2715506252,0,4038842,5,region7_918076230
2023-03-19 07:11,2715682498,0,26424116,6,region7_918076230
2023-03-19 07:11,2716095138,0,3052468,6,region7_918076230
2023-03-19 07:11,2715614666,740,1744,2,region7_918076231
2023-03-19 07:11,2716257336,2097152,1048576,5,region7_918076230
2023-03-19 07:11,2716257336,3145728,893114,5,region7_918076230
2023-03-19 07:11,2716257336,1048576,1048576,5,region7_918076230
2023-03-19 07:11,2715385428,343296,30272,2,region7_918076231
2023-03-19 07:11,2715506252,0,8481568,6,region7_918076230
2023-03-19 07:11,2715638874,4228672,346688,2,region7_918076231
2023-03-19 07:11,2714774447,0,219655,2,region7_918076231
2023-03-19 07:11,2715718962,2097152,1048576,5,region7_918076230
2023-03-19 07:11,2715718962,1048576,1048576,5,region7_918076230
2023-03-19 07:11,2715718962,3145728,937164,5,region7_918076230
2023-03-19 07:11,2715718962,0,1048576,5,region7_918076230
2023-03-19 07:11,2714790952,0,53837,2,region7_918076231
2023-03-19 07:11,2714990058,0,128,2,region7_918076231
2023-03-19 07:11,2716443160,0,6669,2,region7_918076231
2023-03-19 07:11,2715970525,0,4211501,2,region7_918076228
2023-03-19 07:11,2716007872,0,128,2,region7_918076231
2023-03-19 07:11,2716138138,0,6208,2,region7_918076231
2023-03-19 07:11,2716344452,0,8339456,2,region7_918076247
2023-03-19 07:11,2716467548,0,100542,4,region7_918076232
2023-03-19 07:11,2715852966,0,5153,2,region7_918076231
2023-03-19 07:11,2715596748,0,1644690,2,region7_918076228
2023-03-19 07:11,2715596748,3362364,778431,2,region7_918076228
2023-03-19 07:11,2716218223,0,128,2,region7_918076231
2023-03-19 07:11,2716344452,8339456,49152,2,region7_918076247
2023-03-19 07:11,2714823407,6316032,2072576,2,region7_918076236
2023-03-19 07:11,2714931608,0,2304,2,region7_918076231
2023-03-19 07:11,2715615223,0,8388608,2,region7_918076237
2023-03-19 07:11,2716055453,0,7852701,4,region7_918076246
2023-03-19 07:11,2715716599,0,216850,2,region7_918076237
2023-03-19 07:11,2715716599,4196850,1076896,2,region7_918076237
2023-03-19 07:11,2715495703,0,3058469,6,region7_918076230
2023-03-19 07:11,2715495703,0,7034477,5,region7_918076230
2023-03-19 07:11,2715542537,0,566685,4,region7_918076237
2023-03-19 07:11,2716142991,0,7377848,2,region7_918076227
2023-03-19 07:11,2716313127,0,6529411,2,region7_918076235
2023-03-19 07:11,2715463945,0,8388608,4,region7_918076232
2023-03-19 07:11,2715514783,4194304,4181192,1,region7_918076226
2023-03-19 07:11,2715514783,0,4194304,1,region7_918076226
2023-03-19 07:11,2716144287,3145728,1048576,5,region7_918076230
2023-03-19 07:11,2716144287,1048576,1048576,5,region7_918076230
2023-03-19 07:11,2716144287,4194304,1048576,5,region7_918076230
2023-03-19 07:11,2716144287,2097152,1048576,5,region7_918076230
2023-03-19 07:11,2716144287,0,1048576,5,region7_918076230
2023-03-19 07:11,2716313127,8307570,81038,2,region7_918076235
2023-03-19 07:11,2715367840,0,1332,2,region7_918076231
2023-03-19 07:11,2715542180,0,4711704,2,region7_918076228
2023-03-19 07:11,2715991606,733872,86016,2,region7_918076231
2023-03-19 07:11,2716105171,0,7324152,2,region7_918076232
2023-03-19 07:11,2716144287,7340032,1048576,5,region7_918076230
2023-03-19 07:11,2716144287,6291456,1048576,5,region7_918076230
2023-03-19 07:11,2716144287,5242880,1048576,5,region7_918076230
2023-03-19 07:11,2715592393,0,7007914,5,region7_918076230
2023-03-19 07:11,2715345588,0,4031821,2,region7_918076228
2023-03-19 07:11,2715836095,0,256,2,region7_918076231
2023-03-19 07:11,2716402420,0,1280,2,region7_918076231
2023-03-19 07:11,2714962001,0,176,2,region7_918076231
2023-03-19 07:11,2715592393,0,3046919,6,region7_918076230
2023-03-19 07:11,2715919211,3294796,1346989,2,region7_918076235
2023-03-19 07:11,2715919211,748682,739762,2,region7_918076235
2023-03-19 07:11,2715700789,0,3817447,2,region7_918076228
2023-03-19 07:11,2715875882,0,10485760,5,region7_918076230
2023-03-19 07:11,2716118080,0,1537000,2,region7_918076233
2023-03-19 07:11,2716122739,2940278,887108,2,region7_918076228
2023-03-19 07:11,2716122739,0,2824748,2,region7_918076228
2023-03-19 07:11,2716451380,2730528,355840,2,region7_918076231
2023-03-19 07:11,2715578058,0,8388608,4,region7_918076228
2023-03-19 07:11,2715593851,0,8388608,4,region7_918076236
2023-03-19 07:11,2716242645,11177,4194304,1,region7_918076226
2023-03-19 07:11,2716242645,4205481,4171949,1,region7_918076226
2023-03-19 07:11,2716242645,0,11177,1,region7_918076226
2023-03-19 07:11,2715792366,0,512,2,region7_918076231
2023-03-19 07:11,2716233088,0,5059469,2,region7_918076235
2023-03-19 07:11,2716466259,0,267981,2,region7_918076228
2023-03-19 07:11,2716466259,267981,8120627,2,region7_918076228
2023-03-19 07:11,2715471275,0,25945,2,region7_918076236
2023-03-19 07:11,2715892577,14084160,4804352,2,region7_918076231
2023-03-19 07:11,2715793677,0,8056791,2,region7_918076227
2023-03-19 07:11,2716051669,8192,28544,2,region7_918076231
2023-03-19 07:11,2716056662,0,8380300,3,region7_918076226
2023-03-19 07:12,2715474336,0,8388608,2,region7_918076227
2023-03-19 07:12,2714742892,0,256,2,region7_918076231
2023-03-19 07:12,2716472083,0,8388608,2,region7_918076227
2023-03-19 07:12,2715875882,10485760,2377831,5,region7_918076230
2023-03-19 07:12,2715574755,0,474457,2,region7_918076228
2023-03-19 07:12,2716045649,6882016,139264,2,region7_918076231
2023-03-19 07:12,2716236567,0,8388608,2,region7_918076237
2023-03-19 07:12,2715892577,31238656,6603520,2,region7_918076231
2023-03-19 07:12,2715892577,18888512,10493184,2,region7_918076231
2023-03-19 07:12,2716166791,3600754,154112,2,region7_918076231
2023-03-19 07:12,2714910499,5008928,9088,2,region7_918076231
2023-03-19 07:12,2716453533,0,1048632,2,region7_918076227
2023-03-19 07:12,2715980215,0,8388608,4,region7_918076232
2023-03-19 07:12,2714976528,2135363,6253245,2,region7_918076228
2023-03-19 07:12,2714976528,1337778,797585,2,region7_918076228
2023-03-19 07:12,2716440887,0,1027496,2,region7_918076227
2023-03-19 07:12,2715596483,0,7028271,5,region7_918076230
2023-03-19 07:12,2715596483,0,3055770,6,region7_918076230
2023-03-19 07:12,2715892577,38778816,998720,2,region7_918076231
2023-03-19 07:12,2715892577,18888512,10493184,2,region7_918076231
2023-03-19 07:12,2715699324,0,25165824,3,region7_918076237
2023-03-19 07:12,2714931608,0,2304,2,region7_918076231
2023-03-19 07:12,2715047621,57937,6339,2,region7_918076233
2023-03-19 07:12,2716463931,0,493281,2,region7_918076228
2023-03-19 07:12,2716548743,1048576,1048576,5,region7_918076230
2023-03-19 07:12,2716548743,2097152,307464,5,region7_918076230
2023-03-19 07:12,2716548743,0,1048576,5,region7_918076230
2023-03-19 07:12,2714976528,2135363,6253245,2,region7_918076228
2023-03-19 07:12,2714976528,1337778,797585,2,region7_918076228
2023-03-19 07:12,2716670772,3754270,4634338,2,region7_918076227
2023-03-19 07:12,2716670772,0,2071862,2,region7_918076227
2023-03-19 07:12,2715630419,0,3062478,6,region7_918076230
2023-03-19 07:12,2715880948,0,3083361,4,region7_918076232
2023-03-19 07:12,2715686599,0,34048,2,region7_918076231
2023-03-19 07:12,2715024707,1538245,1884593,2,region7_918076228
2023-03-19 07:12,2715900525,0,532357,5,region7_918076230
2023-03-19 07:12,2716257435,0,8388608,2,region7_918076227
2023-03-19 07:12,2716593926,0,176,2,region7_918076231
2023-03-19 07:12,2714976528,1337778,797585,2,region7_918076228
2023-03-19 07:12,2715660934,0,8388608,4,region7_918076232
2023-03-19 07:12,2714770665,0,7444666,2,region7_918076235
2023-03-19 07:12,2715889944,0,41543,2,region7_918076231
2023-03-19 07:12,2714949652,4945792,119808,2,region7_918076231
2023-03-19 07:12,2716430532,0,4038842,2,region7_918076231
2023-03-19 07:12,2714995435,0,3372741,2,region7_918076244
2023-03-19 07:12,2716240240,0,8388608,4,region7_918076232
2023-03-19 07:12,2714835262,0,421384,2,region7_918076228
2023-03-19 07:12,2716508213,849250,2747428,2,region7_918076228
2023-03-19 07:12,2716593909,792138,663356,2,region7_918076227
2023-03-19 07:12,2716593909,4793927,3594681,2,region7_918076227
2023-03-19 07:12,2714976528,2135363,6253245,2,region7_918076228
2023-03-19 07:12,2714995435,5165716,495907,2,region7_918076244
2023-03-19 07:12,2716120630,0,9421,2,region7_918076231
2023-03-19 07:12,2716136837,4433760,128000,2,region7_918076231
2023-03-19 07:12,2715024707,1538245,1884593,2,region7_918076228
2023-03-19 07:12,2716093808,0,8388608,4,region7_918076232
2023-03-19 07:12,2716614850,3145728,74067,5,region7_918076230
2023-03-19 07:12,2716614850,2097152,1048576,5,region7_918076230
2023-03-19 07:12,2716614850,1048576,1048576,5,region7_918076230
2023-03-19 07:12,2716614850,0,1048576,5,region7_918076230
2023-03-19 07:12,2716741450,0,306556,2,region7_918076231
2023-03-19 07:12,2715024707,1538245,1884593,2,region7_918076228
2023-03-19 07:12,2715812642,0,176,2,region7_918076231
2023-03-19 07:12,2715846477,0,37069,2,region7_918076231
2023-03-19 07:12,2716188938,0,8388608,5,region7_918076230
2023-03-19 07:12,2716224894,0,1814,2,region7_918076231
2023-03-19 07:12,2716332294,0,8388608,2,region7_918076227
2023-03-19 07:12,2716443235,1319736,7068872,2,region7_918076237
2023-03-19 07:12,2716028874,0,7012045,4,region7_918076245
2023-03-19 07:12,2716116728,3145728,893114,5,region7_918076230
2023-03-19 07:12,2716116728,1048576,1048576,5,region7_918076230
2023-03-19 07:12,2716116728,2097152,1048576,5,region7_918076230
2023-03-19 07:12,2716116728,0,1048576,5,region7_918076230
2023-03-19 07:12,2716467713,6291456,1048576,5,region7_918076230
2023-03-19 07:12,2716467713,3145728,1048576,5,region7_918076230
2023-03-19 07:12,2716467713,2097152,1048576,5,region7_918076230
2023-03-19 07:12,2716467713,0,1048576,5,region7_918076230
2023-03-19 07:12,2716467713,4194304,1048576,5,region7_918076230
2023-03-19 07:12,2716467713,1048576,1048576,5,region7_918076230
2023-03-19 07:12,2716467713,5242880,1048576,5,region7_918076230
2023-03-19 07:12,2716649078,8192,15213,2,region7_918076231
2023-03-19 07:12,2716649078,0,176,2,region7_918076231
2023-03-19 07:12,2716467713,7340032,1048121,5,region7_918076230
2023-03-19 07:12,2716144485,6182016,48,2,region7_918076231
2023-03-19 07:12,2715212938,0,8388608,2,region7_918076227
2023-03-19 07:12,2715980280,0,8481568,6,region7_918076242
2023-03-19 07:12,2716275023,0,7049956,4,region7_918076245
2023-03-19 07:12,2716579300,0,3034,2,region7_918076231
2023-03-19 07:12,2716741450,306556,327910,2,region7_918076231
2023-03-19 07:12,2716794294,0,8376760,3,region7_918076226
2023-03-19 07:12,2716840568,0,128,2,region7_918076231
2023-03-19 07:12,2716066567,0,7655964,2,region7_918076232
2023-03-19 07:12,2715047621,57937,6339,2,region7_918076233
2023-03-19 07:12,2714931608,0,2304,2,region7_918076231
2023-03-19 07:12,2716422462,0,25165824,3,region7_918076237
2023-03-19 07:12,2715850420,0,7081249,4,region7_918076245
2023-03-19 07:12,2715493571,0,8388608,2,region7_918076227
2023-03-19 07:12,2716091399,0,4038842,6,region7_918076230
2023-03-19 07:12,2716489856,0,7925422,3,region7_918076226
2023-03-19 07:12,2714987423,3121294,958365,2,region7_918076228
2023-03-19 07:12,2714987423,153213,1552062,2,region7_918076228
2023-03-19 07:12,2714910276,957248,45760,2,region7_918076231
2023-03-19 07:12,2715995084,5424096,81408,2,region7_918076231
2023-03-19 07:12,2716399177,0,17392097,3,region7_918076226
2023-03-19 07:12,2714976528,1337778,797585,2,region7_918076228
2023-03-19 07:12,2715997552,0,3200,2,region7_918076231
2023-03-19 07:12,2716340814,0,768,2,region7_918076231
2023-03-19 07:12,2716147507,0,384,2,region7_918076231
2023-03-19 07:12,2716763290,3030100,129152,2,region7_918076231
2023-03-19 07:12,2714835262,0,421384,2,region7_918076228
2023-03-19 07:12,2716673008,0,222029,2,region7_918076231
2023-03-19 07:12,2716741450,2405180,459074,2,region7_918076231
2023-03-19 07:12,2716065206,2670162,2134016,2,region7_918076236
2023-03-19 07:12,2716065206,568914,2101248,2,region7_918076236
2023-03-19 07:12,2716065206,0,568914,2,region7_918076236
2023-03-19 07:12,2716741450,2864254,196746,2,region7_918076231
2023-03-19 07:12,2716065206,6938194,143876,2,region7_918076236
2023-03-19 07:12,2716065206,4804178,2134016,2,region7_918076236
2023-03-19 07:12,2716081501,0,512,2,region7_918076231
2023-03-19 07:12,2715806208,0,8388608,2,region7_918076235
2023-03-19 07:12,2716741450,3061000,262328,2,region7_918076231
2023-03-19 07:12,2716860631,1669856,276608,2,region7_918076231
2023-03-19 07:12,2716118080,1537000,2101248,2,region7_918076233
2023-03-19 07:12,2716370345,0,8388608,1,region7_918076226
2023-03-19 07:12,2716697089,0,4038842,6,region7_918076230
2023-03-19 07:12,2716741450,3323328,262328,2,region7_918076231
2023-03-19 07:12,2716912404,0,25165824,3,region7_918076237
2023-03-19 07:12,2715542180,0,4711704,2,region7_918076228
2023-03-19 07:12,2715405688,0,12583,2,region7_918076231
2023-03-19 07:12,2716439739,3145728,893114,5,region7_918076230
2023-03-19 07:12,2716439739,2097152,1048576,5,region7_918076230
2023-03-19 07:12,2716439739,1048576,1048576,5,region7_918076230
2023-03-19 07:12,2716439739,0,1048576,5,region7_918076230
2023-03-19 07:12,2716318247,0,4194304,1,region7_918076226
2023-03-19 07:12,2715139173,645894,1048576,2,region7_918076228
2023-03-19 07:12,2716134256,18100000,48,2,region7_918076231
2023-03-19 07:12,2716723732,0,694356,2,region7_918076231
2023-03-19 07:12,2716952054,399296,8082272,2,region7_918076231
2023-03-19 07:12,2715515282,220672,361600,2,region7_918076231
2023-03-19 07:12,2715909193,3145728,893114,5,region7_918076230
2023-03-19 07:12,2715909193,1048576,1048576,5,region7_918076230
2023-03-19 07:12,2715909193,0,1048576,5,region7_918076230
2023-03-19 07:12,2715909193,2097152,1048576,5,region7_918076230
2023-03-19 07:12,2716250208,0,1050,2,region7_918076231
2023-03-19 07:12,2716257413,2613248,22272,2,region7_918076231
2023-03-19 07:12,2714976528,2135363,6253245,2,region7_918076228
2023-03-19 07:12,2716741450,3585656,459074,2,region7_918076231
2023-03-19 07:12,2716957896,0,4038842,5,region7_918076230
2023-03-19 07:12,2716543781,0,8388608,4,region7_918076238
2023-03-19 07:12,2716810794,5127072,48,2,region7_918076231
2023-03-19 07:12,2716840568,0,128,2,region7_918076231
2023-03-19 07:12,2715345588,1292868,2738953,2,region7_918076228
2023-03-19 07:12,2714822120,0,820,2,region7_918076231
2023-03-19 07:12,2715596748,0,1644690,2,region7_918076228
2023-03-19 07:12,2716848039,0,176,2,region7_918076231
2023-03-19 07:12,2715960060,0,8388608,2,region7_918076235
2023-03-19 07:12,2716445496,0,640,2,region7_918076231
2023-03-19 07:12,2716322512,15529072,216384,2,region7_918076231
2023-03-19 07:12,2716831758,0,1048210,2,region7_918076231
2023-03-19 07:12,2716963765,1951264,48,2,region7_918076231
2023-03-19 07:12,2716741450,4044730,262328,2,region7_918076231
2023-03-19 07:12,2717022477,0,8388608,2,region7_918076232
2023-03-19 07:12,2716466457,0,8388608,4,region7_918076232
2023-03-19 07:12,2716858067,12172864,48,2,region7_918076231
2023-03-19 07:12,2716509146,0,892573,5,region7_918076230
2023-03-19 07:12,2716632851,0,8388608,4,region7_918076233
2023-03-19 07:12,2715003213,0,896,2,region7_918076231
2023-03-19 07:12,2715841165,2089180,1048576,2,region7_918076228
2023-03-19 07:12,2716196078,0,1052672,2,region7_918076236
2023-03-19 07:12,2716196078,1052672,2113536,2,region7_918076236
2023-03-19 07:12,2716478287,0,3042445,6,region7_918076230
2023-03-19 07:12,2716972441,0,8382168,3,region7_918076226
2023-03-19 07:12,2715781385,0,7424,2,region7_918076231
2023-03-19 07:12,2715139173,645894,1048576,2,region7_918076228
2023-03-19 07:12,2716196078,7376896,1011712,2,region7_918076236
2023-03-19 07:12,2716196078,5275648,2101248,2,region7_918076236
2023-03-19 07:12,2716196078,3166208,2109440,2,region7_918076236
2023-03-19 07:12,2716370345,8388608,8388608,1,region7_918076226
2023-03-19 07:12,2716669430,0,404012,2,region7_918076228
2023-03-19 07:12,2716669430,404012,4088320,2,region7_918076228
2023-03-19 07:12,2716741450,4307058,327910,2,region7_918076231
2023-03-19 07:12,2716874991,2862403,1734424,2,region7_918076227
2023-03-19 07:12,2716741450,4634968,393492,2,region7_918076231
2023-03-19 07:12,2716338198,0,48,2,region7_918076231
2023-03-19 07:12,2716404811,0,1048576,5,region7_918076230
2023-03-19 07:12,2716741450,5028460,327910,2,region7_918076231
2023-03-19 07:12,2715610627,0,10746,2,region7_918076231
2023-03-19 07:12,2716343157,7766228,275639,2,region7_918076227
2023-03-19 07:12,2716682035,3526656,2121728,2,region7_918076236
2023-03-19 07:12,2716682035,0,1404928,2,region7_918076236
2023-03-19 07:12,2716682035,7778304,610304,2,region7_918076236
2023-03-19 07:12,2716682035,5648384,2129920,2,region7_918076236
2023-03-19 07:12,2716682035,1404928,2121728,2,region7_918076236
2023-03-19 07:12,2716727238,0,8378430,3,region7_918076226
2023-03-19 07:12,2717035575,0,3073326,6,region7_918076230
2023-03-19 07:12,2716075003,0,2618,2,region7_918076231
2023-03-19 07:12,2716404811,3145728,1048576,5,region7_918076230
2023-03-19 07:12,2716404811,2097152,1048576,5,region7_918076230
2023-03-19 07:12,2716404811,1048576,1048576,5,region7_918076230
2023-03-19 07:12,2716511778,0,3040,2,region7_918076231
2023-03-19 07:12,2716556780,0,8388608,4,region7_918076232
2023-03-19 07:12,2716141803,0,5952,2,region7_918076231
2023-03-19 07:12,2716404811,4194304,1048576,5,region7_918076230
2023-03-19 07:12,2716741450,5356370,393492,2,region7_918076231
2023-03-19 07:12,2716404811,5242880,1048576,5,region7_918076230
2023-03-19 07:12,2716974397,2130608,125440,2,region7_918076231
2023-03-19 07:12,2717061154,2097152,1048576,5,region7_918076230
2023-03-19 07:12,2717061154,0,1048576,5,region7_918076230
2023-03-19 07:12,2717061154,3145728,893114,5,region7_918076230
2023-03-19 07:12,2717061154,1048576,1048576,5,region7_918076230
2023-03-19 07:12,2714786350,572318,625798,2,region7_918076228
2023-03-19 07:12,2716404811,6291456,1048576,5,region7_918076230
2023-03-19 07:12,2716413247,4207863,4167185,1,region7_918076226
2023-03-19 07:12,2716413247,13559,4194304,1,region7_918076226
2023-03-19 07:12,2716413247,0,13559,1,region7_918076226
2023-03-19 07:12,2716741450,5749862,262328,2,region7_918076231
2023-03-19 07:12,2717112623,2566540,48,2,region7_918076231
2023-03-19 07:12,2716404811,7340032,1048576,5,region7_918076230
2023-03-19 07:12,2716741450,6012190,327910,2,region7_918076231
2023-03-19 07:12,2716778479,0,347772,2,region7_918076231
2023-03-19 07:12,2716920298,0,3981801,2,region7_918076237
2023-03-19 07:12,2715139173,645894,1048576,2,region7_918076228
2023-03-19 07:12,2716498688,3417,1358,2,region7_918076231
2023-03-19 07:12,2716824360,0,176,2,region7_918076231
2023-03-19 07:12,2716920298,3981801,4406807,2,region7_918076237
2023-03-19 07:12,2717070419,0,3045843,6,region7_918076230
2023-03-19 07:12,2716111573,0,536918,2,region7_918076228
2023-03-19 07:12,2716446593,0,7411956,2,region7_918076234
2023-03-19 07:12,2716569638,0,4194304,1,region7_918076226
2023-03-19 07:12,2716802671,0,2503,2,region7_918076231
2023-03-19 07:12,2716491076,1466336,48,2,region7_918076231
2023-03-19 07:12,2716980026,0,513645,2,region7_918076228
2023-03-19 07:12,2716311659,0,8388608,2,region7_918076235
2023-03-19 07:12,2716731436,3145728,893114,5,region7_918076230
2023-03-19 07:12,2716731436,1048576,1048576,5,region7_918076230
2023-03-19 07:12,2716731436,2097152,1048576,5,region7_918076230
2023-03-19 07:12,2716731436,0,1048576,5,region7_918076230
2023-03-19 07:12,2716906976,0,2053006,2,region7_918076234
2023-03-19 07:12,2716944005,0,1048576,5,region7_918076230
2023-03-19 07:12,2716944005,1048576,1048576,5,region7_918076230
2023-03-19 07:12,2716944005,2097152,1048576,5,region7_918076230
2023-03-19 07:12,2716944005,3145728,893114,5,region7_918076230
2023-03-19 07:12,2716276224,0,176,2,region7_918076231
2023-03-19 07:12,2716445468,0,5512913,2,region7_918076235
2023-03-19 07:12,2716663657,0,12175169,3,region7_918076237
2023-03-19 07:12,2716253734,0,4038842,5,region7_918076230
2023-03-19 07:12,2716253734,0,8481568,6,region7_918076230
2023-03-19 07:12,2715522048,0,1902794,2,region7_918076232
2023-03-19 07:12,2716783714,0,17895,2,region7_918076231
2023-03-19 07:12,2716318247,4194304,4185008,1,region7_918076226
2023-03-19 07:12,2716946346,0,512262,5,region7_918076230
2023-03-19 07:13,2716164169,0,3073520,6,region7_918076230
2023-03-19 07:13,2716569638,4194304,4180676,1,region7_918076226
2023-03-19 07:13,2716164169,0,7069096,5,region7_918076230
2023-03-19 07:13,2716370345,16777216,8388608,1,region7_918076226
2023-03-19 07:13,2716541522,421888,2146304,2,region7_918076236
2023-03-19 07:13,2716541522,0,421888,2,region7_918076236
2023-03-19 07:13,2715512009,20257,1768965,2,region7_918076228
2023-03-19 07:13,2716465820,6440051,1948557,2,region7_918076228
2023-03-19 07:13,2715923205,3138958,1048576,2,region7_918076228
2023-03-19 07:13,2716185999,0,1838953,2,region7_918076228
2023-03-19 07:13,2716185999,1838953,2231080,2,region7_918076228
2023-03-19 07:13,2715842202,0,8388608,2,region7_918076232
2023-03-19 07:13,2716541522,4702208,2105344,2,region7_918076236
2023-03-19 07:13,2716541522,2568192,2134016,2,region7_918076236
2023-03-19 07:13,2716541522,6807552,1581056,2,region7_918076236
2023-03-19 07:13,2717023678,0,6325530,2,region7_918076237
2023-03-19 07:13,2715923205,0,554047,2,region7_918076228
2023-03-19 07:13,2715909481,6538411,1524296,2,region7_918076228
2023-03-19 07:13,2716197461,0,2794149,4,region7_918076232
2023-03-19 07:13,2716269853,0,1664,2,region7_918076231
2023-03-19 07:13,2716694734,2097152,1048576,5,region7_918076230
2023-03-19 07:13,2716694734,0,1048576,5,region7_918076230
2023-03-19 07:13,2716694734,3145728,893114,5,region7_918076230
2023-03-19 07:13,2716694734,1048576,1048576,5,region7_918076230
2023-03-19 07:13,2717023678,6325530,2063078,2,region7_918076237
2023-03-19 07:13,2716193761,3129304,496064,2,region7_918076231
2023-03-19 07:13,2716260076,0,256,2,region7_918076231
2023-03-19 07:13,2715596748,1416021,228669,2,region7_918076228
2023-03-19 07:13,2715596748,2724446,637918,2,region7_918076228
2023-03-19 07:13,2714882791,3316044,497457,2,region7_918076228
2023-03-19 07:13,2717094859,1150819,1048576,2,region7_918076228
2023-03-19 07:13,2717232148,4190594,4198014,2,region7_918076228
2023-03-19 07:13,2717232148,0,4190594,2,region7_918076228
2023-03-19 07:13,2716193761,3129304,496064,2,region7_918076231
2023-03-19 07:13,2716410706,0,16410,2,region7_918076231
2023-03-19 07:13,2716639799,725496,7663112,2,region7_918076227
2023-03-19 07:13,2716148014,0,8357122,3,region7_918076226
2023-03-19 07:13,2716173086,1698289,1048576,2,region7_918076235
2023-03-19 07:13,2716883858,0,4038842,2,region7_918076231
2023-03-19 07:13,2715168685,0,2253,2,region7_918076231
2023-03-19 07:13,2717062521,0,8351562,3,region7_918076226
2023-03-19 07:13,2716118080,3638248,1402654,2,region7_918076233
2023-03-19 07:13,2716173086,0,1435000,2,region7_918076235
2023-03-19 07:13,2716173086,1596764,1150101,2,region7_918076235
2023-03-19 07:13,2716807797,13728,9408,2,region7_918076236
2023-03-19 07:13,2716983161,0,962560,2,region7_918076236
2023-03-19 07:13,2716284118,0,1611,2,region7_918076231
2023-03-19 07:13,2715047621,57937,6339,2,region7_918076233
2023-03-19 07:13,2715063487,4194304,4194304,2,region7_918076232
2023-03-19 07:13,2715063487,0,4194304,2,region7_918076232
2023-03-19 07:13,2715090669,3105290,1048576,2,region7_918076228
2023-03-19 07:13,2715090669,3067518,182973,2,region7_918076228
2023-03-19 07:13,2716983161,962560,2138112,2,region7_918076236
2023-03-19 07:13,2716983161,7393280,995328,2,region7_918076236
2023-03-19 07:13,2716983161,5246976,2146304,2,region7_918076236
2023-03-19 07:13,2716983161,3100672,2146304,2,region7_918076236
2023-03-19 07:13,2715535226,6370069,2018539,2,region7_918076227
2023-03-19 07:13,2715535226,0,4985777,2,region7_918076227
2023-03-19 07:13,2716884954,0,2053006,6,region7_918076230
2023-03-19 07:13,2717022418,3145728,893114,5,region7_918076230
2023-03-19 07:13,2717022418,2097152,1048576,5,region7_918076230
2023-03-19 07:13,2717022418,1048576,1048576,5,region7_918076230
2023-03-19 07:13,2717022418,0,1048576,5,region7_918076230
2023-03-19 07:13,2717166685,0,8388608,4,region7_918076232
2023-03-19 07:13,2716213400,5279189,3109419,2,region7_918076227
2023-03-19 07:13,2716213400,1369378,973956,2,region7_918076227
2023-03-19 07:13,2716743958,6154496,255552,2,region7_918076231
2023-03-19 07:13,2716448878,0,12608,1,region7_918076226
2023-03-19 07:13,2716945085,0,56873,5,region7_918076230
2023-03-19 07:13,2717142127,8192,54029,2,region7_918076231
2023-03-19 07:13,2717142127,0,176,2,region7_918076231
2023-03-19 07:13,2716243618,0,128,2,region7_918076231
2023-03-19 07:13,2715078832,0,176,2,region7_918076231
2023-03-19 07:13,2715662209,0,384,2,region7_918076231
2023-03-19 07:13,2716441014,0,308971,2,region7_918076228
2023-03-19 07:13,2716441014,3178882,5209726,2,region7_918076228
2023-03-19 07:13,2714987423,24059,4055600,2,region7_918076228
2023-03-19 07:13,2714817282,0,1234593,2,region7_918076228
2023-03-19 07:13,2716926085,0,1702629,2,region7_918076235
2023-03-19 07:13,2717068260,0,8388608,2,region7_918076235
2023-03-19 07:13,2715662209,0,384,2,region7_918076231
2023-03-19 07:13,2716352772,0,1048576,5,region7_918076230
2023-03-19 07:13,2716352772,1048576,542382,5,region7_918076230
2023-03-19 07:13,2716519587,0,7027445,4,region7_918076245
2023-03-19 07:13,2716826526,0,218016,2,region7_918076231
2023-03-19 07:13,2717270763,4388576,37824,2,region7_918076231
2023-03-19 07:13,2716315517,4194304,1048576,5,region7_918076230
2023-03-19 07:13,2716315517,3145728,1048576,5,region7_918076230
2023-03-19 07:13,2716315517,2097152,1048576,5,region7_918076230
2023-03-19 07:13,2716315517,1048576,1048576,5,region7_918076230
2023-03-19 07:13,2716315517,0,1048576,5,region7_918076230
2023-03-19 07:13,2714985679,1993344,124736,2,region7_918076231
2023-03-19 07:13,2714672541,0,30071,2,region7_918076228
2023-03-19 07:13,2717051094,0,8388608,2,region7_918076227
2023-03-19 07:13,2716315517,6291456,1048576,5,region7_918076230
2023-03-19 07:13,2716315517,7340032,1048576,5,region7_918076230
2023-03-19 07:13,2716315517,5242880,1048576,5,region7_918076230
2023-03-19 07:13,2714932106,0,4038842,6,region7_918076230
2023-03-19 07:13,2716615813,0,4153475,5,region7_918076230
2023-03-19 07:13,2714932106,0,8481568,5,region7_918076230
2023-03-19 07:13,2717149791,0,16564,2,region7_918076231
2023-03-19 07:13,2716359592,0,4038842,5,region7_918076230
2023-03-19 07:13,2716375129,6223531,1354128,2,region7_918076237
2023-03-19 07:13,2716399164,0,8388608,2,region7_918076227
2023-03-19 07:13,2716445326,14852253,230,2,region7_918076228
2023-03-19 07:13,2716505800,0,5246567,5,region7_918076230
2023-03-19 07:13,2716591498,1048576,1048576,5,region7_918076230
2023-03-19 07:13,2716591498,3145728,893114,5,region7_918076230
2023-03-19 07:13,2716591498,2097152,1048576,5,region7_918076230
2023-03-19 07:13,2716591498,0,1048576,5,region7_918076230
2023-03-19 07:13,2716853694,0,773838,4,region7_918076232
2023-03-19 07:13,2716890828,278,1041,2,region7_918076231
2023-03-19 07:13,2715543138,0,176,2,region7_918076231
2023-03-19 07:13,2717291762,0,48,2,region7_918076231
2023-03-19 07:13,2715986922,3063027,1048576,2,region7_918076228
2023-03-19 07:13,2716446644,0,384,2,region7_918076231
2023-03-19 07:13,2716746213,3770368,48,2,region7_918076231
2023-03-19 07:13,2717146279,460032,96576,2,region7_918076231
2023-03-19 07:13,2717333143,0,4038842,5,region7_918076230
2023-03-19 07:13,2716005907,0,8388608,2,region7_918076227
2023-03-19 07:13,2716289383,3145728,1048576,5,region7_918076230
2023-03-19 07:13,2716289383,2097152,1048576,5,region7_918076230
2023-03-19 07:13,2716289383,1048576,1048576,5,region7_918076230
2023-03-19 07:13,2716289383,0,1048576,5,region7_918076230
2023-03-19 07:13,2716289383,4194304,880732,5,region7_918076230
2023-03-19 07:13,2716505884,0,8346282,3,region7_918076226
2023-03-19 07:13,2716596307,0,2651767,4,region7_918076237
2023-03-19 07:13,2716661098,579560,48,2,region7_918076231
2023-03-19 07:13,2715377162,0,8388608,2,region7_918076227
2023-03-19 07:13,2717374910,0,20208,2,region7_918076236
2023-03-19 07:13,2717381298,0,1273027,2,region7_918076227
2023-03-19 07:13,2716285248,0,3060231,6,region7_918076230
2023-03-19 07:13,2716446644,0,384,2,region7_918076231
2023-03-19 07:13,2716448878,12608,8363392,1,region7_918076226
2023-03-19 07:13,2716448937,0,8388608,4,region7_918076232
2023-03-19 07:13,2716466259,267981,8120627,2,region7_918076228
2023-03-19 07:13,2716390281,0,8388608,2,region7_918076227
2023-03-19 07:13,2716786912,0,3051785,6,region7_918076230
2023-03-19 07:13,2717318365,6708796,223502,2,region7_918076227
2023-03-19 07:13,2717318365,2157075,209626,2,region7_918076227
2023-03-19 07:13,2717318365,4727720,434522,2,region7_918076227
2023-03-19 07:13,2717318365,525162,200205,2,region7_918076227
2023-03-19 07:13,2716415651,0,4038842,6,region7_918076230
2023-03-19 07:13,2715616759,7375131,1013477,2,region7_918076228
2023-03-19 07:13,2716446644,0,384,2,region7_918076231
2023-03-19 07:13,2714931608,0,2304,2,region7_918076231
2023-03-19 07:13,2716779330,0,458132,2,region7_918076231
2023-03-19 07:13,2716902435,0,176,2,region7_918076231
2023-03-19 07:13,2714856390,0,4038842,5,region7_918076230
2023-03-19 07:13,2714856390,0,8481568,6,region7_918076230
2023-03-19 07:13,2716978827,0,8380553,3,region7_918076226
2023-03-19 07:13,2717194830,0,8481568,6,region7_918076242
2023-03-19 07:13,2714980600,3968,256,2,region7_918076231
2023-03-19 07:13,2714987423,3121294,195837,2,region7_918076228
2023-03-19 07:13,2714987423,404062,1301213,2,region7_918076228
2023-03-19 07:13,2715116019,0,176,2,region7_918076231
2023-03-19 07:13,2716896533,8192,373632,2,region7_918076231
2023-03-19 07:13,2715380981,35245440,1032576,2,region7_918076231
2023-03-19 07:13,2716919147,0,8388608,4,region7_918076238
2023-03-19 07:13,2715504855,287392,2304012,2,region7_918076228
2023-03-19 07:13,2717359570,2678784,2146304,2,region7_918076236
2023-03-19 07:13,2717359570,0,552960,2,region7_918076236
2023-03-19 07:13,2717359570,4825088,2134016,2,region7_918076236
2023-03-19 07:13,2717359570,552960,2125824,2,region7_918076236
2023-03-19 07:13,2717451426,7340032,1048576,5,region7_918076230
2023-03-19 07:13,2717451426,5242880,1048576,5,region7_918076230
2023-03-19 07:13,2717451426,3145728,1048576,5,region7_918076230
2023-03-19 07:13,2717451426,1048576,1048576,5,region7_918076230
2023-03-19 07:13,2717451426,6291456,1048576,5,region7_918076230
2023-03-19 07:13,2717451426,4194304,1048576,5,region7_918076230
2023-03-19 07:13,2717451426,2097152,1048576,5,region7_918076230
2023-03-19 07:13,2717451426,0,1048576,5,region7_918076230
2023-03-19 07:13,2717122540,0,8388608,2,region7_918076232
2023-03-19 07:13,2717359570,6959104,1429504,2,region7_918076236
2023-03-19 07:13,2714949652,4945792,119808,2,region7_918076231
2023-03-19 07:13,2716666033,0,77108,2,region7_918076231
2023-03-19 07:13,2714679183,96,916,2,region7_918076231
2023-03-19 07:13,2716956821,0,1290043,2,region7_918076244
2023-03-19 07:13,2716496715,14861052,142656,2,region7_918076231
2023-03-19 07:13,2716666033,0,77108,2,region7_918076231
2023-03-19 07:13,2716807797,0,23136,2,region7_918076236
2023-03-19 07:13,2715070635,0,8388608,2,region7_918076232
2023-03-19 07:13,2717006809,0,8388608,2,region7_918076227
2023-03-19 07:13,2717424686,0,362392,4,region7_918076237
2023-03-19 07:13,2716467631,0,3360692,2,region7_918076228
2023-03-19 07:13,2716661020,0,7271120,2,region7_918076234
2023-03-19 07:13,2714695996,764791,732402,2,region7_918076227
2023-03-19 07:13,2715616759,7375131,1013477,2,region7_918076228
2023-03-19 07:13,2715328184,0,8388608,2,region7_918076227
2023-03-19 07:13,2715970525,0,4211501,2,region7_918076228
2023-03-19 07:13,2717371594,0,8388608,4,region7_918076232
2023-03-19 07:13,2716661020,6727568,1754000,2,region7_918076234
2023-03-19 07:13,2716851442,3408480,157248,2,region7_918076231
2023-03-19 07:13,2717098080,0,8388608,4,region7_918076232
2023-03-19 07:13,2715596748,3362364,778431,2,region7_918076228
2023-03-19 07:13,2714796259,0,1487959,2,region7_918076228
2023-03-19 07:13,2716636276,6531346,1857262,2,region7_918076237
2023-03-19 07:13,2716585651,4616608,56256,2,region7_918076231
2023-03-19 07:13,2714934820,2416537,1072125,2,region7_918076244
2023-03-19 07:13,2714934820,0,2416537,2,region7_918076244
2023-03-19 07:13,2714934820,4585995,166622,2,region7_918076244
2023-03-19 07:13,2714931608,0,2304,2,region7_918076231
2023-03-19 07:13,2716620660,0,8388608,2,region7_918076227
2023-03-19 07:13,2715101922,0,7100145,2,region7_918076228
2023-03-19 07:13,2717067142,0,8388608,2,region7_918076235
2023-03-19 07:13,2715101922,7100145,1288463,2,region7_918076228
2023-03-19 07:13,2715985575,0,8481568,6,region7_918076242
2023-03-19 07:13,2716375129,6223531,1354128,2,region7_918076237
2023-03-19 07:13,2717308649,0,8388608,4,region7_918076237
2023-03-19 07:13,2717365084,0,60156,2,region7_918076235
2023-03-19 07:13,2715312306,0,176,2,region7_918076231
2023-03-19 07:13,2715081351,458144,3755055,2,region7_918076229
2023-03-19 07:13,2714964738,0,219887,2,region7_918076231
2023-03-19 07:13,2717232148,0,4190594,2,region7_918076228
2023-03-19 07:13,2714994862,0,43986,2,region7_918076228
2023-03-19 07:13,2714964738,0,510447,2,region7_918076231
2023-03-19 07:13,2717259627,0,7048057,4,region7_918076245
2023-03-19 07:13,2716241952,2777772,1048576,2,region7_918076228
2023-03-19 07:13,2716851442,3408480,157248,2,region7_918076231
2023-03-19 07:13,2716856017,0,1290400,2,region7_918076231
2023-03-19 07:13,2714964738,510447,853048,2,region7_918076231
2023-03-19 07:13,2716241952,0,3756163,2,region7_918076228
2023-03-19 07:13,2717422441,0,4038842,6,region7_918076230
2023-03-19 07:13,2717444365,3830886,964416,2,region7_918076231
2023-03-19 07:13,2715312306,0,3738,2,region7_918076231
2023-03-19 07:13,2716614814,844,6504,2,region7_918076231
2023-03-19 07:13,2715345588,0,4031821,2,region7_918076228
2023-03-19 07:13,2715942510,2097152,1048576,5,region7_918076230
2023-03-19 07:13,2715942510,0,1048576,5,region7_918076230
2023-03-19 07:13,2715942510,3145728,893114,5,region7_918076230
2023-03-19 07:13,2715942510,1048576,1048576,5,region7_918076230
2023-03-19 07:13,2715206261,0,8481568,2,region7_918076231
2023-03-19 07:13,2714813480,0,1997,2,region7_918076231
2023-03-19 07:13,2715312306,0,176,2,region7_918076231
2023-03-19 07:13,2716666009,5530240,297216,2,region7_918076231
2023-03-19 07:13,2714672541,0,30071,2,region7_918076228
2023-03-19 07:13,2717063617,1104064,48,2,region7_918076231
2023-03-19 07:13,2714813480,0,176,2,region7_918076231
2023-03-19 07:13,2717402554,4738688,48,2,region7_918076231
2023-03-19 07:13,2714835262,0,421384,2,region7_918076228
2023-03-19 07:13,2717401881,0,1101824,2,region7_918076236
2023-03-19 07:13,2717455388,0,4939757,5,region7_918076242
2023-03-19 07:13,2716586676,0,3061829,6,region7_918076230
2023-03-19 07:13,2716851442,3408480,157248,2,region7_918076231
2023-03-19 07:13,2717210792,2533308,48,2,region7_918076231
2023-03-19 07:13,2717401881,7450624,937984,2,region7_918076236
2023-03-19 07:13,2717401881,5316608,2134016,2,region7_918076236
2023-03-19 07:13,2717401881,3215360,2101248,2,region7_918076236
2023-03-19 07:13,2717401881,1101824,2113536,2,region7_918076236
2023-03-19 07:13,2717561068,0,22056,2,region7_918076236
2023-03-19 07:13,2714873683,0,1972959,2,region7_918076228
2023-03-19 07:13,2717110249,0,8481568,6,region7_918076242
2023-03-19 07:13,2716786837,0,25165824,3,region7_918076237
2023-03-19 07:13,2717224664,0,5954060,4,region7_918076232
2023-03-19 07:13,2716893385,0,2263694,1,region7_918076226
2023-03-19 07:13,2714835262,0,421384,2,region7_918076228
2023-03-19 07:13,2716702707,0,22144,2,region7_918076231
2023-03-19 07:13,2716730280,8192,128,2,region7_918076231
2023-03-19 07:13,2716730280,0,176,2,region7_918076231
2023-03-19 07:13,2717224639,1369856,268672,2,region7_918076231
2023-03-19 07:13,2714832857,1191913,772302,2,region7_918076229
2023-03-19 07:13,2714832857,143337,1048576,2,region7_918076229
2023-03-19 07:13,2714832857,0,143337,2,region7_918076229
2023-03-19 07:13,2715183210,0,2273,2,region7_918076231
2023-03-19 07:13,2715706093,438470,2451306,2,region7_918076228
2023-03-19 07:13,2715923205,3138958,1048576,2,region7_918076228
2023-03-19 07:13,2717474485,3145728,893114,5,region7_918076230
2023-03-19 07:13,2717474485,2097152,1048576,5,region7_918076230
2023-03-19 07:13,2717474485,1048576,1048576,5,region7_918076230
2023-03-19 07:13,2717474485,0,1048576,5,region7_918076230
2023-03-19 07:13,2714792387,0,6288429,2,region7_918076227
2023-03-19 07:13,2714688048,2788640,498550,2,region7_918076228
2023-03-19 07:13,2715706093,2889776,1229739,2,region7_918076228
2023-03-19 07:13,2716066567,0,7655964,2,region7_918076232
2023-03-19 07:13,2715923205,0,4121153,2,region7_918076228
2023-03-19 07:13,2716702707,0,22144,2,region7_918076231
2023-03-19 07:13,2716012223,5825579,36017,2,region7_918076235
2023-03-19 07:13,2717109113,0,8237153,3,region7_918076226
2023-03-19 07:14,2716666404,0,8388608,2,region7_918076232
2023-03-19 07:14,2717570408,0,151501,2,region7_918076231
2023-03-19 07:14,2715308765,0,37882,2,region7_918076231
2023-03-19 07:14,2714857796,169200,1704742,2,region7_918076228
2023-03-19 07:14,2714857796,3378895,434198,2,region7_918076228
2023-03-19 07:14,2714894627,18263120,1049312,2,region7_918076231
2023-03-19 07:14,2714945448,0,423986,2,region7_918076231
2023-03-19 07:14,2714945448,423986,428955,2,region7_918076231
2023-03-19 07:14,2716748597,0,7003940,5,region7_918076230
2023-03-19 07:14,2716856017,0,4038842,2,region7_918076231
2023-03-19 07:14,2717143140,780373,7608235,2,region7_918076235
2023-03-19 07:14,2716748597,0,3045192,6,region7_918076230
2023-03-19 07:14,2717570408,0,151501,2,region7_918076231
2023-03-19 07:14,2714832668,0,7344543,2,region7_918076235
2023-03-19 07:14,2714945448,714546,138395,2,region7_918076231
2023-03-19 07:14,2717398597,0,404442,2,region7_918076231
2023-03-19 07:14,2715208825,0,176,2,region7_918076231
2023-03-19 07:14,2715090669,3105290,1048576,2,region7_918076228
2023-03-19 07:14,2715090669,0,1796862,2,region7_918076228
2023-03-19 07:14,2715090669,2875105,176693,2,region7_918076228
2023-03-19 07:14,2715090669,3071524,1011882,2,region7_918076228
2023-03-19 07:14,2715090669,1796862,1078243,2,region7_918076228
2023-03-19 07:14,2717145387,1048576,670589,5,region7_918076230
2023-03-19 07:14,2717145387,0,1048576,5,region7_918076230
2023-03-19 07:14,2717247422,0,128,2,region7_918076231
2023-03-19 07:14,2717259357,6561792,1826816,2,region7_918076236
2023-03-19 07:14,2717259357,163840,2109440,2,region7_918076236
2023-03-19 07:14,2717259357,0,163840,2,region7_918076236
2023-03-19 07:14,2717259357,4423680,2138112,2,region7_918076236
2023-03-19 07:14,2717259357,2273280,2150400,2,region7_918076236
2023-03-19 07:14,2716861555,0,4038842,2,region7_918076231
2023-03-19 07:14,2716861555,0,2051548,2,region7_918076231
2023-03-19 07:14,2717171135,0,7920885,4,region7_918076246
2023-03-19 07:14,2716893385,2263694,3502985,1,region7_918076226
2023-03-19 07:14,2715733607,0,775312,2,region7_918076228
2023-03-19 07:14,2714810360,0,1728,2,region7_918076231
2023-03-19 07:14,2715006870,0,3076207,6,region7_918076230
2023-03-19 07:14,2717367607,0,25555711,3,region7_918076244
2023-03-19 07:14,2715047621,57937,6339,2,region7_918076233
2023-03-19 07:14,2717452501,0,7935831,4,region7_918076246
2023-03-19 07:14,2717553837,0,820,2,region7_918076231
2023-03-19 07:14,2714821639,0,152000,2,region7_918076231
2023-03-19 07:14,2717117007,7572587,816021,2,region7_918076227
2023-03-19 07:14,2717117007,7960633,427975,2,region7_918076227
2023-03-19 07:14,2715733607,2687516,1188189,2,region7_918076228
2023-03-19 07:14,2715139173,645894,1048576,2,region7_918076228
2023-03-19 07:14,2717247363,0,7939205,4,region7_918076246
2023-03-19 07:14,2717331541,6144320,457216,2,region7_918076231
2023-03-19 07:14,2717479790,7599840,48,2,region7_918076231
2023-03-19 07:14,2716944121,1103296,48,2,region7_918076231
2023-03-19 07:14,2715240767,0,721304,2,region7_918076244
2023-03-19 07:14,2717117007,0,7358512,2,region7_918076227
2023-03-19 07:14,2717148668,0,1864922,5,region7_918076242
2023-03-19 07:14,2715986922,3063027,1048576,2,region7_918076228
2023-03-19 07:14,2714824991,3839567,686830,2,region7_918076228
2023-03-19 07:14,2714824991,2429463,11153,2,region7_918076228
2023-03-19 07:14,2717532261,0,7520718,3,region7_918076226
2023-03-19 07:14,2717560984,6291456,1048576,5,region7_918076230
2023-03-19 07:14,2717560984,4194304,1048576,5,region7_918076230
2023-03-19 07:14,2717560984,2097152,1048576,5,region7_918076230
2023-03-19 07:14,2717560984,1048576,1048576,5,region7_918076230
2023-03-19 07:14,2717560984,7340032,1048121,5,region7_918076230
2023-03-19 07:14,2717560984,5242880,1048576,5,region7_918076230
2023-03-19 07:14,2717560984,3145728,1048576,5,region7_918076230
2023-03-19 07:14,2717560984,0,1048576,5,region7_918076230
2023-03-19 07:14,2714821639,0,152000,2,region7_918076231
2023-03-19 07:14,2715027021,2467219,1637911,2,region7_918076228
2023-03-19 07:14,2715027021,0,642501,2,region7_918076228
2023-03-19 07:14,2715498256,0,5242,2,region7_918076231
2023-03-19 07:14,2715986922,0,4050284,2,region7_918076228
2023-03-19 07:14,2714815977,0,2353405,2,region7_918076228
2023-03-19 07:14,2714688048,2788640,498550,2,region7_918076228
2023-03-19 07:14,2717182569,0,7069913,4,region7_918076245
2023-03-19 07:14,2717277187,5637024,91328,2,region7_918076231
2023-03-19 07:14,2717477709,2097152,1048576,5,region7_918076230
2023-03-19 07:14,2717477709,0,1048576,5,region7_918076230
2023-03-19 07:14,2717477709,3145728,1048576,5,region7_918076230
2023-03-19 07:14,2717477709,1048576,1048576,5,region7_918076230
2023-03-19 07:14,2714976528,2135363,6253245,2,region7_918076228
2023-03-19 07:14,2714976528,1337778,797585,2,region7_918076228
2023-03-19 07:14,2716960212,0,8388608,2,region7_918076232
2023-03-19 07:14,2716970004,0,128,2,region7_918076231
2023-03-19 07:14,2717133105,0,27,4,region7_918076232
2023-03-19 07:14,2717193747,6291456,705330,5,region7_918076230
2023-03-19 07:14,2717193747,4194304,1048576,5,region7_918076230
2023-03-19 07:14,2717193747,1048576,1048576,5,region7_918076230
2023-03-19 07:14,2717193747,5242880,1048576,5,region7_918076230
2023-03-19 07:14,2717193747,3145728,1048576,5,region7_918076230
2023-03-19 07:14,2717193747,2097152,1048576,5,region7_918076230
2023-03-19 07:14,2717193747,0,1048576,5,region7_918076230
2023-03-19 07:14,2715139173,645894,1048576,2,region7_918076228
2023-03-19 07:14,2717246443,5242880,3687,5,region7_918076230
2023-03-19 07:14,2717246443,3145728,1048576,5,region7_918076230
2023-03-19 07:14,2717246443,2097152,1048576,5,region7_918076230
2023-03-19 07:14,2717246443,4194304,1048576,5,region7_918076230
2023-03-19 07:14,2717246443,1048576,1048576,5,region7_918076230
2023-03-19 07:14,2717246443,0,1048576,5,region7_918076230
2023-03-19 07:14,2714873683,1972959,6415649,2,region7_918076228
2023-03-19 07:14,2715024707,1538245,1884593,2,region7_918076228
2023-03-19 07:14,2717089557,0,176,2,region7_918076231
2023-03-19 07:14,2714897602,0,6793680,2,region7_918076227
2023-03-19 07:14,2717281660,0,7003537,4,region7_918076245
2023-03-19 07:14,2714824991,2420267,635,2,region7_918076228
2023-03-19 07:14,2714821639,0,152000,2,region7_918076231
2023-03-19 07:14,2715054607,0,8185512,2,region7_918076237
2023-03-19 07:14,2715092387,0,84365,2,region7_918076231
2023-03-19 07:14,2717078334,0,4038842,6,region7_918076230
2023-03-19 07:14,2717472558,25326192,28288,2,region7_918076231
2023-03-19 07:14,2715906504,0,8388608,2,region7_918076227
2023-03-19 07:14,2717561068,0,22056,2,region7_918076236
2023-03-19 07:14,2714877158,7088704,66752,2,region7_918076231
2023-03-19 07:14,2717067142,0,8388608,2,region7_918076235
2023-03-19 07:14,2717395366,1166446,7222162,2,region7_918076237
2023-03-19 07:14,2717395366,0,1166446,2,region7_918076237
2023-03-19 07:14,2714931608,0,2304,2,region7_918076231
2023-03-19 07:14,2717090591,1641073,5320836,2,region7_918076227
2023-03-19 07:14,2717417294,2097152,1048576,5,region7_918076230
2023-03-19 07:14,2717417294,0,1048576,5,region7_918076230
2023-03-19 07:14,2717417294,4194304,1048576,5,region7_918076230
2023-03-19 07:14,2717417294,1048576,1048576,5,region7_918076230
2023-03-19 07:14,2717417294,5242880,1048576,5,region7_918076230
2023-03-19 07:14,2717417294,3145728,1048576,5,region7_918076230
2023-03-19 07:14,2715828967,5009408,2105344,2,region7_918076236
2023-03-19 07:14,2715828967,0,737280,2,region7_918076236
2023-03-19 07:14,2715828967,7114752,1273856,2,region7_918076236
2023-03-19 07:14,2715828967,2867200,2142208,2,region7_918076236
2023-03-19 07:14,2715828967,737280,2129920,2,region7_918076236
2023-03-19 07:14,2717417294,6291456,1048576,5,region7_918076230
2023-03-19 07:14,2717417294,7340032,1048576,5,region7_918076230
2023-03-19 07:14,2714848471,0,1243140,2,region7_918076227
2023-03-19 07:14,2714934820,3488662,1097333,2,region7_918076244
2023-03-19 07:14,2714934820,552181,1864356,2,region7_918076244
2023-03-19 07:14,2714977984,3145728,893114,5,region7_918076230
2023-03-19 07:14,2714977984,1048576,1048576,5,region7_918076230
2023-03-19 07:14,2714977984,2097152,1048576,5,region7_918076230
2023-03-19 07:14,2714977984,0,1048576,5,region7_918076230
2023-03-19 07:14,2715126986,0,319258,2,region7_918076231
2023-03-19 07:14,2715909481,949679,1152324,2,region7_918076228
2023-03-19 07:14,2717379696,6418432,1970176,2,region7_918076236
2023-03-19 07:14,2717379696,2129920,2150400,2,region7_918076236
2023-03-19 07:14,2717379696,4280320,2138112,2,region7_918076236
2023-03-19 07:14,2717379696,0,2129920,2,region7_918076236
2023-03-19 07:14,2715038254,0,6995718,5,region7_918076230
2023-03-19 07:14,2714787801,0,11232,2,region7_918076231
2023-03-19 07:14,2714848471,4058261,2450329,2,region7_918076227
2023-03-19 07:14,2715038254,0,3041617,6,region7_918076230
2023-03-19 07:14,2717263941,0,25165824,3,region7_918076237
2023-03-19 07:14,2715029851,0,12736,2,region7_918076231
2023-03-19 07:14,2715725896,1069892,1401287,2,region7_918076228
2023-03-19 07:14,2714968354,0,3117597,6,region7_918076230
2023-03-19 07:14,2714976528,2135363,6253245,2,region7_918076228
2023-03-19 07:14,2714976528,1337778,797585,2,region7_918076228
2023-03-19 07:14,2715240767,0,721304,2,region7_918076244
2023-03-19 07:14,2717418248,0,4038842,2,region7_918076231
2023-03-19 07:14,2715052082,0,6269329,2,region7_918076227
2023-03-19 07:14,2716946296,0,8388608,2,region7_918076227
2023-03-19 07:14,2717108115,0,34240,2,region7_918076231
2023-03-19 07:14,2717239891,0,24576,2,region7_918076231
2023-03-19 07:14,2715779179,0,1057,2,region7_918076231
2023-03-19 07:14,2715203249,0,1077149,2,region7_918076228
2023-03-19 07:14,2716940203,0,5314977,2,region7_918076227
2023-03-19 07:14,2714900955,0,6486042,2,region7_918076227
2023-03-19 07:14,2715010216,0,8388608,4,region7_918076232
2023-03-19 07:14,2715203249,1077149,3049411,2,region7_918076228
2023-03-19 07:14,2717322223,6067552,81856,2,region7_918076231
2023-03-19 07:14,2715130725,0,23786610,3,region7_918076237
2023-03-19 07:14,2715159580,0,8064,2,region7_918076231
2023-03-19 07:14,2715356548,0,1172302,2,region7_918076227
2023-03-19 07:14,2716998928,0,1048576,5,region7_918076230
2023-03-19 07:14,2716998928,1048576,584099,5,region7_918076230
2023-03-19 07:14,2715295182,0,4096,2,region7_918076231
2023-03-19 07:14,2717490657,0,7370721,2,region7_918076235
2023-03-19 07:14,2717542539,1605640,65582,2,region7_918076231
2023-03-19 07:14,2714994862,0,43986,2,region7_918076228
2023-03-19 07:14,2717434649,0,7104539,4,region7_918076245
2023-03-19 07:14,2717491825,0,256,2,region7_918076231
2023-03-19 07:14,2715355077,0,8385625,3,region7_918076226
2023-03-19 07:14,2715542180,4288236,423468,2,region7_918076228
2023-03-19 07:14,2714786350,572370,352750,2,region7_918076228
2023-03-19 07:14,2715067279,5242880,1048576,5,region7_918076230
2023-03-19 07:14,2715067279,4194304,1048576,5,region7_918076230
2023-03-19 07:14,2715067279,2097152,1048576,5,region7_918076230
2023-03-19 07:14,2715067279,0,1048576,5,region7_918076230
2023-03-19 07:14,2715067279,3145728,1048576,5,region7_918076230
2023-03-19 07:14,2715067279,1048576,1048576,5,region7_918076230
2023-03-19 07:14,2715342815,0,8388608,2,region7_918076235
2023-03-19 07:14,2717086252,0,1723022,2,region7_918076228
2023-03-19 07:14,2717086252,3296657,573016,2,region7_918076228
2023-03-19 07:14,2714811377,3145728,1048576,5,region7_918076230
2023-03-19 07:14,2714811377,4194304,1048576,5,region7_918076230
2023-03-19 07:14,2714811377,2097152,1048576,5,region7_918076230
2023-03-19 07:14,2714811377,1048576,1048576,5,region7_918076230
2023-03-19 07:14,2714811377,0,1048576,5,region7_918076230
2023-03-19 07:14,2715067279,6291456,1048576,5,region7_918076230
2023-03-19 07:14,2715067279,7340032,1048576,5,region7_918076230
2023-03-19 07:14,2717341672,154156,48,2,region7_918076231
2023-03-19 07:14,2714811377,7340032,1048576,5,region7_918076230
2023-03-19 07:14,2714811377,6291456,1048576,5,region7_918076230
2023-03-19 07:14,2714811377,5242880,1048576,5,region7_918076230
2023-03-19 07:14,2716066567,0,7655964,2,region7_918076232
2023-03-19 07:14,2715064078,0,4553115,4,region7_918076232
2023-03-19 07:14,2715198257,0,176,2,region7_918076231
2023-03-19 07:14,2715222180,0,42,3,region7_918076226
2023-03-19 07:14,2715649473,0,176,2,region7_918076231
2023-03-19 07:14,2715135420,0,5607,2,region7_918076231
2023-03-19 07:14,2714774447,0,219655,2,region7_918076231
2023-03-19 07:14,2715070635,0,8388608,2,region7_918076232
2023-03-19 07:14,2715196831,0,8182819,2,region7_918076237
2023-03-19 07:14,2715196831,8182819,205789,2,region7_918076237
2023-03-19 07:14,2716140605,0,128,2,region7_918076231
2023-03-19 07:14,2714882154,0,4038842,6,region7_918076230
2023-03-19 07:14,2715267249,2097152,1048576,5,region7_918076230
2023-03-19 07:14,2715267249,1048576,1048576,5,region7_918076230
2023-03-19 07:14,2715267249,0,1048576,5,region7_918076230
2023-03-19 07:14,2715267249,3145728,893114,5,region7_918076230
2023-03-19 07:14,2717100466,1039549,1291079,2,region7_918076235
2023-03-19 07:14,2717238728,0,1981178,5,region7_918076242
2023-03-19 07:14,2716127640,6101295,1048576,2,region7_918076228
2023-03-19 07:14,2715211407,0,176,2,region7_918076231
2023-03-19 07:14,2714879919,0,1879255,2,region7_918076231
2023-03-19 07:14,2717041146,0,8388608,4,region7_918076232
2023-03-19 07:14,2717131776,0,8388608,4,region7_918076232
2023-03-19 07:14,2717171307,0,4160,2,region7_918076231
2023-03-19 07:14,2715323382,1173802,29274,2,region7_918076228
2023-03-19 07:14,2715323382,8344952,43656,2,region7_918076228
2023-03-19 07:14,2716127640,6101295,1048576,2,region7_918076228
2023-03-19 07:14,2714955055,0,6528614,2,region7_918076229
2023-03-19 07:14,2714955055,6528614,1859994,2,region7_918076229
2023-03-19 07:14,2717362803,8986572,319872,2,region7_918076231
2023-03-19 07:14,2715017083,1183161,7205447,2,region7_918076237
2023-03-19 07:14,2715017083,0,1183161,2,region7_918076237
2023-03-19 07:14,2715259600,0,820,2,region7_918076231
2023-03-19 07:14,2715569598,0,2791,2,region7_918076231
2023-03-19 07:14,2715013338,0,3056683,6,region7_918076230
2023-03-19 07:14,2717065959,0,7820101,4,region7_918076246
2023-03-19 07:14,2714977405,0,10304,2,region7_918076231
2023-03-19 07:14,2714820318,0,419984,2,region7_918076229
2023-03-19 07:14,2717154090,0,20327,2,region7_918076231
2023-03-19 07:14,2717170088,1048576,1048576,5,region7_918076230
2023-03-19 07:14,2717170088,7340032,1048576,5,region7_918076230
2023-03-19 07:14,2717170088,5242880,1048576,5,region7_918076230
2023-03-19 07:14,2717170088,4194304,1048576,5,region7_918076230
2023-03-19 07:14,2717170088,3145728,1048576,5,region7_918076230
2023-03-19 07:14,2717170088,2097152,1048576,5,region7_918076230
2023-03-19 07:14,2717170088,8388608,92960,5,region7_918076230
2023-03-19 07:14,2717170088,6291456,1048576,5,region7_918076230
2023-03-19 07:14,2717170088,0,1048576,5,region7_918076230
2023-03-19 07:14,2717272954,0,1291,2,region7_918076231
2023-03-19 07:14,2714962147,7340032,1048576,5,region7_918076230
2023-03-19 07:14,2714962147,6291456,1048576,5,region7_918076230
2023-03-19 07:14,2714962147,3145728,1048576,5,region7_918076230
2023-03-19 07:14,2714962147,1048576,1048576,5,region7_918076230
2023-03-19 07:14,2714962147,5242880,1048576,5,region7_918076230
2023-03-19 07:14,2714962147,4194304,1048576,5,region7_918076230
2023-03-19 07:14,2714962147,2097152,1048576,5,region7_918076230
2023-03-19 07:14,2714962147,0,1048576,5,region7_918076230
2023-03-19 07:14,2715909481,6538411,1524296,2,region7_918076228
2023-03-19 07:14,2714732455,0,474977,2,region7_918076229
2023-03-19 07:14,2715709129,0,8388608,2,region7_918076227
2023-03-19 07:14,2717559970,3451552,48,2,region7_918076231
2023-03-19 07:14,2714987423,1257649,2059482,2,region7_918076228
2023-03-19 07:14,2714987423,51864,118623,2,region7_918076228
2023-03-19 07:14,2714955055,3382886,1048576,2,region7_918076229
2023-03-19 07:14,2714955055,0,237158,2,region7_918076229
2023-03-19 07:14,2714955055,7577190,811418,2,region7_918076229
2023-03-19 07:14,2714955055,6528614,1048576,2,region7_918076229
2023-03-19 07:14,2714955055,5480038,1048576,2,region7_918076229
2023-03-19 07:14,2714955055,4431462,1048576,2,region7_918076229
2023-03-19 07:14,2714955055,2334310,1048576,2,region7_918076229
2023-03-19 07:14,2714955055,1285734,1048576,2,region7_918076229
2023-03-19 07:14,2714955055,237158,1048576,2,region7_918076229
2023-03-19 07:14,2717091593,0,8388608,4,region7_918076232
2023-03-19 07:14,2715040075,0,7004154,5,region7_918076230
2023-03-19 07:14,2715040075,0,3045284,6,region7_918076230
2023-03-19 07:14,2715143459,0,1049319,5,region7_918076242
2023-03-19 07:14,2715332742,0,5278719,4,region7_918076232
2023-03-19 07:14,2715542180,0,1845198,2,region7_918076228
2023-03-19 07:14,2715542180,4288236,423468,2,region7_918076228
2023-03-19 07:14,2715119670,0,7778185,4,region7_918076246
2023-03-19 07:14,2715473224,0,176,2,region7_918076231
2023-03-19 07:14,2715909481,6538411,1524296,2,region7_918076228
2023-03-19 07:14,2715923205,3138958,1048576,2,region7_918076228
2023-03-19 07:14,2715923205,0,1544150,2,region7_918076228
2023-03-19 07:14,2714815360,0,444808,2,region7_918076229
2023-03-19 07:14,2717389825,0,7074696,4,region7_918076245
2023-03-19 07:14,2714837145,0,16378,2,region7_918076231
2023-03-19 07:14,2714987423,3317131,201002,2,region7_918076228
2023-03-19 07:14,2714987423,629964,26561,2,region7_918076228
2023-03-19 07:14,2714794316,0,413528,2,region7_918076229
2023-03-19 07:14,2715515282,0,589824,2,region7_918076231
2023-03-19 07:14,2714891027,0,8388608,4,region7_918076232
2023-03-19 07:14,2715535229,0,2048000,2,region7_918076236
2023-03-19 07:14,2715535229,2048000,2138112,2,region7_918076236
2023-03-19 07:14,2715563880,0,414370,2,region7_918076229
2023-03-19 07:14,2714861325,3145728,893114,5,region7_918076230
2023-03-19 07:14,2714861325,2097152,1048576,5,region7_918076230
2023-03-19 07:14,2714861325,1048576,1048576,5,region7_918076230
2023-03-19 07:14,2714861325,0,1048576,5,region7_918076230
2023-03-19 07:14,2714995435,5165716,495907,2,region7_918076244
2023-03-19 07:14,2714995435,0,3372741,2,region7_918076244
2023-03-19 07:14,2715314564,1316,976,2,region7_918076231
2023-03-19 07:14,2715535229,4186112,2129920,2,region7_918076236
2023-03-19 07:14,2716706712,0,63943,2,region7_918076231
2023-03-19 07:14,2714837320,0,6284191,2,region7_918076227
2023-03-19 07:14,2714962007,0,360251,2,region7_918076232
2023-03-19 07:14,2715009938,0,176,2,region7_918076231
2023-03-19 07:14,2715299411,0,454179,5,region7_918076230
2023-03-19 07:14,2715310119,0,1325315,2,region7_918076237
2023-03-19 07:14,2715535229,6316032,2072576,2,region7_918076236
2023-03-19 07:14,2715900867,0,8388608,2,region7_918076232
2023-03-19 07:14,2717409532,3145728,893114,5,region7_918076230
2023-03-19 07:14,2717409532,0,1048576,5,region7_918076230
2023-03-19 07:14,2717409532,2097152,1048576,5,region7_918076230
2023-03-19 07:14,2717409532,1048576,1048576,5,region7_918076230
2023-03-19 07:14,2717461369,0,1792,2,region7_918076231
2023-03-19 07:14,2715101922,0,7100145,2,region7_918076228
2023-03-19 07:14,2715101922,7100145,1288463,2,region7_918076228
2023-03-19 07:14,2715555699,0,4038842,5,region7_918076230
2023-03-19 07:14,2717472523,0,7100486,4,region7_918076245
2023-03-19 07:14,2715356548,0,1172302,2,region7_918076227
2023-03-19 07:14,2715484667,0,8388608,4,region7_918076237
2023-03-19 07:14,2715628059,0,1024000,2,region7_918076236
2023-03-19 07:14,2715628059,3137536,2105344,2,region7_918076236
2023-03-19 07:14,2715628059,1024000,2113536,2,region7_918076236
2023-03-19 07:14,2717452501,7561810,374021,2,region7_918076246
2023-03-19 07:14,2715089042,0,128,2,region7_918076231
2023-03-19 07:14,2715361180,0,4998779,4,region7_918076232
2023-03-19 07:14,2715628059,5242880,2105344,2,region7_918076236
2023-03-19 07:14,2715628059,7348224,1040384,2,region7_918076236
2023-03-19 07:14,2714931608,0,2304,2,region7_918076231
2023-03-19 07:14,2717522617,0,1314816,2,region7_918076233
2023-03-19 07:15,2714801270,0,1048576,5,region7_918076230
2023-03-19 07:15,2714801270,1048576,1048576,5,region7_918076230
2023-03-19 07:15,2714958806,0,4038842,2,region7_918076231
2023-03-19 07:15,2714955055,6528614,1859994,2,region7_918076229
2023-03-19 07:15,2715090669,3082257,390557,2,region7_918076228
2023-03-19 07:15,2715090669,3105290,1048576,2,region7_918076228
2023-03-19 07:15,2715234447,0,5742162,2,region7_918076232
2023-03-19 07:15,2714794316,0,413527,2,region7_918076229
2023-03-19 07:15,2717522617,1314816,2105344,2,region7_918076233
2023-03-19 07:15,2714801270,5242880,1048576,5,region7_918076230
2023-03-19 07:15,2714801270,7340032,672036,5,region7_918076230
2023-03-19 07:15,2714801270,6291456,1048576,5,region7_918076230
2023-03-19 07:15,2714801270,4194304,1048576,5,region7_918076230
2023-03-19 07:15,2714801270,3145728,1048576,5,region7_918076230
2023-03-19 07:15,2714801270,2097152,1048576,5,region7_918076230
2023-03-19 07:15,2714918798,3145728,893114,5,region7_918076230
2023-03-19 07:15,2714918798,0,1048576,5,region7_918076230
2023-03-19 07:15,2714918798,2097152,1048576,5,region7_918076230
2023-03-19 07:15,2714918798,1048576,1048576,5,region7_918076230
2023-03-19 07:15,2715238595,4078112,48,2,region7_918076231
2023-03-19 07:15,2717330628,0,8481568,2,region7_918076234
2023-03-19 07:15,2717330628,0,8012064,2,region7_918076234
2023-03-19 07:15,2715563880,0,414370,2,region7_918076229
2023-03-19 07:15,2717522617,3420160,2129920,2,region7_918076233
2023-03-19 07:15,2714847726,0,352252,2,region7_918076229
2023-03-19 07:15,2717522617,5550080,2113536,2,region7_918076233
2023-03-19 07:15,2714997064,0,1015808,2,region7_918076236
2023-03-19 07:15,2714997064,1015808,2138112,2,region7_918076236
2023-03-19 07:15,2714997064,3153920,2113536,2,region7_918076236
2023-03-19 07:15,2715084382,2736102,5652506,2,region7_918076228
2023-03-19 07:15,2715986942,0,729088,2,region7_918076236
2023-03-19 07:15,2714820318,0,419984,2,region7_918076229
2023-03-19 07:15,2714853744,3145728,893114,5,region7_918076230
2023-03-19 07:15,2714853744,2097152,1048576,5,region7_918076230
2023-03-19 07:15,2714853744,1048576,1048576,5,region7_918076230
2023-03-19 07:15,2714853744,0,1048576,5,region7_918076230
2023-03-19 07:15,2714997064,7413760,974848,2,region7_918076236
2023-03-19 07:15,2714997064,5267456,2146304,2,region7_918076236
2023-03-19 07:15,2714814549,6012171,460474,2,region7_918076228
2023-03-19 07:15,2714814549,1367992,147084,2,region7_918076228
2023-03-19 07:15,2715457236,0,128,2,region7_918076231
2023-03-19 07:15,2715706093,0,438470,2,region7_918076228
2023-03-19 07:15,2714732455,0,474977,2,region7_918076229
2023-03-19 07:15,2717389290,0,8388608,2,region7_918076227
2023-03-19 07:15,2717389978,3145728,893114,5,region7_918076230
2023-03-19 07:15,2717389978,2097152,1048576,5,region7_918076230
2023-03-19 07:15,2717389978,0,1048576,5,region7_918076230
2023-03-19 07:15,2717389978,1048576,1048576,5,region7_918076230
2023-03-19 07:15,2717522617,7663616,724992,2,region7_918076233
2023-03-19 07:15,2715027021,1786006,681213,2,region7_918076228
2023-03-19 07:15,2715027021,403394,239107,2,region7_918076228
2023-03-19 07:15,2715240767,0,721304,2,region7_918076232
2023-03-19 07:15,2715832644,0,256,2,region7_918076231
2023-03-19 07:15,2715084382,0,2736102,2,region7_918076228
2023-03-19 07:15,2715238615,0,1085911,2,region7_918076228
2023-03-19 07:15,2715163101,0,354980,2,region7_918076229
2023-03-19 07:15,2714819414,0,3652294,4,region7_918076232
2023-03-19 07:15,2714907236,0,8388608,4,region7_918076237
2023-03-19 07:15,2714832041,0,8388608,2,region7_918076237
2023-03-19 07:15,2714955055,3382886,1048576,2,region7_918076229
2023-03-19 07:15,2714955055,0,237158,2,region7_918076229
2023-03-19 07:15,2715081351,458144,3755055,2,region7_918076229
2023-03-19 07:15,2715238615,1085911,7302697,2,region7_918076228
2023-03-19 07:15,2714796259,0,1487959,2,region7_918076228
2023-03-19 07:15,2714820318,0,419984,2,region7_918076229
2023-03-19 07:15,2715187402,1048576,1048576,5,region7_918076230
2023-03-19 07:15,2715187402,3145728,893114,5,region7_918076230
2023-03-19 07:15,2715187402,2097152,1048576,5,region7_918076230
2023-03-19 07:15,2715187402,0,1048576,5,region7_918076230
2023-03-19 07:15,2715271856,0,256,2,region7_918076231
2023-03-19 07:15,2715305581,5998536,524626,2,region7_918076227
2023-03-19 07:15,2715305581,0,4451531,2,region7_918076227
2023-03-19 07:15,2715323382,8344952,43656,2,region7_918076228
2023-03-19 07:15,2715323382,1173802,29274,2,region7_918076228
2023-03-19 07:15,2714961086,0,2448580,2,region7_918076228
2023-03-19 07:15,2715047621,57937,6339,2,region7_918076233
2023-03-19 07:15,2714789316,0,420543,2,region7_918076229
2023-03-19 07:15,2715090669,3105290,1048576,2,region7_918076228
2023-03-19 07:15,2715090669,3061681,1021725,2,region7_918076228
2023-03-19 07:15,2714961086,10837188,3991246,2,region7_918076228
2023-03-19 07:15,2714961086,2448580,8388608,2,region7_918076228
2023-03-19 07:15,2714856536,0,7943783,3,region7_918076226
2023-03-19 07:15,2715305545,0,70068,2,region7_918076231
2023-03-19 07:15,2715379656,0,8388608,4,region7_918076232
2023-03-19 07:15,2714894441,0,8388608,2,region7_918076235
2023-03-19 07:15,2715923205,0,4121153,2,region7_918076228
2023-03-19 07:15,2715923205,3138958,1048576,2,region7_918076228
2023-03-19 07:15,2717378987,0,4334057,4,region7_918076232
2023-03-19 07:15,2717526890,1476975,896007,2,region7_918076235
2023-03-19 07:15,2714873683,0,1972959,2,region7_918076228
2023-03-19 07:15,2715068938,0,8388608,4,region7_918076238
2023-03-19 07:15,2715307093,3371008,2117632,2,region7_918076236
2023-03-19 07:15,2715307093,1228800,2142208,2,region7_918076236
2023-03-19 07:15,2715307093,0,1228800,2,region7_918076236
2023-03-19 07:15,2715359616,0,7017030,4,region7_918076245
2023-03-19 07:15,2714815360,0,444808,2,region7_918076229
2023-03-19 07:15,2715473443,0,17391218,3,region7_918076226
2023-03-19 07:15,2714992158,0,1492,3,region7_918076226
2023-03-19 07:15,2715083171,0,176,2,region7_918076231
2023-03-19 07:15,2715307093,7606272,782336,2,region7_918076236
2023-03-19 07:15,2715307093,5488640,2117632,2,region7_918076236
2023-03-19 07:15,2715310219,0,8388608,2,region7_918076235
2023-03-19 07:15,2714815360,0,444808,2,region7_918076229
2023-03-19 07:15,2715635382,0,128,2,region7_918076231
2023-03-19 07:15,2715817968,0,176,2,region7_918076231
2023-03-19 07:15,2714961086,2448580,8388608,2,region7_918076228
2023-03-19 07:15,2717390823,6909344,471744,2,region7_918076231
2023-03-19 07:15,2714958468,0,7059653,5,region7_918076230
2023-03-19 07:15,2717519520,0,6313620,4,region7_918076228
2023-03-19 07:15,2714958468,0,3069415,6,region7_918076230
2023-03-19 07:15,2715428121,1843282,2280426,2,region7_918076228
2023-03-19 07:15,2715557186,0,432376,4,region7_918076244
2023-03-19 07:15,2715558361,0,8388608,2,region7_918076237
2023-03-19 07:15,2714990521,0,12084,2,region7_918076231
2023-03-19 07:15,2714670961,0,4352,2,region7_918076231
2023-03-19 07:15,2715649295,0,8481568,6,region7_918076230
2023-03-19 07:15,2715563880,0,414370,2,region7_918076229
2023-03-19 07:15,2715649295,0,4038842,5,region7_918076230
2023-03-19 07:15,2714873683,1972959,6415649,2,region7_918076228
2023-03-19 07:15,2715024707,1538245,1884593,2,region7_918076228
2023-03-19 07:15,2715235777,0,8388608,4,region7_918076232
2023-03-19 07:15,2714732455,0,474977,2,region7_918076229
2023-03-19 07:15,2715545480,0,2719906,2,region7_918076228
2023-03-19 07:15,2715756883,147456,2105344,2,region7_918076233
2023-03-19 07:15,2715756883,4370432,2113536,2,region7_918076233
2023-03-19 07:15,2715756883,2252800,2117632,2,region7_918076233
2023-03-19 07:15,2715756883,0,147456,2,region7_918076233
2023-03-19 07:15,2714799108,953168,3277174,2,region7_918076231
2023-03-19 07:15,2714799108,0,2519184,2,region7_918076231
2023-03-19 07:15,2714833743,0,176,2,region7_918076231
2023-03-19 07:15,2714955055,6528614,1048576,2,region7_918076229
2023-03-19 07:15,2714955055,5480038,1048576,2,region7_918076229
2023-03-19 07:15,2714955055,1285734,1048576,2,region7_918076229
2023-03-19 07:15,2714955055,237158,1048576,2,region7_918076229
2023-03-19 07:15,2715756883,6483968,1904640,2,region7_918076233
2023-03-19 07:15,2717467485,7450337,43904,2,region7_918076231
2023-03-19 07:15,2715522264,0,378548,2,region7_918076231
2023-03-19 07:15,2715986922,3063027,1048576,2,region7_918076228
2023-03-19 07:15,2717500069,0,9485,4,region7_918076232
2023-03-19 07:15,2714794887,0,405840,2,region7_918076229
2023-03-19 07:15,2714808015,7340032,1048576,5,region7_918076230
2023-03-19 07:15,2714808015,4194304,1048576,5,region7_918076230
2023-03-19 07:15,2714808015,2097152,1048576,5,region7_918076230
2023-03-19 07:15,2714808015,0,1048576,5,region7_918076230
2023-03-19 07:15,2714808015,6291456,1048576,5,region7_918076230
2023-03-19 07:15,2714808015,5242880,1048576,5,region7_918076230
2023-03-19 07:15,2714808015,3145728,1048576,5,region7_918076230
2023-03-19 07:15,2714808015,1048576,1048576,5,region7_918076230
2023-03-19 07:15,2714794316,0,413527,2,region7_918076229
2023-03-19 07:15,2714815360,0,444808,2,region7_918076229
2023-03-19 07:15,2716076126,0,7033893,4,region7_918076245
2023-03-19 07:15,2715882395,0,2125493,2,region7_918076228
2023-03-19 07:15,2714847726,0,352252,2,region7_918076229
2023-03-19 07:15,2715375337,236,640,2,region7_918076231
2023-03-19 07:15,2715649473,0,176,2,region7_918076231
2023-03-19 07:15,2715927135,8163328,225280,2,region7_918076233
2023-03-19 07:15,2715927135,0,8163328,2,region7_918076233
2023-03-19 07:15,2715563880,0,414370,2,region7_918076229
2023-03-19 07:15,2715928311,2113536,2101248,2,region7_918076236
2023-03-19 07:15,2715928311,0,2113536,2,region7_918076236
2023-03-19 07:15,2714955055,6528614,1859994,2,region7_918076229
2023-03-19 07:15,2715749939,0,176,2,region7_918076231
2023-03-19 07:15,2717426568,0,2950035,4,region7_918076232
2023-03-19 07:15,2717529017,0,83681,2,region7_918076236
2023-03-19 07:15,2715928311,4214784,2109440,2,region7_918076236
2023-03-19 07:15,2715928311,6324224,2064384,2,region7_918076236
2023-03-19 07:15,2714927386,8323072,65536,2,region7_918076236
2023-03-19 07:15,2714927386,4063232,2138112,2,region7_918076236
2023-03-19 07:15,2714927386,1933312,2129920,2,region7_918076236
2023-03-19 07:15,2714927386,6201344,2121728,2,region7_918076236
2023-03-19 07:15,2714927386,0,1933312,2,region7_918076236
2023-03-19 07:15,2715285769,0,1869,2,region7_918076231
2023-03-19 07:15,2715173185,6316890,480561,2,region7_918076228
2023-03-19 07:15,2715173185,2253625,162042,2,region7_918076228
2023-03-19 07:15,2716123951,0,10368,2,region7_918076231
2023-03-19 07:15,2715163101,0,354980,2,region7_918076229
2023-03-19 07:15,2715944356,0,8388608,2,region7_918076227
2023-03-19 07:15,2715027021,0,642501,2,region7_918076228
2023-03-19 07:15,2715163101,0,354980,2,region7_918076229
2023-03-19 07:15,2716123951,0,10368,2,region7_918076231
2023-03-19 07:15,2714955055,0,6528614,2,region7_918076229
2023-03-19 07:15,2715986942,729088,2150400,2,region7_918076236
2023-03-19 07:15,2716127640,6101295,1048576,2,region7_918076228
2023-03-19 07:15,2717529993,0,17792,2,region7_918076231
2023-03-19 07:15,2715428015,0,8388608,2,region7_918076227
2023-03-19 07:15,2715838952,0,8388029,3,region7_918076228
2023-03-19 07:15,2715399029,0,8388608,2,region7_918076227
2023-03-19 07:15,2716127640,6101295,1048576,2,region7_918076228
2023-03-19 07:15,2716163888,0,8481568,5,region7_918076230
2023-03-19 07:15,2714789316,0,420543,2,region7_918076229
2023-03-19 07:15,2715418039,0,4354347,2,region7_918076232
2023-03-19 07:15,2715425180,0,8388608,2,region7_918076227
2023-03-19 07:15,2716163888,0,4038842,6,region7_918076230
2023-03-19 07:15,2714732455,0,474977,2,region7_918076229
2023-03-19 07:15,2716127640,6101295,1048576,2,region7_918076228
2023-03-19 07:15,2716215393,0,176,2,region7_918076231
2023-03-19 07:15,2716215393,8192,5888,2,region7_918076231
2023-03-19 07:15,2714831716,0,128,2,region7_918076231
2023-03-19 07:15,2714955055,2334310,1048576,2,region7_918076229
2023-03-19 07:15,2714955055,6528614,1048576,2,region7_918076229
2023-03-19 07:15,2715146641,0,256,2,region7_918076231
2023-03-19 07:15,2715238615,0,1085911,2,region7_918076228
2023-03-19 07:15,2715563880,0,414370,2,region7_918076229
2023-03-19 07:15,2715238615,1085911,7302697,2,region7_918076228
2023-03-19 07:15,2715948029,0,3042742,6,region7_918076230
2023-03-19 07:15,2715986922,3063027,1048576,2,region7_918076228
2023-03-19 07:15,2716047601,1650688,2134016,2,region7_918076236
2023-03-19 07:15,2716047601,0,1650688,2,region7_918076236
2023-03-19 07:15,2714951101,0,6516160,2,region7_918076231
2023-03-19 07:15,2714860197,3763,666,2,region7_918076231
2023-03-19 07:15,2715070635,0,8388608,2,region7_918076232
2023-03-19 07:15,2715154782,0,8388608,2,region7_918076237
2023-03-19 07:15,2715542180,4288236,423468,2,region7_918076228
2023-03-19 07:15,2715632619,0,8192,2,region7_918076231
2023-03-19 07:15,2716047601,3784704,2142208,2,region7_918076236
2023-03-19 07:15,2716047601,8069120,319488,2,region7_918076236
2023-03-19 07:15,2716047601,5926912,2142208,2,region7_918076236
2023-03-19 07:15,2715632619,0,8192,2,region7_918076231
2023-03-19 07:15,2715649473,0,176,2,region7_918076231
2023-03-19 07:15,2714820318,0,419984,2,region7_918076229
2023-03-19 07:15,2715305863,0,8388608,2,region7_918076227
2023-03-19 07:15,2715632619,0,8192,2,region7_918076231
2023-03-19 07:15,2715047621,57937,6339,2,region7_918076233
2023-03-19 07:15,2715047621,57937,6339,2,region7_918076233
2023-03-19 07:15,2715047621,57937,6339,2,region7_918076233
2023-03-19 07:15,2714898407,4108390,1048982,2,region7_918076228
2023-03-19 07:15,2714898407,1905538,8411,2,region7_918076228
2023-03-19 07:15,2714898407,7630989,757619,2,region7_918076228
2023-03-19 07:15,2714794316,0,413528,2,region7_918076229
2023-03-19 07:15,2714787800,0,8388608,2,region7_918076227
2023-03-19 07:15,2717550897,0,8388608,2,region7_918076235
2023-03-19 07:15,2714794887,0,405840,2,region7_918076229
2023-03-19 07:15,2714717558,0,5389,2,region7_918076231
2023-03-19 07:15,2716034518,0,25165824,3,region7_918076237
2023-03-19 07:15,2716127640,6101295,1048576,2,region7_918076228
2023-03-19 07:15,2714878366,1241088,2134016,2,region7_918076236
2023-03-19 07:15,2714878366,0,1241088,2,region7_918076236
2023-03-19 07:15,2714794887,0,405840,2,region7_918076229
2023-03-19 07:15,2715333883,0,1042604,2,region7_918076233
2023-03-19 07:15,2714814549,6012171,460474,2,region7_918076228
2023-03-19 07:15,2715709697,0,8388608,2,region7_918076227
2023-03-19 07:15,2716109008,0,23424,2,region7_918076231
2023-03-19 07:15,2714878366,3375104,2142208,2,region7_918076236
2023-03-19 07:15,2714878366,7622656,765952,2,region7_918076236
2023-03-19 07:15,2714878366,5517312,2105344,2,region7_918076236
2023-03-19 07:15,2715333883,3143852,977193,2,region7_918076233
2023-03-19 07:15,2715333883,1042604,2101248,2,region7_918076233
2023-03-19 07:15,2715589856,3145728,1048576,5,region7_918076230
2023-03-19 07:15,2715589856,2097152,1048576,5,region7_918076230
2023-03-19 07:15,2715589856,1048576,1048576,5,region7_918076230
2023-03-19 07:15,2715589856,0,1048576,5,region7_918076230
2023-03-19 07:15,2715630981,0,40602,2,region7_918076231
2023-03-19 07:15,2714931608,0,2304,2,region7_918076231
2023-03-19 07:15,2714906199,0,8387629,3,region7_918076228
2023-03-19 07:15,2714775196,0,146176,2,region7_918076231
2023-03-19 07:15,2715288724,0,1505,2,region7_918076231
2023-03-19 07:15,2715589856,5242880,3687,5,region7_918076230
2023-03-19 07:15,2715589856,4194304,1048576,5,region7_918076230
2023-03-19 07:15,2715630981,0,40602,2,region7_918076231
2023-03-19 07:15,2715926975,8292512,85184,2,region7_918076231
2023-03-19 07:15,2714775196,0,436736,2,region7_918076231
2023-03-19 07:15,2714775196,436736,401536,2,region7_918076231
2023-03-19 07:15,2714794316,0,413528,2,region7_918076229
2023-03-19 07:15,2715569598,0,2791,2,region7_918076231
2023-03-19 07:15,2715291945,0,620299,4,region7_918076237
2023-03-19 07:15,2715480263,0,79085,2,region7_918076231
2023-03-19 07:15,2716063353,0,8388608,4,region7_918076238
2023-03-19 07:15,2715047621,57937,6339,2,region7_918076233
2023-03-19 07:15,2716065639,2097152,1048576,5,region7_918076230
2023-03-19 07:15,2716065639,1048576,1048576,5,region7_918076230
2023-03-19 07:15,2716065639,0,1048576,5,region7_918076230
2023-03-19 07:15,2714867381,0,384,2,region7_918076231
2023-03-19 07:15,2715386861,6411712,48,2,region7_918076231
2023-03-19 07:15,2715386861,7251328,48,2,region7_918076231
2023-03-19 07:15,2715850687,0,4038842,6,region7_918076230
2023-03-19 07:15,2715890204,0,1048576,5,region7_918076230
2023-03-19 07:15,2716065639,3145728,893114,5,region7_918076230
2023-03-19 07:15,2716109008,0,23424,2,region7_918076231
2023-03-19 07:15,2714847726,0,352252,2,region7_918076229
2023-03-19 07:15,2715890204,2097152,1048576,5,region7_918076230
2023-03-19 07:15,2715890204,1048576,1048576,5,region7_918076230
2023-03-19 07:15,2715890204,3145728,893114,5,region7_918076230
2023-03-19 07:15,2715271777,2311072,48,2,region7_918076231
2023-03-19 07:15,2715833999,0,4723950,2,region7_918076227
2023-03-19 07:15,2714994862,0,43986,2,region7_918076228
2023-03-19 07:15,2716165354,0,379561,2,region7_918076235
2023-03-19 07:15,2714867381,0,384,2,region7_918076231
2023-03-19 07:15,2715151576,3145728,893114,5,region7_918076230
2023-03-19 07:15,2715151576,2097152,1048576,5,region7_918076230
2023-03-19 07:15,2715151576,1048576,1048576,5,region7_918076230
2023-03-19 07:15,2715151576,0,1048576,5,region7_918076230
2023-03-19 07:15,2715342777,0,4038842,2,region7_918076234
2023-03-19 07:15,2715569895,4177856,48,2,region7_918076231
2023-03-19 07:15,2716185999,1838953,2231080,2,region7_918076228
2023-03-19 07:15,2716185999,0,1838953,2,region7_918076228
2023-03-19 07:15,2716079835,0,8388608,2,region7_918076235
2023-03-19 07:15,2714847726,0,352252,2,region7_918076229
2023-03-19 07:15,2714867381,0,384,2,region7_918076231
2023-03-19 07:15,2715682190,0,6463289,2,region7_918076227
2023-03-19 07:15,2714799108,2652256,1578086,2,region7_918076231
2023-03-19 07:15,2714867381,0,384,2,region7_918076231
2023-03-19 07:15,2714789316,0,420543,2,region7_918076229
2023-03-19 07:15,2715023545,0,7018427,5,region7_918076230
2023-03-19 07:15,2715276459,7340032,1048576,5,region7_918076230
2023-03-19 07:15,2715276459,5242880,1048576,5,region7_918076230
2023-03-19 07:15,2715276459,3145728,1048576,5,region7_918076230
2023-03-19 07:15,2715276459,1048576,1048576,5,region7_918076230
2023-03-19 07:15,2715276459,0,1048576,5,region7_918076230
2023-03-19 07:15,2715276459,6291456,1048576,5,region7_918076230
2023-03-19 07:15,2715276459,4194304,1048576,5,region7_918076230
2023-03-19 07:15,2715276459,2097152,1048576,5,region7_918076230
2023-03-19 07:15,2715023545,0,3051490,6,region7_918076230
2023-03-19 07:15,2716093527,0,17413014,3,region7_918076226
2023-03-19 07:15,2716109008,0,23424,2,region7_918076231
2023-03-19 07:15,2716151734,0,30720,2,region7_918076231
2023-03-19 07:15,2715688093,0,176,2,region7_918076231
2023-03-19 07:15,2715986942,2879488,2150400,2,region7_918076236
2023-03-19 07:15,2715033418,0,553997,4,region7_918076237
2023-03-19 07:15,2715011831,787352,48,2,region7_918076231
2023-03-19 07:15,2716424557,0,362127,4,region7_918076237
2023-03-19 07:15,2715706093,438470,2451306,2,region7_918076228
2023-03-19 07:15,2715706093,2889776,1229739,2,region7_918076228
2023-03-19 07:15,2714867381,0,384,2,region7_918076231
2023-03-19 07:15,2715163101,0,354980,2,region7_918076229
2023-03-19 07:15,2715824778,0,810727,5,region7_918076242
2023-03-19 07:15,2715923205,3138958,1048576,2,region7_918076228
2023-03-19 07:16,2715923205,0,4121153,2,region7_918076228
2023-03-19 07:16,2716096979,0,8388608,2,region7_918076227
2023-03-19 07:16,2714789316,0,420543,2,region7_918076229
2023-03-19 07:16,2716005907,0,8388608,2,region7_918076227
2023-03-19 07:16,2716360436,0,362881,4,region7_918076237
2023-03-19 07:16,2714737935,0,3278989,2,region7_918076228
2023-03-19 07:16,2715718409,88740,1319925,2,region7_918076235
2023-03-19 07:16,2715932162,0,128,2,region7_918076231
2023-03-19 07:16,2715270240,6291456,1048576,5,region7_918076230
2023-03-19 07:16,2715270240,5242880,1048576,5,region7_918076230
2023-03-19 07:16,2715270240,4194304,1048576,5,region7_918076230
2023-03-19 07:16,2715270240,3145728,1048576,5,region7_918076230
2023-03-19 07:16,2715270240,1048576,1048576,5,region7_918076230
2023-03-19 07:16,2715270240,2097152,1048576,5,region7_918076230
2023-03-19 07:16,2715270240,0,1048576,5,region7_918076230
2023-03-19 07:16,2716305461,0,3174668,4,region7_918076232
2023-03-19 07:16,2715183210,0,2273,2,region7_918076231
2023-03-19 07:16,2715270240,7340032,1048576,5,region7_918076230
2023-03-19 07:16,2715455993,0,8388608,2,region7_918076227
2023-03-19 07:16,2715635613,0,2027445,4,region7_918076243
2023-03-19 07:16,2715977080,1292757,7095851,2,region7_918076228
2023-03-19 07:16,2715977080,0,1292757,2,region7_918076228
2023-03-19 07:16,2715173445,0,25165824,3,region7_918076237
2023-03-19 07:16,2715410799,0,7796,2,region7_918076231
2023-03-19 07:16,2715683491,0,8388608,4,region7_918076243
2023-03-19 07:16,2715173185,6316890,480561,2,region7_918076228
2023-03-19 07:16,2716013633,0,959387,1,region7_918076226
2023-03-19 07:16,2716048825,0,731774,2,region7_918076237
2023-03-19 07:16,2716132733,0,8630,2,region7_918076231
2023-03-19 07:16,2716139070,0,128,2,region7_918076231
2023-03-19 07:16,2716425652,0,1293714,2,region7_918076227
2023-03-19 07:16,2715394514,0,3052146,6,region7_918076230
2023-03-19 07:16,2715756703,0,2138112,2,region7_918076236
2023-03-19 07:16,2715904410,0,7089786,4,region7_918076245
2023-03-19 07:16,2715925870,0,8378264,3,region7_918076226
2023-03-19 07:16,2716053550,6933352,1455256,2,region7_918076237
2023-03-19 07:16,2714794887,0,405840,2,region7_918076229
2023-03-19 07:16,2715604049,0,2154,5,region7_918076230
2023-03-19 07:16,2715756703,2138112,2142208,2,region7_918076236
2023-03-19 07:16,2715756703,6406144,1982464,2,region7_918076236
2023-03-19 07:16,2715756703,4280320,2125824,2,region7_918076236
2023-03-19 07:16,2715926975,8292512,85184,2,region7_918076231
2023-03-19 07:16,2715989520,0,8388608,4,region7_918076232
2023-03-19 07:16,2716395119,0,17375437,3,region7_918076226
2023-03-19 07:16,2715476009,0,888832,2,region7_918076236
2023-03-19 07:16,2715956731,0,8341731,3,region7_918076226
2023-03-19 07:16,2714789316,0,420543,2,region7_918076229
2023-03-19 07:16,2716586462,0,8388608,4,region7_918076232
2023-03-19 07:16,2715476009,888832,2101248,2,region7_918076236
2023-03-19 07:16,2715491898,1005280,48,2,region7_918076231
2023-03-19 07:16,2715724987,1048576,1048576,5,region7_918076230
2023-03-19 07:16,2715724987,2097152,1048576,5,region7_918076230
2023-03-19 07:16,2715724987,0,1048576,5,region7_918076230
2023-03-19 07:16,2715900867,0,8388608,2,region7_918076232
2023-03-19 07:16,2714894627,36074336,73792,2,region7_918076231
2023-03-19 07:16,2714794887,0,405840,2,region7_918076229
2023-03-19 07:16,2716710946,5413396,2975212,2,region7_918076227
2023-03-19 07:16,2716710946,94668,655370,2,region7_918076227
2023-03-19 07:16,2715724987,3145728,893114,5,region7_918076230
2023-03-19 07:16,2716222051,0,138074,2,region7_918076231
2023-03-19 07:16,2715476009,2990080,2105344,2,region7_918076236
2023-03-19 07:16,2715932282,0,8388608,4,region7_918076232
2023-03-19 07:16,2716418742,0,128,2,region7_918076231
2023-03-19 07:16,2715476009,5095424,2101248,2,region7_918076236
2023-03-19 07:16,2716046406,6079680,66176,2,region7_918076231
2023-03-19 07:16,2716222051,0,138074,2,region7_918076231
2023-03-19 07:16,2714934820,552181,1864356,2,region7_918076244
2023-03-19 07:16,2715376937,3145728,893114,5,region7_918076230
2023-03-19 07:16,2715376937,1048576,1048576,5,region7_918076230
2023-03-19 07:16,2715376937,2097152,1048576,5,region7_918076230
2023-03-19 07:16,2715376937,0,1048576,5,region7_918076230
2023-03-19 07:16,2715476009,7196672,1191936,2,region7_918076236
2023-03-19 07:16,2715863776,0,6058807,3,region7_918076226
2023-03-19 07:16,2716149025,0,3059768,6,region7_918076230
2023-03-19 07:16,2716222051,0,138074,2,region7_918076231
2023-03-19 07:16,2714962007,0,360251,2,region7_918076232
2023-03-19 07:16,2716624384,0,7071601,3,region7_918076226
2023-03-19 07:16,2715758202,3145728,893114,5,region7_918076230
2023-03-19 07:16,2715758202,1048576,1048576,5,region7_918076230
2023-03-19 07:16,2715758202,2097152,1048576,5,region7_918076230
2023-03-19 07:16,2715758202,0,1048576,5,region7_918076230
2023-03-19 07:16,2716341834,10536672,326720,2,region7_918076231
2023-03-19 07:16,2716375957,0,3255104,3,region7_918076226
2023-03-19 07:16,2715345588,0,4031821,2,region7_918076228
2023-03-19 07:16,2715496236,2779774,196746,2,region7_918076231
2023-03-19 07:16,2716115029,0,7767272,2,region7_918076232
2023-03-19 07:16,2714931608,0,2304,2,region7_918076231
2023-03-19 07:16,2714832041,0,328623,2,region7_918076237
2023-03-19 07:16,2715758087,3742478,48,2,region7_918076231
2023-03-19 07:16,2716115029,7767272,110912,2,region7_918076232
2023-03-19 07:16,2715428121,3930111,178372,2,region7_918076228
2023-03-19 07:16,2715986942,5029888,2162688,2,region7_918076236
2023-03-19 07:16,2716017138,0,8352309,3,region7_918076226
2023-03-19 07:16,2714832041,0,8388608,2,region7_918076237
2023-03-19 07:16,2715555598,0,34657,2,region7_918076231
2023-03-19 07:16,2716468581,2329472,48,2,region7_918076231
2023-03-19 07:16,2714898407,7630989,757619,2,region7_918076228
2023-03-19 07:16,2714898407,1905538,8411,2,region7_918076228
2023-03-19 07:16,2714898407,4108390,1048982,2,region7_918076228
2023-03-19 07:16,2715604186,0,170880,2,region7_918076231
2023-03-19 07:16,2715643771,0,8388608,2,region7_918076227
2023-03-19 07:16,2716476861,0,1805139,4,region7_918076232
2023-03-19 07:16,2715542180,4288236,423468,2,region7_918076228
2023-03-19 07:16,2715604186,0,170880,2,region7_918076231
2023-03-19 07:16,2715866132,0,1831,2,region7_918076231
2023-03-19 07:16,2715604186,0,170880,2,region7_918076231
2023-03-19 07:16,2715866048,0,513490,2,region7_918076232
2023-03-19 07:16,2716122739,2867116,960270,2,region7_918076228
2023-03-19 07:16,2715497637,0,843776,2,region7_918076236
2023-03-19 07:16,2715604186,0,170880,2,region7_918076231
2023-03-19 07:16,2716381832,8192,129920,2,region7_918076231
2023-03-19 07:16,2715497637,843776,2138112,2,region7_918076236
2023-03-19 07:16,2716468606,6749888,292736,2,region7_918076231
2023-03-19 07:16,2716580704,0,2981221,4,region7_918076232
2023-03-19 07:16,2716668916,0,128,2,region7_918076231
2023-03-19 07:16,2715497637,5120000,2109440,2,region7_918076236
2023-03-19 07:16,2715497637,2981888,2138112,2,region7_918076236
2023-03-19 07:16,2715820802,5514897,376040,2,region7_918076228
2023-03-19 07:16,2715820802,2429971,122328,2,region7_918076228
2023-03-19 07:16,2715867384,3275611,1048576,2,region7_918076228
2023-03-19 07:16,2715867384,3275611,1048576,2,region7_918076228
2023-03-19 07:16,2716565726,0,80242,2,region7_918076233
2023-03-19 07:16,2716766051,7340032,1048576,5,region7_918076230
2023-03-19 07:16,2716766051,5242880,1048576,5,region7_918076230
2023-03-19 07:16,2716766051,2097152,1048576,5,region7_918076230
2023-03-19 07:16,2716766051,0,1048576,5,region7_918076230
2023-03-19 07:16,2716766051,6291456,1048576,5,region7_918076230
2023-03-19 07:16,2716766051,4194304,1048576,5,region7_918076230
2023-03-19 07:16,2716766051,3145728,1048576,5,region7_918076230
2023-03-19 07:16,2716766051,1048576,1048576,5,region7_918076230
2023-03-19 07:16,2715497637,7229440,1159168,2,region7_918076236
2023-03-19 07:16,2716498688,3417,1358,2,region7_918076231
2023-03-19 07:16,2716565726,80242,2101248,2,region7_918076233
2023-03-19 07:16,2715632391,0,2304,2,region7_918076231
2023-03-19 07:16,2716498688,3417,1358,2,region7_918076231
2023-03-19 07:16,2716565726,2181490,1787131,2,region7_918076233
2023-03-19 07:16,2715602515,0,384,2,region7_918076231
2023-03-19 07:16,2716146478,0,838861,5,region7_918076230
2023-03-19 07:16,2715632391,0,2304,2,region7_918076231
2023-03-19 07:16,2715770428,7004160,1384448,2,region7_918076247
2023-03-19 07:16,2715909481,949679,1152324,2,region7_918076228
2023-03-19 07:16,2716007166,20069,1635,2,region7_918076236
2023-03-19 07:16,2716007166,0,20069,2,region7_918076236
2023-03-19 07:16,2716030804,0,4038842,2,region7_918076231
2023-03-19 07:16,2716035539,2343908,649344,2,region7_918076228
2023-03-19 07:16,2716146423,1644448,282944,2,region7_918076231
2023-03-19 07:16,2716510172,0,7326579,2,region7_918076227
2023-03-19 07:16,2716592586,0,176,2,region7_918076231
2023-03-19 07:16,2714737935,1184017,128371,2,region7_918076228
2023-03-19 07:16,2715867384,0,4315727,2,region7_918076228
2023-03-19 07:16,2714786350,572318,625798,2,region7_918076228
2023-03-19 07:16,2714942588,0,7915208,2,region7_918076235
2023-03-19 07:16,2716068437,3158435,737922,2,region7_918076227
2023-03-19 07:16,2714949652,4945792,119808,2,region7_918076231
2023-03-19 07:16,2716499769,2469398,2816215,2,region7_918076231
2023-03-19 07:16,2716499769,0,2489174,2,region7_918076231
2023-03-19 07:16,2716543393,0,8388608,2,region7_918076237
2023-03-19 07:16,2716547223,0,4005354,5,region7_918076242
2023-03-19 07:16,2716666404,0,8388608,2,region7_918076232
2023-03-19 07:16,2716690754,8192,96960,2,region7_918076231
2023-03-19 07:16,2716690754,0,176,2,region7_918076231
2023-03-19 07:16,2716786315,0,8388608,4,region7_918076238
2023-03-19 07:16,2715815101,0,8376750,3,region7_918076226
2023-03-19 07:16,2715923205,3138958,1048576,2,region7_918076228
2023-03-19 07:16,2715986922,3063027,1048576,2,region7_918076228
2023-03-19 07:16,2714820318,0,419984,2,region7_918076229
2023-03-19 07:16,2714955055,6528614,1859994,2,region7_918076229
2023-03-19 07:16,2714955055,0,6528614,2,region7_918076229
2023-03-19 07:16,2715913333,0,8388608,4,region7_918076232
2023-03-19 07:16,2715923205,0,554047,2,region7_918076228
2023-03-19 07:16,2716153983,0,176,2,region7_918076231
2023-03-19 07:16,2716251080,3492947,2278117,2,region7_918076237
2023-03-19 07:16,2716488297,0,4038842,5,region7_918076242
2023-03-19 07:16,2715986922,0,4050284,2,region7_918076228
2023-03-19 07:16,2716106216,7413760,974848,2,region7_918076238
2023-03-19 07:16,2716106216,5320704,2093056,2,region7_918076238
2023-03-19 07:16,2716106216,3231744,2088960,2,region7_918076238
2023-03-19 07:16,2716106216,1142784,2088960,2,region7_918076238
2023-03-19 07:16,2716106216,0,1142784,2,region7_918076238
2023-03-19 07:16,2715567139,0,49684,2,region7_918076231
2023-03-19 07:16,2716896533,8192,373632,2,region7_918076231
2023-03-19 07:16,2714791067,5869164,42880,2,region7_918076231
2023-03-19 07:16,2715949317,0,120551,2,region7_918076231
2023-03-19 07:16,2715895732,0,39821,2,region7_918076231
2023-03-19 07:16,2716439278,0,7077315,4,region7_918076245
2023-03-19 07:16,2716723362,0,3034869,4,region7_918076232
2023-03-19 07:16,2716741925,4849002,213688,2,region7_918076231
2023-03-19 07:16,2716741925,0,5062690,2,region7_918076231
2023-03-19 07:16,2715632391,0,2304,2,region7_918076231
2023-03-19 07:16,2715949317,0,120551,2,region7_918076231
2023-03-19 07:16,2715951755,0,860654,2,region7_918076227
2023-03-19 07:16,2714837320,0,6284191,2,region7_918076227
2023-03-19 07:16,2716543677,0,25165824,3,region7_918076237
2023-03-19 07:16,2714955055,7577190,811418,2,region7_918076229
2023-03-19 07:16,2714955055,5480038,1048576,2,region7_918076229
2023-03-19 07:16,2714955055,4431462,1048576,2,region7_918076229
2023-03-19 07:16,2714955055,3382886,1048576,2,region7_918076229
2023-03-19 07:16,2714955055,2334310,1048576,2,region7_918076229
2023-03-19 07:16,2714955055,237158,1048576,2,region7_918076229
2023-03-19 07:16,2714955055,6528614,1048576,2,region7_918076229
2023-03-19 07:16,2714955055,1285734,1048576,2,region7_918076229
2023-03-19 07:16,2714955055,0,237158,2,region7_918076229
2023-03-19 07:16,2715413534,0,4764102,2,region7_918076229
2023-03-19 07:16,2716583152,0,6278257,2,region7_918076227
2023-03-19 07:16,2714794316,0,413528,2,region7_918076229
2023-03-19 07:16,2714815360,0,444808,2,region7_918076229
2023-03-19 07:16,2716070983,0,1896448,2,region7_918076247
2023-03-19 07:16,2716575970,4227680,229696,2,region7_918076231
2023-03-19 07:16,2715950472,1336531,2282087,2,region7_918076228
2023-03-19 07:16,2715986942,7192576,1196032,2,region7_918076236
2023-03-19 07:16,2716490645,0,2362,2,region7_918076231
2023-03-19 07:16,2716511489,0,5554930,2,region7_918076237
2023-03-19 07:16,2716788371,0,847250,5,region7_918076230
2023-03-19 07:16,2716070983,1896448,2129920,2,region7_918076247
2023-03-19 07:16,2716511489,5557510,2831098,2,region7_918076237
2023-03-19 07:16,2715090669,3105290,1048576,2,region7_918076228
2023-03-19 07:16,2715428121,2213307,1895176,2,region7_918076228
2023-03-19 07:16,2716070983,4026368,2138112,2,region7_918076247
2023-03-19 07:16,2716156520,8667065,163840,2,region7_918076231
2023-03-19 07:16,2716167601,0,768,2,region7_918076231
2023-03-19 07:16,2714847726,0,352252,2,region7_918076229
2023-03-19 07:16,2716417579,0,7036448,5,region7_918076230
2023-03-19 07:16,2715090669,3067518,182973,2,region7_918076228
2023-03-19 07:16,2716417579,0,3059326,6,region7_918076230
2023-03-19 07:16,2716962184,0,8388608,4,region7_918076233
2023-03-19 07:16,2717012587,253952,2101248,2,region7_918076233
2023-03-19 07:16,2717012587,0,253952,2,region7_918076233
2023-03-19 07:16,2716070983,8294400,94208,2,region7_918076247
2023-03-19 07:16,2716070983,6164480,2129920,2,region7_918076247
2023-03-19 07:16,2716200788,0,3046646,6,region7_918076230
2023-03-19 07:16,2716200788,0,7007285,5,region7_918076230
2023-03-19 07:16,2714777500,0,384,2,region7_918076231
2023-03-19 07:16,2716666404,0,4194304,2,region7_918076232
2023-03-19 07:16,2716666404,4194304,4194304,2,region7_918076232
2023-03-19 07:16,2716803127,0,25165824,3,region7_918076237
2023-03-19 07:16,2717012587,6561792,1826816,2,region7_918076233
2023-03-19 07:16,2717012587,2355200,2101248,2,region7_918076233
2023-03-19 07:16,2717012587,4456448,2105344,2,region7_918076233
2023-03-19 07:16,2717069640,2533016,48,2,region7_918076231
2023-03-19 07:16,2715758311,0,856299,2,region7_918076228
2023-03-19 07:16,2715689820,3171693,1250720,2,region7_918076229
2023-03-19 07:16,2715689820,0,3171693,2,region7_918076229
2023-03-19 07:16,2714789316,0,420543,2,region7_918076229
2023-03-19 07:16,2716553085,0,4811496,2,region7_918076227
2023-03-19 07:16,2715713069,0,896,2,region7_918076231
2023-03-19 07:16,2716553085,6389580,1999028,2,region7_918076227
2023-03-19 07:16,2716235058,0,429278,2,region7_918076227
2023-03-19 07:16,2715700789,0,3817447,2,region7_918076228
2023-03-19 07:16,2715879735,2842774,5049,2,region7_918076228
2023-03-19 07:16,2715733607,0,3875705,2,region7_918076232
2023-03-19 07:16,2716317412,0,5084942,4,region7_918076232
2023-03-19 07:16,2714794887,0,405840,2,region7_918076229
2023-03-19 07:16,2717092068,8388608,92960,5,region7_918076230
2023-03-19 07:16,2717092068,6291456,1048576,5,region7_918076230
2023-03-19 07:16,2717092068,7340032,1048576,5,region7_918076230
2023-03-19 07:16,2717092068,5242880,1048576,5,region7_918076230
2023-03-19 07:16,2717092068,4194304,1048576,5,region7_918076230
2023-03-19 07:16,2717092068,2097152,1048576,5,region7_918076230
2023-03-19 07:16,2717092068,0,1048576,5,region7_918076230
2023-03-19 07:16,2717092068,3145728,1048576,5,region7_918076230
2023-03-19 07:16,2717092068,1048576,1048576,5,region7_918076230
2023-03-19 07:16,2715706093,438470,2451306,2,region7_918076228
2023-03-19 07:16,2715977080,1292757,7095851,2,region7_918076228
2023-03-19 07:16,2716517166,0,640,2,region7_918076231
2023-03-19 07:16,2715624149,0,370012,2,region7_918076228
2023-03-19 07:16,2715624149,370012,2600694,2,region7_918076228
2023-03-19 07:16,2715986922,3063027,1048576,2,region7_918076228
2023-03-19 07:16,2716202866,1467648,227520,2,region7_918076231
2023-03-19 07:16,2716493205,4243851,48,2,region7_918076231
2023-03-19 07:16,2716517166,0,640,2,region7_918076231
2023-03-19 07:16,2714955055,0,237158,2,region7_918076229
2023-03-19 07:16,2714955055,2334310,1048576,2,region7_918076229
2023-03-19 07:16,2714955055,1285734,1048576,2,region7_918076229
2023-03-19 07:16,2714955055,3382886,1048576,2,region7_918076229
2023-03-19 07:16,2715703414,0,4038842,5,region7_918076230
2023-03-19 07:16,2714786350,572318,625798,2,region7_918076228
2023-03-19 07:16,2716427905,1368576,296256,2,region7_918076231
2023-03-19 07:16,2716517166,0,640,2,region7_918076231
2023-03-19 07:16,2715451313,8388608,92960,5,region7_918076230
2023-03-19 07:16,2715451313,7340032,1048576,5,region7_918076230
2023-03-19 07:16,2715451313,6291456,1048576,5,region7_918076230
2023-03-19 07:16,2715451313,5242880,1048576,5,region7_918076230
2023-03-19 07:16,2715451313,4194304,1048576,5,region7_918076230
2023-03-19 07:16,2715451313,3145728,1048576,5,region7_918076230
2023-03-19 07:16,2715451313,2097152,1048576,5,region7_918076230
2023-03-19 07:16,2715451313,1048576,1048576,5,region7_918076230
2023-03-19 07:16,2715451313,0,1048576,5,region7_918076230
2023-03-19 07:16,2714955055,7577190,811418,2,region7_918076229
2023-03-19 07:16,2714955055,5480038,1048576,2,region7_918076229
2023-03-19 07:16,2716122739,0,2824748,2,region7_918076228
2023-03-19 07:16,2716122739,2863074,964312,2,region7_918076228
2023-03-19 07:16,2714955055,0,6528614,2,region7_918076229
2023-03-19 07:16,2714815360,0,444808,2,region7_918076229
2023-03-19 07:16,2716053550,6933352,1455256,2,region7_918076237
2023-03-19 07:16,2716517166,0,640,2,region7_918076231
2023-03-19 07:16,2714794316,0,413527,2,region7_918076229
2023-03-19 07:16,2716754706,0,3113984,6,region7_918076230
2023-03-19 07:16,2716696586,0,4038842,5,region7_918076230
2023-03-19 07:16,2717000408,0,1077,5,region7_918076230
2023-03-19 07:16,2715970525,0,4211501,2,region7_918076228
2023-03-19 07:16,2716336745,0,449374,2,region7_918076228
2023-03-19 07:16,2716689329,5861279,43111,2,region7_918076235
2023-03-19 07:16,2716794726,0,8071499,4,region7_918076238
2023-03-19 07:16,2716592546,2136608,230080,2,region7_918076231
2023-03-19 07:16,2716592595,0,769248,2,region7_918076237
2023-03-19 07:16,2716696586,0,8481568,6,region7_918076230
2023-03-19 07:16,2717030843,9391512,60928,2,region7_918076231
2023-03-19 07:16,2717122540,0,8388608,2,region7_918076232
2023-03-19 07:17,2715858437,0,8481568,5,region7_918076230
2023-03-19 07:17,2716007166,0,21709,2,region7_918076236
2023-03-19 07:17,2716013565,1048576,1048576,5,region7_918076230
2023-03-19 07:17,2716013565,2097152,1048576,5,region7_918076230
2023-03-19 07:17,2716013565,0,1048576,5,region7_918076230
2023-03-19 07:17,2715858437,0,4038842,6,region7_918076230
2023-03-19 07:17,2715240767,0,721304,2,region7_918076244
2023-03-19 07:17,2716013565,3145728,893114,5,region7_918076230
2023-03-19 07:17,2716058282,0,7013454,5,region7_918076230
2023-03-19 07:17,2715937025,0,1879294,2,region7_918076228
2023-03-19 07:17,2716336745,449374,7939234,2,region7_918076228
2023-03-19 07:17,2716550667,1743744,248000,2,region7_918076231
2023-03-19 07:17,2716535662,0,12282,2,region7_918076231
2023-03-19 07:17,2715927043,5798624,104384,2,region7_918076231
2023-03-19 07:17,2715955474,0,750345,5,region7_918076230
2023-03-19 07:17,2715986922,0,4050284,2,region7_918076228
2023-03-19 07:17,2715992069,0,3064567,6,region7_918076230
2023-03-19 07:17,2715480741,0,628663,2,region7_918076227
2023-03-19 07:17,2715937025,2023106,314090,2,region7_918076228
2023-03-19 07:17,2716058282,0,3049328,6,region7_918076230
2023-03-19 07:17,2717019513,0,768,2,region7_918076231
2023-03-19 07:17,2716013633,959387,2212185,1,region7_918076226
2023-03-19 07:17,2714982446,0,6164,2,region7_918076231
2023-03-19 07:17,2716451109,0,1048576,5,region7_918076230
2023-03-19 07:17,2716451109,3145728,1048576,5,region7_918076230
2023-03-19 07:17,2716451109,2097152,1048576,5,region7_918076230
2023-03-19 07:17,2716451109,1048576,1048576,5,region7_918076230
2023-03-19 07:17,2714697931,0,3953121,2,region7_918076244
2023-03-19 07:17,2717273544,0,176,2,region7_918076231
2023-03-19 07:17,2716153987,4868277,38019,2,region7_918076235
2023-03-19 07:17,2716351427,0,1865869,4,region7_918076237
2023-03-19 07:17,2716451109,7340032,1048576,5,region7_918076230
2023-03-19 07:17,2716451109,5242880,1048576,5,region7_918076230
2023-03-19 07:17,2716451109,6291456,1048576,5,region7_918076230
2023-03-19 07:17,2716451109,4194304,1048576,5,region7_918076230
2023-03-19 07:17,2714697931,0,4002033,2,region7_918076244
2023-03-19 07:17,2714697931,3953121,48912,2,region7_918076244
2023-03-19 07:17,2716515822,0,7016606,5,region7_918076230
2023-03-19 07:17,2717208035,0,8357369,3,region7_918076226
2023-03-19 07:17,2714786350,572318,625798,2,region7_918076228
2023-03-19 07:17,2715929456,0,6282521,4,region7_918076228
2023-03-19 07:17,2716515822,0,3050698,6,region7_918076230
2023-03-19 07:17,2716241952,2777772,1048576,2,region7_918076228
2023-03-19 07:17,2714815360,0,444808,2,region7_918076229
2023-03-19 07:17,2716562045,3,989591,2,region7_918076228
2023-03-19 07:17,2714794316,0,413528,2,region7_918076229
2023-03-19 07:17,2716568142,0,8386016,3,region7_918076226
2023-03-19 07:17,2714815360,0,444808,2,region7_918076229
2023-03-19 07:17,2716000895,2002944,2121728,2,region7_918076236
2023-03-19 07:17,2716000895,0,2002944,2,region7_918076236
2023-03-19 07:17,2714955055,6528614,1859994,2,region7_918076229
2023-03-19 07:17,2714794316,0,413527,2,region7_918076229
2023-03-19 07:17,2716000895,6238208,2109440,2,region7_918076236
2023-03-19 07:17,2716000895,8347648,40960,2,region7_918076236
2023-03-19 07:17,2716000895,4124672,2113536,2,region7_918076236
2023-03-19 07:17,2716101045,0,7028196,2,region7_918076237
2023-03-19 07:17,2714857796,1719880,154062,2,region7_918076228
2023-03-19 07:17,2717000381,0,2857793,2,region7_918076228
2023-03-19 07:17,2717000381,2857793,879036,2,region7_918076228
2023-03-19 07:17,2715542180,0,4711704,2,region7_918076228
2023-03-19 07:17,2716101045,7028196,1360412,2,region7_918076237
2023-03-19 07:17,2714820318,0,419984,2,region7_918076229
2023-03-19 07:17,2716488149,0,765811,2,region7_918076227
2023-03-19 07:17,2715596748,3362364,778431,2,region7_918076228
2023-03-19 07:17,2716092037,0,74548,2,region7_918076231
2023-03-19 07:17,2716306760,7789345,10832,2,region7_918076235
2023-03-19 07:17,2716306760,2483842,38627,2,region7_918076235
2023-03-19 07:17,2716306760,0,8388608,2,region7_918076235
2023-03-19 07:17,2716488149,5805925,2582683,2,region7_918076227
2023-03-19 07:17,2716488149,3979863,226197,2,region7_918076227
2023-03-19 07:17,2716491745,0,2612,2,region7_918076231
2023-03-19 07:17,2714665352,0,1152,2,region7_918076231
2023-03-19 07:17,2716563222,0,25165824,3,region7_918076237
2023-03-19 07:17,2716822687,0,804276,2,region7_918076228
2023-03-19 07:17,2715950472,1336531,2282087,2,region7_918076228
2023-03-19 07:17,2716490565,1048576,1048576,5,region7_918076230
2023-03-19 07:17,2716490565,0,1048576,5,region7_918076230
2023-03-19 07:17,2716490565,2097152,1048576,5,region7_918076230
2023-03-19 07:17,2716548524,0,3240878,2,region7_918076235
2023-03-19 07:17,2716776822,2982016,48,2,region7_918076231
2023-03-19 07:17,2716860993,0,8388608,4,region7_918076232
2023-03-19 07:17,2715323382,2728365,3104723,2,region7_918076228
2023-03-19 07:17,2715323382,8344952,43656,2,region7_918076228
2023-03-19 07:17,2715323382,156174,1449680,2,region7_918076228
2023-03-19 07:17,2717354662,0,17664,2,region7_918076231
2023-03-19 07:17,2716048804,0,12884,2,region7_918076231
2023-03-19 07:17,2714873683,0,1972959,2,region7_918076228
2023-03-19 07:17,2715706093,2889776,1229739,2,region7_918076228
2023-03-19 07:17,2715706093,438470,2451306,2,region7_918076228
2023-03-19 07:17,2717053556,0,909312,2,region7_918076236
2023-03-19 07:17,2716423456,0,3055980,6,region7_918076230
2023-03-19 07:17,2716490565,3145728,893114,5,region7_918076230
2023-03-19 07:17,2716637847,0,4038842,6,region7_918076230
2023-03-19 07:17,2715428121,1782245,2341463,2,region7_918076228
2023-03-19 07:17,2714782889,0,256,2,region7_918076231
2023-03-19 07:17,2716637847,0,8481568,5,region7_918076230
2023-03-19 07:17,2717354662,0,17664,2,region7_918076231
2023-03-19 07:17,2716336745,0,449374,2,region7_918076228
2023-03-19 07:17,2716404661,0,19366,2,region7_918076236
2023-03-19 07:17,2716634631,2392055,1681095,2,region7_918076228
2023-03-19 07:17,2717354662,0,17664,2,region7_918076231
2023-03-19 07:17,2716263206,0,922908,5,region7_918076230
2023-03-19 07:17,2716832277,3313068,48,2,region7_918076231
2023-03-19 07:17,2717053556,909312,2101248,2,region7_918076236
2023-03-19 07:17,2716104807,0,8357238,3,region7_918076226
2023-03-19 07:17,2716249901,0,8388608,2,region7_918076227
2023-03-19 07:17,2716847602,0,1792,2,region7_918076231
2023-03-19 07:17,2716383321,0,8481568,2,region7_918076231
2023-03-19 07:17,2716383321,8446352,35216,2,region7_918076231
2023-03-19 07:17,2715126986,0,319258,2,region7_918076231
2023-03-19 07:17,2717053556,3010560,2105344,2,region7_918076236
2023-03-19 07:17,2717319694,0,8388608,2,region7_918076235
2023-03-19 07:17,2717327806,3145728,1048576,5,region7_918076230
2023-03-19 07:17,2717327806,2097152,1048576,5,region7_918076230
2023-03-19 07:17,2717327806,1048576,1048576,5,region7_918076230
2023-03-19 07:17,2717327806,4194304,1048576,5,region7_918076230
2023-03-19 07:17,2717327806,0,1048576,5,region7_918076230
2023-03-19 07:17,2716218000,0,176,2,region7_918076231
2023-03-19 07:17,2715024707,1538245,1884593,2,region7_918076228
2023-03-19 07:17,2717197270,0,3075682,6,region7_918076230
2023-03-19 07:17,2717283097,0,287073,4,region7_918076232
2023-03-19 07:17,2717327806,5242880,1048576,5,region7_918076230
2023-03-19 07:17,2717327806,7340032,1048576,5,region7_918076230
2023-03-19 07:17,2717327806,6291456,1048576,5,region7_918076230
2023-03-19 07:17,2716005907,0,8388608,2,region7_918076227
2023-03-19 07:17,2715352521,0,3096711,2,region7_918076228
2023-03-19 07:17,2716766199,0,8361071,3,region7_918076226
2023-03-19 07:17,2716789518,3587296,48,2,region7_918076231
2023-03-19 07:17,2714794316,0,413528,2,region7_918076229
2023-03-19 07:17,2715776990,0,199047,2,region7_918076231
2023-03-19 07:17,2714782889,0,256,2,region7_918076231
2023-03-19 07:17,2717412756,3032888,88640,2,region7_918076231
2023-03-19 07:17,2716288976,4194304,416304,5,region7_918076230
2023-03-19 07:17,2716288976,1048576,1048576,5,region7_918076230
2023-03-19 07:17,2716288976,0,1048576,5,region7_918076230
2023-03-19 07:17,2716288976,3145728,1048576,5,region7_918076230
2023-03-19 07:17,2716288976,2097152,1048576,5,region7_918076230
2023-03-19 07:17,2716587610,0,8481568,5,region7_918076230
2023-03-19 07:17,2715651877,3368032,326016,2,region7_918076231
2023-03-19 07:17,2715345588,0,4031821,2,region7_918076228
2023-03-19 07:17,2717072845,0,8388608,4,region7_918076232
2023-03-19 07:17,2715163101,0,354980,2,region7_918076229
2023-03-19 07:17,2717053556,5115904,2117632,2,region7_918076236
2023-03-19 07:17,2715563880,0,414370,2,region7_918076229
2023-03-19 07:17,2716210949,0,359925,2,region7_918076232
2023-03-19 07:17,2716852190,0,4038842,2,region7_918076231
2023-03-19 07:17,2716852190,0,4038842,2,region7_918076231
2023-03-19 07:17,2715970525,0,4211501,2,region7_918076228
2023-03-19 07:17,2716431539,8319219,6608298,2,region7_918076228
2023-03-19 07:17,2716431539,0,8319219,2,region7_918076228
2023-03-19 07:17,2716852190,0,4038842,2,region7_918076231
2023-03-19 07:17,2715163101,0,354980,2,region7_918076229
2023-03-19 07:17,2717191738,0,256,2,region7_918076231
2023-03-19 07:17,2717368274,0,25165824,3,region7_918076237
2023-03-19 07:17,2716243618,0,128,2,region7_918076231
2023-03-19 07:17,2716080003,0,3404467,1,region7_918076226
2023-03-19 07:17,2717053556,7233536,1155072,2,region7_918076236
2023-03-19 07:17,2715820802,5514897,376040,2,region7_918076228
2023-03-19 07:17,2715820802,2429971,122328,2,region7_918076228
2023-03-19 07:17,2717349892,0,59657,2,region7_918076236
2023-03-19 07:17,2716198364,0,1645144,2,region7_918076228
2023-03-19 07:17,2716319835,0,8481568,5,region7_918076230
2023-03-19 07:17,2716634631,0,733008,2,region7_918076228
2023-03-19 07:17,2716634631,2392055,1681095,2,region7_918076228
2023-03-19 07:17,2715428121,1747257,3309,2,region7_918076244
2023-03-19 07:17,2716937311,0,6190151,4,region7_918076228
2023-03-19 07:17,2717062766,0,6875206,2,region7_918076237
2023-03-19 07:17,2716319835,0,4038842,6,region7_918076230
2023-03-19 07:17,2716742155,0,8388608,4,region7_918076232
2023-03-19 07:17,2715428121,0,1747257,2,region7_918076244
2023-03-19 07:17,2715428121,1751175,2372533,2,region7_918076244
2023-03-19 07:17,2716598244,9819070,90112,2,region7_918076231
2023-03-19 07:17,2715163101,0,354980,2,region7_918076229
2023-03-19 07:17,2715298292,22371108,365120,2,region7_918076231
2023-03-19 07:17,2716472083,0,8388608,2,region7_918076227
2023-03-19 07:17,2716840953,0,785569,3,region7_918076226
2023-03-19 07:17,2716780842,0,8372224,2,region7_918076233
2023-03-19 07:17,2716780842,8372224,16384,2,region7_918076233
2023-03-19 07:17,2715879735,2842774,5049,2,region7_918076228
2023-03-19 07:17,2716428558,0,512,2,region7_918076231
2023-03-19 07:17,2716547217,0,4873876,2,region7_918076244
2023-03-19 07:17,2716547217,4873876,3514732,2,region7_918076244
2023-03-19 07:17,2715024707,1538245,1884593,2,region7_918076228
2023-03-19 07:17,2716686089,0,740936,2,region7_918076227
2023-03-19 07:17,2715047621,57937,6339,2,region7_918076233
2023-03-19 07:17,2714873683,1972959,6415649,2,region7_918076228
2023-03-19 07:17,2717418754,0,1332,2,region7_918076231
2023-03-19 07:17,2716569265,0,8388608,2,region7_918076227
2023-03-19 07:17,2717140049,0,21676,2,region7_918076233
2023-03-19 07:17,2714732455,0,474977,2,region7_918076229
2023-03-19 07:17,2714794887,0,405840,2,region7_918076229
2023-03-19 07:17,2714987423,1572224,133051,2,region7_918076228
2023-03-19 07:17,2714955055,6528614,1859994,2,region7_918076229
2023-03-19 07:17,2714955055,0,237158,2,region7_918076229
2023-03-19 07:17,2714955055,2334310,1048576,2,region7_918076229
2023-03-19 07:17,2714955055,237158,1048576,2,region7_918076229
2023-03-19 07:17,2716612333,0,22144,2,region7_918076231
2023-03-19 07:17,2715923205,3138958,1048576,2,region7_918076228
2023-03-19 07:17,2717447738,0,8388608,2,region7_918076227
2023-03-19 07:17,2716431513,0,2811597,3,region7_918076237
2023-03-19 07:17,2716534530,0,3060718,6,region7_918076230
2023-03-19 07:17,2714955055,6528614,1048576,2,region7_918076229
2023-03-19 07:17,2714955055,7577190,811418,2,region7_918076229
2023-03-19 07:17,2715624149,370012,2600694,2,region7_918076228
2023-03-19 07:17,2715624149,0,370012,2,region7_918076228
2023-03-19 07:17,2716974528,0,3047370,6,region7_918076230
2023-03-19 07:17,2717086252,3296657,573016,2,region7_918076228
2023-03-19 07:17,2717322949,0,7038726,4,region7_918076245
2023-03-19 07:17,2716554198,0,7001440,5,region7_918076230
2023-03-19 07:17,2714814549,6012171,2044176,2,region7_918076228
2023-03-19 07:17,2714814549,1367992,147084,2,region7_918076228
2023-03-19 07:17,2716969837,0,4038842,5,region7_918076230
2023-03-19 07:17,2716554198,0,3044105,6,region7_918076230
2023-03-19 07:17,2717177079,0,3074696,6,region7_918076230
2023-03-19 07:17,2717436330,469504,311296,2,region7_918076231
2023-03-19 07:17,2716122739,3155702,671684,2,region7_918076228
2023-03-19 07:17,2714820318,0,419984,2,region7_918076229
2023-03-19 07:17,2716804151,0,8388608,4,region7_918076237
2023-03-19 07:17,2715923205,0,4121153,2,region7_918076228
2023-03-19 07:17,2717321334,0,7021195,4,region7_918076245
2023-03-19 07:17,2717383376,0,128,2,region7_918076231
2023-03-19 07:17,2716210949,0,359925,2,region7_918076232
2023-03-19 07:17,2716449939,1145403,3534611,2,region7_918076235
2023-03-19 07:17,2716449939,6872058,3153,2,region7_918076235
2023-03-19 07:17,2716786315,0,671744,2,region7_918076238
2023-03-19 07:17,2717047006,0,4038842,5,region7_918076230
2023-03-19 07:17,2714820318,0,419984,2,region7_918076229
2023-03-19 07:17,2716354604,793862,409600,2,region7_918076247
2023-03-19 07:17,2716354604,1207558,1454,2,region7_918076247
2023-03-19 07:17,2716649724,0,1802827,2,region7_918076228
2023-03-19 07:17,2716685975,0,2636799,2,region7_918076228
2023-03-19 07:17,2716685975,0,4141295,2,region7_918076228
2023-03-19 07:17,2716786315,671744,2088960,2,region7_918076238
2023-03-19 07:17,2716804204,0,835583,2,region7_918076227
2023-03-19 07:17,2717305727,0,4948315,2,region7_918076227
2023-03-19 07:17,2717529482,0,1408,2,region7_918076231
2023-03-19 07:17,2715504728,0,3028,1,region7_918076228
2023-03-19 07:17,2714737935,3091277,187712,2,region7_918076228
2023-03-19 07:17,2714737935,180807,1131581,2,region7_918076228
2023-03-19 07:17,2716786315,4849664,2088960,2,region7_918076238
2023-03-19 07:17,2716786315,2760704,2088960,2,region7_918076238
2023-03-19 07:17,2715986922,3063027,1048576,2,region7_918076228
2023-03-19 07:17,2715563880,0,414370,2,region7_918076229
2023-03-19 07:17,2717481431,0,8388608,4,region7_918076232
2023-03-19 07:17,2715047621,57937,6339,2,region7_918076233
2023-03-19 07:17,2715352521,378728,2551923,2,region7_918076244
2023-03-19 07:17,2715352521,0,378728,2,region7_918076244
2023-03-19 07:17,2715352521,2930651,1198173,2,region7_918076244
2023-03-19 07:17,2716786315,6938624,1449984,2,region7_918076238
2023-03-19 07:17,2717475115,0,256,2,region7_918076231
2023-03-19 07:17,2717493109,0,3080653,2,region7_918076227
2023-03-19 07:17,2717158912,6712592,1049312,2,region7_918076231
2023-03-19 07:17,2715909481,949679,1152324,2,region7_918076228
2023-03-19 07:17,2715986922,0,4050284,2,region7_918076228
2023-03-19 07:17,2714931608,0,2304,2,region7_918076231
2023-03-19 07:17,2717631342,3164864,108416,2,region7_918076231
2023-03-19 07:17,2716379507,0,12460,2,region7_918076231
2023-03-19 07:17,2716488280,0,7658417,2,region7_918076227
2023-03-19 07:17,2716593587,0,6621,4,region7_918076232
2023-03-19 07:17,2716604165,2977152,42752,2,region7_918076231
2023-03-19 07:17,2715504728,3028,8384650,1,region7_918076228
2023-03-19 07:17,2714795920,1073012,7315596,2,region7_918076235
2023-03-19 07:17,2716853095,0,274432,2,region7_918076247
2023-03-19 07:17,2717158912,7761904,719664,2,region7_918076231
2023-03-19 07:17,2715909481,949679,1152324,2,region7_918076228
2023-03-19 07:17,2717385710,0,8388608,4,region7_918076232
2023-03-19 07:17,2717423992,0,1048576,5,region7_918076230
2023-03-19 07:17,2717585282,0,7073045,4,region7_918076245
2023-03-19 07:17,2716853095,274432,2113536,2,region7_918076247
2023-03-19 07:17,2716921107,1278162,291712,2,region7_918076231
2023-03-19 07:17,2716921107,1278162,291712,2,region7_918076231
2023-03-19 07:17,2715909481,949679,1152324,2,region7_918076228
2023-03-19 07:17,2715909481,6538411,1524296,2,region7_918076228
2023-03-19 07:17,2717423992,2097152,1048576,5,region7_918076230
2023-03-19 07:17,2717423992,1048576,1048576,5,region7_918076230
2023-03-19 07:17,2717607520,0,8388608,2,region7_918076227
2023-03-19 07:17,2716436020,0,8375908,3,region7_918076226
2023-03-19 07:17,2715909481,949679,1152324,2,region7_918076228
2023-03-19 07:17,2717423992,3145728,893114,5,region7_918076230
2023-03-19 07:17,2714847726,0,352252,2,region7_918076229
2023-03-19 07:17,2716696548,0,7057722,3,region7_918076226
2023-03-19 07:17,2716853095,4501504,2105344,2,region7_918076247
2023-03-19 07:17,2716853095,2387968,2113536,2,region7_918076247
2023-03-19 07:17,2715937025,0,1879294,2,region7_918076228
2023-03-19 07:17,2717657395,0,810879,2,region7_918076244
2023-03-19 07:17,2716421113,1192,3422574,2,region7_918076228
2023-03-19 07:17,2716853095,6606848,1781760,2,region7_918076247
2023-03-19 07:17,2715542180,0,4711704,2,region7_918076228
2023-03-19 07:17,2715937025,2008255,1753430,2,region7_918076228
2023-03-19 07:17,2717657395,810879,7577729,2,region7_918076244
2023-03-19 07:17,2716404661,0,19366,2,region7_918076236
2023-03-19 07:17,2714987423,3317131,201002,2,region7_918076228
2023-03-19 07:17,2714987423,161759,736538,2,region7_918076228
2023-03-19 07:17,2716706496,5242880,1048576,5,region7_918076230
2023-03-19 07:17,2716706496,7340032,1048576,5,region7_918076230
2023-03-19 07:17,2716706496,6291456,1048576,5,region7_918076230
2023-03-19 07:17,2716706496,2097152,1048576,5,region7_918076230
2023-03-19 07:17,2716706496,0,1048576,5,region7_918076230
2023-03-19 07:17,2716706496,1048576,1048576,5,region7_918076230
2023-03-19 07:17,2716706496,4194304,1048576,5,region7_918076230
2023-03-19 07:17,2716706496,3145728,1048576,5,region7_918076230
2023-03-19 07:17,2717637246,0,1280,2,region7_918076231
2023-03-19 07:17,2717171636,0,7046049,5,region7_918076230
2023-03-19 07:17,2717353817,8192,135988,2,region7_918076231
2023-03-19 07:17,2717353817,0,176,2,region7_918076231
2023-03-19 07:17,2717503590,0,1664,2,region7_918076231
2023-03-19 07:17,2717637246,0,1280,2,region7_918076231
2023-03-19 07:17,2716378779,0,8388608,2,region7_918076227
2023-03-19 07:17,2717439442,66942,1564132,2,region7_918076237
2023-03-19 07:17,2717171636,0,3063500,6,region7_918076230
2023-03-19 07:17,2717653392,0,1048576,5,region7_918076230
2023-03-19 07:17,2717653392,3145728,893114,5,region7_918076230
2023-03-19 07:17,2717653392,2097152,1048576,5,region7_918076230
2023-03-19 07:17,2717653392,1048576,1048576,5,region7_918076230
2023-03-19 07:17,2714955055,237158,1048576,2,region7_918076229
2023-03-19 07:17,2716966624,6354944,163328,2,region7_918076231
2023-03-19 07:17,2717207000,0,3050629,6,region7_918076230
2023-03-19 07:17,2717349892,0,59657,2,region7_918076236
2023-03-19 07:17,2717637246,0,1280,2,region7_918076231
2023-03-19 07:17,2717060375,0,8388608,2,region7_918076227
2023-03-19 07:17,2716013633,3171572,2212185,1,region7_918076226
2023-03-19 07:17,2716675734,0,6081692,4,region7_918076236
2023-03-19 07:17,2717034456,0,273210,2,region7_918076231
2023-03-19 07:17,2716546086,0,3060820,6,region7_918076230
2023-03-19 07:17,2716559903,21509925,336512,2,region7_918076231
2023-03-19 07:17,2716839759,0,6346340,4,region7_918076228
2023-03-19 07:17,2716443160,0,6669,2,region7_918076231
2023-03-19 07:17,2716684771,0,25165824,3,region7_918076237
2023-03-19 07:17,2717353817,8192,135988,2,region7_918076231
2023-03-19 07:17,2717498288,0,8388608,2,region7_918076235
2023-03-19 07:17,2717581092,0,512,2,region7_918076231
2023-03-19 07:17,2716614538,0,8388608,2,region7_918076227
2023-03-19 07:17,2716035520,4953344,178048,2,region7_918076231
2023-03-19 07:17,2715173185,2253625,162042,2,region7_918076228
2023-03-19 07:17,2717335819,1890426,98107,2,region7_918076228
2023-03-19 07:17,2717607587,20988,25600,2,region7_918076231
2023-03-19 07:17,2716584225,1779776,469376,2,region7_918076231
2023-03-19 07:17,2715173185,6316890,480561,2,region7_918076228
2023-03-19 07:17,2715389674,6929138,1048576,2,region7_918076228
2023-03-19 07:17,2715389674,6929138,1048576,2,region7_918076228
2023-03-19 07:18,2716612288,0,256,2,region7_918076231
2023-03-19 07:18,2716890828,278,1041,2,region7_918076231
2023-03-19 07:18,2715270595,0,8388608,2,region7_918076227
2023-03-19 07:18,2715389674,0,877356,2,region7_918076228
2023-03-19 07:18,2714931608,0,2304,2,region7_918076231
2023-03-19 07:18,2716963306,8006436,382172,2,region7_918076235
2023-03-19 07:18,2716963306,0,1974098,2,region7_918076235
2023-03-19 07:18,2715706093,2889776,1229739,2,region7_918076228
2023-03-19 07:18,2715706093,438470,2451306,2,region7_918076228
2023-03-19 07:18,2717185136,4026858,188713,2,region7_918076228
2023-03-19 07:18,2715909481,6538411,1524296,2,region7_918076228
2023-03-19 07:18,2717357753,0,1048576,5,region7_918076230
2023-03-19 07:18,2717357753,5242880,1048576,5,region7_918076230
2023-03-19 07:18,2717357753,4194304,1048576,5,region7_918076230
2023-03-19 07:18,2717357753,3145728,1048576,5,region7_918076230
2023-03-19 07:18,2717357753,2097152,1048576,5,region7_918076230
2023-03-19 07:18,2717357753,1048576,1048576,5,region7_918076230
2023-03-19 07:18,2716109008,0,23424,2,region7_918076231
2023-03-19 07:18,2717674542,0,1636134,4,region7_918076237
2023-03-19 07:18,2716736652,0,1835008,2,region7_918076236
2023-03-19 07:18,2717185136,0,2079920,2,region7_918076228
2023-03-19 07:18,2716498057,0,11405,2,region7_918076231
2023-03-19 07:18,2714839518,0,4641641,2,region7_918076227
2023-03-19 07:18,2717357753,6291456,1048576,5,region7_918076230
2023-03-19 07:18,2717357753,7340032,1048576,5,region7_918076230
2023-03-19 07:18,2715937025,3087039,106802,2,region7_918076228
2023-03-19 07:18,2715122974,0,8388608,2,region7_918076227
2023-03-19 07:18,2716707832,0,3339916,2,region7_918076237
2023-03-19 07:18,2717399905,1298,3169690,2,region7_918076228
2023-03-19 07:18,2717694992,0,2302244,2,region7_918076228
2023-03-19 07:18,2717694992,2302244,6086364,2,region7_918076228
2023-03-19 07:18,2716671172,4019453,2421347,2,region7_918076228
2023-03-19 07:18,2716736652,1835008,2125824,2,region7_918076236
2023-03-19 07:18,2717185136,2079920,1946938,2,region7_918076228
2023-03-19 07:18,2715512526,0,1174052,2,region7_918076228
2023-03-19 07:18,2715923205,3138958,1048576,2,region7_918076228
2023-03-19 07:18,2715923205,0,4121153,2,region7_918076228
2023-03-19 07:18,2717482615,0,640,2,region7_918076231
2023-03-19 07:18,2714794316,0,413527,2,region7_918076229
2023-03-19 07:18,2715970525,0,4211501,2,region7_918076244
2023-03-19 07:18,2717590786,7259616,48,2,region7_918076231
2023-03-19 07:18,2716736652,3960832,2113536,2,region7_918076236
2023-03-19 07:18,2717253408,0,1152,2,region7_918076231
2023-03-19 07:18,2717364101,0,176,2,region7_918076231
2023-03-19 07:18,2717667108,0,8350034,3,region7_918076226
2023-03-19 07:18,2714920072,0,1664,2,region7_918076231
2023-03-19 07:18,2716168932,0,3610,2,region7_918076231
2023-03-19 07:18,2717032148,0,33114,2,region7_918076231
2023-03-19 07:18,2717353935,0,892928,2,region7_918076238
2023-03-19 07:18,2715047621,57937,6339,2,region7_918076233
2023-03-19 07:18,2717758051,0,176,2,region7_918076231
2023-03-19 07:18,2716736652,6074368,2117632,2,region7_918076236
2023-03-19 07:18,2716515831,0,176,2,region7_918076231
2023-03-19 07:18,2717140049,0,21676,2,region7_918076233
2023-03-19 07:18,2717331231,7285914,733391,2,region7_918076235
2023-03-19 07:18,2717331231,2421024,203148,2,region7_918076235
2023-03-19 07:18,2717353935,2969600,2076672,2,region7_918076238
2023-03-19 07:18,2717353935,892928,2076672,2,region7_918076238
2023-03-19 07:18,2717740525,1974231,2108964,2,region7_918076228
2023-03-19 07:18,2717740525,0,1974231,2,region7_918076228
2023-03-19 07:18,2717747570,0,8388608,4,region7_918076232
2023-03-19 07:18,2717097236,0,384,2,region7_918076231
2023-03-19 07:18,2717353935,5046272,2076672,2,region7_918076238
2023-03-19 07:18,2716005907,0,8388608,2,region7_918076227
2023-03-19 07:18,2717454743,0,5246561,2,region7_918076234
2023-03-19 07:18,2714920072,0,1664,2,region7_918076231
2023-03-19 07:18,2716736652,8192000,196608,2,region7_918076236
2023-03-19 07:18,2717078613,0,6261123,2,region7_918076227
2023-03-19 07:18,2717353935,7122944,1265664,2,region7_918076238
2023-03-19 07:18,2717823518,0,8388608,4,region7_918076232
2023-03-19 07:18,2717842009,0,17530784,3,region7_918076226
2023-03-19 07:18,2716243228,5199136,23872,2,region7_918076231
2023-03-19 07:18,2716926846,0,7149294,4,region7_918076245
2023-03-19 07:18,2717385853,0,1048576,5,region7_918076230
2023-03-19 07:18,2717385853,1048576,865722,5,region7_918076230
2023-03-19 07:18,2716311659,0,8388608,2,region7_918076235
2023-03-19 07:18,2714898407,7630989,757619,2,region7_918076228
2023-03-19 07:18,2714898407,1590040,4766574,2,region7_918076228
2023-03-19 07:18,2715090669,3105290,1048576,2,region7_918076228
2023-03-19 07:18,2715024707,1538245,1884593,2,region7_918076228
2023-03-19 07:18,2715090669,0,1796862,2,region7_918076228
2023-03-19 07:18,2715090669,3088330,995076,2,region7_918076228
2023-03-19 07:18,2715090669,1796862,1078243,2,region7_918076228
2023-03-19 07:18,2715090669,2875105,176693,2,region7_918076228
2023-03-19 07:18,2717203450,0,640,2,region7_918076231
2023-03-19 07:18,2716375957,0,939200,1,region7_918076226
2023-03-19 07:18,2717662592,0,8388608,4,region7_918076232
2023-03-19 07:18,2717691993,0,16777379,3,region7_918076226
2023-03-19 07:18,2716744300,0,7064559,5,region7_918076230
2023-03-19 07:18,2716375957,939200,2315903,1,region7_918076226
2023-03-19 07:18,2716744300,0,3071548,6,region7_918076230
2023-03-19 07:18,2714789316,0,420543,2,region7_918076229
2023-03-19 07:18,2716822687,0,804276,2,region7_918076228
2023-03-19 07:18,2716987969,0,3050124,6,region7_918076230
2023-03-19 07:18,2715542180,4288236,423468,2,region7_918076228
2023-03-19 07:18,2715542180,0,4288236,2,region7_918076228
2023-03-19 07:18,2717432204,0,349,4,region7_918076240
2023-03-19 07:18,2717518031,6291456,1048576,5,region7_918076230
2023-03-19 07:18,2717518031,4194304,1048576,5,region7_918076230
2023-03-19 07:18,2717518031,7340032,1048576,5,region7_918076230
2023-03-19 07:18,2717518031,5242880,1048576,5,region7_918076230
2023-03-19 07:18,2717518031,3145728,1048576,5,region7_918076230
2023-03-19 07:18,2717518031,2097152,1048576,5,region7_918076230
2023-03-19 07:18,2717518031,1048576,1048576,5,region7_918076230
2023-03-19 07:18,2717518031,0,1048576,5,region7_918076230
2023-03-19 07:18,2717648672,0,648061,4,region7_918076232
2023-03-19 07:18,2714817282,0,1234593,2,region7_918076228
2023-03-19 07:18,2717085364,0,3024451,4,region7_918076232
2023-03-19 07:18,2714931608,0,2304,2,region7_918076231
2023-03-19 07:18,2716822687,0,804276,2,region7_918076228
2023-03-19 07:18,2717108239,0,3430517,4,region7_918076232
2023-03-19 07:18,2716669430,0,367249,2,region7_918076237
2023-03-19 07:18,2715027021,2467219,1637911,2,region7_918076228
2023-03-19 07:18,2716960885,0,6493409,2,region7_918076228
2023-03-19 07:18,2714829813,1103289,7285319,2,region7_918076227
2023-03-19 07:18,2714704687,8192,17696,2,region7_918076231
2023-03-19 07:18,2714704687,0,176,2,region7_918076231
2023-03-19 07:18,2717120361,7818272,435200,2,region7_918076231
2023-03-19 07:18,2715923205,4171150,16384,2,region7_918076244
2023-03-19 07:18,2716127640,6101295,1048576,2,region7_918076228
2023-03-19 07:18,2717565659,2097152,1048576,5,region7_918076230
2023-03-19 07:18,2717565659,3145728,893114,5,region7_918076230
2023-03-19 07:18,2717565659,1048576,1048576,5,region7_918076230
2023-03-19 07:18,2717565659,0,1048576,5,region7_918076230
2023-03-19 07:18,2717810409,0,8388608,2,region7_918076235
2023-03-19 07:18,2716960885,6493409,1895199,2,region7_918076228
2023-03-19 07:18,2715923205,0,4121153,2,region7_918076244
2023-03-19 07:18,2715923205,4121153,3302,2,region7_918076244
2023-03-19 07:18,2717632848,0,1280,2,region7_918076231
2023-03-19 07:18,2715923205,3138958,1048576,2,region7_918076228
2023-03-19 07:18,2715923205,144870,27446,2,region7_918076228
2023-03-19 07:18,2717363310,0,128,2,region7_918076231
2023-03-19 07:18,2717627612,7895061,493547,2,region7_918076228
2023-03-19 07:18,2717641802,8192,26362,2,region7_918076231
2023-03-19 07:18,2717641802,0,176,2,region7_918076231
2023-03-19 07:18,2717086252,0,3869673,2,region7_918076244
2023-03-19 07:18,2714949652,4945792,119808,2,region7_918076231
2023-03-19 07:18,2717862848,0,8388608,4,region7_918076232
2023-03-19 07:18,2717004795,0,3056323,6,region7_918076230
2023-03-19 07:18,2717133413,0,2055634,5,region7_918076242
2023-03-19 07:18,2717154288,592224,144000,2,region7_918076231
2023-03-19 07:18,2717493285,325106,586752,2,region7_918076228
2023-03-19 07:18,2714789316,0,420543,2,region7_918076229
2023-03-19 07:18,2715986922,3063027,1048576,2,region7_918076228
2023-03-19 07:18,2716150145,0,176,2,region7_918076231
2023-03-19 07:18,2715986922,0,4050284,2,region7_918076228
2023-03-19 07:18,2716122739,0,2824748,2,region7_918076228
2023-03-19 07:18,2717466890,0,8388608,4,region7_918076232
2023-03-19 07:18,2717495124,0,642816,2,region7_918076231
2023-03-19 07:18,2717708849,0,49069,2,region7_918076231
2023-03-19 07:18,2715090669,3105290,1048576,2,region7_918076228
2023-03-19 07:18,2715090669,3155774,6342,2,region7_918076228
2023-03-19 07:18,2715106161,0,8388608,2,region7_918076227
2023-03-19 07:18,2716942902,0,8388608,2,region7_918076227
2023-03-19 07:18,2717561562,0,4038842,2,region7_918076234
2023-03-19 07:18,2717646369,6516013,970529,2,region7_918076228
2023-03-19 07:18,2715027021,1510149,132219,2,region7_918076228
2023-03-19 07:18,2716848039,0,176,2,region7_918076231
2023-03-19 07:18,2716967409,0,10061332,6,region7_918076242
2023-03-19 07:18,2716975696,0,3045302,6,region7_918076230
2023-03-19 07:18,2716980187,2898513,5490095,2,region7_918076244
2023-03-19 07:18,2716980187,0,2898513,2,region7_918076244
2023-03-19 07:18,2717021753,0,8388608,4,region7_918076232
2023-03-19 07:18,2717768046,0,625448,2,region7_918076232
2023-03-19 07:18,2714995435,0,3372741,2,region7_918076244
2023-03-19 07:18,2714995435,5165716,495907,2,region7_918076244
2023-03-19 07:18,2717460698,0,6265542,2,region7_918076227
2023-03-19 07:18,2715298292,22371108,365120,2,region7_918076231
2023-03-19 07:18,2714895602,0,5792,2,region7_918076231
2023-03-19 07:18,2715557186,0,432376,2,region7_918076232
2023-03-19 07:18,2715024707,1538245,1884593,2,region7_918076228
2023-03-19 07:18,2717885764,0,9566991,3,region7_918076244
2023-03-19 07:18,2717989671,5218546,48,2,region7_918076231
2023-03-19 07:18,2715015017,270841,471305,2,region7_918076235
2023-03-19 07:18,2714976528,2135363,6253245,2,region7_918076228
2023-03-19 07:18,2714976528,1337778,797585,2,region7_918076228
2023-03-19 07:18,2716992290,0,8388608,4,region7_918076237
2023-03-19 07:18,2717642762,1665652,5762175,2,region7_918076237
2023-03-19 07:18,2714737935,0,3804845,2,region7_918076228
2023-03-19 07:18,2717942062,0,1649558,2,region7_918076235
2023-03-19 07:18,2717942062,605232,1048576,2,region7_918076235
2023-03-19 07:18,2717986148,0,8388608,2,region7_918076235
2023-03-19 07:18,2714910276,3771200,44160,2,region7_918076231
2023-03-19 07:18,2715063487,0,6586971,2,region7_918076237
2023-03-19 07:18,2716607259,0,6379211,2,region7_918076235
2023-03-19 07:18,2717642756,0,5376,2,region7_918076231
2023-03-19 07:18,2717182858,1503456,115008,2,region7_918076231
2023-03-19 07:18,2717641072,2543716,1574999,2,region7_918076228
2023-03-19 07:18,2717689001,0,8481568,5,region7_918076230
2023-03-19 07:18,2715024707,1538245,1884593,2,region7_918076228
2023-03-19 07:18,2717945554,0,7010280,4,region7_918076245
2023-03-19 07:18,2717683212,0,5632,2,region7_918076231
2023-03-19 07:18,2717689001,0,4038842,6,region7_918076230
2023-03-19 07:18,2717116159,0,7039850,5,region7_918076230
2023-03-19 07:18,2716122739,2846020,981366,2,region7_918076228
2023-03-19 07:18,2717642756,0,5376,2,region7_918076231
2023-03-19 07:18,2717653343,0,1871872,2,region7_918076233
2023-03-19 07:18,2714976528,1337778,797585,2,region7_918076228
2023-03-19 07:18,2714976528,2135363,6253245,2,region7_918076228
2023-03-19 07:18,2715378638,5732477,1837068,2,region7_918076228
2023-03-19 07:18,2715063487,6586971,1801637,2,region7_918076237
2023-03-19 07:18,2717642756,0,5376,2,region7_918076231
2023-03-19 07:18,2717653343,8224768,163840,2,region7_918076233
2023-03-19 07:18,2717653343,6119424,2105344,2,region7_918076233
2023-03-19 07:18,2717653343,1871872,2129920,2,region7_918076233
2023-03-19 07:18,2717653343,4001792,2117632,2,region7_918076233
2023-03-19 07:18,2717983237,0,11764,2,region7_918076231
2023-03-19 07:18,2717116159,0,3060805,6,region7_918076230
2023-03-19 07:18,2718031851,0,7091747,5,region7_918076230
2023-03-19 07:18,2717667188,0,8388608,4,region7_918076236
2023-03-19 07:18,2717104189,0,1602406,2,region7_918076227
2023-03-19 07:18,2718031851,0,3083368,6,region7_918076230
2023-03-19 07:18,2717266821,0,2688,2,region7_918076231
2023-03-19 07:18,2717335819,491781,191586,2,region7_918076228
2023-03-19 07:18,2716013633,5383757,2212185,1,region7_918076226
2023-03-19 07:18,2717649542,0,8388608,4,region7_918076232
2023-03-19 07:18,2717335819,813925,500513,2,region7_918076228
2023-03-19 07:18,2717335819,3241082,150341,2,region7_918076228
2023-03-19 07:18,2717335819,0,491781,2,region7_918076228
2023-03-19 07:18,2715203249,1077149,3049411,2,region7_918076228
2023-03-19 07:18,2715203249,0,1077149,2,region7_918076228
2023-03-19 07:18,2717095120,0,1728512,2,region7_918076236
2023-03-19 07:18,2717892587,0,8388608,2,region7_918076227
2023-03-19 07:18,2717993908,0,8349640,3,region7_918076226
2023-03-19 07:18,2717095120,1728512,2142208,2,region7_918076236
2023-03-19 07:18,2717196075,0,233472,2,region7_918076233
2023-03-19 07:18,2716614538,0,8388608,2,region7_918076227
2023-03-19 07:18,2717196075,6565888,1822720,2,region7_918076233
2023-03-19 07:18,2717196075,4448256,2117632,2,region7_918076233
2023-03-19 07:18,2717196075,233472,2109440,2,region7_918076233
2023-03-19 07:18,2717196075,2342912,2105344,2,region7_918076233
2023-03-19 07:18,2717095120,3870720,2142208,2,region7_918076236
2023-03-19 07:18,2715047621,57937,6339,2,region7_918076233
2023-03-19 07:18,2717546097,0,6584194,2,region7_918076235
2023-03-19 07:18,2717642756,0,5376,2,region7_918076231
2023-03-19 07:18,2714987423,2539389,978744,2,region7_918076228
2023-03-19 07:18,2714987423,51864,846433,2,region7_918076228
2023-03-19 07:18,2717941033,0,1949696,2,region7_918076233
2023-03-19 07:18,2717941033,4059136,2121728,2,region7_918076233
2023-03-19 07:18,2717941033,6180864,2101248,2,region7_918076233
2023-03-19 07:18,2717941033,1949696,2109440,2,region7_918076233
2023-03-19 07:18,2717266821,0,2688,2,region7_918076231
2023-03-19 07:18,2717095120,6012928,2142208,2,region7_918076236
2023-03-19 07:18,2715248632,0,8388608,2,region7_918076227
2023-03-19 07:18,2717941033,8282112,106496,2,region7_918076233
2023-03-19 07:18,2716890828,0,1319,5,region7_918076242
2023-03-19 07:18,2715428121,0,1747257,2,region7_918076228
2023-03-19 07:18,2717129752,0,1024,2,region7_918076231
2023-03-19 07:18,2715247573,1013344,1926960,2,region7_918076228
2023-03-19 07:18,2717220796,0,7981,2,region7_918076231
2023-03-19 07:18,2717095120,8155136,233472,2,region7_918076236
2023-03-19 07:18,2715428121,1783329,2340379,2,region7_918076228
2023-03-19 07:18,2717516006,0,8481568,6,region7_918076242
2023-03-19 07:18,2715428121,1843282,2280426,2,region7_918076228
2023-03-19 07:18,2714976528,2135363,6253245,2,region7_918076228
2023-03-19 07:18,2717962709,4292608,2138112,2,region7_918076236
2023-03-19 07:18,2717962709,2150400,2142208,2,region7_918076236
2023-03-19 07:18,2717962709,32768,2117632,2,region7_918076236
2023-03-19 07:18,2717962709,0,32768,2,region7_918076236
2023-03-19 07:18,2718073829,0,8388608,2,region7_918076227
2023-03-19 07:18,2717537798,0,1409024,2,region7_918076233
2023-03-19 07:18,2717621916,0,1014787,5,region7_918076230
2023-03-19 07:18,2717773261,0,54926,3,region7_918076226
2023-03-19 07:18,2717962709,6430720,1957888,2,region7_918076236
2023-03-19 07:18,2717620415,3517320,1161139,2,region7_918076235
2023-03-19 07:18,2717620415,7075018,1313590,2,region7_918076235
2023-03-19 07:18,2715352521,378728,2551923,2,region7_918076228
2023-03-19 07:18,2717770144,0,11488746,6,region7_918076230
2023-03-19 07:18,2717816782,0,3339796,5,region7_918076242
2023-03-19 07:18,2715090669,0,1796862,2,region7_918076228
2023-03-19 07:18,2715090669,2875105,176693,2,region7_918076228
2023-03-19 07:18,2717210020,765952,2109440,2,region7_918076247
2023-03-19 07:18,2717210020,0,765952,2,region7_918076247
2023-03-19 07:18,2717455226,413203,1904646,2,region7_918076228
2023-03-19 07:18,2717603739,3343120,804365,2,region7_918076228
2023-03-19 07:18,2715352521,2930651,1198173,2,region7_918076228
2023-03-19 07:18,2715090669,3076188,1007218,2,region7_918076228
2023-03-19 07:18,2715090669,1796862,1078243,2,region7_918076228
2023-03-19 07:18,2717917322,0,261095,2,region7_918076231
2023-03-19 07:18,2717210020,2875392,2113536,2,region7_918076247
2023-03-19 07:18,2717210020,4988928,2113536,2,region7_918076247
2023-03-19 07:18,2717510006,0,3579882,2,region7_918076228
2023-03-19 07:18,2716634631,2392055,1681095,2,region7_918076228
2023-03-19 07:18,2716634631,0,559550,2,region7_918076228
2023-03-19 07:18,2717210020,7102464,1286144,2,region7_918076247
2023-03-19 07:18,2717112623,0,4038842,5,region7_918076230
2023-03-19 07:18,2717292403,0,8388608,2,region7_918076235
2023-03-19 07:18,2715070635,0,8388608,2,region7_918076232
2023-03-19 07:18,2717112623,0,8481568,6,region7_918076230
2023-03-19 07:18,2717290093,4685824,2101248,2,region7_918076233
2023-03-19 07:18,2717290093,2580480,2105344,2,region7_918076233
2023-03-19 07:18,2717290093,471040,2109440,2,region7_918076233
2023-03-19 07:18,2717290093,0,471040,2,region7_918076233
2023-03-19 07:18,2717868484,1046060,2005308,2,region7_918076245
2023-03-19 07:18,2718073912,0,7063160,4,region7_918076245
2023-03-19 07:19,2717290093,6787072,1601536,2,region7_918076233
2023-03-19 07:19,2717439442,66942,1564132,2,region7_918076237
2023-03-19 07:19,2717662767,0,6999651,5,region7_918076230
2023-03-19 07:19,2714741858,0,5480096,2,region7_918076231
2023-03-19 07:19,2717662767,0,3043327,6,region7_918076230
2023-03-19 07:19,2718093216,0,2292,2,region7_918076231
2023-03-19 07:19,2717496122,0,5246567,2,region7_918076231
2023-03-19 07:19,2715029851,0,12736,2,region7_918076231
2023-03-19 07:19,2717985646,0,8284029,2,region7_918076227
2023-03-19 07:19,2716161558,0,896,2,region7_918076231
2023-03-19 07:19,2717525169,482210,3671813,2,region7_918076228
2023-03-19 07:19,2717525169,0,482210,2,region7_918076228
2023-03-19 07:19,2716867137,742720,144448,2,region7_918076231
2023-03-19 07:19,2717537928,0,1629524,5,region7_918076242
2023-03-19 07:19,2715522048,0,1902794,2,region7_918076228
2023-03-19 07:19,2717542233,0,20085,2,region7_918076228
2023-03-19 07:19,2717630240,0,368640,2,region7_918076236
2023-03-19 07:19,2717460087,0,8388608,4,region7_918076238
2023-03-19 07:19,2715827188,0,8388608,2,region7_918076227
2023-03-19 07:19,2717630240,368640,2105344,2,region7_918076236
2023-03-19 07:19,2715165048,1890788,47808,2,region7_918076231
2023-03-19 07:19,2714751170,0,8388608,2,region7_918076235
2023-03-19 07:19,2717736325,0,8388608,4,region7_918076238
2023-03-19 07:19,2717630240,2473984,2105344,2,region7_918076236
2023-03-19 07:19,2717840037,0,8194384,2,region7_918076234
2023-03-19 07:19,2717630240,4579328,2101248,2,region7_918076236
2023-03-19 07:19,2717840037,0,8481568,2,region7_918076234
2023-03-19 07:19,2717443593,0,25165824,3,region7_918076237
2023-03-19 07:19,2717488961,0,7044578,5,region7_918076230
2023-03-19 07:19,2717488961,0,3062860,6,region7_918076230
2023-03-19 07:19,2715567866,0,8388608,2,region7_918076227
2023-03-19 07:19,2717630240,6680576,1708032,2,region7_918076236
2023-03-19 07:19,2716268069,0,8388608,2,region7_918076235
2023-03-19 07:19,2717448126,6720416,101824,2,region7_918076231
2023-03-19 07:19,2716758027,0,420425,2,region7_918076228
2023-03-19 07:19,2717620358,4702688,154944,2,region7_918076231
2023-03-19 07:19,2715845974,0,37050,2,region7_918076231
2023-03-19 07:19,2714976528,1337778,797585,2,region7_918076228
2023-03-19 07:19,2714955055,6528614,1859994,2,region7_918076229
2023-03-19 07:19,2714955055,0,6528614,2,region7_918076229
2023-03-19 07:19,2715106161,0,8388608,2,region7_918076227
2023-03-19 07:19,2717471376,5168512,65472,2,region7_918076231
2023-03-19 07:19,2716406308,0,974742,2,region7_918076228
2023-03-19 07:19,2717385018,0,4038842,2,region7_918076234
2023-03-19 07:19,2716122739,2845941,981445,2,region7_918076228
2023-03-19 07:19,2716406308,0,5771634,2,region7_918076228
2023-03-19 07:19,2717546205,262144,2113536,2,region7_918076236
2023-03-19 07:19,2717546205,0,262144,2,region7_918076236
2023-03-19 07:19,2717449164,0,4038842,5,region7_918076230
2023-03-19 07:19,2717475362,0,8766,5,region7_918076230
2023-03-19 07:19,2717546205,4481024,2146304,2,region7_918076236
2023-03-19 07:19,2717546205,6627328,1761280,2,region7_918076236
2023-03-19 07:19,2717546205,2375680,2105344,2,region7_918076236
2023-03-19 07:19,2717564643,5242880,1048576,5,region7_918076230
2023-03-19 07:19,2717564643,3145728,1048576,5,region7_918076230
2023-03-19 07:19,2717564643,2097152,1048576,5,region7_918076230
2023-03-19 07:19,2717564643,0,1048576,5,region7_918076230
2023-03-19 07:19,2717564643,7340032,1048576,5,region7_918076230
2023-03-19 07:19,2717564643,6291456,1048576,5,region7_918076230
2023-03-19 07:19,2717564643,4194304,1048576,5,region7_918076230
2023-03-19 07:19,2717564643,1048576,1048576,5,region7_918076230
2023-03-19 07:19,2717613897,3061336,1201203,2,region7_918076228
2023-03-19 07:19,2714961086,0,2448580,2,region7_918076228
2023-03-19 07:19,2717560371,1787132,48,2,region7_918076231
2023-03-19 07:19,2717600819,0,7111334,4,region7_918076245
2023-03-19 07:19,2717449164,0,8481568,6,region7_918076230
2023-03-19 07:19,2715322651,2103248,198160,2,region7_918076228
2023-03-19 07:19,2716114382,0,7680,2,region7_918076231
2023-03-19 07:19,2717858704,0,8388608,2,region7_918076227
2023-03-19 07:19,2714815360,0,444808,2,region7_918076229
2023-03-19 07:19,2714961086,2448580,8388608,2,region7_918076228
2023-03-19 07:19,2717505616,3362800,121984,2,region7_918076231
2023-03-19 07:19,2717609870,0,4038842,6,region7_918076230
2023-03-19 07:19,2715563880,0,414370,2,region7_918076229
2023-03-19 07:19,2717757219,0,8388608,2,region7_918076235
2023-03-19 07:19,2714961086,0,2448580,2,region7_918076228
2023-03-19 07:19,2717596983,0,4038842,5,region7_918076230
2023-03-19 07:19,2714794316,0,413528,2,region7_918076229
2023-03-19 07:19,2714961086,2448580,8388608,2,region7_918076228
2023-03-19 07:19,2714961086,10837188,3991246,2,region7_918076228
2023-03-19 07:19,2717602930,1048576,1048576,5,region7_918076230
2023-03-19 07:19,2717602930,3145728,893114,5,region7_918076230
2023-03-19 07:19,2717602930,2097152,1048576,5,region7_918076230
2023-03-19 07:19,2717602930,0,1048576,5,region7_918076230
2023-03-19 07:19,2717605529,0,6055,5,region7_918076242
2023-03-19 07:19,2716241952,2777772,1048576,2,region7_918076228
2023-03-19 07:19,2715238615,0,1085911,2,region7_918076228
2023-03-19 07:19,2716378219,0,8388608,2,region7_918076227
2023-03-19 07:19,2715389341,0,1084134,2,region7_918076228
2023-03-19 07:19,2715163101,0,354980,2,region7_918076229
2023-03-19 07:19,2714847726,0,352252,2,region7_918076229
2023-03-19 07:19,2717229371,0,3724472,4,region7_918076232
2023-03-19 07:19,2717109113,0,1986539,1,region7_918076226
2023-03-19 07:19,2717648920,7135368,112448,2,region7_918076231
2023-03-19 07:19,2717702117,3026944,2121728,2,region7_918076236
2023-03-19 07:19,2717702117,0,925696,2,region7_918076236
2023-03-19 07:19,2717702117,925696,2101248,2,region7_918076236
2023-03-19 07:19,2717948344,0,8388608,4,region7_918076232
2023-03-19 07:19,2717435400,3197056,90944,2,region7_918076231
2023-03-19 07:19,2717471377,0,176,2,region7_918076231
2023-03-19 07:19,2717702117,7258112,1130496,2,region7_918076236
2023-03-19 07:19,2717702117,5148672,2109440,2,region7_918076236
2023-03-19 07:19,2717811672,0,2622796,4,region7_918076237
2023-03-19 07:19,2717926838,0,9728,2,region7_918076231
2023-03-19 07:19,2715238615,1085911,7302697,2,region7_918076228
2023-03-19 07:19,2717591083,2097152,1048576,5,region7_918076230
2023-03-19 07:19,2717591083,1048576,1048576,5,region7_918076230
2023-03-19 07:19,2717591083,0,1048576,5,region7_918076230
2023-03-19 07:19,2717591083,3145728,893114,5,region7_918076230
2023-03-19 07:19,2717949759,0,623153,4,region7_918076237
2023-03-19 07:19,2717998138,0,3045778,6,region7_918076230
2023-03-19 07:19,2717711310,7019981,1048576,2,region7_918076235
2023-03-19 07:19,2717711310,5414769,2653788,2,region7_918076235
2023-03-19 07:19,2714794887,0,405840,2,region7_918076229
2023-03-19 07:19,2717594718,0,8388608,2,region7_918076227
2023-03-19 07:19,2717711310,4729373,491950,2,region7_918076235
2023-03-19 07:19,2717711310,0,2780628,2,region7_918076235
2023-03-19 07:19,2717359298,0,176,2,region7_918076231
2023-03-19 07:19,2717684916,0,176,2,region7_918076231
2023-03-19 07:19,2717787902,0,8388608,2,region7_918076232
2023-03-19 07:19,2715386474,0,71465,2,region7_918076228
2023-03-19 07:19,2715964650,0,841372,2,region7_918076228
2023-03-19 07:19,2717948304,0,2571062,2,region7_918076227
2023-03-19 07:19,2717948304,6342305,1963029,2,region7_918076227
2023-03-19 07:19,2717948304,3977723,470255,2,region7_918076227
2023-03-19 07:19,2717109113,1986539,3692169,1,region7_918076226
2023-03-19 07:19,2717710309,0,3841345,2,region7_918076232
2023-03-19 07:19,2717932851,0,6284796,2,region7_918076227
2023-03-19 07:19,2716185999,0,1838953,2,region7_918076228
2023-03-19 07:19,2716185999,1838953,2231080,2,region7_918076228
2023-03-19 07:19,2717534848,6291456,1048576,5,region7_918076230
2023-03-19 07:19,2717534848,1048576,1048576,5,region7_918076230
2023-03-19 07:19,2717534848,0,1048576,5,region7_918076230
2023-03-19 07:19,2717534848,5242880,1048576,5,region7_918076230
2023-03-19 07:19,2717534848,3145728,1048576,5,region7_918076230
2023-03-19 07:19,2717534848,2097152,1048576,5,region7_918076230
2023-03-19 07:19,2717534848,7340032,21829,5,region7_918076230
2023-03-19 07:19,2717534848,4194304,1048576,5,region7_918076230
2023-03-19 07:19,2717745581,0,3051245,6,region7_918076230
2023-03-19 07:19,2717633871,0,1791662,3,region7_918076228
2023-03-19 07:19,2715424588,0,7255609,2,region7_918076235
2023-03-19 07:19,2716127640,6101295,1048576,2,region7_918076228
2023-03-19 07:19,2714783359,0,1024,2,region7_918076231
2023-03-19 07:19,2715378638,5732477,1837068,2,region7_918076228
2023-03-19 07:19,2715400899,0,8388608,2,region7_918076227
2023-03-19 07:19,2714860444,148832,45504,2,region7_918076231
2023-03-19 07:19,2716066567,0,7655964,2,region7_918076232
2023-03-19 07:19,2717694992,0,2302244,2,region7_918076228
2023-03-19 07:19,2716013633,7595942,293411,1,region7_918076226
2023-03-19 07:19,2717909351,1436100,65582,2,region7_918076231
2023-03-19 07:19,2717991171,0,4038842,2,region7_918076231
2023-03-19 07:19,2715479904,0,27681,2,region7_918076231
2023-03-19 07:19,2715356548,0,1172302,2,region7_918076227
2023-03-19 07:19,2715809622,1029963,37020,2,region7_918076231
2023-03-19 07:19,2715809622,0,739403,2,region7_918076231
2023-03-19 07:19,2715809622,0,1029963,2,region7_918076231
2023-03-19 07:19,2717421323,0,8388608,2,region7_918076227
2023-03-19 07:19,2717109113,5678708,2558445,1,region7_918076226
2023-03-19 07:19,2714737935,0,3278989,2,region7_918076228
2023-03-19 07:19,2715879735,2842774,5049,2,region7_918076228
2023-03-19 07:19,2718069668,3145728,893114,5,region7_918076230
2023-03-19 07:19,2718069668,1048576,1048576,5,region7_918076230
2023-03-19 07:19,2718069668,2097152,1048576,5,region7_918076230
2023-03-19 07:19,2718069668,0,1048576,5,region7_918076230
2023-03-19 07:19,2717639451,0,7093626,4,region7_918076245
2023-03-19 07:19,2716249901,0,8388608,2,region7_918076227
2023-03-19 07:19,2717849602,29045,4134839,2,region7_918076228
2023-03-19 07:19,2717849602,0,29045,2,region7_918076228
2023-03-19 07:19,2716484324,1862663,1048576,2,region7_918076228
2023-03-19 07:19,2717638345,0,527065,2,region7_918076228
2023-03-19 07:19,2717638345,527065,3636636,2,region7_918076228
2023-03-19 07:19,2717716008,2237412,1846054,2,region7_918076228
2023-03-19 07:19,2717802083,148202,160312,2,region7_918076228
2023-03-19 07:19,2715829037,0,8388608,2,region7_918076235
2023-03-19 07:19,2715285828,0,8388608,2,region7_918076227
2023-03-19 07:19,2718093245,0,256,2,region7_918076231
2023-03-19 07:19,2717747554,3697440,327910,2,region7_918076231
2023-03-19 07:19,2714949652,4945792,119808,2,region7_918076231
2023-03-19 07:19,2716122739,2867116,960270,2,region7_918076228
2023-03-19 07:19,2717802083,537656,606886,2,region7_918076228
2023-03-19 07:19,2717802083,3742500,227207,2,region7_918076228
2023-03-19 07:19,2717802083,0,148202,2,region7_918076228
2023-03-19 07:19,2714931608,0,2304,2,region7_918076231
2023-03-19 07:19,2715386474,0,71465,2,region7_918076228
2023-03-19 07:19,2717611684,0,8373933,3,region7_918076226
2023-03-19 07:19,2717747554,4025350,13492,2,region7_918076231
2023-03-19 07:19,2716241952,2777772,1048576,2,region7_918076228
2023-03-19 07:19,2717988935,0,5704018,2,region7_918076259
2023-03-19 07:19,2717675269,851872,7629696,2,region7_918076234
2023-03-19 07:19,2716127640,6101295,1048576,2,region7_918076228
2023-03-19 07:19,2717837840,0,5758083,2,region7_918076259
2023-03-19 07:19,2715700789,0,3817447,2,region7_918076228
2023-03-19 07:19,2717988935,5704018,811944,2,region7_918076259
2023-03-19 07:19,2716541493,148755,8239853,2,region7_918076228
2023-03-19 07:19,2716541493,0,148755,2,region7_918076228
2023-03-19 07:19,2717454094,4194304,1048576,5,region7_918076230
2023-03-19 07:19,2717454094,2097152,1048576,5,region7_918076230
2023-03-19 07:19,2717454094,0,1048576,5,region7_918076230
2023-03-19 07:19,2717454094,7340032,1048576,5,region7_918076230
2023-03-19 07:19,2717454094,3145728,1048576,5,region7_918076230
2023-03-19 07:19,2717454094,1048576,1048576,5,region7_918076230
2023-03-19 07:19,2717454094,6291456,1048576,5,region7_918076230
2023-03-19 07:19,2717454094,5242880,1048576,5,region7_918076230
2023-03-19 07:19,2717837840,5758083,755531,2,region7_918076259
2023-03-19 07:19,2717973162,0,8376997,3,region7_918076226
2023-03-19 07:19,2715900867,0,8388608,2,region7_918076232
2023-03-19 07:19,2716127640,6101295,1048576,2,region7_918076228
2023-03-19 07:19,2717881736,0,736,3,region7_918076226
2023-03-19 07:19,2717736151,3555620,48,2,region7_918076231
2023-03-19 07:19,2715445685,0,176,2,region7_918076231
2023-03-19 07:19,2717809397,2097152,1048576,5,region7_918076230
2023-03-19 07:19,2717809397,1048576,1048576,5,region7_918076230
2023-03-19 07:19,2717809397,0,1048576,5,region7_918076230
2023-03-19 07:19,2717809397,3145728,893114,5,region7_918076230
2023-03-19 07:19,2717603530,2550560,308608,2,region7_918076231
2023-03-19 07:19,2717794966,0,7002064,4,region7_918076245
2023-03-19 07:19,2717829977,0,4456399,2,region7_918076237
2023-03-19 07:19,2714732539,0,3584,2,region7_918076231
2023-03-19 07:19,2717829977,4456399,3932209,2,region7_918076237
2023-03-19 07:19,2717860653,0,37289,5,region7_918076230
2023-03-19 07:19,2717920171,0,3059889,6,region7_918076230
2023-03-19 07:19,2714949652,4945792,119808,2,region7_918076231
2023-03-19 07:19,2714761785,5202432,192384,2,region7_918076231
2023-03-19 07:19,2714815977,0,244554,2,region7_918076228
2023-03-19 07:19,2717424484,0,8388608,2,region7_918076227
2023-03-19 07:19,2717811448,0,8388608,2,region7_918076237
2023-03-19 07:19,2717811436,0,4784,4,region7_918076249
2023-03-19 07:19,2717850807,0,8481568,2,region7_918076231
2023-03-19 07:19,2715519519,5403424,660928,2,region7_918076231
2023-03-19 07:19,2717533107,0,8379682,3,region7_918076226
2023-03-19 07:19,2715529527,0,45716,2,region7_918076231
2023-03-19 07:19,2715398228,3101798,5286810,2,region7_918076244
2023-03-19 07:19,2715398228,0,3101798,2,region7_918076244
2023-03-19 07:19,2716194335,0,8388608,2,region7_918076227
2023-03-19 07:19,2715881651,5754048,154176,2,region7_918076231
2023-03-19 07:19,2714931608,0,2304,2,region7_918076231
2023-03-19 07:19,2715866048,0,513490,2,region7_918076232
2023-03-19 07:19,2714955055,6528614,1859994,2,region7_918076229
2023-03-19 07:19,2714955055,0,6528614,2,region7_918076229
2023-03-19 07:19,2714820318,0,419984,2,region7_918076229
2023-03-19 07:19,2714857796,473575,1400367,2,region7_918076228
2023-03-19 07:19,2718025905,0,4038842,5,region7_918076230
2023-03-19 07:19,2717936117,0,12137014,3,region7_918076237
2023-03-19 07:19,2717874705,0,815478,4,region7_918076232
2023-03-19 07:19,2717957552,0,36992,2,region7_918076231
2023-03-19 07:19,2717811436,0,4784,2,region7_918076249
2023-03-19 07:19,2718052092,0,7000741,4,region7_918076245
2023-03-19 07:19,2717626473,2280608,4057371,2,region7_918076244
2023-03-19 07:19,2717673333,1582688,7296,2,region7_918076231
2023-03-19 07:19,2714832857,143337,1820878,2,region7_918076228
2023-03-19 07:19,2714832857,0,143337,2,region7_918076228
2023-03-19 07:19,2717988685,3716032,74112,2,region7_918076231
2023-03-19 07:20,2717626473,0,2280608,2,region7_918076244
2023-03-19 07:20,2714830612,1956672,37248,2,region7_918076231
2023-03-19 07:20,2717957552,0,36992,2,region7_918076231
2023-03-19 07:20,2715295182,0,4096,2,region7_918076231
2023-03-19 07:20,2717448154,0,1076173,2,region7_918076235
2023-03-19 07:20,2714786350,572318,625798,2,region7_918076228
2023-03-19 07:20,2717633871,0,1791662,1,region7_918076228
2023-03-19 07:20,2717633871,1790638,1024,1,region7_918076228
2023-03-19 07:20,2715563880,0,414370,2,region7_918076229
2023-03-19 07:20,2714794316,0,413528,2,region7_918076229
2023-03-19 07:20,2717957552,0,36992,2,region7_918076231
2023-03-19 07:20,2714815977,2045054,1766836,2,region7_918076228
2023-03-19 07:20,2714815977,28211,216343,2,region7_918076228
2023-03-19 07:20,2717911559,8317056,71552,2,region7_918076228
2023-03-19 07:20,2718089584,0,7967718,2,region7_918076237
2023-03-19 07:20,2716127640,6101295,1048576,2,region7_918076228
2023-03-19 07:20,2717943893,0,8295696,2,region7_918076227
2023-03-19 07:20,2717513171,0,256,2,region7_918076231
2023-03-19 07:20,2717785074,0,128,2,region7_918076231
2023-03-19 07:20,2717957552,0,36992,2,region7_918076231
2023-03-19 07:20,2715624149,370012,2600694,2,region7_918076228
2023-03-19 07:20,2715624149,0,370012,2,region7_918076228
2023-03-19 07:20,2717911559,1523395,6793661,2,region7_918076228
2023-03-19 07:20,2717911559,0,1523395,2,region7_918076228
2023-03-19 07:20,2715386474,0,71465,2,region7_918076228
2023-03-19 07:20,2717780060,1419584,48,2,region7_918076231
2023-03-19 07:20,2714835262,0,421384,2,region7_918076228
2023-03-19 07:20,2714847726,0,352252,2,region7_918076229
2023-03-19 07:20,2715700789,0,3817447,2,region7_918076228
2023-03-19 07:20,2717745057,0,8388608,2,region7_918076237
2023-03-19 07:20,2717862834,0,8388608,4,region7_918076232
2023-03-19 07:20,2714934820,0,4752617,2,region7_918076232
2023-03-19 07:20,2715139173,645894,1048576,2,region7_918076228
2023-03-19 07:20,2717910848,0,22574930,3,region7_918076237
2023-03-19 07:20,2714789316,0,420543,2,region7_918076229
2023-03-19 07:20,2715970525,0,4211501,2,region7_918076228
2023-03-19 07:20,2717656832,0,8481568,5,region7_918076230
2023-03-19 07:20,2717875515,0,1121584,2,region7_918076231
2023-03-19 07:20,2717875515,11517680,1178768,2,region7_918076231
2023-03-19 07:20,2717875515,1089392,10485760,2,region7_918076231
2023-03-19 07:20,2717802083,2149272,134359,2,region7_918076228
2023-03-19 07:20,2718072504,0,8388608,4,region7_918076232
2023-03-19 07:20,2717800889,7357024,51136,2,region7_918076231
2023-03-19 07:20,2715047621,57937,6339,2,region7_918076233
2023-03-19 07:20,2717841728,4971140,1198,2,region7_918076244
2023-03-19 07:20,2714794887,0,405840,2,region7_918076229
2023-03-19 07:20,2717656832,0,4038842,6,region7_918076230
2023-03-19 07:20,2716241952,2777772,1048576,2,region7_918076228
2023-03-19 07:20,2716241952,0,3756163,2,region7_918076228
2023-03-19 07:20,2717841728,4973132,103290,2,region7_918076244
2023-03-19 07:20,2717841728,7491868,896740,2,region7_918076244
2023-03-19 07:20,2717766508,0,176,2,region7_918076231
2023-03-19 07:20,2714857796,3165767,647326,2,region7_918076228
2023-03-19 07:20,2714857796,65338,1808604,2,region7_918076228
2023-03-19 07:20,2715923205,3138958,1048576,2,region7_918076228
2023-03-19 07:20,2717786960,0,640,2,region7_918076231
2023-03-19 07:20,2716561404,0,896,2,region7_918076231
2023-03-19 07:20,2715923205,0,4121153,2,region7_918076228
2023-03-19 07:20,2718011726,0,8381549,3,region7_918076228
2023-03-19 07:20,2717282336,0,1319021,2,region7_918076227
2023-03-19 07:20,2717786960,0,640,2,region7_918076231
2023-03-19 07:20,2715090669,2875105,176693,2,region7_918076228
2023-03-19 07:20,2715090669,0,1796862,2,region7_918076228
2023-03-19 07:20,2715090669,3105290,1048576,2,region7_918076228
2023-03-19 07:20,2717086252,1464979,1831678,2,region7_918076228
2023-03-19 07:20,2717597825,2097152,1048576,5,region7_918076230
2023-03-19 07:20,2717597825,1048576,1048576,5,region7_918076230
2023-03-19 07:20,2717597825,0,1048576,5,region7_918076230
2023-03-19 07:20,2717597825,3145728,893114,5,region7_918076230
2023-03-19 07:20,2717939847,0,3055086,6,region7_918076230
2023-03-19 07:20,2716920211,600439,3567345,2,region7_918076228
2023-03-19 07:20,2717991849,0,8378071,3,region7_918076226
2023-03-19 07:20,2718007088,0,176,2,region7_918076231
2023-03-19 07:20,2715090669,3067518,1015888,2,region7_918076228
2023-03-19 07:20,2715090669,1796862,1078243,2,region7_918076228
2023-03-19 07:20,2717830999,0,817271,5,region7_918076230
2023-03-19 07:20,2716222051,0,138074,2,region7_918076231
2023-03-19 07:20,2714931608,0,2304,2,region7_918076231
2023-03-19 07:20,2716920211,4167784,481974,2,region7_918076228
2023-03-19 07:20,2718023412,0,8388608,2,region7_918076235
2023-03-19 07:20,2715706093,438470,2451306,2,region7_918076228
2023-03-19 07:20,2717588638,0,13415604,4,region7_918076244
2023-03-19 07:20,2714732455,0,474977,2,region7_918076229
2023-03-19 07:20,2717723731,0,4038842,5,region7_918076230
2023-03-19 07:20,2716122739,0,2824748,2,region7_918076228
2023-03-19 07:20,2717786960,0,640,2,region7_918076231
2023-03-19 07:20,2717064009,0,6269114,2,region7_918076227
2023-03-19 07:20,2715706093,2889776,1229739,2,region7_918076228
2023-03-19 07:20,2716122739,2847470,979916,2,region7_918076228
2023-03-19 07:20,2716222051,0,138074,2,region7_918076231
2023-03-19 07:20,2717723731,0,8481568,6,region7_918076230
2023-03-19 07:20,2714955055,6528614,1048576,2,region7_918076229
2023-03-19 07:20,2714955055,3382886,1048576,2,region7_918076229
2023-03-19 07:20,2714955055,237158,1048576,2,region7_918076229
2023-03-19 07:20,2714955055,0,237158,2,region7_918076229
2023-03-19 07:20,2714955055,7577190,811418,2,region7_918076229
2023-03-19 07:20,2714955055,5480038,1048576,2,region7_918076229
2023-03-19 07:20,2714955055,4431462,1048576,2,region7_918076229
2023-03-19 07:20,2714955055,2334310,1048576,2,region7_918076229
2023-03-19 07:20,2714955055,1285734,1048576,2,region7_918076229
2023-03-19 07:20,2717425345,0,79021,2,region7_918076231
2023-03-19 07:20,2717483914,0,19569,2,region7_918076236
2023-03-19 07:20,2717892505,0,5992694,2,region7_918076235
2023-03-19 07:20,2716071025,0,12736,2,region7_918076231
2023-03-19 07:20,2717786960,0,640,2,region7_918076231
2023-03-19 07:20,2717911559,1523395,6793661,2,region7_918076228
2023-03-19 07:20,2718054811,0,24875399,3,region7_918076237
2023-03-19 07:20,2714820318,0,419984,2,region7_918076229
2023-03-19 07:20,2715126986,0,319258,2,region7_918076231
2023-03-19 07:20,2718026666,7340032,1048121,5,region7_918076230
2023-03-19 07:20,2718026666,3145728,1048576,5,region7_918076230
2023-03-19 07:20,2718026666,2097152,1048576,5,region7_918076230
2023-03-19 07:20,2718026666,1048576,1048576,5,region7_918076230
2023-03-19 07:20,2718026666,6291456,1048576,5,region7_918076230
2023-03-19 07:20,2718026666,5242880,1048576,5,region7_918076230
2023-03-19 07:20,2718026666,4194304,1048576,5,region7_918076230
2023-03-19 07:20,2718026666,0,1048576,5,region7_918076230
2023-03-19 07:20,2715027021,2467219,1637911,2,region7_918076228
2023-03-19 07:20,2718175456,3069046,48,2,region7_918076231
2023-03-19 07:20,2717436548,5133257,931859,2,region7_918076228
2023-03-19 07:20,2715323382,8344952,43656,2,region7_918076228
2023-03-19 07:20,2715323382,5114741,87173,2,region7_918076228
2023-03-19 07:20,2715323382,3827875,227515,2,region7_918076228
2023-03-19 07:20,2715323382,1173802,29274,2,region7_918076228
2023-03-19 07:20,2717903069,4567007,7296,2,region7_918076231
2023-03-19 07:20,2718131557,0,1048576,5,region7_918076230
2023-03-19 07:20,2716037458,0,8388608,2,region7_918076227
2023-03-19 07:20,2718032523,0,3932967,2,region7_918076235
2023-03-19 07:20,2718032523,4204649,1317304,2,region7_918076235
2023-03-19 07:20,2718032523,4473377,1048576,2,region7_918076235
2023-03-19 07:20,2718131557,2097152,1048576,5,region7_918076230
2023-03-19 07:20,2718131557,3145728,893114,5,region7_918076230
2023-03-19 07:20,2718131557,1048576,1048576,5,region7_918076230
2023-03-19 07:20,2718240009,0,8375694,3,region7_918076226
2023-03-19 07:20,2717746106,0,7585842,2,region7_918076237
2023-03-19 07:20,2717746106,7585842,802766,2,region7_918076237
2023-03-19 07:20,2717381298,0,1273027,2,region7_918076227
2023-03-19 07:20,2716914618,0,128,2,region7_918076231
2023-03-19 07:20,2718092538,0,768,2,region7_918076231
2023-03-19 07:20,2718183717,1044480,2142208,2,region7_918076236
2023-03-19 07:20,2718183717,0,1044480,2,region7_918076236
2023-03-19 07:20,2717425463,3456320,98368,2,region7_918076231
2023-03-19 07:20,2717911559,8317056,71552,2,region7_918076228
2023-03-19 07:20,2718092538,0,768,2,region7_918076231
2023-03-19 07:20,2715024707,1538245,1884593,2,region7_918076228
2023-03-19 07:20,2718183717,3186688,2138112,2,region7_918076236
2023-03-19 07:20,2718183717,7442432,946176,2,region7_918076236
2023-03-19 07:20,2718183717,5324800,2117632,2,region7_918076236
2023-03-19 07:20,2717493523,0,8340605,3,region7_918076226
2023-03-19 07:20,2717341870,0,12788,2,region7_918076231
2023-03-19 07:20,2717903170,0,7652943,3,region7_918076226
2023-03-19 07:20,2717921932,2129400,2074317,2,region7_918076235
2023-03-19 07:20,2717911559,0,1523395,2,region7_918076228
2023-03-19 07:20,2717433480,0,7025316,4,region7_918076245
2023-03-19 07:20,2717659945,0,1045214,2,region7_918076247
2023-03-19 07:20,2715986922,3063027,1048576,2,region7_918076228
2023-03-19 07:20,2717906915,0,8388608,4,region7_918076232
2023-03-19 07:20,2714905433,0,23520,2,region7_918076231
2023-03-19 07:20,2715557186,0,432376,2,region7_918076232
2023-03-19 07:20,2717659945,1045214,2109440,2,region7_918076247
2023-03-19 07:20,2715986922,0,4050284,2,region7_918076228
2023-03-19 07:20,2716140605,0,128,2,region7_918076231
2023-03-19 07:20,2717954540,0,8388608,2,region7_918076227
2023-03-19 07:20,2717911559,8317056,71552,2,region7_918076228
2023-03-19 07:20,2716105171,0,7324152,2,region7_918076232
2023-03-19 07:20,2717659945,3154654,1526269,2,region7_918076247
2023-03-19 07:20,2718059835,3475974,48,2,region7_918076231
2023-03-19 07:20,2717835908,0,7123570,5,region7_918076230
2023-03-19 07:20,2717800706,3145728,275528,5,region7_918076230
2023-03-19 07:20,2717800706,1048576,1048576,5,region7_918076230
2023-03-19 07:20,2717800706,2097152,1048576,5,region7_918076230
2023-03-19 07:20,2717800706,0,1048576,5,region7_918076230
2023-03-19 07:20,2717835908,0,3097205,6,region7_918076230
2023-03-19 07:20,2717911559,0,1523395,2,region7_918076228
2023-03-19 07:20,2714794316,0,413527,2,region7_918076229
2023-03-19 07:20,2714815360,0,444808,2,region7_918076229
2023-03-19 07:20,2717771984,0,3092,2,region7_918076231
2023-03-19 07:20,2715455194,0,1254481,2,region7_918076232
2023-03-19 07:20,2714835262,0,421384,2,region7_918076228
2023-03-19 07:20,2717968259,0,8388608,2,region7_918076235
2023-03-19 07:20,2714906199,0,1958,1,region7_918076228
2023-03-19 07:20,2714955055,6528614,1859994,2,region7_918076229
2023-03-19 07:20,2714955055,0,6528614,2,region7_918076229
2023-03-19 07:20,2715203249,1077149,3049411,2,region7_918076228
2023-03-19 07:20,2715203249,0,1077149,2,region7_918076228
2023-03-19 07:20,2715271856,0,256,2,region7_918076231
2023-03-19 07:20,2717644643,1731296,34688,2,region7_918076231
2023-03-19 07:20,2714906199,1958,8385669,1,region7_918076228
2023-03-19 07:20,2716158784,0,2509,2,region7_918076231
2023-03-19 07:20,2714814549,651993,863083,2,region7_918076228
2023-03-19 07:20,2716960212,0,8388608,2,region7_918076227
2023-03-19 07:20,2718347209,0,16785178,3,region7_918076226
2023-03-19 07:20,2718098665,0,417757,2,region7_918076228
2023-03-19 07:20,2718307475,0,63489,2,region7_918076236
2023-03-19 07:20,2718361688,0,7935815,4,region7_918076246
2023-03-19 07:20,2717560647,0,443449,2,region7_918076244
2023-03-19 07:20,2717910880,4296904,4091704,2,region7_918076228
2023-03-19 07:20,2715721166,5658157,16384,2,region7_918076244
2023-03-19 07:20,2715721166,5639466,18691,2,region7_918076244
2023-03-19 07:20,2715721166,700219,1175819,2,region7_918076244
2023-03-19 07:20,2715721166,4604897,34858,2,region7_918076244
2023-03-19 07:20,2714794316,0,413528,2,region7_918076229
2023-03-19 07:20,2716458593,0,13044,2,region7_918076231
2023-03-19 07:20,2715455194,0,1254481,2,region7_918076232
2023-03-19 07:20,2714875093,0,128,2,region7_918076231
2023-03-19 07:20,2717825202,0,143586,2,region7_918076228
2023-03-19 07:20,2717910880,0,4296904,2,region7_918076228
2023-03-19 07:20,2715828913,0,6375,2,region7_918076231
2023-03-19 07:20,2714794316,0,413528,2,region7_918076229
2023-03-19 07:20,2714815360,0,444808,2,region7_918076229
2023-03-19 07:20,2714815360,0,444808,2,region7_918076229
2023-03-19 07:20,2715563880,0,414370,2,region7_918076229
2023-03-19 07:20,2717910880,4296904,4091704,2,region7_918076228
2023-03-19 07:20,2716508213,849250,2747428,2,region7_918076244
2023-03-19 07:20,2717461073,7752187,636421,2,region7_918076228
2023-03-19 07:20,2717461073,0,7752187,2,region7_918076228
2023-03-19 07:20,2716140605,0,128,2,region7_918076231
2023-03-19 07:20,2717630996,0,8481568,5,region7_918076230
2023-03-19 07:20,2714857796,3378895,224560,2,region7_918076228
2023-03-19 07:20,2714857796,179121,448218,2,region7_918076228
2023-03-19 07:20,2718228650,0,16000,2,region7_918076231
2023-03-19 07:20,2718237196,4421858,3966750,2,region7_918076235
2023-03-19 07:20,2718237196,0,624075,2,region7_918076235
2023-03-19 07:20,2718237196,0,8388608,2,region7_918076235
2023-03-19 07:20,2718311684,0,7675648,3,region7_918076226
2023-03-19 07:20,2718405133,0,7703906,4,region7_918076232
2023-03-19 07:20,2717483914,0,19569,2,region7_918076236
2023-03-19 07:20,2717630996,0,4038842,6,region7_918076230
2023-03-19 07:20,2717802481,0,4459617,2,region7_918076232
2023-03-19 07:20,2715091883,746058,98168,2,region7_918076228
2023-03-19 07:20,2718228650,0,16000,2,region7_918076231
2023-03-19 07:20,2717505939,10574864,549156,2,region7_918076231
2023-03-19 07:20,2717505939,8476240,1049312,2,region7_918076231
2023-03-19 07:20,2717505939,9525552,1049312,2,region7_918076231
2023-03-19 07:20,2717519454,0,24660003,3,region7_918076237
2023-03-19 07:20,2715163101,0,354980,2,region7_918076229
2023-03-19 07:20,2717767798,0,18298,3,region7_918076228
2023-03-19 07:20,2717074530,0,30368,2,region7_918076231
2023-03-19 07:20,2715163101,0,354980,2,region7_918076229
2023-03-19 07:20,2717686517,0,2053006,5,region7_918076230
2023-03-19 07:20,2716185999,1838953,2231080,2,region7_918076228
2023-03-19 07:20,2716185999,0,1838953,2,region7_918076228
2023-03-19 07:20,2714789316,0,420543,2,region7_918076229
2023-03-19 07:20,2718220617,0,8355707,3,region7_918076226
2023-03-19 07:20,2717122540,0,2657742,2,region7_918076237
2023-03-19 07:20,2717526494,0,1003520,2,region7_918076247
2023-03-19 07:20,2717621738,1413152,59776,2,region7_918076231
2023-03-19 07:20,2717971743,3145728,893114,5,region7_918076230
2023-03-19 07:20,2717971743,2097152,1048576,5,region7_918076230
2023-03-19 07:20,2717971743,1048576,1048576,5,region7_918076230
2023-03-19 07:20,2717971743,0,1048576,5,region7_918076230
2023-03-19 07:20,2714955055,0,6528614,2,region7_918076229
2023-03-19 07:20,2717084841,0,8388608,2,region7_918076237
2023-03-19 07:20,2717745225,4044448,281792,2,region7_918076231
2023-03-19 07:20,2714807486,0,72711,2,region7_918076231
2023-03-19 07:20,2714955055,6528614,1859994,2,region7_918076229
2023-03-19 07:20,2718155579,0,7024699,4,region7_918076245
2023-03-19 07:20,2717496309,0,8388608,4,region7_918076232
2023-03-19 07:20,2717526494,1003520,2142208,2,region7_918076247
2023-03-19 07:20,2714980600,3968,256,2,region7_918076231
2023-03-19 07:20,2714794887,0,405840,2,region7_918076229
2023-03-19 07:20,2717526494,3145728,2113536,2,region7_918076247
2023-03-19 07:20,2717929606,3986241,4402367,2,region7_918076235
2023-03-19 07:20,2715090669,4137482,16384,2,region7_918076244
2023-03-19 07:20,2718242985,0,121,5,region7_918076230
2023-03-19 07:20,2716169278,0,17536,2,region7_918076231
2023-03-19 07:20,2718406890,0,3043357,6,region7_918076230
2023-03-19 07:20,2717526494,5259264,2125824,2,region7_918076247
2023-03-19 07:20,2717708261,0,2080768,2,region7_918076247
2023-03-19 07:20,2715090669,2875105,176693,2,region7_918076244
2023-03-19 07:20,2715090669,3051798,3471,2,region7_918076244
2023-03-19 07:20,2715090669,1796862,1078243,2,region7_918076244
2023-03-19 07:20,2715090669,0,1796862,2,region7_918076244
2023-03-19 07:20,2718441770,0,8092273,3,region7_918076226
2023-03-19 07:20,2714875093,0,128,2,region7_918076231
2023-03-19 07:20,2718090221,0,1322061,2,region7_918076244
2023-03-19 07:20,2715090669,3055359,1028047,2,region7_918076244
2023-03-19 07:20,2715090669,4083406,3106,2,region7_918076244
2023-03-19 07:20,2718339729,512,256,2,region7_918076231
2023-03-19 07:20,2717526494,7385088,1003520,2,region7_918076247
2023-03-19 07:20,2718409837,0,202916,2,region7_918076231
2023-03-19 07:20,2717656813,6037248,48,2,region7_918076231
2023-03-19 07:20,2717708261,2080768,2146304,2,region7_918076247
2023-03-19 07:20,2718001328,0,2299,5,region7_918076230
2023-03-19 07:20,2718409837,202916,953750,2,region7_918076231
2023-03-19 07:20,2717122540,2657742,5730866,2,region7_918076237
2023-03-19 07:20,2718242912,0,9039956,6,region7_918076242
2023-03-19 07:20,2715024707,1538245,1884593,2,region7_918076228
2023-03-19 07:20,2718434001,0,8269541,2,region7_918076227
2023-03-19 07:20,2717684342,0,3058635,6,region7_918076230
2023-03-19 07:20,2717708261,4227072,2121728,2,region7_918076247
2023-03-19 07:20,2714955055,7577190,811418,2,region7_918076229
2023-03-19 07:20,2714955055,5480038,1048576,2,region7_918076229
2023-03-19 07:20,2714955055,6528614,1048576,2,region7_918076229
2023-03-19 07:20,2714955055,237158,1048576,2,region7_918076229
2023-03-19 07:20,2714955055,0,237158,2,region7_918076229
2023-03-19 07:20,2718434075,0,22464,2,region7_918076231
2023-03-19 07:20,2715542180,0,4711704,2,region7_918076228
2023-03-19 07:20,2715173185,2253625,489753,2,region7_918076228
2023-03-19 07:20,2718537663,0,1933,2,region7_918076231
2023-03-19 07:21,2718179258,0,35079,2,region7_918076231
2023-03-19 07:21,2714993853,2606140,2266,2,region7_918076247
2023-03-19 07:21,2714993853,2593852,14554,2,region7_918076247
2023-03-19 07:21,2718476138,0,8379766,3,region7_918076226
2023-03-19 07:21,2717595764,0,176,2,region7_918076231
2023-03-19 07:21,2717708261,6348800,2039808,2,region7_918076247
2023-03-19 07:21,2715154782,0,8388608,2,region7_918076237
2023-03-19 07:21,2716307205,0,8388608,2,region7_918076227
2023-03-19 07:21,2717910880,4296904,4091704,2,region7_918076228
2023-03-19 07:21,2714857796,1469853,404089,2,region7_918076228
2023-03-19 07:21,2714857796,65338,124456,2,region7_918076228
2023-03-19 07:21,2718035131,3215728,2135677,2,region7_918076235
2023-03-19 07:21,2718318540,0,384,2,region7_918076231
2023-03-19 07:21,2715139173,645894,1048576,2,region7_918076228
2023-03-19 07:21,2716332294,0,8388608,2,region7_918076227
2023-03-19 07:21,2714857796,27457,3785636,2,region7_918076228
2023-03-19 07:21,2718287374,0,7027027,3,region7_918076226
2023-03-19 07:21,2714831273,0,8388608,2,region7_918076227
2023-03-19 07:21,2716508213,849250,2747428,2,region7_918076244
2023-03-19 07:21,2714976528,1337778,797585,2,region7_918076228
2023-03-19 07:21,2714976528,2135363,6253245,2,region7_918076228
2023-03-19 07:21,2717751958,8192,24794,2,region7_918076231
2023-03-19 07:21,2717751958,0,176,2,region7_918076231
2023-03-19 07:21,2718048109,0,500131,4,region7_918076237
2023-03-19 07:21,2714683331,0,4939,2,region7_918076231
2023-03-19 07:21,2715405792,0,8388608,2,region7_918076227
2023-03-19 07:21,2715643771,0,8388608,2,region7_918076227
2023-03-19 07:21,2714815977,0,2353405,2,region7_918076228
2023-03-19 07:21,2714815977,0,244554,2,region7_918076228
2023-03-19 07:21,2718058315,1048576,1048576,5,region7_918076230
2023-03-19 07:21,2718058315,3145728,893114,5,region7_918076230
2023-03-19 07:21,2718058315,2097152,1048576,5,region7_918076230
2023-03-19 07:21,2718058315,0,1048576,5,region7_918076230
2023-03-19 07:21,2718199809,0,7037245,5,region7_918076230
2023-03-19 07:21,2714860444,7110112,40896,2,region7_918076231
2023-03-19 07:21,2718307475,0,63489,2,region7_918076236
2023-03-19 07:21,2718199809,0,3059672,6,region7_918076230
2023-03-19 07:21,2715369637,0,3322,2,region7_918076231
2023-03-19 07:21,2717589445,1992742,672137,2,region7_918076228
2023-03-19 07:21,2717517969,0,75591,2,region7_918076228
2023-03-19 07:21,2715848066,0,8388608,2,region7_918076227
2023-03-19 07:21,2718124073,0,2269709,2,region7_918076237
2023-03-19 07:21,2715047621,57937,6339,2,region7_918076233
2023-03-19 07:21,2718124073,2269709,6118899,2,region7_918076237
2023-03-19 07:21,2714959174,0,8388608,2,region7_918076235
2023-03-19 07:21,2716760842,0,3295494,2,region7_918076237
2023-03-19 07:21,2717813312,477416,99409,2,region7_918076228
2023-03-19 07:21,2718068778,128,768,2,region7_918076231
2023-03-19 07:21,2718397599,0,12455,2,region7_918076231
2023-03-19 07:21,2718407068,0,6298,2,region7_918076231
2023-03-19 07:21,2718428120,0,519662,4,region7_918076237
2023-03-19 07:21,2715882395,0,79012,2,region7_918076228
2023-03-19 07:21,2715165048,377252,50816,2,region7_918076231
2023-03-19 07:21,2714794316,0,413527,2,region7_918076229
2023-03-19 07:21,2718443596,0,8300715,3,region7_918076226
2023-03-19 07:21,2715563880,0,414370,2,region7_918076229
2023-03-19 07:21,2717922797,3145728,893114,5,region7_918076230
2023-03-19 07:21,2717922797,1048576,1048576,5,region7_918076230
2023-03-19 07:21,2717922797,0,1048576,5,region7_918076230
2023-03-19 07:21,2717922797,2097152,1048576,5,region7_918076230
2023-03-19 07:21,2718059301,0,340551,2,region7_918076231
2023-03-19 07:21,2714835262,0,421384,2,region7_918076228
2023-03-19 07:21,2718010511,0,3997994,2,region7_918076237
2023-03-19 07:21,2715455194,0,1254481,2,region7_918076232
2023-03-19 07:21,2715882395,1825811,2012499,2,region7_918076228
2023-03-19 07:21,2715882395,0,79012,2,region7_918076228
2023-03-19 07:21,2718660160,0,7018674,3,region7_918076226
2023-03-19 07:21,2718062109,0,3059950,6,region7_918076230
2023-03-19 07:21,2716760842,5055318,2422095,2,region7_918076237
2023-03-19 07:21,2716760842,3489222,98086,2,region7_918076237
2023-03-19 07:21,2714898407,1905538,925813,2,region7_918076228
2023-03-19 07:21,2714898407,3893009,253844,2,region7_918076228
2023-03-19 07:21,2714898407,7630989,757619,2,region7_918076228
2023-03-19 07:21,2717867253,0,25972,2,region7_918076231
2023-03-19 07:21,2718189538,3791840,48,2,region7_918076231
2023-03-19 07:21,2715161056,0,11244,2,region7_918076231
2023-03-19 07:21,2718014420,0,384,2,region7_918076231
2023-03-19 07:21,2716086252,0,14336,2,region7_918076231
2023-03-19 07:21,2718357760,8281813,106795,2,region7_918076228
2023-03-19 07:21,2718421300,3525596,95488,2,region7_918076231
2023-03-19 07:21,2718506956,4420560,65582,2,region7_918076231
2023-03-19 07:21,2717910880,0,4296904,2,region7_918076228
2023-03-19 07:21,2718087135,0,256,2,region7_918076231
2023-03-19 07:21,2718118357,0,970752,2,region7_918076236
2023-03-19 07:21,2717086252,0,1723022,2,region7_918076228
2023-03-19 07:21,2716508213,849250,2747428,2,region7_918076244
2023-03-19 07:21,2717911559,1523395,6793661,2,region7_918076228
2023-03-19 07:21,2718118357,970752,2109440,2,region7_918076236
2023-03-19 07:21,2718118357,5189632,2101248,2,region7_918076236
2023-03-19 07:21,2718118357,3080192,2109440,2,region7_918076236
2023-03-19 07:21,2718012486,0,8388608,2,region7_918076237
2023-03-19 07:21,2718118357,7290880,1097728,2,region7_918076236
2023-03-19 07:21,2718552962,3148857,12288,2,region7_918076238
2023-03-19 07:21,2718552962,0,3161665,4,region7_918076238
2023-03-19 07:21,2718552962,3157049,4611,2,region7_918076238
2023-03-19 07:21,2717880312,0,176,2,region7_918076231
2023-03-19 07:21,2718032165,4752032,41216,2,region7_918076231
2023-03-19 07:21,2718314544,0,7073604,4,region7_918076245
2023-03-19 07:21,2718671652,1632658,48,2,region7_918076231
2023-03-19 07:21,2717772911,0,3392392,2,region7_918076235
2023-03-19 07:21,2718121273,0,128,2,region7_918076231
2023-03-19 07:21,2718357760,0,8281813,2,region7_918076228
2023-03-19 07:21,2716066567,0,7655964,2,region7_918076232
2023-03-19 07:21,2716683341,1803648,33344,2,region7_918076231
2023-03-19 07:21,2716124870,0,8388608,2,region7_918076227
2023-03-19 07:21,2718409832,0,231268,2,region7_918076231
2023-03-19 07:21,2715240767,0,721304,2,region7_918076244
2023-03-19 07:21,2718555010,4750560,110528,2,region7_918076231
2023-03-19 07:21,2717322390,0,11149,2,region7_918076231
2023-03-19 07:21,2718409832,231268,40643,2,region7_918076231
2023-03-19 07:21,2718234569,0,782336,2,region7_918076236
2023-03-19 07:21,2714839518,0,4641641,2,region7_918076227
2023-03-19 07:21,2718830039,252624,8228944,2,region7_918076234
2023-03-19 07:21,2718830039,0,310224,2,region7_918076234
2023-03-19 07:21,2718021335,0,3444,2,region7_918076231
2023-03-19 07:21,2718234569,782336,2117632,2,region7_918076236
2023-03-19 07:21,2718234569,7118848,1269760,2,region7_918076236
2023-03-19 07:21,2718234569,5017600,2101248,2,region7_918076236
2023-03-19 07:21,2718234569,2899968,2117632,2,region7_918076236
2023-03-19 07:21,2715909481,949679,1152324,2,region7_918076228
2023-03-19 07:21,2715786153,7965472,54784,2,region7_918076231
2023-03-19 07:21,2717823254,0,8388608,2,region7_918076227
2023-03-19 07:21,2718127756,0,11572,2,region7_918076231
2023-03-19 07:21,2717995909,0,8388608,2,region7_918076227
2023-03-19 07:21,2716536356,513809,1213355,2,region7_918076228
2023-03-19 07:21,2714982899,1305080,38076,2,region7_918076228
2023-03-19 07:21,2718026985,2931424,877280,2,region7_918076227
2023-03-19 07:21,2718760939,0,204548,5,region7_918076230
2023-03-19 07:21,2718777255,0,8388608,2,region7_918076235
2023-03-19 07:21,2716491302,0,13882,2,region7_918076231
2023-03-19 07:21,2717185136,0,2079920,2,region7_918076228
2023-03-19 07:21,2717185136,4026858,188713,2,region7_918076228
2023-03-19 07:21,2718581233,0,1013852,2,region7_918076247
2023-03-19 07:21,2717963109,0,25165824,3,region7_918076237
2023-03-19 07:21,2718398572,3211904,48,2,region7_918076231
2023-03-19 07:21,2717185136,2079920,1946938,2,region7_918076228
2023-03-19 07:21,2718202492,2097152,1048576,5,region7_918076230
2023-03-19 07:21,2718202492,1048576,1048576,5,region7_918076230
2023-03-19 07:21,2718202492,0,1048576,5,region7_918076230
2023-03-19 07:21,2718581233,1013852,27021,2,region7_918076247
2023-03-19 07:21,2715938879,0,1280,2,region7_918076231
2023-03-19 07:21,2718139354,0,10970,2,region7_918076231
2023-03-19 07:21,2718202492,6291456,1048576,5,region7_918076230
2023-03-19 07:21,2718202492,5242880,1048576,5,region7_918076230
2023-03-19 07:21,2718202492,4194304,1048576,5,region7_918076230
2023-03-19 07:21,2718202492,3145728,1048576,5,region7_918076230
2023-03-19 07:21,2718202492,7340032,1048576,5,region7_918076230
2023-03-19 07:21,2715168685,0,2253,2,region7_918076231
2023-03-19 07:21,2716224894,0,1814,2,region7_918076231
2023-03-19 07:21,2714931608,0,2304,2,region7_918076231
2023-03-19 07:21,2718096668,7729152,659456,2,region7_918076233
2023-03-19 07:21,2718096668,1388544,2101248,2,region7_918076233
2023-03-19 07:21,2718096668,5611520,2117632,2,region7_918076233
2023-03-19 07:21,2718096668,3489792,2121728,2,region7_918076233
2023-03-19 07:21,2718096668,0,1388544,2,region7_918076233
2023-03-19 07:21,2718226880,0,8388608,4,region7_918076232
2023-03-19 07:21,2714976528,2135363,6253245,2,region7_918076228
2023-03-19 07:21,2714976528,1337778,797585,2,region7_918076228
2023-03-19 07:21,2718267850,0,24,3,region7_918076228
2023-03-19 07:21,2715970525,0,4211501,2,region7_918076228
2023-03-19 07:21,2718656180,1363968,2134016,2,region7_918076236
2023-03-19 07:21,2718656180,0,1363968,2,region7_918076236
2023-03-19 07:21,2718860603,0,2346685,4,region7_918076232
2023-03-19 07:21,2715596748,3362364,778431,2,region7_918076228
2023-03-19 07:21,2715596748,0,1194153,2,region7_918076228
2023-03-19 07:21,2714713241,0,8388608,2,region7_918076235
2023-03-19 07:21,2718571285,0,1324,2,region7_918076231
2023-03-19 07:21,2718656180,3497984,2109440,2,region7_918076236
2023-03-19 07:21,2718656180,5607424,2150400,2,region7_918076236
2023-03-19 07:21,2718709161,5095200,48,2,region7_918076231
2023-03-19 07:21,2717001274,0,128,2,region7_918076231
2023-03-19 07:21,2718656180,7757824,630784,2,region7_918076236
2023-03-19 07:21,2716284118,0,1611,2,region7_918076231
2023-03-19 07:21,2718894173,0,7658806,4,region7_918076236
2023-03-19 07:21,2717998743,0,14850,4,region7_918076232
2023-03-19 07:21,2717662918,1096800,605091,2,region7_918076228
2023-03-19 07:21,2718083760,5853248,38272,2,region7_918076231
2023-03-19 07:21,2718947704,0,640,2,region7_918076231
2023-03-19 07:21,2717970893,7340032,1048576,5,region7_918076230
2023-03-19 07:21,2717970893,6291456,1048576,5,region7_918076230
2023-03-19 07:21,2717970893,4194304,1048576,5,region7_918076230
2023-03-19 07:21,2717970893,2097152,1048576,5,region7_918076230
2023-03-19 07:21,2717970893,5242880,1048576,5,region7_918076230
2023-03-19 07:21,2717970893,3145728,1048576,5,region7_918076230
2023-03-19 07:21,2717970893,1048576,1048576,5,region7_918076230
2023-03-19 07:21,2717970893,0,1048576,5,region7_918076230
2023-03-19 07:21,2718723897,0,6995719,4,region7_918076245
2023-03-19 07:21,2718033099,0,1664,2,region7_918076231
2023-03-19 07:21,2718078826,0,7861901,4,region7_918076228
2023-03-19 07:21,2718388181,0,8372157,3,region7_918076226
2023-03-19 07:21,2715970525,0,4211501,2,region7_918076232
2023-03-19 07:21,2715033061,0,6291673,2,region7_918076227
2023-03-19 07:21,2718706107,2511292,1527550,2,region7_918076234
2023-03-19 07:21,2718706107,0,2511292,2,region7_918076234
2023-03-19 07:21,2714961086,0,2448580,2,region7_918076229
2023-03-19 07:21,2717766508,0,176,2,region7_918076231
2023-03-19 07:21,2718945761,0,2313876,2,region7_918076247
2023-03-19 07:21,2715208825,0,176,2,region7_918076231
2023-03-19 07:21,2716592595,0,769248,2,region7_918076237
2023-03-19 07:21,2718566277,0,8230151,3,region7_918076226
2023-03-19 07:21,2714961086,10837188,3991246,2,region7_918076229
2023-03-19 07:21,2714961086,2448580,8388608,2,region7_918076229
2023-03-19 07:21,2715208825,0,176,2,region7_918076231
2023-03-19 07:21,2715208825,8192,4954,2,region7_918076231
2023-03-19 07:21,2718026369,4218208,86272,2,region7_918076231
2023-03-19 07:21,2718169822,0,30063,2,region7_918076233
2023-03-19 07:21,2717459472,0,176,2,region7_918076231
2023-03-19 07:21,2718474357,2828704,48,2,region7_918076231
2023-03-19 07:21,2718520534,0,8388608,4,region7_918076232
2023-03-19 07:21,2718893227,0,176,2,region7_918076231
2023-03-19 07:21,2717910880,4296904,4091704,2,region7_918076228
2023-03-19 07:21,2718961487,208896,2105344,2,region7_918076236
2023-03-19 07:21,2718961487,0,208896,2,region7_918076236
2023-03-19 07:21,2718058983,0,820,2,region7_918076231
2023-03-19 07:21,2718945761,2313876,2329744,2,region7_918076247
2023-03-19 07:21,2718961487,2314240,2129920,2,region7_918076236
2023-03-19 07:21,2716066567,326,7655638,2,region7_918076244
2023-03-19 07:21,2718961487,4444160,2134016,2,region7_918076236
2023-03-19 07:21,2718961487,6578176,1810432,2,region7_918076236
2023-03-19 07:21,2715569726,0,32417,2,region7_918076231
2023-03-19 07:21,2717910880,0,4296904,2,region7_918076228
2023-03-19 07:21,2714873683,0,8388608,2,region7_918076237
2023-03-19 07:21,2716133616,0,12660,2,region7_918076231
2023-03-19 07:21,2718133011,0,820,2,region7_918076231
2023-03-19 07:21,2716331401,0,3213,2,region7_918076231
2023-03-19 07:21,2718852944,7340032,1048576,5,region7_918076230
2023-03-19 07:21,2718852944,6291456,1048576,5,region7_918076230
2023-03-19 07:21,2718852944,5242880,1048576,5,region7_918076230
2023-03-19 07:21,2718852944,3145728,1048576,5,region7_918076230
2023-03-19 07:21,2718852944,1048576,1048576,5,region7_918076230
2023-03-19 07:21,2718852944,4194304,1048576,5,region7_918076230
2023-03-19 07:21,2718852944,2097152,1048576,5,region7_918076230
2023-03-19 07:21,2718852944,0,1048576,5,region7_918076230
2023-03-19 07:21,2715518196,4525924,1048576,2,region7_918076228
2023-03-19 07:21,2718029301,0,7932993,3,region7_918076226
2023-03-19 07:21,2718236332,2111618,1870480,2,region7_918076237
2023-03-19 07:21,2718924397,0,2510757,4,region7_918076232
2023-03-19 07:21,2718098665,0,417757,2,region7_918076228
2023-03-19 07:21,2718196935,0,623555,2,region7_918076228
2023-03-19 07:21,2718505018,5206016,2121728,2,region7_918076236
2023-03-19 07:21,2718505018,0,987136,2,region7_918076236
2023-03-19 07:21,2718505018,3100672,2105344,2,region7_918076236
2023-03-19 07:21,2718505018,987136,2113536,2,region7_918076236
2023-03-19 07:21,2718737198,0,1526143,4,region7_918076243
2023-03-19 07:21,2717910880,4296904,4091704,2,region7_918076228
2023-03-19 07:21,2714986246,0,544772,2,region7_918076228
2023-03-19 07:21,2718505018,7327744,1060864,2,region7_918076236
2023-03-19 07:21,2718329630,0,64651,2,region7_918076231
2023-03-19 07:21,2714949652,4945792,119808,2,region7_918076231
2023-03-19 07:21,2718856828,0,1280,2,region7_918076231
2023-03-19 07:21,2718060534,1042256,7439312,2,region7_918076231
2023-03-19 07:21,2718060534,0,1114576,2,region7_918076231
2023-03-19 07:21,2715882395,0,3838310,2,region7_918076244
2023-03-19 07:21,2715754600,0,12404,2,region7_918076231
2023-03-19 07:21,2715891551,0,2112,2,region7_918076231
2023-03-19 07:21,2718408958,0,114688,2,region7_918076236
2023-03-19 07:21,2715720480,8896,48,2,region7_918076231
2023-03-19 07:21,2718217803,7082461,1306147,2,region7_918076235
2023-03-19 07:21,2718224294,2638826,1400016,2,region7_918076231
2023-03-19 07:21,2715428121,1843282,867973,2,region7_918076228
2023-03-19 07:21,2715428121,0,1747257,2,region7_918076228
2023-03-19 07:21,2718337544,2957312,2105344,2,region7_918076236
2023-03-19 07:21,2718337544,851968,2105344,2,region7_918076236
2023-03-19 07:21,2718337544,0,851968,2,region7_918076236
2023-03-19 07:21,2715980167,0,4199,2,region7_918076231
2023-03-19 07:21,2718874446,0,8358125,3,region7_918076226
2023-03-19 07:21,2718216820,0,7007332,5,region7_918076230
2023-03-19 07:21,2718337544,7163904,1224704,2,region7_918076236
2023-03-19 07:21,2718337544,5062656,2101248,2,region7_918076236
2023-03-19 07:21,2718408958,114688,2101248,2,region7_918076236
2023-03-19 07:21,2716817137,1851584,48,2,region7_918076231
2023-03-19 07:21,2717024900,0,4109,2,region7_918076231
2023-03-19 07:21,2715352521,2930651,1198173,2,region7_918076228
2023-03-19 07:21,2715352521,378728,2551923,2,region7_918076228
2023-03-19 07:22,2718216820,0,3046666,6,region7_918076230
2023-03-19 07:22,2718663050,0,8382795,3,region7_918076226
2023-03-19 07:22,2718944965,1398188,48,2,region7_918076231
2023-03-19 07:22,2719000973,0,1101506,4,region7_918076232
2023-03-19 07:22,2719002824,0,2010567,6,region7_918076230
2023-03-19 07:22,2717909351,0,4038842,5,region7_918076230
2023-03-19 07:22,2718168952,0,906142,2,region7_918076244
2023-03-19 07:22,2718408958,2215936,2105344,2,region7_918076236
2023-03-19 07:22,2714732455,0,474977,2,region7_918076229
2023-03-19 07:22,2714955055,4431462,1048576,2,region7_918076229
2023-03-19 07:22,2714955055,237158,1048576,2,region7_918076229
2023-03-19 07:22,2714955055,0,237158,2,region7_918076229
2023-03-19 07:22,2714955055,3382886,1048576,2,region7_918076229
2023-03-19 07:22,2718127006,0,8375045,3,region7_918076226
2023-03-19 07:22,2718408958,4321280,2125824,2,region7_918076236
2023-03-19 07:22,2715882395,0,2125493,2,region7_918076228
2023-03-19 07:22,2715518196,4525924,1048576,2,region7_918076228
2023-03-19 07:22,2717024900,0,4109,2,region7_918076231
2023-03-19 07:22,2715937025,2227893,965948,2,region7_918076228
2023-03-19 07:22,2718278484,0,63412,2,region7_918076231
2023-03-19 07:22,2718408958,6447104,1941504,2,region7_918076236
2023-03-19 07:22,2718428216,0,8481568,6,region7_918076230
2023-03-19 07:22,2715909481,949679,1152324,2,region7_918076228
2023-03-19 07:22,2718428216,0,4038842,5,region7_918076230
2023-03-19 07:22,2715041358,0,1260,2,region7_918076231
2023-03-19 07:22,2717983237,0,11764,2,region7_918076231
2023-03-19 07:22,2718381250,0,409053,2,region7_918076232
2023-03-19 07:22,2718518765,0,7077272,4,region7_918076245
2023-03-19 07:22,2718930888,0,3687,2,region7_918076231
2023-03-19 07:22,2714820318,0,419984,2,region7_918076229
2023-03-19 07:22,2718983035,0,8388608,4,region7_918076232
2023-03-19 07:22,2718558706,1672300,48,2,region7_918076231
2023-03-19 07:22,2718000483,0,8192,2,region7_918076231
2023-03-19 07:22,2718000483,0,176,2,region7_918076231
2023-03-19 07:22,2715596748,0,4140795,2,region7_918076244
2023-03-19 07:22,2715345588,0,4031821,2,region7_918076228
2023-03-19 07:22,2715561780,0,176,2,region7_918076231
2023-03-19 07:22,2715766884,0,458855,2,region7_918076231
2023-03-19 07:22,2719071532,1019604,48,2,region7_918076231
2023-03-19 07:22,2718641145,2165881,2355270,2,region7_918076244
2023-03-19 07:22,2715079014,3667355,513642,2,region7_918076228
2023-03-19 07:22,2717910880,0,4296904,2,region7_918076228
2023-03-19 07:22,2719050079,0,256,2,region7_918076231
2023-03-19 07:22,2717719438,0,512,2,region7_918076231
2023-03-19 07:22,2718923548,0,64669,2,region7_918076247
2023-03-19 07:22,2716729993,0,8388608,2,region7_918076227
2023-03-19 07:22,2718774275,0,768,2,region7_918076231
2023-03-19 07:22,2715047621,57937,6339,2,region7_918076233
2023-03-19 07:22,2719186601,5949389,2152506,2,region7_918076237
2023-03-19 07:22,2718203480,5097679,1048576,2,region7_918076228
2023-03-19 07:22,2718203480,5097679,1048576,2,region7_918076228
2023-03-19 07:22,2715758311,0,856299,2,region7_918076228
2023-03-19 07:22,2715766884,0,458855,2,region7_918076231
2023-03-19 07:22,2718226107,0,8115865,3,region7_918076226
2023-03-19 07:22,2715937025,1926025,1835660,2,region7_918076228
2023-03-19 07:22,2719169699,0,819869,5,region7_918076242
2023-03-19 07:22,2719178395,0,3045650,6,region7_918076230
2023-03-19 07:22,2718433046,0,7028678,4,region7_918076245
2023-03-19 07:22,2717613897,0,652224,2,region7_918076228
2023-03-19 07:22,2717613897,3061336,1201203,2,region7_918076228
2023-03-19 07:22,2719100702,6291456,1048576,5,region7_918076230
2023-03-19 07:22,2719100702,5242880,1048576,5,region7_918076230
2023-03-19 07:22,2719100702,3145728,1048576,5,region7_918076230
2023-03-19 07:22,2719100702,1048576,1048576,5,region7_918076230
2023-03-19 07:22,2719100702,4194304,1048576,5,region7_918076230
2023-03-19 07:22,2719100702,2097152,1048576,5,region7_918076230
2023-03-19 07:22,2719100702,0,1048576,5,region7_918076230
2023-03-19 07:22,2716588919,0,3661,2,region7_918076231
2023-03-19 07:22,2718584909,33296,4176893,2,region7_918076228
2023-03-19 07:22,2718584909,0,33296,2,region7_918076228
2023-03-19 07:22,2715282353,0,176,2,region7_918076231
2023-03-19 07:22,2718774275,0,768,2,region7_918076231
2023-03-19 07:22,2715480741,0,628663,2,region7_918076227
2023-03-19 07:22,2719100702,7340032,1048576,5,region7_918076230
2023-03-19 07:22,2718325200,0,128,2,region7_918076231
2023-03-19 07:22,2716562045,3,989591,2,region7_918076228
2023-03-19 07:22,2717723838,0,7983745,4,region7_918076246
2023-03-19 07:22,2714815360,0,444808,2,region7_918076229
2023-03-19 07:22,2715820802,2429971,122328,2,region7_918076228
2023-03-19 07:22,2714794316,0,413527,2,region7_918076229
2023-03-19 07:22,2718462809,2585792,48,2,region7_918076231
2023-03-19 07:22,2718839039,0,1050,6,region7_918076242
2023-03-19 07:22,2714931608,0,2304,2,region7_918076231
2023-03-19 07:22,2715563880,0,414370,2,region7_918076229
2023-03-19 07:22,2719174590,0,8340468,3,region7_918076226
2023-03-19 07:22,2714955055,6528614,1859994,2,region7_918076229
2023-03-19 07:22,2714955055,0,6528614,2,region7_918076229
2023-03-19 07:22,2716666404,0,8388608,2,region7_918076232
2023-03-19 07:22,2715109301,0,4441404,2,region7_918076227
2023-03-19 07:22,2718338735,0,482489,4,region7_918076228
2023-03-19 07:22,2717064009,0,6269114,2,region7_918076232
2023-03-19 07:22,2718267850,0,24,1,region7_918076228
2023-03-19 07:22,2717253684,0,5332,2,region7_918076231
2023-03-19 07:22,2715826405,0,4864,2,region7_918076231
2023-03-19 07:22,2714835262,0,421384,2,region7_918076228
2023-03-19 07:22,2715700789,0,3817447,2,region7_918076228
2023-03-19 07:22,2718343463,0,8058366,2,region7_918076237
2023-03-19 07:22,2718771591,1679936,441216,2,region7_918076231
2023-03-19 07:22,2718254447,14807024,237,2,region7_918076228
2023-03-19 07:22,2714831716,0,128,2,region7_918076231
2023-03-19 07:22,2715111408,2432,448,2,region7_918076231
2023-03-19 07:22,2715826405,0,4864,2,region7_918076231
2023-03-19 07:22,2719005616,1069568,48,2,region7_918076231
2023-03-19 07:22,2716508213,849250,2747428,2,region7_918076244
2023-03-19 07:22,2719341574,0,1048576,5,region7_918076230
2023-03-19 07:22,2719341574,1048576,42062,5,region7_918076230
2023-03-19 07:22,2718343463,8058366,330242,2,region7_918076237
2023-03-19 07:22,2718998103,0,15034,2,region7_918076231
2023-03-19 07:22,2718373262,0,157536,5,region7_918076230
2023-03-19 07:22,2718569270,1380480,48,2,region7_918076231
2023-03-19 07:22,2719205482,0,6065723,4,region7_918076237
2023-03-19 07:22,2715092387,0,84365,2,region7_918076231
2023-03-19 07:22,2718267850,0,24,1,region7_918076228
2023-03-19 07:22,2718411736,2757792,19776,2,region7_918076231
2023-03-19 07:22,2717149791,0,16564,2,region7_918076231
2023-03-19 07:22,2718681260,0,8388608,4,region7_918076238
2023-03-19 07:22,2719204589,0,49172,2,region7_918076231
2023-03-19 07:22,2715139173,645894,1048576,2,region7_918076228
2023-03-19 07:22,2719269042,1648497,146372,2,region7_918076228
2023-03-19 07:22,2719269908,207596,3897739,2,region7_918076228
2023-03-19 07:22,2719269908,0,207596,2,region7_918076228
2023-03-19 07:22,2718318540,0,384,2,region7_918076231
2023-03-19 07:22,2714746398,0,896,2,region7_918076231
2023-03-19 07:22,2715488633,0,128,2,region7_918076231
2023-03-19 07:22,2719119340,0,768,2,region7_918076231
2023-03-19 07:22,2719269042,655950,129445,2,region7_918076228
2023-03-19 07:22,2718729541,0,7010272,4,region7_918076245
2023-03-19 07:22,2718760046,0,1048576,5,region7_918076230
2023-03-19 07:22,2718760046,2097152,1048576,5,region7_918076230
2023-03-19 07:22,2718760046,1048576,1048576,5,region7_918076230
2023-03-19 07:22,2719211338,0,4038842,6,region7_918076230
2023-03-19 07:22,2718598638,0,113664,2,region7_918076231
2023-03-19 07:22,2718760046,8388608,92960,5,region7_918076230
2023-03-19 07:22,2718760046,4194304,1048576,5,region7_918076230
2023-03-19 07:22,2718760046,7340032,1048576,5,region7_918076230
2023-03-19 07:22,2718760046,3145728,1048576,5,region7_918076230
2023-03-19 07:22,2718760046,6291456,1048576,5,region7_918076230
2023-03-19 07:22,2718760046,5242880,1048576,5,region7_918076230
2023-03-19 07:22,2714825387,786795,503403,2,region7_918076228
2023-03-19 07:22,2715563880,0,414370,2,region7_918076229
2023-03-19 07:22,2718819795,10818816,205248,2,region7_918076231
2023-03-19 07:22,2714794258,4126867,678501,2,region7_918076227
2023-03-19 07:22,2714794258,8308321,80287,2,region7_918076227
2023-03-19 07:22,2718169822,0,30063,2,region7_918076233
2023-03-19 07:22,2714794316,0,413528,2,region7_918076229
2023-03-19 07:22,2718357760,0,8281813,2,region7_918076228
2023-03-19 07:22,2718790445,3570802,223296,2,region7_918076231
2023-03-19 07:22,2716391359,0,512,2,region7_918076231
2023-03-19 07:22,2717430168,0,893412,2,region7_918076244
2023-03-19 07:22,2714737935,2029722,1249267,2,region7_918076228
2023-03-19 07:22,2714737935,0,332804,2,region7_918076228
2023-03-19 07:22,2714794316,0,413528,2,region7_918076229
2023-03-19 07:22,2714815360,0,444808,2,region7_918076229
2023-03-19 07:22,2714955055,7577190,811418,2,region7_918076229
2023-03-19 07:22,2714955055,5480038,1048576,2,region7_918076229
2023-03-19 07:22,2714955055,3382886,1048576,2,region7_918076229
2023-03-19 07:22,2714955055,1285734,1048576,2,region7_918076229
2023-03-19 07:22,2714955055,0,237158,2,region7_918076229
2023-03-19 07:22,2714955055,6528614,1048576,2,region7_918076229
2023-03-19 07:22,2714955055,4431462,1048576,2,region7_918076229
2023-03-19 07:22,2714955055,2334310,1048576,2,region7_918076229
2023-03-19 07:22,2714955055,237158,1048576,2,region7_918076229
2023-03-19 07:22,2715159580,0,8064,2,region7_918076231
2023-03-19 07:22,2718545769,1004672,48,2,region7_918076231
2023-03-19 07:22,2719389503,3685702,596992,2,region7_918076231
2023-03-19 07:22,2715542180,0,4711704,2,region7_918076228
2023-03-19 07:22,2718540425,3145728,1048576,5,region7_918076230
2023-03-19 07:22,2718540425,1048576,1048576,5,region7_918076230
2023-03-19 07:22,2718540425,4194304,868911,5,region7_918076230
2023-03-19 07:22,2718540425,2097152,1048576,5,region7_918076230
2023-03-19 07:22,2718540425,0,1048576,5,region7_918076230
2023-03-19 07:22,2716035539,2695247,298005,2,region7_918076228
2023-03-19 07:22,2716035539,236462,2458785,2,region7_918076228
2023-03-19 07:22,2718792222,0,4074706,4,region7_918076243
2023-03-19 07:22,2718957957,0,4651752,4,region7_918076232
2023-03-19 07:22,2714847726,0,352252,2,region7_918076229
2023-03-19 07:22,2715163101,0,354980,2,region7_918076229
2023-03-19 07:22,2718794279,0,3049443,6,region7_918076230
2023-03-19 07:22,2714820318,0,419984,2,region7_918076229
2023-03-19 07:22,2715512526,0,1174052,2,region7_918076228
2023-03-19 07:22,2717319694,0,8388608,2,region7_918076235
2023-03-19 07:22,2714789316,0,420543,2,region7_918076229
2023-03-19 07:22,2714789316,0,420543,2,region7_918076229
2023-03-19 07:22,2714995044,0,3245,2,region7_918076231
2023-03-19 07:22,2718475971,6291456,1048576,5,region7_918076230
2023-03-19 07:22,2718475971,4194304,1048576,5,region7_918076230
2023-03-19 07:22,2718475971,2097152,1048576,5,region7_918076230
2023-03-19 07:22,2718475971,1048576,1048576,5,region7_918076230
2023-03-19 07:22,2718475971,0,1048576,5,region7_918076230
2023-03-19 07:22,2718475971,7340032,1048576,5,region7_918076230
2023-03-19 07:22,2718475971,5242880,1048576,5,region7_918076230
2023-03-19 07:22,2718475971,3145728,1048576,5,region7_918076230
2023-03-19 07:22,2715909481,6538411,1524296,2,region7_918076228
2023-03-19 07:22,2715909481,949679,1152324,2,region7_918076228
2023-03-19 07:22,2716122739,0,2824748,2,region7_918076228
2023-03-19 07:22,2718481044,0,2962495,4,region7_918076232
2023-03-19 07:22,2715931417,0,9249,2,region7_918076231
2023-03-19 07:22,2716122739,2867116,372238,2,region7_918076228
2023-03-19 07:22,2716340814,0,768,2,region7_918076231
2023-03-19 07:22,2714847726,0,352252,2,region7_918076229
2023-03-19 07:22,2715927676,0,16417,2,region7_918076231
2023-03-19 07:22,2716331723,8597554,48,2,region7_918076231
2023-03-19 07:22,2719492313,0,6567,2,region7_918076231
2023-03-19 07:22,2714794887,0,405840,2,region7_918076229
2023-03-19 07:22,2719338071,0,5345085,2,region7_918076235
2023-03-19 07:22,2719357138,0,6063455,4,region7_918076237
2023-03-19 07:22,2714815360,0,444808,2,region7_918076229
2023-03-19 07:22,2718660245,6291456,1048576,5,region7_918076230
2023-03-19 07:22,2718660245,4194304,1048576,5,region7_918076230
2023-03-19 07:22,2718660245,3145728,1048576,5,region7_918076230
2023-03-19 07:22,2718660245,2097152,1048576,5,region7_918076230
2023-03-19 07:22,2718660245,1048576,1048576,5,region7_918076230
2023-03-19 07:22,2718660245,5242880,1048576,5,region7_918076230
2023-03-19 07:22,2718660245,0,1048576,5,region7_918076230
2023-03-19 07:22,2716786478,0,1920,2,region7_918076231
2023-03-19 07:22,2719221629,0,5543,2,region7_918076231
2023-03-19 07:22,2718660245,9437184,1048576,5,region7_918076230
2023-03-19 07:22,2718660245,7340032,1048576,5,region7_918076230
2023-03-19 07:22,2718660245,10485760,1002986,5,region7_918076230
2023-03-19 07:22,2718660245,8388608,1048576,5,region7_918076230
2023-03-19 07:22,2718705227,0,7068104,2,region7_918076237
2023-03-19 07:22,2718905784,0,4450419,3,region7_918076228
2023-03-19 07:22,2719245838,0,8381148,3,region7_918076226
2023-03-19 07:22,2718527258,0,1105920,2,region7_918076236
2023-03-19 07:22,2718527258,1105920,2101248,2,region7_918076236
2023-03-19 07:22,2717824652,0,16564,2,region7_918076231
2023-03-19 07:22,2718969306,4065920,40768,2,region7_918076231
2023-03-19 07:22,2718969381,0,7016913,4,region7_918076245
2023-03-19 07:22,2719352871,0,3070569,6,region7_918076230
2023-03-19 07:22,2719352871,0,7062308,5,region7_918076230
2023-03-19 07:22,2718527258,7430144,958464,2,region7_918076236
2023-03-19 07:22,2718527258,5320704,2109440,2,region7_918076236
2023-03-19 07:22,2718527258,3207168,2113536,2,region7_918076236
2023-03-19 07:22,2718013926,0,128,2,region7_918076231
2023-03-19 07:22,2719315296,0,25165824,3,region7_918076237
2023-03-19 07:22,2719414768,0,6710222,3,region7_918076226
2023-03-19 07:22,2719189208,0,1709556,5,region7_918076230
2023-03-19 07:22,2718819833,1531648,80448,2,region7_918076231
2023-03-19 07:22,2718830124,0,1268,2,region7_918076231
2023-03-19 07:22,2719189208,0,3419111,6,region7_918076230
2023-03-19 07:22,2718610143,0,128,2,region7_918076231
2023-03-19 07:22,2718630457,6665056,68352,2,region7_918076231
2023-03-19 07:22,2718575150,0,8388608,4,region7_918076247
2023-03-19 07:22,2714789316,0,420543,2,region7_918076229
2023-03-19 07:22,2714794316,0,413527,2,region7_918076229
2023-03-19 07:22,2714815360,0,444808,2,region7_918076229
2023-03-19 07:22,2714831273,0,8388608,2,region7_918076227
2023-03-19 07:22,2715323382,8344952,43656,2,region7_918076228
2023-03-19 07:22,2715323382,5114741,87173,2,region7_918076228
2023-03-19 07:22,2715323382,3827875,227515,2,region7_918076228
2023-03-19 07:22,2715323382,1173802,29274,2,region7_918076228
2023-03-19 07:22,2717011481,0,128,2,region7_918076231
2023-03-19 07:22,2715542180,0,4711704,2,region7_918076228
2023-03-19 07:22,2717775286,0,1536,2,region7_918076231
2023-03-19 07:22,2715820802,2429971,122328,2,region7_918076237
2023-03-19 07:22,2715820802,786846,100961,2,region7_918076237
2023-03-19 07:22,2715563880,0,414370,2,region7_918076229
2023-03-19 07:22,2715047621,57937,6339,2,region7_918076233
2023-03-19 07:22,2715047621,57937,6339,2,region7_918076233
2023-03-19 07:22,2715236964,0,8388608,2,region7_918076227
2023-03-19 07:22,2719166924,0,7066381,3,region7_918076226
2023-03-19 07:22,2716042278,0,176,2,region7_918076231
2023-03-19 07:22,2717775286,0,1536,2,region7_918076231
2023-03-19 07:22,2718879277,0,8388608,2,region7_918076235
2023-03-19 07:22,2714791034,0,564480,2,region7_918076228
2023-03-19 07:22,2715937025,1926025,1835660,2,region7_918076228
2023-03-19 07:22,2718982126,0,3018633,4,region7_918076232
2023-03-19 07:22,2717265914,0,8388608,2,region7_918076235
2023-03-19 07:22,2718591746,0,1280,2,region7_918076231
2023-03-19 07:22,2718968500,0,6282208,2,region7_918076227
2023-03-19 07:22,2718045536,0,1768660,2,region7_918076227
2023-03-19 07:22,2719386723,4635040,48,2,region7_918076231
2023-03-19 07:22,2718558860,0,11488746,6,region7_918076230
2023-03-19 07:22,2719027893,0,8388608,4,region7_918076232
2023-03-19 07:22,2718763718,0,8388608,4,region7_918076237
2023-03-19 07:22,2717461073,0,7752187,2,region7_918076228
2023-03-19 07:22,2719347652,12042432,48,2,region7_918076231
2023-03-19 07:22,2717461073,7752187,636421,2,region7_918076228
2023-03-19 07:22,2714794887,0,405840,2,region7_918076229
2023-03-19 07:22,2715427361,2771723,4451925,2,region7_918076228
2023-03-19 07:23,2717865335,1380,323,2,region7_918076231
2023-03-19 07:23,2715047621,57937,6339,2,region7_918076233
2023-03-19 07:23,2718965095,0,2166784,2,region7_918076236
2023-03-19 07:23,2719051956,3010045,1558726,2,region7_918076235
2023-03-19 07:23,2717231883,0,2068,2,region7_918076231
2023-03-19 07:23,2719499325,0,1674840,4,region7_918076239
2023-03-19 07:23,2719518695,0,8388608,2,region7_918076232
2023-03-19 07:23,2718903741,0,768,2,region7_918076231
2023-03-19 07:23,2719386636,3797984,1060288,2,region7_918076231
2023-03-19 07:23,2717553986,0,137408,2,region7_918076231
2023-03-19 07:23,2719061973,2659895,1048576,2,region7_918076228
2023-03-19 07:23,2718706134,0,256,2,region7_918076231
2023-03-19 07:23,2718822624,730848,48,2,region7_918076231
2023-03-19 07:23,2718828435,0,10394,2,region7_918076231
2023-03-19 07:23,2718705238,0,25165824,3,region7_918076237
2023-03-19 07:23,2715682260,0,8388608,2,region7_918076227
2023-03-19 07:23,2718962506,0,6469776,2,region7_918076227
2023-03-19 07:23,2719472887,0,3658068,4,region7_918076232
2023-03-19 07:23,2719522373,0,8376171,3,region7_918076228
2023-03-19 07:23,2715070635,0,8388608,2,region7_918076232
2023-03-19 07:23,2719371617,0,7037438,5,region7_918076230
2023-03-19 07:23,2718942213,0,8388608,2,region7_918076227
2023-03-19 07:23,2718338008,0,640,2,region7_918076231
2023-03-19 07:23,2719371617,0,3059756,6,region7_918076230
2023-03-19 07:23,2718813249,4456320,27200,2,region7_918076231
2023-03-19 07:23,2715389341,0,1084134,2,region7_918076228
2023-03-19 07:23,2718808455,0,888832,2,region7_918076236
2023-03-19 07:23,2719133344,0,176,2,region7_918076231
2023-03-19 07:23,2719501163,0,407272,2,region7_918076227
2023-03-19 07:23,2718808455,2990080,2121728,2,region7_918076236
2023-03-19 07:23,2718808455,888832,2101248,2,region7_918076236
2023-03-19 07:23,2715937025,1905031,1856654,2,region7_918076228
2023-03-19 07:23,2718451779,0,8388608,2,region7_918076227
2023-03-19 07:23,2719254493,0,256,2,region7_918076231
2023-03-19 07:23,2717553503,631885,1048576,2,region7_918076228
2023-03-19 07:23,2719776714,0,4480,2,region7_918076231
2023-03-19 07:23,2719776714,0,4480,2,region7_918076231
2023-03-19 07:23,2719019604,6427329,149184,2,region7_918076231
2023-03-19 07:23,2718728612,1048576,1004430,5,region7_918076230
2023-03-19 07:23,2718728612,0,1048576,5,region7_918076230
2023-03-19 07:23,2718805408,0,8388608,4,region7_918076232
2023-03-19 07:23,2714955055,0,6528614,2,region7_918076229
2023-03-19 07:23,2718386552,0,11066,2,region7_918076231
2023-03-19 07:23,2719377241,0,11744,2,region7_918076231
2023-03-19 07:23,2715791071,0,5398,2,region7_918076231
2023-03-19 07:23,2717731378,0,8388608,2,region7_918076235
2023-03-19 07:23,2714955055,6528614,1859994,2,region7_918076229
2023-03-19 07:23,2719440330,0,8384145,3,region7_918076226
2023-03-19 07:23,2719491332,0,8388457,3,region7_918076228
2023-03-19 07:23,2716547217,1594195,6794413,2,region7_918076244
2023-03-19 07:23,2719476645,0,8035982,2,region7_918076227
2023-03-19 07:23,2719546521,0,8388608,2,region7_918076235
2023-03-19 07:23,2714736004,5313574,39199,2,region7_918076228
2023-03-19 07:23,2714736004,0,1368479,2,region7_918076228
2023-03-19 07:23,2715911651,0,176,2,region7_918076231
2023-03-19 07:23,2714814549,651993,863083,2,region7_918076228
2023-03-19 07:23,2715425334,0,1664,2,region7_918076231
2023-03-19 07:23,2716241952,2777772,1048576,2,region7_918076228
2023-03-19 07:23,2716241952,0,3756163,2,region7_918076228
2023-03-19 07:23,2719261731,0,512,2,region7_918076231
2023-03-19 07:23,2719332890,4918944,164928,2,region7_918076231
2023-03-19 07:23,2716285572,3896512,165760,2,region7_918076231
2023-03-19 07:23,2719501270,0,8368919,3,region7_918076226
2023-03-19 07:23,2715024707,1538245,1884593,2,region7_918076228
2023-03-19 07:23,2714815360,0,444808,2,region7_918076229
2023-03-19 07:23,2715563880,0,414370,2,region7_918076229
2023-03-19 07:23,2719039673,0,6999007,4,region7_918076245
2023-03-19 07:23,2714992158,0,1492,1,region7_918076226
2023-03-19 07:23,2719553205,598816,260096,2,region7_918076231
2023-03-19 07:23,2719277263,2803,2586,2,region7_918076231
2023-03-19 07:23,2716378219,0,8388608,2,region7_918076227
2023-03-19 07:23,2715455194,1238090,16384,2,region7_918076244
2023-03-19 07:23,2715455194,1108386,15311,2,region7_918076244
2023-03-19 07:23,2719824961,0,7029089,4,region7_918076245
2023-03-19 07:23,2718630122,5386034,299008,2,region7_918076247
2023-03-19 07:23,2718630122,5685042,2574,2,region7_918076247
2023-03-19 07:23,2714847726,0,352252,2,region7_918076229
2023-03-19 07:23,2719090277,0,8388608,2,region7_918076235
2023-03-19 07:23,2719096030,0,1895,2,region7_918076231
2023-03-19 07:23,2718524366,0,896,2,region7_918076231
2023-03-19 07:23,2715163101,0,354980,2,region7_918076229
2023-03-19 07:23,2715089050,356507,1048576,2,region7_918076228
2023-03-19 07:23,2719786953,2511456,138496,2,region7_918076231
2023-03-19 07:23,2719030871,7131520,1350048,2,region7_918076231
2023-03-19 07:23,2719074317,0,128,2,region7_918076231
2023-03-19 07:23,2714789316,0,420543,2,region7_918076229
2023-03-19 07:23,2719213086,0,7013102,4,region7_918076245
2023-03-19 07:23,2715089050,356507,1048576,2,region7_918076228
2023-03-19 07:23,2719630145,0,8359936,2,region7_918076249
2023-03-19 07:23,2719709441,0,3060672,6,region7_918076230
2023-03-19 07:23,2719813984,0,4038842,6,region7_918076230
2023-03-19 07:23,2718915380,0,18023,2,region7_918076231
2023-03-19 07:23,2714987423,3121294,396839,2,region7_918076228
2023-03-19 07:23,2714987423,629964,26561,2,region7_918076228
2023-03-19 07:23,2719260860,8050251,84032,2,region7_918076231
2023-03-19 07:23,2715342815,0,8388608,2,region7_918076235
2023-03-19 07:23,2719556725,0,1792,2,region7_918076231
2023-03-19 07:23,2719630145,8359936,28672,2,region7_918076249
2023-03-19 07:23,2717265311,0,46759,2,region7_918076231
2023-03-19 07:23,2719602270,0,1031280,5,region7_918076242
2023-03-19 07:23,2716604592,1124,643,2,region7_918076231
2023-03-19 07:23,2719166916,0,1869,2,region7_918076231
2023-03-19 07:23,2719624982,0,1841941,2,region7_918076227
2023-03-19 07:23,2719624982,3853100,2453903,2,region7_918076227
2023-03-19 07:23,2719624982,7975151,413457,2,region7_918076227
2023-03-19 07:23,2716744959,0,3405,2,region7_918076231
2023-03-19 07:23,2714815977,0,244554,2,region7_918076228
2023-03-19 07:23,2719185660,0,8388608,2,region7_918076232
2023-03-19 07:23,2719572668,0,104071,2,region7_918076231
2023-03-19 07:23,2718382104,748934,149822,2,region7_918076228
2023-03-19 07:23,2718946874,436736,25408,2,region7_918076231
2023-03-19 07:23,2719513158,0,534514,5,region7_918076230
2023-03-19 07:23,2718382104,748934,149822,2,region7_918076228
2023-03-19 07:23,2714961086,2448580,8388608,2,region7_918076229
2023-03-19 07:23,2714961086,0,2448580,2,region7_918076229
2023-03-19 07:23,2714832668,0,7344543,2,region7_918076235
2023-03-19 07:23,2715304417,0,176,2,region7_918076231
2023-03-19 07:23,2719606787,0,228506,2,region7_918076231
2023-03-19 07:23,2714961086,10837188,3991246,2,region7_918076229
2023-03-19 07:23,2719689133,5080096,144640,2,region7_918076231
2023-03-19 07:23,2719824829,0,7983544,2,region7_918076228
2023-03-19 07:23,2715047621,57937,6339,2,region7_918076233
2023-03-19 07:23,2715047621,57937,6339,2,region7_918076233
2023-03-19 07:23,2715048833,0,8388608,2,region7_918076227
2023-03-19 07:23,2718337859,0,71013,2,region7_918076228
2023-03-19 07:23,2715494545,0,1408,2,region7_918076231
2023-03-19 07:23,2719262813,0,256,2,region7_918076231
2023-03-19 07:23,2714794258,4126867,678501,2,region7_918076227
2023-03-19 07:23,2714794258,8308321,80287,2,region7_918076227
2023-03-19 07:23,2714857796,65338,562001,2,region7_918076228
2023-03-19 07:23,2714857796,3165767,647326,2,region7_918076228
2023-03-19 07:23,2719085683,0,1664963,2,region7_918076235
2023-03-19 07:23,2719262813,0,256,2,region7_918076231
2023-03-19 07:23,2717213227,7554236,803149,2,region7_918076235
2023-03-19 07:23,2717213227,699525,5697025,2,region7_918076235
2023-03-19 07:23,2715418039,0,4354347,2,region7_918076232
2023-03-19 07:23,2717086252,3296657,573016,2,region7_918076228
2023-03-19 07:23,2716122739,0,2824748,2,region7_918076244
2023-03-19 07:23,2716122739,2824748,3401,2,region7_918076244
2023-03-19 07:23,2717766508,0,176,2,region7_918076231
2023-03-19 07:23,2717766508,0,820,2,region7_918076231
2023-03-19 07:23,2719565369,0,1024,2,region7_918076231
2023-03-19 07:23,2719606787,0,228506,2,region7_918076231
2023-03-19 07:23,2717728690,0,974408,2,region7_918076233
2023-03-19 07:23,2714994862,0,43986,2,region7_918076228
2023-03-19 07:23,2719895684,0,1967162,5,region7_918076242
2023-03-19 07:23,2716122739,2828344,999042,2,region7_918076244
2023-03-19 07:23,2714931608,0,2304,2,region7_918076231
2023-03-19 07:23,2719206446,0,7796,2,region7_918076231
2023-03-19 07:23,2719317177,0,924912,4,region7_918076258
2023-03-19 07:23,2717728690,974408,1681312,2,region7_918076233
2023-03-19 07:23,2717723872,7617629,770979,2,region7_918076235
2023-03-19 07:23,2717790524,0,8388608,2,region7_918076227
2023-03-19 07:23,2714934820,0,2416537,2,region7_918076244
2023-03-19 07:23,2719508509,0,3533,2,region7_918076231
2023-03-19 07:23,2714835262,0,421384,2,region7_918076228
2023-03-19 07:23,2715218563,0,2199860,2,region7_918076228
2023-03-19 07:23,2716022437,0,8388608,2,region7_918076235
2023-03-19 07:23,2717710613,0,8388608,2,region7_918076235
2023-03-19 07:23,2715218563,2199860,5057473,2,region7_918076228
2023-03-19 07:23,2715173185,2253625,489753,2,region7_918076228
2023-03-19 07:23,2719715328,0,22474,2,region7_918076236
2023-03-19 07:23,2719539554,0,176,2,region7_918076231
2023-03-19 07:23,2719887041,0,3101307,6,region7_918076230
2023-03-19 07:23,2715352521,2930651,1198173,2,region7_918076228
2023-03-19 07:23,2719177399,0,1754,2,region7_918076231
2023-03-19 07:23,2715428121,2425154,35184,2,region7_918076228
2023-03-19 07:23,2715428121,0,1747257,2,region7_918076228
2023-03-19 07:23,2719843846,0,5124009,4,region7_918076232
2023-03-19 07:23,2717712825,0,8388608,4,region7_918076232
2023-03-19 07:23,2715139173,645894,1048576,2,region7_918076228
2023-03-19 07:23,2717717836,0,2048,2,region7_918076231
2023-03-19 07:23,2717723031,0,104033,3,region7_918076226
2023-03-19 07:23,2715589964,157232,515818,2,region7_918076231
2023-03-19 07:23,2715589964,0,157232,2,region7_918076231
2023-03-19 07:23,2715126986,0,319258,2,region7_918076231
2023-03-19 07:23,2719405114,4505600,2138112,2,region7_918076236
2023-03-19 07:23,2719405114,217088,2146304,2,region7_918076236
2023-03-19 07:23,2719405114,0,217088,2,region7_918076236
2023-03-19 07:23,2719405114,2363392,2142208,2,region7_918076236
2023-03-19 07:23,2715253310,0,159262,2,region7_918076231
2023-03-19 07:23,2717818800,0,18932,2,region7_918076231
2023-03-19 07:23,2715589964,447792,225258,2,region7_918076231
2023-03-19 07:23,2719405114,6643712,1744896,2,region7_918076236
2023-03-19 07:23,2715013082,0,176,2,region7_918076231
2023-03-19 07:23,2719613797,0,7092581,4,region7_918076245
2023-03-19 07:23,2717939147,0,128,2,region7_918076231
2023-03-19 07:23,2716241952,3809964,16384,2,region7_918076244
2023-03-19 07:23,2716241952,3756163,3525,2,region7_918076244
2023-03-19 07:23,2718597729,0,384,2,region7_918076231
2023-03-19 07:23,2715282812,0,8388608,2,region7_918076227
2023-03-19 07:23,2715253310,159262,72668,2,region7_918076231
2023-03-19 07:23,2715175556,0,8388608,2,region7_918076227
2023-03-19 07:23,2716241952,0,3756163,2,region7_918076244
2023-03-19 07:23,2719584172,7108555,1280053,2,region7_918076227
2023-03-19 07:23,2717939147,0,128,2,region7_918076231
2023-03-19 07:23,2719185616,0,176,2,region7_918076231
2023-03-19 07:23,2719491332,302,8388155,1,region7_918076228
2023-03-19 07:23,2719491332,0,302,1,region7_918076228
2023-03-19 07:23,2719650305,0,4374,4,region7_918076244
2023-03-19 07:23,2715672220,6994200,48064,2,region7_918076231
2023-03-19 07:23,2717939147,0,128,2,region7_918076231
2023-03-19 07:23,2716547217,0,4873876,2,region7_918076244
2023-03-19 07:23,2716547217,4873876,3514732,2,region7_918076244
2023-03-19 07:23,2716960212,0,8388608,2,region7_918076227
2023-03-19 07:23,2719567252,0,8388608,4,region7_918076232
2023-03-19 07:23,2719616359,5606832,2874736,2,region7_918076234
2023-03-19 07:23,2719616359,0,5265648,2,region7_918076234
2023-03-19 07:23,2719616359,0,5639088,2,region7_918076234
2023-03-19 07:23,2716508213,0,3596678,2,region7_918076237
2023-03-19 07:23,2719385701,8253808,227760,2,region7_918076231
2023-03-19 07:23,2719385701,0,8478320,2,region7_918076231
2023-03-19 07:23,2719387683,0,797161,2,region7_918076227
2023-03-19 07:23,2719464073,1509877,5185166,2,region7_918076227
2023-03-19 07:23,2718567521,0,1664,2,region7_918076231
2023-03-19 07:23,2719824829,7983544,405064,2,region7_918076228
2023-03-19 07:23,2717840453,859776,140160,2,region7_918076231
2023-03-19 07:23,2714898407,1800105,2346748,2,region7_918076237
2023-03-19 07:23,2714898407,7630989,240191,2,region7_918076237
2023-03-19 07:23,2719488550,6291456,1048576,5,region7_918076230
2023-03-19 07:23,2719488550,4194304,1048576,5,region7_918076230
2023-03-19 07:23,2719488550,3145728,1048576,5,region7_918076230
2023-03-19 07:23,2719488550,1048576,1048576,5,region7_918076230
2023-03-19 07:23,2719488550,7340032,1048576,5,region7_918076230
2023-03-19 07:23,2719488550,5242880,1048576,5,region7_918076230
2023-03-19 07:23,2719488550,2097152,1048576,5,region7_918076230
2023-03-19 07:23,2719488550,0,1048576,5,region7_918076230
2023-03-19 07:24,2717939241,0,979460,2,region7_918076228
2023-03-19 07:24,2717810702,0,3868708,2,region7_918076231
2023-03-19 07:24,2717876758,0,8388608,2,region7_918076235
2023-03-19 07:24,2714898407,7630989,757619,2,region7_918076228
2023-03-19 07:24,2714898407,1905538,925813,2,region7_918076228
2023-03-19 07:24,2714898407,3893009,253844,2,region7_918076228
2023-03-19 07:24,2716568142,4194304,4191712,1,region7_918076226
2023-03-19 07:24,2716568142,0,4194304,1,region7_918076226
2023-03-19 07:24,2717978414,5625568,48,2,region7_918076231
2023-03-19 07:24,2719537181,0,8114253,3,region7_918076226
2023-03-19 07:24,2716127640,7133487,16384,2,region7_918076244
2023-03-19 07:24,2716127640,6943899,650,2,region7_918076244
2023-03-19 07:24,2714931608,0,2304,2,region7_918076231
2023-03-19 07:24,2714751498,1293170,472768,2,region7_918076231
2023-03-19 07:24,2717949988,0,638764,4,region7_918076232
2023-03-19 07:24,2717716888,0,8388608,2,region7_918076227
2023-03-19 07:24,2717935209,0,22299,2,region7_918076236
2023-03-19 07:24,2717974267,0,128,2,region7_918076231
2023-03-19 07:24,2714704616,7677575,211129,1,region7_918076226
2023-03-19 07:24,2718307799,0,2811378,2,region7_918076228
2023-03-19 07:24,2716944076,0,1408,2,region7_918076231
2023-03-19 07:24,2719540739,1276928,48,2,region7_918076231
2023-03-19 07:24,2718307799,2811378,5577230,2,region7_918076228
2023-03-19 07:24,2715047621,57937,6339,2,region7_918076233
2023-03-19 07:24,2716508213,849250,2747428,2,region7_918076244
2023-03-19 07:24,2719255390,0,7088235,4,region7_918076245
2023-03-19 07:24,2716152357,0,8388608,2,region7_918076227
2023-03-19 07:24,2719353057,864252,67200,2,region7_918076231
2023-03-19 07:24,2715954604,0,1280,2,region7_918076231
2023-03-19 07:24,2719492350,0,8368193,3,region7_918076226
2023-03-19 07:24,2714815977,0,244554,2,region7_918076244
2023-03-19 07:24,2714976528,2135363,6253245,2,region7_918076228
2023-03-19 07:24,2714976528,1337778,797585,2,region7_918076228
2023-03-19 07:24,2718019096,1048576,1048576,5,region7_918076230
2023-03-19 07:24,2718019096,0,1048576,5,region7_918076230
2023-03-19 07:24,2718019096,2097152,1048576,5,region7_918076230
2023-03-19 07:24,2719290470,0,1152,2,region7_918076231
2023-03-19 07:24,2717775313,0,176,2,region7_918076231
2023-03-19 07:24,2718019096,7340032,1048576,5,region7_918076230
2023-03-19 07:24,2718019096,6291456,1048576,5,region7_918076230
2023-03-19 07:24,2718019096,5242880,1048576,5,region7_918076230
2023-03-19 07:24,2718019096,4194304,1048576,5,region7_918076230
2023-03-19 07:24,2718019096,3145728,1048576,5,region7_918076230
2023-03-19 07:24,2715203249,1077149,3049411,2,region7_918076244
2023-03-19 07:24,2715203249,38426,1038723,2,region7_918076244
2023-03-19 07:24,2715203249,0,38426,2,region7_918076244
2023-03-19 07:24,2719630040,0,1524,2,region7_918076231
2023-03-19 07:24,2719700618,1052672,2142208,2,region7_918076236
2023-03-19 07:24,2719700618,5345280,2117632,2,region7_918076236
2023-03-19 07:24,2719700618,3194880,2150400,2,region7_918076236
2023-03-19 07:24,2719700618,0,1052672,2,region7_918076236
2023-03-19 07:24,2715977080,0,1292757,2,region7_918076228
2023-03-19 07:24,2719700618,7462912,925696,2,region7_918076236
2023-03-19 07:24,2719729400,0,8388608,4,region7_918076238
2023-03-19 07:24,2715882395,0,79012,2,region7_918076228
2023-03-19 07:24,2719864734,0,820,2,region7_918076231
2023-03-19 07:24,2715369639,0,176,2,region7_918076231
2023-03-19 07:24,2717724996,1048576,746780,5,region7_918076230
2023-03-19 07:24,2717724996,0,1048576,5,region7_918076230
2023-03-19 07:24,2717830533,1359250,52928,2,region7_918076231
2023-03-19 07:24,2715292378,0,4598344,2,region7_918076228
2023-03-19 07:24,2715292378,4598344,3790264,2,region7_918076228
2023-03-19 07:24,2719304360,0,495823,2,region7_918076232
2023-03-19 07:24,2719290470,0,1152,2,region7_918076231
2023-03-19 07:24,2719428301,7468096,48,2,region7_918076231
2023-03-19 07:24,2715211622,0,671744,2,region7_918076247
2023-03-19 07:24,2714907149,0,2164573,2,region7_918076228
2023-03-19 07:24,2716042055,0,4168144,2,region7_918076231
2023-03-19 07:24,2719482890,1048576,1048576,5,region7_918076230
2023-03-19 07:24,2719482890,0,1048576,5,region7_918076230
2023-03-19 07:24,2719482890,2097152,911735,5,region7_918076230
2023-03-19 07:24,2715211622,671744,2129920,2,region7_918076247
2023-03-19 07:24,2715923205,4121153,3302,2,region7_918076244
2023-03-19 07:24,2715923205,4171150,16384,2,region7_918076244
2023-03-19 07:24,2715923205,0,554047,2,region7_918076244
2023-03-19 07:24,2717869790,0,1048576,5,region7_918076230
2023-03-19 07:24,2717869790,1048576,1048576,5,region7_918076230
2023-03-19 07:24,2717869790,2097152,786128,5,region7_918076230
2023-03-19 07:24,2719368915,0,3119264,2,region7_918076231
2023-03-19 07:24,2719573722,0,8388608,2,region7_918076227
2023-03-19 07:24,2714808100,0,37498,2,region7_918076231
2023-03-19 07:24,2715211622,2801664,2117632,2,region7_918076247
2023-03-19 07:24,2719727696,0,20039,2,region7_918076231
2023-03-19 07:24,2719767374,0,3048386,6,region7_918076230
2023-03-19 07:24,2716127640,6101295,1048576,2,region7_918076228
2023-03-19 07:24,2716127640,6101295,1048576,2,region7_918076228
2023-03-19 07:24,2716354604,0,1101062,2,region7_918076247
2023-03-19 07:24,2717873734,0,512,2,region7_918076231
2023-03-19 07:24,2715211622,4919296,2109440,2,region7_918076247
2023-03-19 07:24,2719648390,0,2586539,2,region7_918076228
2023-03-19 07:24,2719494640,0,5872740,4,region7_918076238
2023-03-19 07:24,2719162505,334383,1048576,2,region7_918076228
2023-03-19 07:24,2719162505,334383,1048576,2,region7_918076228
2023-03-19 07:24,2717944201,0,8388608,4,region7_918076232
2023-03-19 07:24,2718032729,0,1280511,2,region7_918076237
2023-03-19 07:24,2715297357,8192,756,2,region7_918076231
2023-03-19 07:24,2715297357,0,176,2,region7_918076231
2023-03-19 07:24,2719902370,0,3250,4,region7_918076244
2023-03-19 07:24,2717874738,0,7278165,3,region7_918076226
2023-03-19 07:24,2717995709,0,8379558,3,region7_918076226
2023-03-19 07:24,2719497553,5424644,2963964,2,region7_918076228
2023-03-19 07:24,2719497553,0,5424644,2,region7_918076228
2023-03-19 07:24,2715211622,7028736,1359872,2,region7_918076247
2023-03-19 07:24,2719648390,0,2586539,2,region7_918076228
2023-03-19 07:24,2717560647,0,443449,2,region7_918076244
2023-03-19 07:24,2719519092,0,128,2,region7_918076231
2023-03-19 07:24,2717763264,7340032,1048576,5,region7_918076230
2023-03-19 07:24,2717763264,5242880,1048576,5,region7_918076230
2023-03-19 07:24,2717763264,3145728,1048576,5,region7_918076230
2023-03-19 07:24,2717763264,1048576,1048576,5,region7_918076230
2023-03-19 07:24,2717763264,0,1048576,5,region7_918076230
2023-03-19 07:24,2717763264,8388608,92960,5,region7_918076230
2023-03-19 07:24,2717763264,6291456,1048576,5,region7_918076230
2023-03-19 07:24,2717763264,4194304,1048576,5,region7_918076230
2023-03-19 07:24,2717763264,2097152,1048576,5,region7_918076230
2023-03-19 07:24,2715967097,1088,96,2,region7_918076231
2023-03-19 07:24,2716370818,0,512,2,region7_918076231
2023-03-19 07:24,2718254862,0,4206508,2,region7_918076228
2023-03-19 07:24,2719782479,5575168,2906400,2,region7_918076231
2023-03-19 07:24,2715710966,14269440,1310720,2,region7_918076231
2023-03-19 07:24,2715710966,14560000,1310720,2,region7_918076231
2023-03-19 07:24,2715710966,11648000,1310720,2,region7_918076231
2023-03-19 07:24,2714931608,0,2304,2,region7_918076231
2023-03-19 07:24,2719309145,0,7606992,2,region7_918076228
2023-03-19 07:24,2717000381,0,3736829,2,region7_918076232
2023-03-19 07:24,2715710966,18782720,1310720,2,region7_918076231
2023-03-19 07:24,2715710966,23296000,1310720,2,region7_918076231
2023-03-19 07:24,2717694436,0,5153792,2,region7_918076231
2023-03-19 07:24,2717952926,0,3937980,4,region7_918076232
2023-03-19 07:24,2714737935,2029722,161407,2,region7_918076228
2023-03-19 07:24,2714737935,0,332804,2,region7_918076228
2023-03-19 07:24,2714696379,0,1280,2,region7_918076231
2023-03-19 07:24,2717014501,0,99780,2,region7_918076228
2023-03-19 07:24,2715386474,0,71465,2,region7_918076228
2023-03-19 07:24,2714994862,0,43986,2,region7_918076228
2023-03-19 07:24,2715710966,27518720,536512,2,region7_918076231
2023-03-19 07:24,2715710966,25917440,1310720,2,region7_918076231
2023-03-19 07:24,2715977080,1292757,7095851,2,region7_918076228
2023-03-19 07:24,2719869874,0,7523723,3,region7_918076226
2023-03-19 07:24,2716127640,6101295,1048576,2,region7_918076228
2023-03-19 07:24,2718075509,607456,48,2,region7_918076231
2023-03-19 07:24,2717553503,631885,1048576,2,region7_918076228
2023-03-19 07:24,2716370818,0,512,2,region7_918076231
2023-03-19 07:24,2716370818,0,512,2,region7_918076231
2023-03-19 07:24,2719554900,1675552,48,2,region7_918076231
2023-03-19 07:24,2719622493,1831972,61184,2,region7_918076231
2023-03-19 07:24,2716042055,2103216,2064928,2,region7_918076231
2023-03-19 07:24,2714955055,6528614,1859994,2,region7_918076229
2023-03-19 07:24,2714955055,0,6528614,2,region7_918076229
2023-03-19 07:24,2716370818,0,512,2,region7_918076231
2023-03-19 07:24,2714820318,0,419984,2,region7_918076229
2023-03-19 07:24,2716548524,0,3240878,2,region7_918076235
2023-03-19 07:24,2716783714,0,17895,2,region7_918076231
2023-03-19 07:24,2718176465,0,339464,2,region7_918076231
2023-03-19 07:24,2718066226,0,84424,2,region7_918076236
2023-03-19 07:24,2714961086,0,2448580,2,region7_918076228
2023-03-19 07:24,2718033628,0,2045777,2,region7_918076234
2023-03-19 07:24,2714961086,2448580,8388608,2,region7_918076228
2023-03-19 07:24,2714961086,10837188,3991246,2,region7_918076228
2023-03-19 07:24,2717854153,0,8369433,3,region7_918076226
2023-03-19 07:24,2719850788,1563698,48,2,region7_918076231
2023-03-19 07:24,2718098665,0,417757,2,region7_918076237
2023-03-19 07:24,2718141182,0,14426,2,region7_918076231
2023-03-19 07:24,2714815360,0,444808,2,region7_918076229
2023-03-19 07:24,2715518711,978572,7410036,2,region7_918076235
2023-03-19 07:24,2719779111,0,1017234,5,region7_918076230
2023-03-19 07:24,2717764425,0,3044309,6,region7_918076230
2023-03-19 07:24,2716966430,0,176,2,region7_918076231
2023-03-19 07:24,2714794316,0,413528,2,region7_918076229
2023-03-19 07:24,2718879043,7506257,882351,2,region7_918076228
2023-03-19 07:24,2715563880,0,414370,2,region7_918076229
2023-03-19 07:24,2716508213,849250,2747428,2,region7_918076244
2023-03-19 07:24,2714878035,0,1856,2,region7_918076231
2023-03-19 07:24,2719601257,7594144,70208,2,region7_918076231
2023-03-19 07:24,2718141864,0,3080482,6,region7_918076230
2023-03-19 07:24,2717906483,543200,16384,2,region7_918076244
2023-03-19 07:24,2717976316,0,256,2,region7_918076231
2023-03-19 07:24,2717920514,0,1048576,5,region7_918076230
2023-03-19 07:24,2717935209,0,22299,2,region7_918076236
2023-03-19 07:24,2717787902,0,8388608,2,region7_918076232
2023-03-19 07:24,2717920514,1048576,1048576,5,region7_918076230
2023-03-19 07:24,2717920514,2097152,1048576,5,region7_918076230
2023-03-19 07:24,2717920514,3145728,1048576,5,region7_918076230
2023-03-19 07:24,2718075611,0,319373,2,region7_918076231
2023-03-19 07:24,2714931608,0,2304,2,region7_918076231
2023-03-19 07:24,2717668948,0,1024,2,region7_918076231
2023-03-19 07:24,2718075611,0,319373,2,region7_918076231
2023-03-19 07:24,2714995435,5165716,495907,2,region7_918076244
2023-03-19 07:24,2714995435,0,3372741,2,region7_918076244
2023-03-19 07:24,2718075611,0,319373,2,region7_918076231
2023-03-19 07:24,2715386474,0,71465,2,region7_918076228
2023-03-19 07:24,2719876945,9668492,57344,2,region7_918076231
2023-03-19 07:24,2714847726,0,352252,2,region7_918076229
2023-03-19 07:24,2715428121,1987248,724007,2,region7_918076228
2023-03-19 07:24,2715428121,0,1747257,2,region7_918076228
2023-03-19 07:24,2715173185,2253625,162042,2,region7_918076237
2023-03-19 07:24,2714732455,0,474977,2,region7_918076229
2023-03-19 07:24,2717229173,0,176,2,region7_918076231
2023-03-19 07:24,2714955055,2334310,1048576,2,region7_918076229
2023-03-19 07:24,2714955055,237158,1048576,2,region7_918076229
2023-03-19 07:24,2714955055,7577190,811418,2,region7_918076229
2023-03-19 07:24,2714955055,6528614,1048576,2,region7_918076229
2023-03-19 07:24,2714955055,5480038,1048576,2,region7_918076229
2023-03-19 07:24,2714955055,4431462,1048576,2,region7_918076229
2023-03-19 07:24,2714955055,3382886,1048576,2,region7_918076229
2023-03-19 07:24,2714955055,1285734,1048576,2,region7_918076229
2023-03-19 07:24,2714955055,0,237158,2,region7_918076229
2023-03-19 07:24,2718180276,3145728,893114,5,region7_918076230
2023-03-19 07:24,2718180276,1048576,1048576,5,region7_918076230
2023-03-19 07:24,2718180276,2097152,1048576,5,region7_918076230
2023-03-19 07:24,2718180276,0,1048576,5,region7_918076230
2023-03-19 07:24,2714789316,0,420543,2,region7_918076229
2023-03-19 07:24,2715163101,0,354980,2,region7_918076229
2023-03-19 07:24,2719820186,0,8388608,4,region7_918076238
2023-03-19 07:24,2717229173,0,784960,2,region7_918076231
2023-03-19 07:24,2718023864,0,7043065,4,region7_918076245
2023-03-19 07:24,2718087556,0,1064960,2,region7_918076247
2023-03-19 07:24,2719686556,0,3050456,6,region7_918076230
2023-03-19 07:24,2719795456,14800059,238,2,region7_918076228
2023-03-19 07:24,2717772449,3180640,54080,2,region7_918076231
2023-03-19 07:24,2714820318,0,419984,2,region7_918076229
2023-03-19 07:24,2717229173,0,1011232,2,region7_918076231
2023-03-19 07:24,2719594242,0,128,2,region7_918076231
2023-03-19 07:24,2719751210,0,4038842,2,region7_918076231
2023-03-19 07:24,2714961086,0,2448580,2,region7_918076229
2023-03-19 07:24,2717754595,3065120,141760,2,region7_918076231
2023-03-19 07:24,2717977655,0,11069,1,region7_918076226
2023-03-19 07:24,2718087556,1064960,2125824,2,region7_918076247
2023-03-19 07:24,2718131794,12795876,48,2,region7_918076231
2023-03-19 07:24,2718307799,0,2811378,2,region7_918076228
2023-03-19 07:24,2718620520,0,4107677,2,region7_918076244
2023-03-19 07:24,2718620520,4107677,189261,2,region7_918076244
2023-03-19 07:24,2714961086,2448580,8388608,2,region7_918076229
2023-03-19 07:24,2714794887,0,405840,2,region7_918076229
2023-03-19 07:24,2718231870,0,8388608,4,region7_918076232
2023-03-19 07:24,2714803601,0,1862,2,region7_918076228
2023-03-19 07:24,2718266243,0,8481568,2,region7_918076234
2023-03-19 07:24,2714961086,10837188,3991246,2,region7_918076229
2023-03-19 07:24,2715208825,0,176,2,region7_918076231
2023-03-19 07:24,2715208825,0,8192,2,region7_918076231
2023-03-19 07:24,2718087556,5308416,2101248,2,region7_918076247
2023-03-19 07:24,2718087556,3190784,2117632,2,region7_918076247
2023-03-19 07:24,2718934038,0,8672,2,region7_918076231
2023-03-19 07:24,2717711651,0,7585879,3,region7_918076226
2023-03-19 07:24,2717881840,0,7030315,4,region7_918076245
2023-03-19 07:24,2714914103,0,8388608,2,region7_918076227
2023-03-19 07:24,2717881925,0,7013898,4,region7_918076245
2023-03-19 07:24,2718004580,7987840,461696,2,region7_918076231
2023-03-19 07:24,2718307799,2811378,5577230,2,region7_918076228
2023-03-19 07:24,2717707429,28284,2273397,2,region7_918076244
2023-03-19 07:24,2717794506,0,3369,5,region7_918076230
2023-03-19 07:24,2718087556,7409664,978944,2,region7_918076247
2023-03-19 07:24,2719718028,0,820,2,region7_918076231
2023-03-19 07:24,2717797876,523632,2071113,2,region7_918076228
2023-03-19 07:24,2714949652,4945792,119808,2,region7_918076231
2023-03-19 07:24,2718266243,7158192,1323376,2,region7_918076234
2023-03-19 07:24,2718283643,0,1844,2,region7_918076231
2023-03-19 07:24,2719625925,1797352,1948840,2,region7_918076237
2023-03-19 07:24,2716066567,0,7655964,2,region7_918076232
2023-03-19 07:24,2719778399,0,1757094,3,region7_918076237
2023-03-19 07:24,2716926772,0,104320,2,region7_918076231
2023-03-19 07:24,2715937025,1926025,411171,2,region7_918076228
2023-03-19 07:24,2715937025,0,1879294,2,region7_918076228
2023-03-19 07:24,2714734071,0,128,2,region7_918076231
2023-03-19 07:24,2714688048,0,8388608,2,region7_918076232
2023-03-19 07:24,2715720275,6602446,1048576,2,region7_918076235
2023-03-19 07:24,2715720275,4986988,2664034,2,region7_918076235
2023-03-19 07:24,2715277412,0,54016,2,region7_918076231
2023-03-19 07:24,2718089792,0,8367536,3,region7_918076226
2023-03-19 07:24,2715616759,0,8388608,2,region7_918076232
2023-03-19 07:24,2714794316,0,413527,2,region7_918076229
2023-03-19 07:24,2714815360,0,444808,2,region7_918076229
2023-03-19 07:24,2718167972,4763744,118912,2,region7_918076231
2023-03-19 07:24,2715720275,0,2214093,2,region7_918076235
2023-03-19 07:24,2715720275,4265970,517837,2,region7_918076235
2023-03-19 07:24,2717723840,2756466,52096,2,region7_918076231
2023-03-19 07:24,2718049280,595082,177794,2,region7_918076228
2023-03-19 07:24,2718098665,0,417757,2,region7_918076244
2023-03-19 07:24,2718256550,792385,3438817,2,region7_918076228
2023-03-19 07:24,2718256550,0,792385,2,region7_918076228
2023-03-19 07:25,2717923269,0,625316,2,region7_918076232
2023-03-19 07:25,2718273765,0,6648276,3,region7_918076226
2023-03-19 07:25,2715386474,0,71465,2,region7_918076228
2023-03-19 07:25,2718056741,0,2331751,2,region7_918076232
2023-03-19 07:25,2717729935,0,8388608,2,region7_918076237
2023-03-19 07:25,2718049280,595082,177794,2,region7_918076228
2023-03-19 07:25,2718311963,0,20342,2,region7_918076236
2023-03-19 07:25,2714998948,701570,7687038,2,region7_918076227
2023-03-19 07:25,2715469394,190042,1098170,2,region7_918076228
2023-03-19 07:25,2717926921,0,6649715,2,region7_918076228
2023-03-19 07:25,2714737935,307806,24998,2,region7_918076228
2023-03-19 07:25,2714737935,2029722,161407,2,region7_918076228
2023-03-19 07:25,2717459472,0,176,2,region7_918076231
2023-03-19 07:25,2718411027,3819968,48,2,region7_918076231
2023-03-19 07:25,2715277412,0,54016,2,region7_918076231
2023-03-19 07:25,2717785553,0,7088391,5,region7_918076230
2023-03-19 07:25,2716663657,348765,736702,1,region7_918076237
2023-03-19 07:25,2716663657,0,348765,1,region7_918076237
2023-03-19 07:25,2718148450,885781,7502827,2,region7_918076227
2023-03-19 07:25,2718294550,0,4038842,5,region7_918076230
2023-03-19 07:25,2717785553,0,3081909,6,region7_918076230
2023-03-19 07:25,2718470750,3145728,893114,5,region7_918076230
2023-03-19 07:25,2718470750,1048576,1048576,5,region7_918076230
2023-03-19 07:25,2718470750,2097152,1048576,5,region7_918076230
2023-03-19 07:25,2718470750,0,1048576,5,region7_918076230
2023-03-19 07:25,2715820802,2429971,122328,2,region7_918076228
2023-03-19 07:25,2716122739,0,2824748,2,region7_918076228
2023-03-19 07:25,2716663657,2558871,736702,1,region7_918076237
2023-03-19 07:25,2716663657,1822169,736702,1,region7_918076237
2023-03-19 07:25,2716663657,1085467,736702,1,region7_918076237
2023-03-19 07:25,2718049280,595082,177794,2,region7_918076228
2023-03-19 07:25,2718403462,0,3066500,6,region7_918076230
2023-03-19 07:25,2716122739,3219591,19763,2,region7_918076228
2023-03-19 07:25,2716920211,4167784,481974,2,region7_918076228
2023-03-19 07:25,2716920211,600439,3567345,2,region7_918076228
2023-03-19 07:25,2717958574,0,7019679,5,region7_918076230
2023-03-19 07:25,2716663657,4032275,736702,1,region7_918076237
2023-03-19 07:25,2716663657,3295573,736702,1,region7_918076237
2023-03-19 07:25,2715700789,0,3817447,2,region7_918076228
2023-03-19 07:25,2714814549,1367992,147084,2,region7_918076237
2023-03-19 07:25,2718159261,0,25165824,3,region7_918076237
2023-03-19 07:25,2716663657,4768977,736702,1,region7_918076237
2023-03-19 07:25,2716663657,6242381,736702,1,region7_918076237
2023-03-19 07:25,2716663657,5505679,736702,1,region7_918076237
2023-03-19 07:25,2717958574,0,3052035,6,region7_918076230
2023-03-19 07:25,2716663657,6979083,736702,1,region7_918076237
2023-03-19 07:25,2716663657,7715785,736702,1,region7_918076237
2023-03-19 07:25,2718210485,0,7596809,3,region7_918076226
2023-03-19 07:25,2718221642,0,4038842,2,region7_918076231
2023-03-19 07:25,2716663657,9189189,736702,1,region7_918076237
2023-03-19 07:25,2716663657,9925891,736702,1,region7_918076237
2023-03-19 07:25,2716663657,8452487,736702,1,region7_918076237
2023-03-19 07:25,2718049280,595082,177794,2,region7_918076228
2023-03-19 07:25,2715265264,0,8388608,2,region7_918076235
2023-03-19 07:25,2717245852,0,1692,2,region7_918076228
2023-03-19 07:25,2718496574,44148,640950,2,region7_918076235
2023-03-19 07:25,2716663657,10662593,736702,1,region7_918076237
2023-03-19 07:25,2716663657,11399295,736702,1,region7_918076237
2023-03-19 07:25,2718109399,6291456,1048576,5,region7_918076230
2023-03-19 07:25,2718109399,4194304,1048576,5,region7_918076230
2023-03-19 07:25,2718109399,2097152,1048576,5,region7_918076230
2023-03-19 07:25,2718109399,0,1048576,5,region7_918076230
2023-03-19 07:25,2718109399,3145728,1048576,5,region7_918076230
2023-03-19 07:25,2718109399,1048576,1048576,5,region7_918076230
2023-03-19 07:25,2718109399,7340032,1048576,5,region7_918076230
2023-03-19 07:25,2718109399,5242880,1048576,5,region7_918076230
2023-03-19 07:25,2718203708,0,3867012,4,region7_918076232
2023-03-19 07:25,2718422743,3002176,150336,2,region7_918076231
2023-03-19 07:25,2718547713,3341656,393492,2,region7_918076231
2023-03-19 07:25,2719908285,0,8481568,6,region7_918076242
2023-03-19 07:25,2717945839,4535908,3852700,2,region7_918076244
2023-03-19 07:25,2716663657,12135997,39172,1,region7_918076237
2023-03-19 07:25,2718000483,0,176,2,region7_918076231
2023-03-19 07:25,2717964252,5659904,83072,2,region7_918076231
2023-03-19 07:25,2718053027,0,256,2,region7_918076231
2023-03-19 07:25,2715126986,0,319258,2,region7_918076231
2023-03-19 07:25,2716955970,0,176,2,region7_918076231
2023-03-19 07:25,2717945839,0,1070280,2,region7_918076244
2023-03-19 07:25,2714779590,0,56493,2,region7_918076231
2023-03-19 07:25,2714959174,0,8388608,2,region7_918076235
2023-03-19 07:25,2718547713,3735148,303694,2,region7_918076231
2023-03-19 07:25,2717081453,0,2339331,2,region7_918076228
2023-03-19 07:25,2718029187,0,344064,2,region7_918076236
2023-03-19 07:25,2717110910,0,245100,2,region7_918076231
2023-03-19 07:25,2718552752,7360512,1028096,2,region7_918076238
2023-03-19 07:25,2718552752,5271552,2088960,2,region7_918076238
2023-03-19 07:25,2718552752,3178496,2093056,2,region7_918076238
2023-03-19 07:25,2718552752,1089536,2088960,2,region7_918076238
2023-03-19 07:25,2718552752,0,1089536,2,region7_918076238
2023-03-19 07:25,2717081453,2339331,5804636,2,region7_918076228
2023-03-19 07:25,2717929003,0,8381300,3,region7_918076226
2023-03-19 07:25,2717952973,0,3045706,6,region7_918076230
2023-03-19 07:25,2718029187,4579328,2105344,2,region7_918076236
2023-03-19 07:25,2718029187,344064,2113536,2,region7_918076236
2023-03-19 07:25,2718029187,6684672,1703936,2,region7_918076236
2023-03-19 07:25,2718029187,2457600,2121728,2,region7_918076236
2023-03-19 07:25,2717110910,0,245100,2,region7_918076231
2023-03-19 07:25,2717952973,0,7005123,5,region7_918076230
2023-03-19 07:25,2716242879,2698835,2109572,2,region7_918076228
2023-03-19 07:25,2717110910,0,245100,2,region7_918076231
2023-03-19 07:25,2715071913,0,8388608,2,region7_918076227
2023-03-19 07:25,2718366941,7340032,1048576,5,region7_918076230
2023-03-19 07:25,2718366941,5242880,1048576,5,region7_918076230
2023-03-19 07:25,2718366941,4194304,1048576,5,region7_918076230
2023-03-19 07:25,2718366941,0,1048576,5,region7_918076230
2023-03-19 07:25,2718366941,6291456,1048576,5,region7_918076230
2023-03-19 07:25,2718366941,3145728,1048576,5,region7_918076230
2023-03-19 07:25,2718366941,2097152,1048576,5,region7_918076230
2023-03-19 07:25,2718366941,1048576,1048576,5,region7_918076230
2023-03-19 07:25,2717721015,0,3066072,6,region7_918076230
2023-03-19 07:25,2717872804,0,1470464,2,region7_918076233
2023-03-19 07:25,2717890886,15806012,52992,2,region7_918076231
2023-03-19 07:25,2718114439,0,8370106,3,region7_918076226
2023-03-19 07:25,2716185999,0,1838953,2,region7_918076228
2023-03-19 07:25,2716185999,1838953,2231080,2,region7_918076228
2023-03-19 07:25,2717872804,1470464,2121728,2,region7_918076233
2023-03-19 07:25,2715522048,0,1902794,2,region7_918076232
2023-03-19 07:25,2718077841,0,782782,2,region7_918076231
2023-03-19 07:25,2718427339,34947936,78720,2,region7_918076231
2023-03-19 07:25,2717872804,3592192,2117632,2,region7_918076233
2023-03-19 07:25,2714837320,0,6284191,2,region7_918076227
2023-03-19 07:25,2714789316,0,420543,2,region7_918076229
2023-03-19 07:25,2715288724,0,1505,2,region7_918076231
2023-03-19 07:25,2716308727,0,44307,2,region7_918076228
2023-03-19 07:25,2715929456,0,6282521,2,region7_918076232
2023-03-19 07:25,2717746145,0,1152,2,region7_918076231
2023-03-19 07:25,2717872804,5709824,2117632,2,region7_918076233
2023-03-19 07:25,2718411987,0,8388608,4,region7_918076238
2023-03-19 07:25,2717872804,7827456,561152,2,region7_918076233
2023-03-19 07:25,2716710392,0,176,2,region7_918076231
2023-03-19 07:25,2716308727,44307,912908,2,region7_918076228
2023-03-19 07:25,2718562417,0,4038842,6,region7_918076230
2023-03-19 07:25,2716035539,1631606,712302,2,region7_918076244
2023-03-19 07:25,2717981389,0,1440,2,region7_918076231
2023-03-19 07:25,2715596748,3362364,778431,2,region7_918076228
2023-03-19 07:25,2718136956,0,8388608,4,region7_918076232
2023-03-19 07:25,2716224894,1750,64,2,region7_918076231
2023-03-19 07:25,2716507276,16991460,48,2,region7_918076231
2023-03-19 07:25,2718041352,0,508708,5,region7_918076230
2023-03-19 07:25,2715234447,0,5742162,2,region7_918076232
2023-03-19 07:25,2718107506,0,15171,5,region7_918076230
2023-03-19 07:25,2717973467,0,8388608,4,region7_918076238
2023-03-19 07:25,2718446741,4562704,3918864,2,region7_918076231
2023-03-19 07:25,2718446741,0,5738064,2,region7_918076231
2023-03-19 07:25,2717750399,6579872,191296,2,region7_918076231
2023-03-19 07:25,2717988482,1048576,886979,5,region7_918076230
2023-03-19 07:25,2717988482,0,1048576,5,region7_918076230
2023-03-19 07:25,2718077841,0,4038842,2,region7_918076231
2023-03-19 07:25,2718268017,0,8388608,4,region7_918076232
2023-03-19 07:25,2718630122,0,118578,2,region7_918076247
2023-03-19 07:25,2717955829,0,1048576,5,region7_918076230
2023-03-19 07:25,2717955829,3145728,893114,5,region7_918076230
2023-03-19 07:25,2717955829,2097152,1048576,5,region7_918076230
2023-03-19 07:25,2717955829,1048576,1048576,5,region7_918076230
2023-03-19 07:25,2715024707,1538245,1884593,2,region7_918076228
2023-03-19 07:25,2717975030,0,826410,5,region7_918076242
2023-03-19 07:25,2718093245,0,256,2,region7_918076231
2023-03-19 07:25,2718349323,0,3065107,6,region7_918076230
2023-03-19 07:25,2715900104,3042800,388907,2,region7_918076228
2023-03-19 07:25,2718496540,0,2599,2,region7_918076231
2023-03-19 07:25,2718245026,0,24792,2,region7_918076236
2023-03-19 07:25,2718335828,3554652,262328,2,region7_918076231
2023-03-19 07:25,2718588387,0,8388608,2,region7_918076227
2023-03-19 07:25,2717117819,0,479232,2,region7_918076236
2023-03-19 07:25,2718247916,3414208,53504,2,region7_918076231
2023-03-19 07:25,2717765247,0,176,2,region7_918076231
2023-03-19 07:25,2717775313,0,176,2,region7_918076231
2023-03-19 07:25,2718049280,595082,177794,2,region7_918076228
2023-03-19 07:25,2715700789,0,3817447,2,region7_918076244
2023-03-19 07:25,2714959174,0,8388608,2,region7_918076235
2023-03-19 07:25,2718114557,0,8388608,2,region7_918076227
2023-03-19 07:25,2717023678,0,6325530,2,region7_918076237
2023-03-19 07:25,2717936117,386920,736702,1,region7_918076237
2023-03-19 07:25,2717936117,0,386920,1,region7_918076237
2023-03-19 07:25,2717117819,479232,2105344,2,region7_918076236
2023-03-19 07:25,2718282430,0,21228,2,region7_918076236
2023-03-19 07:25,2715058773,3206,1780,2,region7_918076231
2023-03-19 07:25,2717184266,0,176,2,region7_918076231
2023-03-19 07:25,2717911559,8317056,71552,2,region7_918076228
2023-03-19 07:25,2717936117,1123622,736702,1,region7_918076237
2023-03-19 07:25,2717117819,2584576,2105344,2,region7_918076236
2023-03-19 07:25,2714976528,2135363,6253245,2,region7_918076228
2023-03-19 07:25,2714976528,1337778,797585,2,region7_918076228
2023-03-19 07:25,2718016412,2986643,5401965,2,region7_918076228
2023-03-19 07:25,2718098665,0,417757,2,region7_918076228
2023-03-19 07:25,2718098665,0,417757,2,region7_918076228
2023-03-19 07:25,2715706093,438470,2451306,2,region7_918076244
2023-03-19 07:25,2715706093,0,438470,2,region7_918076244
2023-03-19 07:25,2717936117,2597026,736702,1,region7_918076237
2023-03-19 07:25,2717936117,1860324,736702,1,region7_918076237
2023-03-19 07:25,2717117819,4689920,2105344,2,region7_918076236
2023-03-19 07:25,2715706093,2889776,1229739,2,region7_918076244
2023-03-19 07:25,2715076941,0,176,2,region7_918076231
2023-03-19 07:25,2718760177,6651482,1243852,2,region7_918076228
2023-03-19 07:25,2717911559,0,1523395,2,region7_918076228
2023-03-19 07:25,2717936117,3333728,736702,1,region7_918076237
2023-03-19 07:25,2718180257,0,2036,6,region7_918076242
2023-03-19 07:25,2717023678,6325530,2063078,2,region7_918076237
2023-03-19 07:25,2718439060,0,9140468,5,region7_918076230
2023-03-19 07:25,2718483980,0,8377061,3,region7_918076226
2023-03-19 07:25,2718439060,0,4154758,6,region7_918076230
2023-03-19 07:25,2717911559,1523395,6793661,2,region7_918076228
2023-03-19 07:25,2717936117,4070430,736702,1,region7_918076237
2023-03-19 07:25,2717936117,4807132,736702,1,region7_918076237
2023-03-19 07:25,2717954457,7340032,1048576,5,region7_918076230
2023-03-19 07:25,2717954457,5242880,1048576,5,region7_918076230
2023-03-19 07:25,2717954457,3145728,1048576,5,region7_918076230
2023-03-19 07:25,2717954457,2097152,1048576,5,region7_918076230
2023-03-19 07:25,2717954457,1048576,1048576,5,region7_918076230
2023-03-19 07:25,2717954457,0,1048576,5,region7_918076230
2023-03-19 07:25,2717954457,4194304,1048576,5,region7_918076230
2023-03-19 07:25,2717954457,6291456,1048576,5,region7_918076230
2023-03-19 07:25,2717117819,6795264,1593344,2,region7_918076236
2023-03-19 07:25,2717936117,6280536,736702,1,region7_918076237
2023-03-19 07:25,2717936117,5543834,736702,1,region7_918076237
2023-03-19 07:25,2718245026,0,24792,2,region7_918076236
2023-03-19 07:25,2718306042,0,8035545,3,region7_918076226
2023-03-19 07:25,2717923395,3761696,143360,2,region7_918076231
2023-03-19 07:25,2717936117,7017238,736702,1,region7_918076237
2023-03-19 07:25,2718188933,2083088,1955754,2,region7_918076231
2023-03-19 07:25,2718188933,0,2141648,2,region7_918076231
2023-03-19 07:25,2718747682,0,4124713,4,region7_918076232
2023-03-19 07:25,2717936117,8490642,736702,1,region7_918076237
2023-03-19 07:25,2717936117,7753940,736702,1,region7_918076237
2023-03-19 07:25,2717951410,0,3084380,6,region7_918076230
2023-03-19 07:25,2714688048,0,8388608,2,region7_918076232
2023-03-19 07:25,2718392208,0,36490,2,region7_918076233
2023-03-19 07:25,2717936117,9227344,736702,1,region7_918076237
2023-03-19 07:25,2717944065,0,606208,2,region7_918076233
2023-03-19 07:25,2715365647,4505973,519483,2,region7_918076228
2023-03-19 07:25,2714931608,0,2304,2,region7_918076231
2023-03-19 07:25,2717936117,10700748,736702,1,region7_918076237
2023-03-19 07:25,2717936117,9964046,736702,1,region7_918076237
2023-03-19 07:25,2718095138,4238541,4150067,2,region7_918076237
2023-03-19 07:25,2717936117,11437450,699564,1,region7_918076237
2023-03-19 07:25,2718093514,0,8481568,5,region7_918076230
2023-03-19 07:25,2718095138,0,1755956,2,region7_918076237
2023-03-19 07:25,2718008826,0,8388608,4,region7_918076232
2023-03-19 07:25,2718094171,3483648,171264,2,region7_918076231
2023-03-19 07:25,2718093514,0,4038842,6,region7_918076230
2023-03-19 07:25,2717613897,1112101,1949235,2,region7_918076228
2023-03-19 07:25,2717944065,606208,2101248,2,region7_918076233
2023-03-19 07:25,2718358395,0,384,2,region7_918076231
2023-03-19 07:25,2715131976,741344,48,2,region7_918076231
2023-03-19 07:25,2715493571,0,8388608,2,region7_918076227
2023-03-19 07:25,2716773320,5009739,2160602,2,region7_918076228
2023-03-19 07:25,2717966560,0,253952,2,region7_918076233
2023-03-19 07:25,2718175038,1742325,3811581,2,region7_918076235
2023-03-19 07:25,2717180911,892160,37504,2,region7_918076231
2023-03-19 07:25,2718793582,6677984,1803584,2,region7_918076234
2023-03-19 07:25,2718793582,0,6677984,2,region7_918076234
2023-03-19 07:25,2714878366,0,1241088,2,region7_918076236
2023-03-19 07:25,2717966560,6578176,1810432,2,region7_918076233
2023-03-19 07:25,2717966560,2371584,2105344,2,region7_918076233
2023-03-19 07:25,2717966560,4476928,2101248,2,region7_918076233
2023-03-19 07:25,2717966560,253952,2117632,2,region7_918076233
2023-03-19 07:25,2718173649,0,8388608,4,region7_918076238
2023-03-19 07:25,2718630122,118578,2117632,2,region7_918076247
2023-03-19 07:25,2714878366,1241088,2134016,2,region7_918076236
2023-03-19 07:25,2714878366,7622656,765952,2,region7_918076236
2023-03-19 07:25,2714878366,3375104,2142208,2,region7_918076236
2023-03-19 07:25,2714878366,5517312,2105344,2,region7_918076236
2023-03-19 07:25,2714831273,0,8388608,2,region7_918076235
2023-03-19 07:25,2718307799,0,2811378,2,region7_918076228
2023-03-19 07:25,2717613897,0,3061336,2,region7_918076228
2023-03-19 07:25,2717613897,3061336,1201203,2,region7_918076228
2023-03-19 07:25,2718595243,0,8388608,2,region7_918076232
2023-03-19 07:25,2718853300,648896,628928,2,region7_918076231
2023-03-19 07:25,2718029728,0,4038842,6,region7_918076230
2023-03-19 07:25,2715792366,0,512,2,region7_918076231
2023-03-19 07:25,2718513759,8066172,322436,2,region7_918076228
2023-03-19 07:25,2718111738,0,2787048,2,region7_918076227
2023-03-19 07:25,2718111738,5604070,174946,2,region7_918076227
2023-03-19 07:25,2718111738,0,2421898,2,region7_918076227
2023-03-19 07:25,2718111738,4118271,4270337,2,region7_918076227
2023-03-19 07:25,2718111738,7196645,1191963,2,region7_918076227
2023-03-19 07:25,2718111738,3893762,168001,2,region7_918076227
2023-03-19 07:25,2715792366,0,512,2,region7_918076231
2023-03-19 07:25,2718513759,924401,170049,2,region7_918076228
2023-03-19 07:25,2718513759,3753359,3227747,2,region7_918076228
2023-03-19 07:25,2714835262,0,421384,2,region7_918076228
2023-03-19 07:25,2718804895,792075,1507208,2,region7_918076228
2023-03-19 07:25,2718203636,0,7012375,3,region7_918076226
2023-03-19 07:25,2715908162,828,1051344,2,region7_918076227
2023-03-19 07:25,2715908162,7751212,637396,2,region7_918076227
2023-03-19 07:25,2716515831,0,176,2,region7_918076231
2023-03-19 07:25,2715882395,0,79012,2,region7_918076244
2023-03-19 07:25,2718765026,7340032,1048576,5,region7_918076230
2023-03-19 07:25,2718765026,5242880,1048576,5,region7_918076230
2023-03-19 07:25,2718765026,4194304,1048576,5,region7_918076230
2023-03-19 07:25,2718765026,2097152,1048576,5,region7_918076230
2023-03-19 07:25,2718765026,3145728,1048576,5,region7_918076230
2023-03-19 07:25,2718765026,1048576,1048576,5,region7_918076230
2023-03-19 07:25,2718765026,0,1048576,5,region7_918076230
2023-03-19 07:25,2718765026,8388608,92960,5,region7_918076230
2023-03-19 07:25,2718765026,6291456,1048576,5,region7_918076230
2023-03-19 07:25,2718014158,0,461750,5,region7_918076230
2023-03-19 07:25,2714787800,0,8388608,2,region7_918076227
2023-03-19 07:25,2718282430,0,21228,2,region7_918076236
2023-03-19 07:25,2715386512,0,8388608,2,region7_918076227
2023-03-19 07:26,2718307799,0,2811378,2,region7_918076228
2023-03-19 07:26,2718307799,2811378,5577230,2,region7_918076228
2023-03-19 07:26,2718707457,0,4038842,2,region7_918076234
2023-03-19 07:26,2716683335,6322981,736595,2,region7_918076235
2023-03-19 07:26,2716683335,1789422,211377,2,region7_918076235
2023-03-19 07:26,2718606573,2097152,761251,5,region7_918076230
2023-03-19 07:26,2718606573,1048576,1048576,5,region7_918076230
2023-03-19 07:26,2718606573,0,1048576,5,region7_918076230
2023-03-19 07:26,2718610550,1363200,48,2,region7_918076231
2023-03-19 07:26,2714805791,5587247,97601,2,region7_918076228
2023-03-19 07:26,2715027021,2467219,1637911,2,region7_918076228
2023-03-19 07:26,2719017203,1048576,1048576,5,region7_918076230
2023-03-19 07:26,2719017203,0,1048576,5,region7_918076230
2023-03-19 07:26,2719017203,2097152,1048576,5,region7_918076230
2023-03-19 07:26,2715139173,645894,1048576,2,region7_918076228
2023-03-19 07:26,2718825490,0,8375712,3,region7_918076226
2023-03-19 07:26,2718902004,0,8388608,4,region7_918076232
2023-03-19 07:26,2719017203,3145728,893114,5,region7_918076230
2023-03-19 07:26,2718128805,5160960,2142208,2,region7_918076236
2023-03-19 07:26,2718128805,880640,2150400,2,region7_918076236
2023-03-19 07:26,2718128805,0,880640,2,region7_918076236
2023-03-19 07:26,2718128805,3031040,2129920,2,region7_918076236
2023-03-19 07:26,2717985646,0,8284029,2,region7_918076227
2023-03-19 07:26,2718227905,0,398276,4,region7_918076237
2023-03-19 07:26,2718413014,0,4780143,2,region7_918076237
2023-03-19 07:26,2718128805,7303168,1085440,2,region7_918076236
2023-03-19 07:26,2718254765,3662426,710728,2,region7_918076228
2023-03-19 07:26,2718254765,6549653,759456,2,region7_918076228
2023-03-19 07:26,2718482195,1081944,185600,2,region7_918076231
2023-03-19 07:26,2718630122,2236210,2105344,2,region7_918076247
2023-03-19 07:26,2714931608,0,2304,2,region7_918076231
2023-03-19 07:26,2718340769,0,6569201,2,region7_918076227
2023-03-19 07:26,2715736577,0,128,2,region7_918076231
2023-03-19 07:26,2717078613,0,6261123,2,region7_918076227
2023-03-19 07:26,2718593265,0,8388608,2,region7_918076237
2023-03-19 07:26,2718108360,2097152,1048576,5,region7_918076230
2023-03-19 07:26,2718108360,1048576,1048576,5,region7_918076230
2023-03-19 07:26,2718108360,0,1048576,5,region7_918076230
2023-03-19 07:26,2718656752,3300834,803170,2,region7_918076228
2023-03-19 07:26,2717747016,0,94208,2,region7_918076233
2023-03-19 07:26,2718774517,0,8388608,2,region7_918076227
2023-03-19 07:26,2718899218,7340032,1048576,5,region7_918076230
2023-03-19 07:26,2718899218,5242880,1048576,5,region7_918076230
2023-03-19 07:26,2718899218,3145728,1048576,5,region7_918076230
2023-03-19 07:26,2718899218,0,1048576,5,region7_918076230
2023-03-19 07:26,2718899218,6291456,1048576,5,region7_918076230
2023-03-19 07:26,2718899218,4194304,1048576,5,region7_918076230
2023-03-19 07:26,2718899218,2097152,1048576,5,region7_918076230
2023-03-19 07:26,2718899218,1048576,1048576,5,region7_918076230
2023-03-19 07:26,2718973331,0,4038842,2,region7_918076234
2023-03-19 07:26,2718052337,6291456,1048576,5,region7_918076230
2023-03-19 07:26,2718052337,4194304,1048576,5,region7_918076230
2023-03-19 07:26,2718052337,7340032,1048576,5,region7_918076230
2023-03-19 07:26,2718052337,5242880,1048576,5,region7_918076230
2023-03-19 07:26,2718052337,3145728,1048576,5,region7_918076230
2023-03-19 07:26,2718052337,2097152,1048576,5,region7_918076230
2023-03-19 07:26,2718052337,1048576,1048576,5,region7_918076230
2023-03-19 07:26,2718052337,0,1048576,5,region7_918076230
2023-03-19 07:26,2718108360,7340032,1048576,5,region7_918076230
2023-03-19 07:26,2718108360,6291456,1048576,5,region7_918076230
2023-03-19 07:26,2718108360,4194304,1048576,5,region7_918076230
2023-03-19 07:26,2718108360,3145728,1048576,5,region7_918076230
2023-03-19 07:26,2718108360,5242880,1048576,5,region7_918076230
2023-03-19 07:26,2718648250,0,3040338,6,region7_918076230
2023-03-19 07:26,2715047621,57937,6339,2,region7_918076233
2023-03-19 07:26,2718754429,7079264,48,2,region7_918076231
2023-03-19 07:26,2718102491,0,3077384,6,region7_918076230
2023-03-19 07:26,2715203249,1077149,3049411,2,region7_918076228
2023-03-19 07:26,2715203249,0,1077149,2,region7_918076228
2023-03-19 07:26,2715700789,0,3817447,2,region7_918076232
2023-03-19 07:26,2715362603,0,416569,2,region7_918076228
2023-03-19 07:26,2718340687,0,1763147,2,region7_918076245
2023-03-19 07:26,2718413014,4780143,3608465,2,region7_918076237
2023-03-19 07:26,2718426370,0,6999773,4,region7_918076245
2023-03-19 07:26,2717910880,4296904,4091704,2,region7_918076228
2023-03-19 07:26,2717945839,4535908,3852700,2,region7_918076244
2023-03-19 07:26,2718625290,0,3427,5,region7_918076230
2023-03-19 07:26,2716481545,0,8388608,2,region7_918076227
2023-03-19 07:26,2718479360,0,8388608,4,region7_918076238
2023-03-19 07:26,2717395366,0,1166446,2,region7_918076237
2023-03-19 07:26,2717395366,1166446,7222162,2,region7_918076237
2023-03-19 07:26,2718809533,0,21175,5,region7_918076230
2023-03-19 07:26,2718392208,0,36490,2,region7_918076233
2023-03-19 07:26,2717910880,0,4296904,2,region7_918076228
2023-03-19 07:26,2715929456,71480,6211035,2,region7_918076232
2023-03-19 07:26,2715929456,0,71480,2,region7_918076232
2023-03-19 07:26,2718666373,2097152,1048576,5,region7_918076230
2023-03-19 07:26,2718666373,0,1048576,5,region7_918076230
2023-03-19 07:26,2718666373,3145728,893114,5,region7_918076230
2023-03-19 07:26,2718666373,1048576,1048576,5,region7_918076230
2023-03-19 07:26,2718791432,0,13210,2,region7_918076234
2023-03-19 07:26,2718206744,0,8388608,2,region7_918076237
2023-03-19 07:26,2718267934,8342604,46004,2,region7_918076237
2023-03-19 07:26,2718425642,0,3437,2,region7_918076231
2023-03-19 07:26,2717945839,0,1070280,2,region7_918076244
2023-03-19 07:26,2719035943,0,4038842,6,region7_918076230
2023-03-19 07:26,2719035943,0,8481568,5,region7_918076230
2023-03-19 07:26,2718267934,0,8342604,2,region7_918076237
2023-03-19 07:26,2718791432,0,13210,2,region7_918076234
2023-03-19 07:26,2717073132,3163580,403712,2,region7_918076231
2023-03-19 07:26,2718681630,0,24002788,3,region7_918076237
2023-03-19 07:26,2719051305,8295686,92922,2,region7_918076228
2023-03-19 07:26,2718630122,4341554,1346062,2,region7_918076247
2023-03-19 07:26,2718216951,6651264,145664,2,region7_918076231
2023-03-19 07:26,2718402470,0,8382218,3,region7_918076226
2023-03-19 07:26,2718498506,0,8388608,4,region7_918076247
2023-03-19 07:26,2718994662,0,1408,2,region7_918076231
2023-03-19 07:26,2717460087,6770688,1617920,2,region7_918076238
2023-03-19 07:26,2717460087,0,569344,2,region7_918076238
2023-03-19 07:26,2717460087,2641920,2068480,2,region7_918076238
2023-03-19 07:26,2717460087,569344,2072576,2,region7_918076238
2023-03-19 07:26,2717460087,4710400,2060288,2,region7_918076238
2023-03-19 07:26,2718367984,2780818,250048,2,region7_918076231
2023-03-19 07:26,2717944065,2707456,2113536,2,region7_918076233
2023-03-19 07:26,2717945839,1070280,3465628,2,region7_918076244
2023-03-19 07:26,2719154213,2419673,1738569,2,region7_918076228
2023-03-19 07:26,2719154213,0,2419673,2,region7_918076228
2023-03-19 07:26,2715759656,8192,741037,2,region7_918076231
2023-03-19 07:26,2715759656,0,176,2,region7_918076231
2023-03-19 07:26,2716304520,0,176,2,region7_918076231
2023-03-19 07:26,2718471774,0,3053397,6,region7_918076230
2023-03-19 07:26,2714815977,0,3811890,2,region7_918076244
2023-03-19 07:26,2718166399,0,1664,2,region7_918076231
2023-03-19 07:26,2715759656,0,176,2,region7_918076231
2023-03-19 07:26,2719017005,0,411119,4,region7_918076237
2023-03-19 07:26,2718049280,595082,177794,2,region7_918076228
2023-03-19 07:26,2718224333,0,394697,4,region7_918076237
2023-03-19 07:26,2719139119,0,144443,2,region7_918076228
2023-03-19 07:26,2719139119,144443,3566871,2,region7_918076228
2023-03-19 07:26,2718156318,0,1048576,5,region7_918076230
2023-03-19 07:26,2718156318,1048576,1048576,5,region7_918076230
2023-03-19 07:26,2718184050,2097152,1048576,5,region7_918076230
2023-03-19 07:26,2718184050,0,1048576,5,region7_918076230
2023-03-19 07:26,2718184050,1048576,1048576,5,region7_918076230
2023-03-19 07:26,2718304075,0,6956688,3,region7_918076226
2023-03-19 07:26,2714857796,385,3812708,2,region7_918076244
2023-03-19 07:26,2715090669,3056093,194398,2,region7_918076244
2023-03-19 07:26,2715090669,4137482,16384,2,region7_918076244
2023-03-19 07:26,2715090669,4083406,3106,2,region7_918076244
2023-03-19 07:26,2715090669,3051798,3471,2,region7_918076244
2023-03-19 07:26,2718049280,595082,177794,2,region7_918076228
2023-03-19 07:26,2718156318,12582912,1048576,5,region7_918076230
2023-03-19 07:26,2718156318,10485760,1048576,5,region7_918076230
2023-03-19 07:26,2718156318,8388608,1048576,5,region7_918076230
2023-03-19 07:26,2718156318,5242880,1048576,5,region7_918076230
2023-03-19 07:26,2718156318,3145728,1048576,5,region7_918076230
2023-03-19 07:26,2718156318,13631488,1048576,5,region7_918076230
2023-03-19 07:26,2718156318,11534336,1048576,5,region7_918076230
2023-03-19 07:26,2718156318,7340032,1048576,5,region7_918076230
2023-03-19 07:26,2718156318,6291456,1048576,5,region7_918076230
2023-03-19 07:26,2718156318,4194304,1048576,5,region7_918076230
2023-03-19 07:26,2718156318,9437184,1048576,5,region7_918076230
2023-03-19 07:26,2718156318,2097152,1048576,5,region7_918076230
2023-03-19 07:26,2716337823,0,8388608,2,region7_918076235
2023-03-19 07:26,2718184050,6291456,1048576,5,region7_918076230
2023-03-19 07:26,2718184050,7340032,1048576,5,region7_918076230
2023-03-19 07:26,2718184050,5242880,1048576,5,region7_918076230
2023-03-19 07:26,2718184050,4194304,1048576,5,region7_918076230
2023-03-19 07:26,2718184050,3145728,1048576,5,region7_918076230
2023-03-19 07:26,2716115029,0,7878184,2,region7_918076237
2023-03-19 07:26,2719118125,0,494813,2,region7_918076237
2023-03-19 07:26,2718156318,26214400,209716,5,region7_918076230
2023-03-19 07:26,2718156318,25165824,1048576,5,region7_918076230
2023-03-19 07:26,2718156318,24117248,1048576,5,region7_918076230
2023-03-19 07:26,2718156318,22020096,1048576,5,region7_918076230
2023-03-19 07:26,2718156318,18874368,1048576,5,region7_918076230
2023-03-19 07:26,2718156318,16777216,1048576,5,region7_918076230
2023-03-19 07:26,2718156318,15728640,1048576,5,region7_918076230
2023-03-19 07:26,2718156318,14680064,1048576,5,region7_918076230
2023-03-19 07:26,2718156318,20971520,1048576,5,region7_918076230
2023-03-19 07:26,2718156318,23068672,1048576,5,region7_918076230
2023-03-19 07:26,2718156318,19922944,1048576,5,region7_918076230
2023-03-19 07:26,2718156318,17825792,1048576,5,region7_918076230
2023-03-19 07:26,2718305865,0,14368,2,region7_918076231
2023-03-19 07:26,2716165354,0,379561,2,region7_918076235
2023-03-19 07:26,2718206912,0,431824,4,region7_918076237
2023-03-19 07:26,2716104646,0,2432,2,region7_918076231
2023-03-19 07:26,2715236964,0,8388608,2,region7_918076235
2023-03-19 07:26,2718213231,0,7022500,4,region7_918076245
2023-03-19 07:26,2718703500,0,25165824,3,region7_918076237
2023-03-19 07:26,2719205903,0,7600613,3,region7_918076226
2023-03-19 07:26,2715345041,350902,308056,2,region7_918076228
2023-03-19 07:26,2718484106,0,4038842,5,region7_918076230
2023-03-19 07:26,2718049280,595082,177794,2,region7_918076228
2023-03-19 07:26,2718528627,0,1505850,4,region7_918076243
2023-03-19 07:26,2718399728,144896,303552,2,region7_918076231
2023-03-19 07:26,2718812526,0,8381339,3,region7_918076226
2023-03-19 07:26,2718043163,0,328382,2,region7_918076228
2023-03-19 07:26,2718307799,2811378,5577230,2,region7_918076228
2023-03-19 07:26,2718620520,0,4107677,2,region7_918076244
2023-03-19 07:26,2718620520,4107677,189261,2,region7_918076244
2023-03-19 07:26,2716127640,6101295,1048576,2,region7_918076228
2023-03-19 07:26,2718297476,0,7924,2,region7_918076231
2023-03-19 07:26,2717813312,1662017,160945,2,region7_918076228
2023-03-19 07:26,2718394954,0,4038842,6,region7_918076230
2023-03-19 07:26,2718628157,54252,2780285,2,region7_918076228
2023-03-19 07:26,2716127640,6101295,1048576,2,region7_918076228
2023-03-19 07:26,2716127640,6101295,1048576,2,region7_918076228
2023-03-19 07:26,2718568200,0,7439592,2,region7_918076244
2023-03-19 07:26,2718394954,0,8481568,5,region7_918076230
2023-03-19 07:26,2718594204,0,409674,4,region7_918076237
2023-03-19 07:26,2716127640,6101295,1048576,2,region7_918076228
2023-03-19 07:26,2717767565,0,128,2,region7_918076231
2023-03-19 07:26,2719137121,0,481775,5,region7_918076230
2023-03-19 07:26,2716187772,1465280,48,2,region7_918076231
2023-03-19 07:26,2718545750,0,679357,2,region7_918076232
2023-03-19 07:26,2718568200,7439592,949016,2,region7_918076244
2023-03-19 07:26,2715442606,0,7360,2,region7_918076231
2023-03-19 07:26,2718383309,0,3312922,2,region7_918076228
2023-03-19 07:26,2714732455,0,474977,2,region7_918076229
2023-03-19 07:26,2715518196,639668,1158721,2,region7_918076244
2023-03-19 07:26,2715518196,5539593,18523,2,region7_918076244
2023-03-19 07:26,2715518196,4509479,34886,2,region7_918076244
2023-03-19 07:26,2715518196,5558116,16384,2,region7_918076244
2023-03-19 07:26,2714931608,0,2304,2,region7_918076231
2023-03-19 07:26,2718349920,0,176,2,region7_918076231
2023-03-19 07:26,2718466733,0,8371975,3,region7_918076226
2023-03-19 07:26,2718978655,2672256,1366586,2,region7_918076231
2023-03-19 07:26,2714955055,4431462,1048576,2,region7_918076229
2023-03-19 07:26,2714955055,3382886,1048576,2,region7_918076229
2023-03-19 07:26,2714955055,237158,1048576,2,region7_918076229
2023-03-19 07:26,2714955055,7577190,811418,2,region7_918076229
2023-03-19 07:26,2714955055,6528614,1048576,2,region7_918076229
2023-03-19 07:26,2714955055,5480038,1048576,2,region7_918076229
2023-03-19 07:26,2714955055,2334310,1048576,2,region7_918076229
2023-03-19 07:26,2714955055,1285734,1048576,2,region7_918076229
2023-03-19 07:26,2714955055,0,237158,2,region7_918076229
2023-03-19 07:26,2715473224,0,176,2,region7_918076231
2023-03-19 07:26,2715596759,0,6600788,2,region7_918076227
2023-03-19 07:26,2719105533,0,7008032,4,region7_918076245
2023-03-19 07:26,2719275611,0,1662532,2,region7_918076228
2023-03-19 07:26,2718942448,3686912,232064,2,region7_918076231
2023-03-19 07:26,2719275611,1662532,6726076,2,region7_918076228
2023-03-19 07:26,2718388344,0,729924,2,region7_918076238
2023-03-19 07:26,2718500176,0,357331,5,region7_918076230
2023-03-19 07:26,2718592426,0,8388608,4,region7_918076232
2023-03-19 07:26,2714820318,0,419984,2,region7_918076229
2023-03-19 07:26,2718986282,0,512,2,region7_918076231
2023-03-19 07:26,2719023588,0,4788915,4,region7_918076232
2023-03-19 07:26,2718685545,0,4038842,2,region7_918076231
2023-03-19 07:26,2718919076,0,6177982,2,region7_918076231
2023-03-19 07:26,2718714293,4103865,4284743,2,region7_918076235
2023-03-19 07:26,2718714293,0,761793,2,region7_918076235
2023-03-19 07:26,2718672060,1036288,2105344,2,region7_918076236
2023-03-19 07:26,2718672060,0,1036288,2,region7_918076236
2023-03-19 07:26,2718702596,0,3169619,6,region7_918076230
2023-03-19 07:26,2718672060,5242880,2101248,2,region7_918076236
2023-03-19 07:26,2718672060,3141632,2101248,2,region7_918076236
2023-03-19 07:26,2718672060,7344128,1044480,2,region7_918076236
2023-03-19 07:26,2718646970,0,256,2,region7_918076231
2023-03-19 07:26,2717017300,0,8388608,2,region7_918076227
2023-03-19 07:26,2718311684,0,2138880,1,region7_918076226
2023-03-19 07:26,2715514927,1401770,77971,2,region7_918076228
2023-03-19 07:26,2715514927,5191697,1669382,2,region7_918076228
2023-03-19 07:26,2715514927,3103892,157075,2,region7_918076228
2023-03-19 07:26,2718338735,0,482489,2,region7_918076232
2023-03-19 07:26,2716052510,0,176,2,region7_918076231
2023-03-19 07:26,2718859878,0,81440,2,region7_918076231
2023-03-19 07:26,2718882388,0,6793076,3,region7_918076226
2023-03-19 07:26,2716241952,0,3756163,2,region7_918076228
2023-03-19 07:26,2716241952,2777772,1048576,2,region7_918076228
2023-03-19 07:26,2715986922,4095219,16384,2,region7_918076244
2023-03-19 07:26,2714705791,0,2644,2,region7_918076231
2023-03-19 07:26,2718311963,0,20342,2,region7_918076236
2023-03-19 07:26,2718384331,1048576,1048576,5,region7_918076230
2023-03-19 07:26,2718384331,2097152,1048576,5,region7_918076230
2023-03-19 07:26,2718384331,0,1048576,5,region7_918076230
2023-03-19 07:26,2715691641,0,8388608,2,region7_918076227
2023-03-19 07:26,2715986922,0,4050284,2,region7_918076244
2023-03-19 07:26,2715986922,4050284,3434,2,region7_918076244
2023-03-19 07:26,2715344305,5638391,1238829,2,region7_918076228
2023-03-19 07:26,2715344305,8270529,118079,2,region7_918076228
2023-03-19 07:26,2718384331,3145728,1048576,5,region7_918076230
2023-03-19 07:26,2718384331,7340032,1048576,5,region7_918076230
2023-03-19 07:26,2718384331,6291456,1048576,5,region7_918076230
2023-03-19 07:26,2718384331,5242880,1048576,5,region7_918076230
2023-03-19 07:26,2718384331,4194304,1048576,5,region7_918076230
2023-03-19 07:26,2718394128,0,7868172,2,region7_918076237
2023-03-19 07:26,2717944065,4820992,2109440,2,region7_918076233
2023-03-19 07:26,2718462922,6291456,1048576,5,region7_918076230
2023-03-19 07:26,2718462922,8388608,92960,5,region7_918076230
2023-03-19 07:26,2718462922,4194304,1048576,5,region7_918076230
2023-03-19 07:26,2718462922,3145728,1048576,5,region7_918076230
2023-03-19 07:26,2718462922,1048576,1048576,5,region7_918076230
2023-03-19 07:26,2718462922,7340032,1048576,5,region7_918076230
2023-03-19 07:26,2718462922,5242880,1048576,5,region7_918076230
2023-03-19 07:26,2718462922,2097152,1048576,5,region7_918076230
2023-03-19 07:26,2718462922,0,1048576,5,region7_918076230
2023-03-19 07:26,2718939640,1220448,48,2,region7_918076231
2023-03-19 07:26,2714937008,4881873,3273014,2,region7_918076235
2023-03-19 07:26,2714937008,298303,184152,2,region7_918076235
2023-03-19 07:26,2718540851,861107,101210,2,region7_918076245
2023-03-19 07:26,2715029022,0,12237,2,region7_918076231
2023-03-19 07:26,2717461073,0,7752187,2,region7_918076237
2023-03-19 07:26,2718559479,3295104,48,2,region7_918076231
2023-03-19 07:26,2718587457,0,922693,4,region7_918076258
2023-03-19 07:26,2714794316,0,413527,2,region7_918076229
2023-03-19 07:26,2714815360,0,444808,2,region7_918076229
2023-03-19 07:26,2717461073,7752187,636421,2,region7_918076237
2023-03-19 07:26,2715563880,0,414370,2,region7_918076229
2023-03-19 07:26,2718815407,0,7806145,3,region7_918076226
2023-03-19 07:26,2718978696,0,3095686,6,region7_918076230
2023-03-19 07:26,2718978696,0,7120077,5,region7_918076230
2023-03-19 07:26,2718741083,1392448,2415564,2,region7_918076244
2023-03-19 07:26,2718122026,3712,768,2,region7_918076231
2023-03-19 07:26,2719413380,39901,7362324,2,region7_918076237
2023-03-19 07:26,2718848524,0,1024724,6,region7_918076230
2023-03-19 07:27,2717156012,0,8388608,2,region7_918076227
2023-03-19 07:27,2716632851,0,8388608,2,region7_918076233
2023-03-19 07:27,2719422588,1142720,48,2,region7_918076231
2023-03-19 07:27,2719272038,0,7127455,4,region7_918076245
2023-03-19 07:27,2715542180,0,4711704,2,region7_918076228
2023-03-19 07:27,2718495463,0,8388608,4,region7_918076232
2023-03-19 07:27,2718565120,0,407416,4,region7_918076237
2023-03-19 07:27,2718995514,0,896,5,region7_918076230
2023-03-19 07:27,2719477294,0,2109440,2,region7_918076236
2023-03-19 07:27,2715323382,8344952,43656,2,region7_918076237
2023-03-19 07:27,2715323382,2785785,1269605,2,region7_918076237
2023-03-19 07:27,2715323382,6120411,98299,2,region7_918076237
2023-03-19 07:27,2715323382,798981,404095,2,region7_918076237
2023-03-19 07:27,2718026244,0,8388608,2,region7_918076235
2023-03-19 07:27,2714857796,3378895,224560,2,region7_918076228
2023-03-19 07:27,2714857796,596484,30855,2,region7_918076228
2023-03-19 07:27,2719181379,7808176,580432,2,region7_918076235
2023-03-19 07:27,2719477294,4255744,2121728,2,region7_918076236
2023-03-19 07:27,2719477294,6377472,2011136,2,region7_918076236
2023-03-19 07:27,2719477294,2109440,2146304,2,region7_918076236
2023-03-19 07:27,2715122629,0,30656,2,region7_918076231
2023-03-19 07:27,2719522188,3145728,978941,5,region7_918076230
2023-03-19 07:27,2719522188,2097152,1048576,5,region7_918076230
2023-03-19 07:27,2719522188,1048576,1048576,5,region7_918076230
2023-03-19 07:27,2719522188,0,1048576,5,region7_918076230
2023-03-19 07:27,2718576691,0,10093,2,region7_918076231
2023-03-19 07:27,2716219232,0,176,2,region7_918076231
2023-03-19 07:27,2717613897,0,1373587,2,region7_918076228
2023-03-19 07:27,2718567046,0,3058237,6,region7_918076230
2023-03-19 07:27,2718648154,2549952,1345088,2,region7_918076231
2023-03-19 07:27,2716390281,0,8388608,2,region7_918076227
2023-03-19 07:27,2719458141,5242880,1048576,5,region7_918076230
2023-03-19 07:27,2719458141,3145728,1048576,5,region7_918076230
2023-03-19 07:27,2719458141,1048576,1048576,5,region7_918076230
2023-03-19 07:27,2719458141,7340032,1048576,5,region7_918076230
2023-03-19 07:27,2719458141,6291456,1048576,5,region7_918076230
2023-03-19 07:27,2719458141,4194304,1048576,5,region7_918076230
2023-03-19 07:27,2719458141,2097152,1048576,5,region7_918076230
2023-03-19 07:27,2719458141,0,1048576,5,region7_918076230
2023-03-19 07:27,2718790698,0,624836,2,region7_918076232
2023-03-19 07:27,2718661607,0,8388608,2,region7_918076227
2023-03-19 07:27,2719404547,0,8388608,4,region7_918076232
2023-03-19 07:27,2718986408,0,8387809,3,region7_918076228
2023-03-19 07:27,2718245026,0,24792,2,region7_918076236
2023-03-19 07:27,2718647572,0,12218,2,region7_918076231
2023-03-19 07:27,2717944065,6930432,1458176,2,region7_918076233
2023-03-19 07:27,2719209630,0,8382973,3,region7_918076226
2023-03-19 07:27,2717945839,4535908,3852700,2,region7_918076244
2023-03-19 07:27,2714677441,0,10624,2,region7_918076231
2023-03-19 07:27,2719172989,0,8481568,5,region7_918076230
2023-03-19 07:27,2719172989,0,4038842,6,region7_918076230
2023-03-19 07:27,2717945839,0,1070280,2,region7_918076244
2023-03-19 07:27,2719310224,0,237568,2,region7_918076247
2023-03-19 07:27,2718933840,2431947,1764469,2,region7_918076228
2023-03-19 07:27,2718933840,0,2431947,2,region7_918076228
2023-03-19 07:27,2718382916,0,456333,2,region7_918076232
2023-03-19 07:27,2717945839,1070280,3465628,2,region7_918076244
2023-03-19 07:27,2719307465,8322064,65582,2,region7_918076231
2023-03-19 07:27,2719457041,0,8388608,2,region7_918076227
2023-03-19 07:27,2716404632,0,176,2,region7_918076231
2023-03-19 07:27,2716810571,0,9959,2,region7_918076231
2023-03-19 07:27,2718206260,38931200,5632,2,region7_918076231
2023-03-19 07:27,2717864097,0,8388608,2,region7_918076227
2023-03-19 07:27,2714789316,0,420543,2,region7_918076229
2023-03-19 07:27,2714677441,0,10624,2,region7_918076231
2023-03-19 07:27,2719307465,8387646,93922,2,region7_918076231
2023-03-19 07:27,2719352388,0,7014972,4,region7_918076245
2023-03-19 07:27,2715109301,0,4441404,2,region7_918076227
2023-03-19 07:27,2719558008,0,8388608,2,region7_918076227
2023-03-19 07:27,2717086252,3296657,573016,2,region7_918076228
2023-03-19 07:27,2718650971,0,434176,2,region7_918076236
2023-03-19 07:27,2718696491,0,3064440,6,region7_918076230
2023-03-19 07:27,2718754202,2097152,1048576,5,region7_918076230
2023-03-19 07:27,2718754202,0,1048576,5,region7_918076230
2023-03-19 07:27,2718754202,3145728,945456,5,region7_918076230
2023-03-19 07:27,2718754202,1048576,1048576,5,region7_918076230
2023-03-19 07:27,2719142843,0,589824,2,region7_918076236
2023-03-19 07:27,2719142843,589824,2142208,2,region7_918076236
2023-03-19 07:27,2719304725,0,8388608,4,region7_918076236
2023-03-19 07:27,2719310224,237568,2138112,2,region7_918076247
2023-03-19 07:27,2719368347,0,25165824,3,region7_918076237
2023-03-19 07:27,2719549063,0,1754906,2,region7_918076231
2023-03-19 07:27,2718650971,4657152,2113536,2,region7_918076236
2023-03-19 07:27,2718650971,2539520,2117632,2,region7_918076236
2023-03-19 07:27,2718650971,434176,2105344,2,region7_918076236
2023-03-19 07:27,2719142843,2732032,2105344,2,region7_918076236
2023-03-19 07:27,2719142843,6955008,1433600,2,region7_918076236
2023-03-19 07:27,2719142843,4837376,2117632,2,region7_918076236
2023-03-19 07:27,2719326954,6592451,36864,2,region7_918076246
2023-03-19 07:27,2718650971,6770688,1617920,2,region7_918076236
2023-03-19 07:27,2718774731,0,7022683,4,region7_918076245
2023-03-19 07:27,2715205688,0,4194304,1,region7_918076226
2023-03-19 07:27,2719228559,2668472,873990,2,region7_918076228
2023-03-19 07:27,2719228559,0,2668472,2,region7_918076228
2023-03-19 07:27,2719529439,3145728,893114,5,region7_918076230
2023-03-19 07:27,2719529439,0,1048576,5,region7_918076230
2023-03-19 07:27,2719529439,2097152,1048576,5,region7_918076230
2023-03-19 07:27,2719529439,1048576,1048576,5,region7_918076230
2023-03-19 07:27,2719299301,3646816,47616,2,region7_918076231
2023-03-19 07:27,2719272843,0,7034459,5,region7_918076230
2023-03-19 07:27,2719310224,2375680,2121728,2,region7_918076247
2023-03-19 07:27,2718732466,3145728,893114,5,region7_918076230
2023-03-19 07:27,2718732466,2097152,1048576,5,region7_918076230
2023-03-19 07:27,2718732466,0,1048576,5,region7_918076230
2023-03-19 07:27,2718732466,1048576,1048576,5,region7_918076230
2023-03-19 07:27,2715205688,4194304,4175619,1,region7_918076226
2023-03-19 07:27,2718953527,0,2891760,3,region7_918076237
2023-03-19 07:27,2716633897,0,2509,2,region7_918076231
2023-03-19 07:27,2716633897,0,2507,2,region7_918076231
2023-03-19 07:27,2719272843,0,3058461,6,region7_918076230
2023-03-19 07:27,2714961086,2448580,8388608,2,region7_918076244
2023-03-19 07:27,2714961086,0,2448580,2,region7_918076244
2023-03-19 07:27,2714961086,10837188,3991246,2,region7_918076244
2023-03-19 07:27,2718827393,0,8388608,4,region7_918076232
2023-03-19 07:27,2718828435,0,10394,2,region7_918076231
2023-03-19 07:27,2714872513,0,1408,2,region7_918076231
2023-03-19 07:27,2719490057,0,8388608,4,region7_918076232
2023-03-19 07:27,2719556266,0,7014380,3,region7_918076226
2023-03-19 07:27,2714872513,0,1408,2,region7_918076231
2023-03-19 07:27,2718705227,0,874901,2,region7_918076228
2023-03-19 07:27,2716212451,0,8281884,2,region7_918076227
2023-03-19 07:27,2719225971,0,4038842,5,region7_918076230
2023-03-19 07:27,2719310224,4497408,2138112,2,region7_918076247
2023-03-19 07:27,2718381250,0,409053,2,region7_918076232
2023-03-19 07:27,2718338735,0,482489,2,region7_918076232
2023-03-19 07:27,2718854268,0,2039808,2,region7_918076247
2023-03-19 07:27,2714872513,0,1408,2,region7_918076231
2023-03-19 07:27,2718854268,2039808,2105344,2,region7_918076247
2023-03-19 07:27,2718304075,0,2863840,1,region7_918076226
2023-03-19 07:27,2719685199,0,32384,2,region7_918076231
2023-03-19 07:27,2718804895,0,992473,2,region7_918076228
2023-03-19 07:27,2718854268,4145152,2109440,2,region7_918076247
2023-03-19 07:27,2719310224,6635520,1753088,2,region7_918076247
2023-03-19 07:27,2718854268,6254592,2117632,2,region7_918076247
2023-03-19 07:27,2718304075,2863840,4092848,1,region7_918076226
2023-03-19 07:27,2719478363,1048576,317627,5,region7_918076230
2023-03-19 07:27,2719478363,0,1048576,5,region7_918076230
2023-03-19 07:27,2719641002,0,11352247,6,region7_918076242
2023-03-19 07:27,2718854268,8372224,16384,2,region7_918076247
2023-03-19 07:27,2718903083,197410,553582,2,region7_918076228
2023-03-19 07:27,2718059530,8192,7924,2,region7_918076231
2023-03-19 07:27,2718059530,0,176,2,region7_918076231
2023-03-19 07:27,2719311159,0,17460,2,region7_918076231
2023-03-19 07:27,2715058773,3206,1780,2,region7_918076231
2023-03-19 07:27,2718823510,0,62921,2,region7_918076236
2023-03-19 07:27,2716937311,4369,6185782,2,region7_918076232
2023-03-19 07:27,2716937311,0,4369,2,region7_918076232
2023-03-19 07:27,2717436548,0,305079,2,region7_918076228
2023-03-19 07:27,2716122739,2831914,995472,2,region7_918076244
2023-03-19 07:27,2716122739,2824748,3401,2,region7_918076244
2023-03-19 07:27,2719326896,0,4038842,6,region7_918076230
2023-03-19 07:27,2717436548,5219777,322662,2,region7_918076228
2023-03-19 07:27,2719403616,0,3699561,2,region7_918076235
2023-03-19 07:27,2719403616,8290268,98340,2,region7_918076235
2023-03-19 07:27,2719742542,0,8388608,4,region7_918076236
2023-03-19 07:27,2716364555,0,66893,2,region7_918076231
2023-03-19 07:27,2714737935,0,3804845,2,region7_918076244
2023-03-19 07:27,2719127934,0,3082156,6,region7_918076230
2023-03-19 07:27,2718256550,792385,3438817,2,region7_918076228
2023-03-19 07:27,2718256550,0,792385,2,region7_918076228
2023-03-19 07:27,2715344305,1133076,1192087,2,region7_918076244
2023-03-19 07:27,2715344305,5141257,33696,2,region7_918076244
2023-03-19 07:27,2715344305,5380044,896211,2,region7_918076244
2023-03-19 07:27,2719307383,0,8388608,2,region7_918076237
2023-03-19 07:27,2717747016,94208,187082,2,region7_918076233
2023-03-19 07:27,2718997338,0,4038842,6,region7_918076230
2023-03-19 07:27,2719212342,7340032,1048576,5,region7_918076230
2023-03-19 07:27,2719212342,5242880,1048576,5,region7_918076230
2023-03-19 07:27,2719212342,3145728,1048576,5,region7_918076230
2023-03-19 07:27,2719212342,1048576,1048576,5,region7_918076230
2023-03-19 07:27,2719212342,6291456,1048576,5,region7_918076230
2023-03-19 07:27,2719212342,4194304,1048576,5,region7_918076230
2023-03-19 07:27,2719212342,2097152,1048576,5,region7_918076230
2023-03-19 07:27,2719212342,0,1048576,5,region7_918076230
2023-03-19 07:27,2717436548,1392971,332509,2,region7_918076228
2023-03-19 07:27,2715428333,3531740,543512,2,region7_918076228
2023-03-19 07:27,2718997338,0,8481568,5,region7_918076230
2023-03-19 07:27,2714841588,211240,681540,2,region7_918076244
2023-03-19 07:27,2719032211,0,44565,4,region7_918076237
2023-03-19 07:27,2719442457,0,8377733,3,region7_918076226
2023-03-19 07:27,2719717292,0,3828,2,region7_918076231
2023-03-19 07:27,2719217047,2233077,6155531,2,region7_918076227
2023-03-19 07:27,2718756341,0,466944,2,region7_918076247
2023-03-19 07:27,2718211493,2543744,937216,2,region7_918076231
2023-03-19 07:27,2718933965,0,4721914,2,region7_918076234
2023-03-19 07:27,2719284533,0,518225,2,region7_918076232
2023-03-19 07:27,2718859878,0,81440,2,region7_918076231
2023-03-19 07:27,2719543700,1048576,601671,5,region7_918076230
2023-03-19 07:27,2719543700,0,1048576,5,region7_918076230
2023-03-19 07:27,2719391736,0,7075512,5,region7_918076230
2023-03-19 07:27,2719740909,0,544768,2,region7_918076233
2023-03-19 07:27,2719740909,544768,2105344,2,region7_918076233
2023-03-19 07:27,2714931608,0,2304,2,region7_918076231
2023-03-19 07:27,2718790698,0,624836,2,region7_918076232
2023-03-19 07:27,2718868357,2760569,1048576,2,region7_918076228
2023-03-19 07:27,2718066226,0,84424,2,region7_918076236
2023-03-19 07:27,2718756341,466944,2109440,2,region7_918076247
2023-03-19 07:27,2719391736,0,3076310,6,region7_918076230
2023-03-19 07:27,2717603459,7823360,565248,2,region7_918076236
2023-03-19 07:27,2717603459,1384448,2150400,2,region7_918076236
2023-03-19 07:27,2717603459,5677056,2146304,2,region7_918076236
2023-03-19 07:27,2717603459,3534848,2142208,2,region7_918076236
2023-03-19 07:27,2717603459,0,1384448,2,region7_918076236
2023-03-19 07:27,2719740909,4771840,2121728,2,region7_918076233
2023-03-19 07:27,2719740909,2650112,2121728,2,region7_918076233
2023-03-19 07:27,2718868357,3157285,648667,2,region7_918076228
2023-03-19 07:27,2718868357,0,3157285,2,region7_918076228
2023-03-19 07:27,2719740909,6893568,1495040,2,region7_918076233
2023-03-19 07:27,2717923269,0,625316,2,region7_918076232
2023-03-19 07:27,2719879712,0,3047979,6,region7_918076230
2023-03-19 07:27,2719594407,0,3902653,4,region7_918076232
2023-03-19 07:27,2714995435,5165716,495907,2,region7_918076244
2023-03-19 07:27,2714995435,0,3372741,2,region7_918076244
2023-03-19 07:27,2715024707,1538245,1884593,2,region7_918076228
2023-03-19 07:27,2718756341,2576384,2105344,2,region7_918076247
2023-03-19 07:27,2718140267,0,6742521,2,region7_918076235
2023-03-19 07:27,2719421639,0,7155599,4,region7_918076245
2023-03-19 07:27,2718657387,0,101741,2,region7_918076231
2023-03-19 07:27,2718756341,4681728,2101248,2,region7_918076247
2023-03-19 07:27,2719653894,0,6999770,4,region7_918076245
2023-03-19 07:27,2719593556,493344,443648,2,region7_918076231
2023-03-19 07:27,2716971948,0,128,2,region7_918076231
2023-03-19 07:27,2719117206,0,123891,3,region7_918076226
2023-03-19 07:27,2717989671,8554610,48,2,region7_918076231
2023-03-19 07:27,2717142127,8192,54029,2,region7_918076231
2023-03-19 07:27,2717142127,0,176,2,region7_918076231
2023-03-19 07:27,2719779672,0,6019699,3,region7_918076226
2023-03-19 07:27,2718970601,0,3060021,6,region7_918076230
2023-03-19 07:27,2716960212,0,8388608,2,region7_918076227
2023-03-19 07:27,2717436548,5219777,322662,2,region7_918076228
2023-03-19 07:27,2717436548,0,305079,2,region7_918076228
2023-03-19 07:27,2719453553,0,176,2,region7_918076231
2023-03-19 07:27,2719560495,0,1007014,4,region7_918076232
2023-03-19 07:27,2717335819,967623,2126354,2,region7_918076228
2023-03-19 07:27,2719658627,0,4038842,2,region7_918076231
2023-03-19 07:27,2715682260,0,8388608,2,region7_918076227
2023-03-19 07:27,2719118125,0,494813,2,region7_918076237
2023-03-19 07:27,2718756341,6782976,1605632,2,region7_918076247
2023-03-19 07:27,2715427361,2771723,4451925,2,region7_918076237
2023-03-19 07:27,2719781248,0,8387017,3,region7_918076228
2023-03-19 07:27,2719926366,0,123751,5,region7_918076230
2023-03-19 07:27,2718053027,0,256,2,region7_918076231
2023-03-19 07:27,2715455993,0,8388608,2,region7_918076227
2023-03-19 07:27,2714905137,0,2010,2,region7_918076231
2023-03-19 07:27,2716860631,1669856,276608,2,region7_918076231
2023-03-19 07:27,2719290255,0,640,2,region7_918076231
2023-03-19 07:27,2715721166,4625965,1048576,2,region7_918076228
2023-03-19 07:27,2718114557,0,8388608,2,region7_918076227
2023-03-19 07:27,2715569726,0,32417,2,region7_918076231
2023-03-19 07:27,2719771989,0,9859,4,region7_918076238
2023-03-19 07:27,2717945839,4535908,3852700,2,region7_918076228
2023-03-19 07:28,2719248527,0,8388608,4,region7_918076232
2023-03-19 07:28,2716939248,0,384,2,region7_918076231
2023-03-19 07:28,2716860631,1669856,276608,2,region7_918076231
2023-03-19 07:28,2719613168,2185934,1626977,2,region7_918076227
2023-03-19 07:28,2719613168,2764335,1048576,2,region7_918076227
2023-03-19 07:28,2719622831,0,8115995,3,region7_918076226
2023-03-19 07:28,2716547217,0,4873876,2,region7_918076228
2023-03-19 07:28,2719122168,0,8481568,5,region7_918076230
2023-03-19 07:28,2719188518,0,1800454,2,region7_918076228
2023-03-19 07:28,2717753758,0,12160,2,region7_918076231
2023-03-19 07:28,2719503804,0,8388608,4,region7_918076237
2023-03-19 07:28,2714797039,0,2944,2,region7_918076231
2023-03-19 07:28,2717945839,0,1070280,2,region7_918076228
2023-03-19 07:28,2716547217,4873876,3514732,2,region7_918076228
2023-03-19 07:28,2716860631,1669856,276608,2,region7_918076231
2023-03-19 07:28,2719353214,0,8832,2,region7_918076231
2023-03-19 07:28,2718823510,0,62921,2,region7_918076236
2023-03-19 07:28,2719122168,0,4038842,6,region7_918076230
2023-03-19 07:28,2715891697,0,19476,2,region7_918076231
2023-03-19 07:28,2715027021,3779029,326101,2,region7_918076244
2023-03-19 07:28,2715027021,0,3779029,2,region7_918076244
2023-03-19 07:28,2716586820,4397120,71424,2,region7_918076231
2023-03-19 07:28,2719553651,24646,7779019,2,region7_918076237
2023-03-19 07:28,2718620520,0,4107677,2,region7_918076228
2023-03-19 07:28,2717006809,0,8388608,2,region7_918076227
2023-03-19 07:28,2719387016,0,8382644,3,region7_918076226
2023-03-19 07:28,2718620520,4107677,189261,2,region7_918076228
2023-03-19 07:28,2716127640,6101295,1048576,2,region7_918076228
2023-03-19 07:28,2717945839,1070280,3465628,2,region7_918076228
2023-03-19 07:28,2719420727,18383496,48,2,region7_918076231
2023-03-19 07:28,2719712122,0,7060388,4,region7_918076245
2023-03-19 07:28,2716127640,6101295,1048576,2,region7_918076228
2023-03-19 07:28,2715070635,0,8388608,2,region7_918076232
2023-03-19 07:28,2718116245,0,3805078,2,region7_918076228
2023-03-19 07:28,2715047621,57937,6339,2,region7_918076233
2023-03-19 07:28,2719923692,1613320,48,2,region7_918076231
2023-03-19 07:28,2719936811,0,42143,2,region7_918076236
2023-03-19 07:28,2717006809,0,8388608,2,region7_918076227
2023-03-19 07:28,2718173987,7076680,1311928,2,region7_918076228
2023-03-19 07:28,2714744560,0,1920,2,region7_918076231
2023-03-19 07:28,2718090761,0,1024,2,region7_918076231
2023-03-19 07:28,2718116245,3805078,4583530,2,region7_918076228
2023-03-19 07:28,2719617607,1236716,7151892,2,region7_918076228
2023-03-19 07:28,2718165471,0,434361,2,region7_918076228
2023-03-19 07:28,2714931608,0,2304,2,region7_918076231
2023-03-19 07:28,2719363703,3880672,48,2,region7_918076231
2023-03-19 07:28,2718173987,7076680,1311928,2,region7_918076228
2023-03-19 07:28,2719433482,0,8380205,3,region7_918076226
2023-03-19 07:28,2719546521,0,8388608,2,region7_918076235
2023-03-19 07:28,2719566887,0,25165824,3,region7_918076237
2023-03-19 07:28,2719959692,2936262,31360,2,region7_918076231
2023-03-19 07:28,2715616759,7375131,1013477,2,region7_918076228
2023-03-19 07:28,2716262590,738560,48,2,region7_918076231
2023-03-19 07:28,2719247637,0,25910,4,region7_918076238
2023-03-19 07:28,2717613897,3061336,1201203,2,region7_918076228
2023-03-19 07:28,2719558869,0,1805,2,region7_918076231
2023-03-19 07:28,2715047621,57937,6339,2,region7_918076233
2023-03-19 07:28,2715047621,57937,6339,2,region7_918076233
2023-03-19 07:28,2719212505,0,256,2,region7_918076231
2023-03-19 07:28,2719869252,569210,1049312,2,region7_918076231
2023-03-19 07:28,2719869252,0,569210,2,region7_918076231
2023-03-19 07:28,2719936147,35891440,6516400,2,region7_918076234
2023-03-19 07:28,2719431570,0,749453,2,region7_918076228
2023-03-19 07:28,2719431570,0,749453,2,region7_918076228
2023-03-19 07:28,2716216616,0,2612,2,region7_918076231
2023-03-19 07:28,2715207180,7626063,762545,2,region7_918076227
2023-03-19 07:28,2720038724,0,8388608,4,region7_918076232
2023-03-19 07:28,2715051927,0,2581570,2,region7_918076227
2023-03-19 07:28,2714838278,0,3826919,1,region7_918076226
2023-03-19 07:28,2719780342,0,3056263,6,region7_918076230
2023-03-19 07:28,2719838415,15476552,147584,2,region7_918076231
2023-03-19 07:28,2719930363,2219840,48,2,region7_918076231
2023-03-19 07:28,2718148837,481503,7907105,2,region7_918076228
2023-03-19 07:28,2718148837,0,481503,2,region7_918076228
2023-03-19 07:28,2719856235,0,8388608,4,region7_918076237
2023-03-19 07:28,2715347110,0,8388608,2,region7_918076227
2023-03-19 07:28,2719405450,0,7068460,4,region7_918076245
2023-03-19 07:28,2719485421,3145728,893114,5,region7_918076230
2023-03-19 07:28,2719485421,1048576,1048576,5,region7_918076230
2023-03-19 07:28,2719485421,2097152,1048576,5,region7_918076230
2023-03-19 07:28,2719485421,0,1048576,5,region7_918076230
2023-03-19 07:28,2719807418,0,4038842,2,region7_918076231
2023-03-19 07:28,2719434371,0,13492,2,region7_918076231
2023-03-19 07:28,2715894792,0,29357,2,region7_918076231
2023-03-19 07:28,2720134723,32704,43136,2,region7_918076231
2023-03-19 07:28,2719323237,0,13215,5,region7_918076230
2023-03-19 07:28,2719855309,0,10484,2,region7_918076231
2023-03-19 07:28,2717740525,1974231,2108964,2,region7_918076244
2023-03-19 07:28,2717740525,0,1974231,2,region7_918076244
2023-03-19 07:28,2719403763,0,587407,2,region7_918076227
2023-03-19 07:28,2717335819,733221,2360756,2,region7_918076228
2023-03-19 07:28,2715047621,0,64276,2,region7_918076233
2023-03-19 07:28,2715047621,0,64281,2,region7_918076233
2023-03-19 07:28,2719388472,0,9984,2,region7_918076231
2023-03-19 07:28,2719513015,0,1048576,5,region7_918076230
2023-03-19 07:28,2719513015,1048576,420825,5,region7_918076230
2023-03-19 07:28,2718165471,0,434361,2,region7_918076228
2023-03-19 07:28,2715370474,8096424,292184,2,region7_918076227
2023-03-19 07:28,2717981389,0,1440,2,region7_918076231
2023-03-19 07:28,2716436897,0,176,2,region7_918076231
2023-03-19 07:28,2717320999,2575417,4807608,2,region7_918076227
2023-03-19 07:28,2719191498,5319353,1226,2,region7_918076246
2023-03-19 07:28,2719191498,5320579,73809,2,region7_918076246
2023-03-19 07:28,2718804895,2299283,1775392,2,region7_918076228
2023-03-19 07:28,2716336745,449374,7939234,2,region7_918076244
2023-03-19 07:28,2716336745,0,449374,2,region7_918076244
2023-03-19 07:28,2714882107,0,1164819,2,region7_918076244
2023-03-19 07:28,2720072906,0,7201,2,region7_918076231
2023-03-19 07:28,2719309145,0,8388608,2,region7_918076237
2023-03-19 07:28,2718857653,6488376,581849,2,region7_918076228
2023-03-19 07:28,2717186889,332,3598,2,region7_918076231
2023-03-19 07:28,2714976528,1337778,797585,2,region7_918076228
2023-03-19 07:28,2714976528,2135363,6253245,2,region7_918076228
2023-03-19 07:28,2718467994,0,256,2,region7_918076231
2023-03-19 07:28,2715059714,0,5504,2,region7_918076231
2023-03-19 07:28,2716127640,6101295,1048576,2,region7_918076228
2023-03-19 07:28,2716127640,6101295,1048576,2,region7_918076228
2023-03-19 07:28,2719793457,9135634,70272,2,region7_918076231
2023-03-19 07:28,2718467994,0,256,2,region7_918076231
2023-03-19 07:28,2717991849,0,10537,1,region7_918076226
2023-03-19 07:28,2720159906,0,10751815,6,region7_918076242
2023-03-19 07:28,2719344310,0,7701264,2,region7_918076227
2023-03-19 07:28,2714976528,2135363,6253245,2,region7_918076244
2023-03-19 07:28,2714976528,1337778,797585,2,region7_918076244
2023-03-19 07:28,2720089393,0,8374410,3,region7_918076226
2023-03-19 07:28,2719761133,0,847532,2,region7_918076227
2023-03-19 07:28,2717589445,2058230,233779,2,region7_918076228
2023-03-19 07:28,2717589445,5048441,400178,2,region7_918076228
2023-03-19 07:28,2718467994,0,256,2,region7_918076231
2023-03-19 07:28,2719327868,7340032,1048576,5,region7_918076230
2023-03-19 07:28,2719327868,5242880,1048576,5,region7_918076230
2023-03-19 07:28,2719327868,3145728,1048576,5,region7_918076230
2023-03-19 07:28,2719327868,1048576,1048576,5,region7_918076230
2023-03-19 07:28,2719327868,6291456,1048576,5,region7_918076230
2023-03-19 07:28,2719327868,4194304,1048576,5,region7_918076230
2023-03-19 07:28,2719327868,2097152,1048576,5,region7_918076230
2023-03-19 07:28,2719327868,0,1048576,5,region7_918076230
2023-03-19 07:28,2720112047,5036819,523164,2,region7_918076227
2023-03-19 07:28,2720112047,2487129,503294,2,region7_918076227
2023-03-19 07:28,2719519394,0,8388608,4,region7_918076237
2023-03-19 07:28,2714821311,0,8388608,2,region7_918076227
2023-03-19 07:28,2715314068,0,12980,2,region7_918076231
2023-03-19 07:28,2715116019,0,176,2,region7_918076231
2023-03-19 07:28,2715126986,0,319258,2,region7_918076231
2023-03-19 07:28,2718970537,0,1024,2,region7_918076231
2023-03-19 07:28,2717021001,0,8388608,2,region7_918076227
2023-03-19 07:28,2718206161,0,1575315,2,region7_918076237
2023-03-19 07:28,2717945839,4535908,3852700,2,region7_918076228
2023-03-19 07:28,2719585149,937984,2129920,2,region7_918076236
2023-03-19 07:28,2719585149,0,937984,2,region7_918076236
2023-03-19 07:28,2719585149,7352320,1036288,2,region7_918076236
2023-03-19 07:28,2719585149,5210112,2142208,2,region7_918076236
2023-03-19 07:28,2719585149,3067904,2142208,2,region7_918076236
2023-03-19 07:28,2718206161,1575315,6813293,2,region7_918076237
2023-03-19 07:28,2719834917,0,128,2,region7_918076231
2023-03-19 07:28,2719351689,0,6331827,3,region7_918076226
2023-03-19 07:28,2717945839,0,1070280,2,region7_918076228
2023-03-19 07:28,2716264083,0,384,2,region7_918076231
2023-03-19 07:28,2719352284,0,8481568,5,region7_918076230
2023-03-19 07:28,2715135420,0,5607,2,region7_918076231
2023-03-19 07:28,2719352284,0,4038842,6,region7_918076230
2023-03-19 07:28,2715070635,0,3467609,2,region7_918076244
2023-03-19 07:28,2719359308,8192,1600,2,region7_918076231
2023-03-19 07:28,2719652997,7465080,923528,2,region7_918076235
2023-03-19 07:28,2719677991,0,8388608,2,region7_918076227
2023-03-19 07:28,2719718098,0,8388608,4,region7_918076232
2023-03-19 07:28,2715070635,3467609,4920999,2,region7_918076244
2023-03-19 07:28,2719415260,0,4480,2,region7_918076231
2023-03-19 07:28,2719542775,1166230,1880259,2,region7_918076245
2023-03-19 07:28,2716508213,849250,2747428,2,region7_918076244
2023-03-19 07:28,2719391859,0,1206,2,region7_918076231
2023-03-19 07:28,2719472706,0,8481568,6,region7_918076242
2023-03-19 07:28,2719767829,0,4608,2,region7_918076231
2023-03-19 07:28,2717589445,2058230,233779,2,region7_918076228
2023-03-19 07:28,2719727939,3545700,311232,2,region7_918076231
2023-03-19 07:28,2717589445,5048441,400178,2,region7_918076228
2023-03-19 07:28,2720047574,0,8388608,2,region7_918076227
2023-03-19 07:28,2719727939,3545700,311232,2,region7_918076231
2023-03-19 07:28,2719767829,0,4608,2,region7_918076231
2023-03-19 07:28,2719788184,2097152,635622,5,region7_918076230
2023-03-19 07:28,2719788184,0,1048576,5,region7_918076230
2023-03-19 07:28,2719788184,1048576,1048576,5,region7_918076230
2023-03-19 07:28,2716547217,0,4873876,2,region7_918076228
2023-03-19 07:28,2719669275,0,8045314,3,region7_918076226
2023-03-19 07:28,2714931608,0,2304,2,region7_918076231
2023-03-19 07:28,2719936811,0,42143,2,region7_918076236
2023-03-19 07:28,2720130292,2164041,10620,2,region7_918076235
2023-03-19 07:28,2717991849,10537,8367534,1,region7_918076226
2023-03-19 07:28,2720215029,0,701614,2,region7_918076235
2023-03-19 07:28,2718710555,3253760,190080,2,region7_918076231
2023-03-19 07:28,2719167218,2298592,48,2,region7_918076231
2023-03-19 07:28,2720224005,6291456,1048576,5,region7_918076230
2023-03-19 07:28,2720224005,5242880,1048576,5,region7_918076230
2023-03-19 07:28,2720224005,3145728,1048576,5,region7_918076230
2023-03-19 07:28,2720224005,1048576,1048576,5,region7_918076230
2023-03-19 07:28,2720224005,4194304,1048576,5,region7_918076230
2023-03-19 07:28,2720224005,2097152,1048576,5,region7_918076230
2023-03-19 07:28,2720224005,0,1048576,5,region7_918076230
2023-03-19 07:28,2719415260,0,4480,2,region7_918076231
2023-03-19 07:28,2719417966,0,8388608,4,region7_918076232
2023-03-19 07:28,2716031239,0,8388608,2,region7_918076237
2023-03-19 07:28,2718115406,0,35098,2,region7_918076233
2023-03-19 07:28,2720224005,7340032,1048576,5,region7_918076230
2023-03-19 07:28,2716557460,0,26572,2,region7_918076231
2023-03-19 07:28,2717139120,0,8388608,4,region7_918076232
2023-03-19 07:28,2719683261,7323580,439232,2,region7_918076231
2023-03-19 07:28,2718776107,0,584164,2,region7_918076237
2023-03-19 07:28,2715070635,0,8388608,2,region7_918076232
2023-03-19 07:28,2720301283,0,7792522,3,region7_918076226
2023-03-19 07:28,2718776107,584164,7804444,2,region7_918076237
2023-03-19 07:28,2715651467,0,176,2,region7_918076231
2023-03-19 07:28,2716037576,0,952597,2,region7_918076228
2023-03-19 07:28,2719914418,0,7019560,5,region7_918076230
2023-03-19 07:28,2720068592,0,8384749,3,region7_918076226
2023-03-19 07:28,2720108414,0,25165824,3,region7_918076237
2023-03-19 07:28,2719725268,0,7323199,3,region7_918076226
2023-03-19 07:28,2719750893,0,8388608,2,region7_918076227
2023-03-19 07:28,2717519520,0,6313620,2,region7_918076232
2023-03-19 07:28,2719953029,6307360,48,2,region7_918076231
2023-03-19 07:28,2719914418,0,3051983,6,region7_918076230
2023-03-19 07:28,2719848381,0,8056300,3,region7_918076226
2023-03-19 07:28,2720000137,3145728,584948,5,region7_918076230
2023-03-19 07:28,2720000137,2097152,1048576,5,region7_918076230
2023-03-19 07:28,2720000137,0,1048576,5,region7_918076230
2023-03-19 07:28,2720000137,1048576,1048576,5,region7_918076230
2023-03-19 07:28,2720103153,0,176,2,region7_918076231
2023-03-19 07:28,2717991849,10537,8367534,1,region7_918076226
2023-03-19 07:28,2719733109,1048576,1048576,5,region7_918076230
2023-03-19 07:28,2719733109,5242880,1048576,5,region7_918076230
2023-03-19 07:28,2719733109,4194304,1048576,5,region7_918076230
2023-03-19 07:28,2719733109,3145728,1048576,5,region7_918076230
2023-03-19 07:28,2719733109,2097152,1048576,5,region7_918076230
2023-03-19 07:28,2719733109,0,1048576,5,region7_918076230
2023-03-19 07:28,2719733109,7340032,254622,5,region7_918076230
2023-03-19 07:28,2719733109,6291456,1048576,5,region7_918076230
2023-03-19 07:28,2719750957,0,128,2,region7_918076231
2023-03-19 07:28,2718007389,0,128,2,region7_918076231
2023-03-19 07:28,2715173691,0,40256,2,region7_918076231
2023-03-19 07:28,2718254765,6549653,759456,2,region7_918076228
2023-03-19 07:28,2718254765,3662426,710728,2,region7_918076228
2023-03-19 07:28,2717716936,1151040,80000,2,region7_918076231
2023-03-19 07:28,2718165471,0,434361,2,region7_918076228
2023-03-19 07:28,2718173987,7076680,1311928,2,region7_918076228
2023-03-19 07:28,2715455194,0,1254481,2,region7_918076232
2023-03-19 07:28,2720344198,0,2368844,4,region7_918076238
2023-03-19 07:28,2719247637,0,25910,2,region7_918076238
2023-03-19 07:28,2715908162,828,1051344,2,region7_918076227
2023-03-19 07:28,2718116245,0,3805078,2,region7_918076228
2023-03-19 07:28,2719818103,0,995328,2,region7_918076247
2023-03-19 07:28,2718095138,0,539271,2,region7_918076237
2023-03-19 07:28,2719508509,0,3533,2,region7_918076231
2023-03-19 07:28,2715908162,7751212,637396,2,region7_918076227
2023-03-19 07:29,2718116245,3805078,4583530,2,region7_918076228
2023-03-19 07:29,2718095138,539271,7849337,2,region7_918076237
2023-03-19 07:29,2718206260,39946624,20736,2,region7_918076231
2023-03-19 07:29,2714931608,0,2304,2,region7_918076231
2023-03-19 07:29,2719756996,1190,3569531,2,region7_918076228
2023-03-19 07:29,2715052082,0,6269329,2,region7_918076227
2023-03-19 07:29,2720130292,3578261,1026,2,region7_918076235
2023-03-19 07:29,2718105639,17942124,29696,2,region7_918076231
2023-03-19 07:29,2715455993,0,8388608,2,region7_918076227
2023-03-19 07:29,2716037576,0,952599,2,region7_918076232
2023-03-19 07:29,2719890942,0,11464474,5,region7_918076230
2023-03-19 07:29,2715476296,0,384,2,region7_918076231
2023-03-19 07:29,2719811798,4194304,1048576,5,region7_918076230
2023-03-19 07:29,2719811798,3145728,1048576,5,region7_918076230
2023-03-19 07:29,2719811798,2097152,1048576,5,region7_918076230
2023-03-19 07:29,2719811798,1048576,1048576,5,region7_918076230
2023-03-19 07:29,2719811798,0,1048576,5,region7_918076230
2023-03-19 07:29,2719811798,5242880,1048576,5,region7_918076230
2023-03-19 07:29,2719890942,0,5211125,6,region7_918076230
2023-03-19 07:29,2716711743,0,466686,2,region7_918076232
2023-03-19 07:29,2719625297,0,1666,3,region7_918076226
2023-03-19 07:29,2719803890,13345600,68992,2,region7_918076231
2023-03-19 07:29,2719811798,7340032,1048576,5,region7_918076230
2023-03-19 07:29,2719811798,6291456,1048576,5,region7_918076230
2023-03-19 07:29,2719051956,3010045,1558726,2,region7_918076235
2023-03-19 07:29,2719959500,0,439847,2,region7_918076235
2023-03-19 07:29,2719961625,910036,2010262,2,region7_918076228
2023-03-19 07:29,2720059116,0,8379303,3,region7_918076226
2023-03-19 07:29,2719818103,995328,2105344,2,region7_918076247
2023-03-19 07:29,2720331888,0,7044586,4,region7_918076245
2023-03-19 07:29,2720265062,0,8101315,3,region7_918076226
2023-03-19 07:29,2720312295,0,3067995,6,region7_918076230
2023-03-19 07:29,2719769420,0,8388608,4,region7_918076232
2023-03-19 07:29,2720016764,0,151138,2,region7_918076231
2023-03-19 07:29,2714785336,8192,26215,2,region7_918076231
2023-03-19 07:29,2714785336,0,176,2,region7_918076231
2023-03-19 07:29,2716615813,0,4153475,2,region7_918076231
2023-03-19 07:29,2720016764,24226,4181860,2,region7_918076231
2023-03-19 07:29,2720192086,0,4038842,6,region7_918076230
2023-03-19 07:29,2718115406,0,35098,2,region7_918076233
2023-03-19 07:29,2719678895,0,7208577,5,region7_918076230
2023-03-19 07:29,2716529775,138080,73408,2,region7_918076231
2023-03-19 07:29,2719678895,0,3134164,6,region7_918076230
2023-03-19 07:29,2718134931,2218304,48,2,region7_918076231
2023-03-19 07:29,2718277338,0,128,2,region7_918076231
2023-03-19 07:29,2719818103,3100672,2101248,2,region7_918076247
2023-03-19 07:29,2715368379,1418113,36062,2,region7_918076244
2023-03-19 07:29,2715368379,2924883,130083,2,region7_918076244
2023-03-19 07:29,2715368379,4307140,188620,2,region7_918076244
2023-03-19 07:29,2715368379,11509,55817,2,region7_918076244
2023-03-19 07:29,2719927796,0,839869,5,region7_918076242
2023-03-19 07:29,2718415497,0,8388608,2,region7_918076227
2023-03-19 07:29,2719771198,0,2635,2,region7_918076231
2023-03-19 07:29,2719851848,0,8122120,3,region7_918076226
2023-03-19 07:29,2719970075,0,8358014,3,region7_918076226
2023-03-19 07:29,2714864280,5089815,1369006,2,region7_918076227
2023-03-19 07:29,2714864280,0,3728825,2,region7_918076227
2023-03-19 07:29,2714864280,7836088,552520,2,region7_918076227
2023-03-19 07:29,2715163709,0,128,2,region7_918076231
2023-03-19 07:29,2719829268,0,7405194,3,region7_918076226
2023-03-19 07:29,2719844767,6516598,1048576,2,region7_918076237
2023-03-19 07:29,2717945839,0,1070280,2,region7_918076228
2023-03-19 07:29,2716547217,0,4873876,2,region7_918076228
2023-03-19 07:29,2716547217,4873876,3514732,2,region7_918076228
2023-03-19 07:29,2720033594,2097152,1048576,5,region7_918076230
2023-03-19 07:29,2720033594,0,1048576,5,region7_918076230
2023-03-19 07:29,2720033594,3145728,893114,5,region7_918076230
2023-03-19 07:29,2720033594,1048576,1048576,5,region7_918076230
2023-03-19 07:29,2715970525,0,4211501,2,region7_918076232
2023-03-19 07:29,2720342971,3579904,2121728,2,region7_918076236
2023-03-19 07:29,2720342971,1433600,2146304,2,region7_918076236
2023-03-19 07:29,2720342971,0,1433600,2,region7_918076236
2023-03-19 07:29,2719844767,0,7524132,2,region7_918076237
2023-03-19 07:29,2719890784,0,8376356,3,region7_918076226
2023-03-19 07:29,2720003214,0,2654034,2,region7_918076228
2023-03-19 07:29,2720342971,5701632,2113536,2,region7_918076236
2023-03-19 07:29,2720342971,7815168,573440,2,region7_918076236
2023-03-19 07:29,2717335819,705764,3389910,2,region7_918076228
2023-03-19 07:29,2716005907,0,8388608,2,region7_918076227
2023-03-19 07:29,2718023412,0,8388608,2,region7_918076235
2023-03-19 07:29,2720003214,2654034,1116002,2,region7_918076228
2023-03-19 07:29,2715024036,8521958,264064,2,region7_918076231
2023-03-19 07:29,2719818103,5201920,2105344,2,region7_918076247
2023-03-19 07:29,2717945839,1070280,3465628,2,region7_918076228
2023-03-19 07:29,2719965507,0,5133187,3,region7_918076226
2023-03-19 07:29,2714905396,4237144,43520,2,region7_918076231
2023-03-19 07:29,2718161968,0,7331818,2,region7_918076237
2023-03-19 07:29,2716035539,2343908,649344,2,region7_918076228
2023-03-19 07:29,2718203160,0,36250,3,region7_918076226
2023-03-19 07:29,2720370511,1395967,34048,2,region7_918076231
2023-03-19 07:29,2718116245,0,3805078,2,region7_918076228
2023-03-19 07:29,2718277338,0,128,2,region7_918076231
2023-03-19 07:29,2719742472,2097152,1048576,5,region7_918076230
2023-03-19 07:29,2719742472,1048576,1048576,5,region7_918076230
2023-03-19 07:29,2719742472,0,1048576,5,region7_918076230
2023-03-19 07:29,2714798713,1371210,11762,2,region7_918076235
2023-03-19 07:29,2718116245,3805078,4583530,2,region7_918076228
2023-03-19 07:29,2714788354,0,768,2,region7_918076231
2023-03-19 07:29,2719742472,5242880,3687,5,region7_918076230
2023-03-19 07:29,2719742472,4194304,1048576,5,region7_918076230
2023-03-19 07:29,2719742472,3145728,1048576,5,region7_918076230
2023-03-19 07:29,2719763727,0,13856,3,region7_918076228
2023-03-19 07:29,2720188753,2572288,2109440,2,region7_918076236
2023-03-19 07:29,2720188753,4681728,2142208,2,region7_918076236
2023-03-19 07:29,2720188753,471040,2101248,2,region7_918076236
2023-03-19 07:29,2720188753,0,471040,2,region7_918076236
2023-03-19 07:29,2717711310,5414769,2653788,2,region7_918076235
2023-03-19 07:29,2717711310,7019981,1048576,2,region7_918076235
2023-03-19 07:29,2718148837,481503,7907105,2,region7_918076228
2023-03-19 07:29,2718148837,0,481503,2,region7_918076228
2023-03-19 07:29,2719727762,0,7520863,2,region7_918076237
2023-03-19 07:29,2719727762,6513100,1048576,2,region7_918076237
2023-03-19 07:29,2718134730,0,1769472,2,region7_918076233
2023-03-19 07:29,2718134730,1769472,2101248,2,region7_918076233
2023-03-19 07:29,2720188753,6823936,1564672,2,region7_918076236
2023-03-19 07:29,2718134730,8110080,278528,2,region7_918076233
2023-03-19 07:29,2718134730,5996544,2113536,2,region7_918076233
2023-03-19 07:29,2718134730,3870720,2125824,2,region7_918076233
2023-03-19 07:29,2715937025,2316275,20921,2,region7_918076228
2023-03-19 07:29,2715937025,0,1879294,2,region7_918076228
2023-03-19 07:29,2716781283,0,256,2,region7_918076231
2023-03-19 07:29,2718408501,0,512,2,region7_918076231
2023-03-19 07:29,2719818103,7307264,1081344,2,region7_918076247
2023-03-19 07:29,2715165048,340132,37120,2,region7_918076231
2023-03-19 07:29,2714882107,0,1164819,2,region7_918076244
2023-03-19 07:29,2720102310,0,20680,2,region7_918076236
2023-03-19 07:29,2715072592,0,256,2,region7_918076231
2023-03-19 07:29,2717335819,733221,2360756,2,region7_918076228
2023-03-19 07:29,2720007011,0,176,2,region7_918076231
2023-03-19 07:29,2720248293,0,640,2,region7_918076231
2023-03-19 07:29,2718116792,7089888,48,2,region7_918076231
2023-03-19 07:29,2718135611,0,408220,4,region7_918076237
2023-03-19 07:29,2719987586,5242880,1048576,5,region7_918076230
2023-03-19 07:29,2719987586,3145728,1048576,5,region7_918076230
2023-03-19 07:29,2719987586,2097152,1048576,5,region7_918076230
2023-03-19 07:29,2719987586,0,1048576,5,region7_918076230
2023-03-19 07:29,2719987586,6291456,785184,5,region7_918076230
2023-03-19 07:29,2719987586,4194304,1048576,5,region7_918076230
2023-03-19 07:29,2719987586,1048576,1048576,5,region7_918076230
2023-03-19 07:29,2720033571,0,1774219,4,region7_918076232
2023-03-19 07:29,2718188318,0,8269,2,region7_918076231
2023-03-19 07:29,2715597567,0,2964351,2,region7_918076232
2023-03-19 07:29,2718190362,4325696,689856,2,region7_918076231
2023-03-19 07:29,2718275207,1532854,48,2,region7_918076231
2023-03-19 07:29,2714767241,778912,151168,2,region7_918076231
2023-03-19 07:29,2718763718,0,8388608,2,region7_918076232
2023-03-19 07:29,2718123158,0,23911,2,region7_918076231
2023-03-19 07:29,2719898250,1103146,7195310,2,region7_918076228
2023-03-19 07:29,2719750317,3047947,1048576,2,region7_918076228
2023-03-19 07:29,2720295030,0,2975058,4,region7_918076232
2023-03-19 07:29,2717711310,0,5218243,2,region7_918076235
2023-03-19 07:29,2718173987,7076680,1311928,2,region7_918076228
2023-03-19 07:29,2716105171,0,7324152,2,region7_918076237
2023-03-19 07:29,2716035539,236462,476663,2,region7_918076237
2023-03-19 07:29,2716035539,2343908,649344,2,region7_918076237
2023-03-19 07:29,2718277338,0,128,2,region7_918076231
2023-03-19 07:29,2718148837,0,481503,2,region7_918076228
2023-03-19 07:29,2718148837,481503,7907105,2,region7_918076228
2023-03-19 07:29,2715725896,1069892,1401287,2,region7_918076228
2023-03-19 07:29,2719940191,0,1880064,2,region7_918076236
2023-03-19 07:29,2719940191,8228864,159744,2,region7_918076236
2023-03-19 07:29,2719940191,4005888,2121728,2,region7_918076236
2023-03-19 07:29,2719940191,1880064,2125824,2,region7_918076236
2023-03-19 07:29,2719940191,6127616,2101248,2,region7_918076236
2023-03-19 07:29,2714798713,2782994,1458,2,region7_918076235
2023-03-19 07:29,2715909481,949679,1152324,2,region7_918076228
2023-03-19 07:29,2714778661,0,8158708,2,region7_918076228
2023-03-19 07:29,2720242721,0,768,2,region7_918076231
2023-03-19 07:29,2720178392,2477448,48,2,region7_918076231
2023-03-19 07:29,2720333780,6625456,1763152,2,region7_918076227
2023-03-19 07:29,2714778661,8158708,7495,2,region7_918076228
2023-03-19 07:29,2718307799,0,2811378,2,region7_918076228
2023-03-19 07:29,2718307799,2811378,5577230,2,region7_918076228
2023-03-19 07:29,2718890438,0,640,2,region7_918076231
2023-03-19 07:29,2718111927,1048576,1048576,5,region7_918076230
2023-03-19 07:29,2718111927,3145728,1048576,5,region7_918076230
2023-03-19 07:29,2718111927,2097152,1048576,5,region7_918076230
2023-03-19 07:29,2718111927,0,1048576,5,region7_918076230
2023-03-19 07:29,2718111927,4194304,821309,5,region7_918076230
2023-03-19 07:29,2720044079,0,8388608,4,region7_918076232
2023-03-19 07:29,2720081537,0,8388608,4,region7_918076232
2023-03-19 07:29,2719546521,0,8388608,2,region7_918076235
2023-03-19 07:29,2718371162,0,1667072,2,region7_918076233
2023-03-19 07:29,2714931608,0,2304,2,region7_918076231
2023-03-19 07:29,2718371162,1667072,2101248,2,region7_918076233
2023-03-19 07:29,2719981381,0,6214693,4,region7_918076239
2023-03-19 07:29,2720001325,0,34061,2,region7_918076231
2023-03-19 07:29,2719600250,0,8388608,2,region7_918076227
2023-03-19 07:29,2715632619,0,8192,2,region7_918076231
2023-03-19 07:29,2718206260,38888768,42432,2,region7_918076231
2023-03-19 07:29,2718371162,3768320,2125824,2,region7_918076233
2023-03-19 07:29,2719876253,0,256,2,region7_918076231
2023-03-19 07:29,2720266890,0,25165824,3,region7_918076237
2023-03-19 07:29,2718371162,5894144,2109440,2,region7_918076233
2023-03-19 07:29,2718637279,0,8371599,3,region7_918076226
2023-03-19 07:29,2718309631,0,7054711,4,region7_918076245
2023-03-19 07:29,2718371162,8003584,385024,2,region7_918076233
2023-03-19 07:29,2714910276,4070400,35584,2,region7_918076231
2023-03-19 07:29,2718931608,26758,201619,2,region7_918076228
2023-03-19 07:29,2715648522,0,256,2,region7_918076231
2023-03-19 07:29,2718220345,0,512,2,region7_918076231
2023-03-19 07:29,2718931608,2253995,496667,2,region7_918076228
2023-03-19 07:29,2714838278,3826919,3332006,1,region7_918076226
2023-03-19 07:29,2718220345,0,512,2,region7_918076231
2023-03-19 07:29,2719976912,0,8481568,5,region7_918076230
2023-03-19 07:29,2718220345,0,512,2,region7_918076231
2023-03-19 07:29,2719976912,0,4038842,6,region7_918076230
2023-03-19 07:29,2718378886,0,5882,2,region7_918076231
2023-03-19 07:29,2720046757,0,25165824,3,region7_918076237
2023-03-19 07:29,2718381954,0,2125824,2,region7_918076236
2023-03-19 07:29,2718428916,3145728,893114,5,region7_918076230
2023-03-19 07:29,2718428916,2097152,1048576,5,region7_918076230
2023-03-19 07:29,2718428916,1048576,1048576,5,region7_918076230
2023-03-19 07:29,2718428916,0,1048576,5,region7_918076230
2023-03-19 07:29,2720272127,0,8388608,2,region7_918076232
2023-03-19 07:29,2717613897,0,1373587,2,region7_918076244
2023-03-19 07:29,2717613897,3061336,1201203,2,region7_918076244
2023-03-19 07:29,2718163993,1047070,1048576,2,region7_918076228
2023-03-19 07:29,2718253181,0,7018064,4,region7_918076245
2023-03-19 07:29,2716670772,3754270,4634338,2,region7_918076227
2023-03-19 07:29,2716670772,0,2071862,2,region7_918076227
2023-03-19 07:29,2718381954,2125824,2101248,2,region7_918076236
2023-03-19 07:29,2720032536,0,176,2,region7_918076231
2023-03-19 07:29,2718381954,4227072,2129920,2,region7_918076236
2023-03-19 07:29,2720411644,2464531,5924077,2,region7_918076237
2023-03-19 07:29,2718284979,0,3838691,2,region7_918076232
2023-03-19 07:29,2719958873,0,1580642,2,region7_918076227
2023-03-19 07:29,2716254115,0,149197,2,region7_918076231
2023-03-19 07:29,2717606592,0,8388608,2,region7_918076235
2023-03-19 07:29,2719842462,5386814,1207480,2,region7_918076228
2023-03-19 07:29,2718225733,0,7036792,5,region7_918076230
2023-03-19 07:29,2718240934,0,7085747,2,region7_918076228
2023-03-19 07:29,2718305592,0,4436551,2,region7_918076228
2023-03-19 07:29,2718361443,0,8388608,4,region7_918076232
2023-03-19 07:29,2718381954,6356992,2031616,2,region7_918076236
2023-03-19 07:29,2718142925,2649871,170028,2,region7_918076228
2023-03-19 07:29,2718163993,1047070,1048576,2,region7_918076228
2023-03-19 07:29,2718129003,0,4038842,5,region7_918076230
2023-03-19 07:29,2720020137,0,8388608,2,region7_918076227
2023-03-19 07:29,2718225733,0,3059475,6,region7_918076230
2023-03-19 07:29,2718129003,0,8481568,6,region7_918076230
2023-03-19 07:29,2717598155,0,15284,2,region7_918076231
2023-03-19 07:29,2718142925,6190745,267580,2,region7_918076228
2023-03-19 07:29,2718240934,7085747,1302861,2,region7_918076228
2023-03-19 07:29,2718483430,0,3149,2,region7_918076231
2023-03-19 07:29,2716254115,0,149197,2,region7_918076231
2023-03-19 07:29,2717272954,0,1291,2,region7_918076231
2023-03-19 07:29,2716035539,2343908,649344,2,region7_918076228
2023-03-19 07:29,2716269953,0,384,2,region7_918076231
2023-03-19 07:29,2720188827,1180,3583311,2,region7_918076228
2023-03-19 07:30,2716547217,0,4873876,2,region7_918076237
2023-03-19 07:30,2716037576,0,952597,2,region7_918076228
2023-03-19 07:30,2716547217,4873876,3514732,2,region7_918076237
2023-03-19 07:30,2718206161,0,1575315,2,region7_918076237
2023-03-19 07:30,2716269953,0,384,2,region7_918076231
2023-03-19 07:30,2716066567,284214,14228,2,region7_918076228
2023-03-19 07:30,2720425851,0,8388608,2,region7_918076227
2023-03-19 07:30,2718206161,1575315,6813293,2,region7_918076237
2023-03-19 07:30,2718347700,0,9229,2,region7_918076231
2023-03-19 07:30,2718163993,1047070,1048576,2,region7_918076228
2023-03-19 07:30,2716269953,0,384,2,region7_918076231
2023-03-19 07:30,2720353147,0,3584,2,region7_918076231
2023-03-19 07:30,2720377654,6647808,1740800,2,region7_918076236
2023-03-19 07:30,2720377654,278528,2101248,2,region7_918076236
2023-03-19 07:30,2720377654,4509696,2138112,2,region7_918076236
2023-03-19 07:30,2720377654,2379776,2129920,2,region7_918076236
2023-03-19 07:30,2720377654,0,278528,2,region7_918076236
2023-03-19 07:30,2715323382,1173802,29274,2,region7_918076228
2023-03-19 07:30,2715323382,2728365,294611,2,region7_918076228
2023-03-19 07:30,2715323382,8344952,43656,2,region7_918076228
2023-03-19 07:30,2715867384,3275611,1048576,2,region7_918076228
2023-03-19 07:30,2715867384,3275611,1048576,2,region7_918076228
2023-03-19 07:30,2714830646,0,2893,2,region7_918076231
2023-03-19 07:30,2718578125,0,344243,5,region7_918076230
2023-03-19 07:30,2720124943,0,8388608,4,region7_918076232
2023-03-19 07:30,2720093654,0,25165824,3,region7_918076237
2023-03-19 07:30,2720151423,2399874,332352,2,region7_918076231
2023-03-19 07:30,2715970525,0,4211501,2,region7_918076228
2023-03-19 07:30,2717335819,491781,191586,2,region7_918076228
2023-03-19 07:30,2718337390,5033600,112960,2,region7_918076231
2023-03-19 07:30,2720181113,3038497,572058,2,region7_918076235
2023-03-19 07:30,2720181113,7515766,722528,2,region7_918076235
2023-03-19 07:30,2720181113,0,1204286,2,region7_918076235
2023-03-19 07:30,2715867384,0,4315727,2,region7_918076228
2023-03-19 07:30,2717335819,733221,581217,2,region7_918076228
2023-03-19 07:30,2717335819,0,491781,2,region7_918076228
2023-03-19 07:30,2717335819,2534847,856576,2,region7_918076228
2023-03-19 07:30,2718337321,3145728,893114,5,region7_918076230
2023-03-19 07:30,2718337321,1048576,1048576,5,region7_918076230
2023-03-19 07:30,2718337321,2097152,1048576,5,region7_918076230
2023-03-19 07:30,2718337321,0,1048576,5,region7_918076230
2023-03-19 07:30,2720155697,0,272000,2,region7_918076231
2023-03-19 07:30,2718163993,1047070,1048576,2,region7_918076228
2023-03-19 07:30,2718574276,4750616,459074,2,region7_918076231
2023-03-19 07:30,2718362331,0,4038842,5,region7_918076230
2023-03-19 07:30,2718444466,0,4038842,5,region7_918076230
2023-03-19 07:30,2720118753,0,8388608,4,region7_918076232
2023-03-19 07:30,2714910276,3879424,7808,2,region7_918076231
2023-03-19 07:30,2716465820,0,4298572,2,region7_918076237
2023-03-19 07:30,2718213809,0,3051288,6,region7_918076230
2023-03-19 07:30,2715596748,2724446,1416349,2,region7_918076228
2023-03-19 07:30,2718444466,0,8481568,6,region7_918076230
2023-03-19 07:30,2718199645,0,8377313,3,region7_918076226
2023-03-19 07:30,2718317258,0,8388608,4,region7_918076232
2023-03-19 07:30,2718123123,0,1925120,2,region7_918076236
2023-03-19 07:30,2718331710,0,3100498,6,region7_918076230
2023-03-19 07:30,2720079677,973504,48,2,region7_918076231
2023-03-19 07:30,2718123123,4055040,2117632,2,region7_918076236
2023-03-19 07:30,2718123123,6172672,2134016,2,region7_918076236
2023-03-19 07:30,2718123123,1925120,2129920,2,region7_918076236
2023-03-19 07:30,2716122739,0,3827386,2,region7_918076232
2023-03-19 07:30,2718931608,2253995,496667,2,region7_918076228
2023-03-19 07:30,2715448531,5570120,1013655,2,region7_918076227
2023-03-19 07:30,2715448531,3522478,161538,2,region7_918076227
2023-03-19 07:30,2715448531,21030,1565597,2,region7_918076227
2023-03-19 07:30,2714839518,0,4641641,2,region7_918076227
2023-03-19 07:30,2718123123,8306688,81920,2,region7_918076236
2023-03-19 07:30,2714961086,2448580,8388608,2,region7_918076244
2023-03-19 07:30,2714961086,10837188,3991246,2,region7_918076244
2023-03-19 07:30,2714961086,0,2448580,2,region7_918076244
2023-03-19 07:30,2715082897,0,8481568,6,region7_918076242
2023-03-19 07:30,2718606979,0,8388608,4,region7_918076232
2023-03-19 07:30,2718663699,0,3840,2,region7_918076231
2023-03-19 07:30,2720133768,0,2934723,4,region7_918076232
2023-03-19 07:30,2715814552,5088896,48,2,region7_918076231
2023-03-19 07:30,2718259710,0,1144733,1,region7_918076226
2023-03-19 07:30,2718577205,0,8388608,4,region7_918076232
2023-03-19 07:30,2715345588,0,4031821,2,region7_918076228
2023-03-19 07:30,2720372580,0,659879,2,region7_918076231
2023-03-19 07:30,2714931608,0,2304,2,region7_918076231
2023-03-19 07:30,2717031466,0,1024,2,region7_918076231
2023-03-19 07:30,2718663699,0,3840,2,region7_918076231
2023-03-19 07:30,2720150371,0,16551,2,region7_918076231
2023-03-19 07:30,2718873139,6733376,61248,2,region7_918076231
2023-03-19 07:30,2720378375,0,8378470,3,region7_918076226
2023-03-19 07:30,2718190398,0,27,4,region7_918076232
2023-03-19 07:30,2718416116,0,128,2,region7_918076231
2023-03-19 07:30,2718663699,0,3840,2,region7_918076231
2023-03-19 07:30,2718777028,0,75405,2,region7_918076233
2023-03-19 07:30,2715542180,0,4711704,2,region7_918076228
2023-03-19 07:30,2715542180,0,4711704,2,region7_918076228
2023-03-19 07:30,2718893838,3486544,327910,2,region7_918076231
2023-03-19 07:30,2720357747,0,176,2,region7_918076231
2023-03-19 07:30,2716994284,0,176,2,region7_918076231
2023-03-19 07:30,2718524333,0,8388608,2,region7_918076235
2023-03-19 07:30,2718690423,23197024,186624,2,region7_918076231
2023-03-19 07:30,2718160365,0,8388608,4,region7_918076232
2023-03-19 07:30,2718649370,0,4038842,6,region7_918076230
2023-03-19 07:30,2715585359,1778,360,2,region7_918076231
2023-03-19 07:30,2718178828,0,331581,5,region7_918076230
2023-03-19 07:30,2718446680,0,8388608,2,region7_918076227
2023-03-19 07:30,2718165471,0,434361,2,region7_918076228
2023-03-19 07:30,2718186556,0,7535459,2,region7_918076237
2023-03-19 07:30,2718248373,25165824,390013,1,region7_918076244
2023-03-19 07:30,2715123610,0,33146,2,region7_918076231
2023-03-19 07:30,2718473041,0,6530697,2,region7_918076227
2023-03-19 07:30,2715382535,0,4002,2,region7_918076228
2023-03-19 07:30,2715234709,0,7910423,2,region7_918076227
2023-03-19 07:30,2720249913,3784704,2138112,2,region7_918076236
2023-03-19 07:30,2720249913,1679360,2105344,2,region7_918076236
2023-03-19 07:30,2720249913,0,1679360,2,region7_918076236
2023-03-19 07:30,2720249913,5922816,2101248,2,region7_918076236
2023-03-19 07:30,2715333191,0,8388608,2,region7_918076227
2023-03-19 07:30,2715758311,0,856299,2,region7_918076228
2023-03-19 07:30,2718382916,0,456333,2,region7_918076232
2023-03-19 07:30,2718452904,0,1549,2,region7_918076231
2023-03-19 07:30,2720249913,8024064,364544,2,region7_918076236
2023-03-19 07:30,2715937025,0,1879294,2,region7_918076237
2023-03-19 07:30,2718763718,0,8388608,2,region7_918076232
2023-03-19 07:30,2715878280,3211264,2097152,2,region7_918076238
2023-03-19 07:30,2715878280,0,1118208,2,region7_918076238
2023-03-19 07:30,2715878280,1118208,2093056,2,region7_918076238
2023-03-19 07:30,2715937025,1906932,1854753,2,region7_918076237
2023-03-19 07:30,2715878280,7397376,991232,2,region7_918076238
2023-03-19 07:30,2715878280,5308416,2088960,2,region7_918076238
2023-03-19 07:30,2720379558,0,3067090,6,region7_918076230
2023-03-19 07:30,2719033612,0,18902,2,region7_918076236
2023-03-19 07:30,2719942680,0,566705,2,region7_918076232
2023-03-19 07:30,2720368576,0,8388608,4,region7_918076232
2023-03-19 07:30,2718377054,0,8321411,3,region7_918076226
2023-03-19 07:30,2720243699,5506529,1354,2,region7_918076246
2023-03-19 07:30,2720243699,5507883,73919,2,region7_918076246
2023-03-19 07:30,2720370684,0,1682569,2,region7_918076237
2023-03-19 07:30,2718841490,2097152,1048576,5,region7_918076230
2023-03-19 07:30,2718841490,0,1048576,5,region7_918076230
2023-03-19 07:30,2718841490,1048576,1048576,5,region7_918076230
2023-03-19 07:30,2718207184,0,4038842,5,region7_918076230
2023-03-19 07:30,2714994083,0,8388608,2,region7_918076227
2023-03-19 07:30,2716543393,0,8388608,2,region7_918076237
2023-03-19 07:30,2718737868,0,4038842,2,region7_918076234
2023-03-19 07:30,2714814549,1367992,147084,2,region7_918076228
2023-03-19 07:30,2718841490,4194304,1048576,5,region7_918076230
2023-03-19 07:30,2718841490,7340032,1048576,5,region7_918076230
2023-03-19 07:30,2718841490,6291456,1048576,5,region7_918076230
2023-03-19 07:30,2718841490,5242880,1048576,5,region7_918076230
2023-03-19 07:30,2718841490,3145728,1048576,5,region7_918076230
2023-03-19 07:30,2718207184,0,8481568,6,region7_918076230
2023-03-19 07:30,2718423113,0,6446795,2,region7_918076237
2023-03-19 07:30,2720370684,1682569,6706039,2,region7_918076237
2023-03-19 07:30,2720408255,0,8388608,4,region7_918076238
2023-03-19 07:30,2718281055,0,2053006,6,region7_918076230
2023-03-19 07:30,2715052082,0,6269329,2,region7_918076227
2023-03-19 07:30,2718281055,0,4721914,5,region7_918076230
2023-03-19 07:30,2715970525,0,4211501,2,region7_918076244
2023-03-19 07:30,2716016544,0,8388608,2,region7_918076227
2023-03-19 07:30,2718128870,0,7688973,3,region7_918076226
2023-03-19 07:30,2715293577,0,176,2,region7_918076231
2023-03-19 07:30,2715535226,6370069,2018539,2,region7_918076227
2023-03-19 07:30,2715535226,0,4985777,2,region7_918076227
2023-03-19 07:30,2718151667,0,8388608,2,region7_918076237
2023-03-19 07:30,2718216579,0,25472332,3,region7_918076244
2023-03-19 07:30,2720272089,0,8481568,6,region7_918076242
2023-03-19 07:30,2716144485,2497088,48,2,region7_918076231
2023-03-19 07:30,2718152560,0,2085580,2,region7_918076232
2023-03-19 07:30,2718152560,0,14491670,2,region7_918076232
2023-03-19 07:30,2718866760,0,4715394,4,region7_918076232
2023-03-19 07:30,2718787415,0,7728839,3,region7_918076226
2023-03-19 07:30,2718356563,0,4038842,5,region7_918076230
2023-03-19 07:30,2720425906,0,3200,2,region7_918076231
2023-03-19 07:30,2718152560,2085580,12406090,2,region7_918076232
2023-03-19 07:30,2718205269,0,1033285,2,region7_918076227
2023-03-19 07:30,2718205269,1017993,15292,2,region7_918076227
2023-03-19 07:30,2716198364,0,1645144,2,region7_918076244
2023-03-19 07:30,2714835262,0,421384,2,region7_918076228
2023-03-19 07:30,2718356563,0,8481568,6,region7_918076230
2023-03-19 07:30,2718451025,0,1048576,5,region7_918076230
2023-03-19 07:30,2718451025,3145728,893114,5,region7_918076230
2023-03-19 07:30,2718451025,2097152,1048576,5,region7_918076230
2023-03-19 07:30,2718451025,1048576,1048576,5,region7_918076230
2023-03-19 07:30,2715089191,4106921,177703,2,region7_918076228
2023-03-19 07:30,2716343518,0,8388608,2,region7_918076227
2023-03-19 07:30,2716037576,0,952599,2,region7_918076232
2023-03-19 07:30,2718223974,1048576,1048576,5,region7_918076230
2023-03-19 07:30,2718223974,2097152,1048576,5,region7_918076230
2023-03-19 07:30,2718223974,0,1048576,5,region7_918076230
2023-03-19 07:30,2715721542,6555926,1048576,2,region7_918076235
2023-03-19 07:30,2715721542,4959552,2644950,2,region7_918076235
2023-03-19 07:30,2715909481,6538411,1524296,2,region7_918076244
2023-03-19 07:30,2718174694,0,8388608,4,region7_918076236
2023-03-19 07:30,2718223974,3145728,893114,5,region7_918076230
2023-03-19 07:30,2718920436,0,8370503,3,region7_918076226
2023-03-19 07:30,2715455194,205898,1048576,2,region7_918076228
2023-03-19 07:30,2716151734,0,30720,2,region7_918076231
2023-03-19 07:30,2718370170,0,14300,3,region7_918076226
2023-03-19 07:30,2718456544,0,4038842,5,region7_918076230
2023-03-19 07:30,2717170139,0,610304,2,region7_918076247
2023-03-19 07:30,2718893838,3814454,196746,2,region7_918076231
2023-03-19 07:30,2715524657,4234976,163264,2,region7_918076231
2023-03-19 07:30,2714832668,0,7344543,2,region7_918076235
2023-03-19 07:30,2717170139,2732032,2121728,2,region7_918076247
2023-03-19 07:30,2717170139,4853760,2121728,2,region7_918076247
2023-03-19 07:30,2717170139,610304,2121728,2,region7_918076247
2023-03-19 07:30,2718862350,6819445,1409339,2,region7_918076235
2023-03-19 07:30,2720422456,5917557,242012,2,region7_918076235
2023-03-19 07:30,2720422456,3180939,945518,2,region7_918076235
2023-03-19 07:30,2720422456,437159,132721,2,region7_918076235
2023-03-19 07:30,2718521368,0,14341677,2,region7_918076232
2023-03-19 07:30,2718536085,0,8388608,2,region7_918076237
2023-03-19 07:30,2718931511,0,14647373,6,region7_918076242
2023-03-19 07:30,2718408740,0,8388608,2,region7_918076227
2023-03-19 07:30,2718580073,0,1292617,4,region7_918076232
2023-03-19 07:30,2716569062,32148168,451392,2,region7_918076231
2023-03-19 07:30,2718965725,0,8388608,2,region7_918076227
2023-03-19 07:30,2716410706,0,16410,2,region7_918076231
2023-03-19 07:30,2718456476,0,8388608,4,region7_918076232
2023-03-19 07:30,2717170139,6975488,1413120,2,region7_918076247
2023-03-19 07:30,2714987423,3121294,396839,2,region7_918076228
2023-03-19 07:30,2714987423,122712,1582563,2,region7_918076228
2023-03-19 07:30,2716562045,3,989591,2,region7_918076228
2023-03-19 07:30,2718583067,0,384,2,region7_918076231
2023-03-19 07:30,2718825956,0,3314147,2,region7_918076232
2023-03-19 07:30,2718893838,4011200,655820,2,region7_918076231
2023-03-19 07:30,2714961086,0,2448580,2,region7_918076244
2023-03-19 07:30,2718330850,0,647168,2,region7_918076236
2023-03-19 07:30,2718585890,0,8388608,4,region7_918076232
2023-03-19 07:30,2718780778,0,4936544,6,region7_918076230
2023-03-19 07:30,2714961086,10837188,3991246,2,region7_918076244
2023-03-19 07:30,2714961086,2448580,8388608,2,region7_918076244
2023-03-19 07:30,2718330850,2752512,2109440,2,region7_918076236
2023-03-19 07:30,2718330850,6963200,1425408,2,region7_918076236
2023-03-19 07:30,2718330850,4861952,2101248,2,region7_918076236
2023-03-19 07:30,2718330850,647168,2105344,2,region7_918076236
2023-03-19 07:30,2716202866,4980544,207168,2,region7_918076231
2023-03-19 07:30,2718670625,0,1680332,2,region7_918076235
2023-03-19 07:30,2718670625,636003,1048576,2,region7_918076235
2023-03-19 07:30,2718781755,0,8388608,2,region7_918076227
2023-03-19 07:30,2714736004,0,1368479,2,region7_918076228
2023-03-19 07:30,2716481545,0,8388608,2,region7_918076227
2023-03-19 07:30,2718580146,2847700,8853408,2,region7_918076231
2023-03-19 07:30,2715298208,0,256,2,region7_918076231
2023-03-19 07:30,2718203160,0,36250,1,region7_918076226
2023-03-19 07:30,2714736004,5313574,39199,2,region7_918076228
2023-03-19 07:30,2718357491,2289808,6191760,2,region7_918076231
2023-03-19 07:30,2718357491,0,2540880,2,region7_918076231
2023-03-19 07:30,2718610828,1575138,6813470,2,region7_918076237
2023-03-19 07:30,2718610828,0,1575138,2,region7_918076237
2023-03-19 07:30,2715173185,2253625,162042,2,region7_918076228
2023-03-19 07:30,2718389882,5380160,48,2,region7_918076231
2023-03-19 07:30,2718774081,0,33605,4,region7_918076239
2023-03-19 07:30,2716337823,0,8388608,2,region7_918076235
2023-03-19 07:31,2715721542,4253699,504509,2,region7_918076235
2023-03-19 07:31,2715721542,0,2263759,2,region7_918076235
2023-03-19 07:31,2715139173,645894,1048576,2,region7_918076228
2023-03-19 07:31,2718305519,6553376,48,2,region7_918076231
2023-03-19 07:31,2718354545,0,7422768,2,region7_918076234
2023-03-19 07:31,2718354545,6176176,2305392,2,region7_918076234
2023-03-19 07:31,2718186425,0,11488746,5,region7_918076230
2023-03-19 07:31,2718513415,0,10977,2,region7_918076231
2023-03-19 07:31,2718186425,0,26424116,6,region7_918076230
2023-03-19 07:31,2718540614,0,896,2,region7_918076231
2023-03-19 07:31,2718187451,7691840,76800,2,region7_918076231
2023-03-19 07:31,2718844226,0,8388608,2,region7_918076227
2023-03-19 07:31,2718931608,26758,201619,2,region7_918076228
2023-03-19 07:31,2715207186,0,1344,2,region7_918076231
2023-03-19 07:31,2715240767,0,721304,2,region7_918076244
2023-03-19 07:31,2718125545,0,1604436,5,region7_918076230
2023-03-19 07:31,2718893838,4667020,327910,2,region7_918076231
2023-03-19 07:31,2717560647,0,443449,2,region7_918076228
2023-03-19 07:31,2715909481,6538411,1524296,2,region7_918076228
2023-03-19 07:31,2718384791,0,1303950,2,region7_918076235
2023-03-19 07:31,2718384791,255374,1048576,2,region7_918076235
2023-03-19 07:31,2715455993,0,8388608,2,region7_918076227
2023-03-19 07:31,2718125545,0,802218,6,region7_918076230
2023-03-19 07:31,2718957730,0,8388608,2,region7_918076227
2023-03-19 07:31,2718139897,0,128,2,region7_918076231
2023-03-19 07:31,2718642607,0,7905623,3,region7_918076226
2023-03-19 07:31,2718736894,7883662,159744,2,region7_918076233
2023-03-19 07:31,2718736894,8042544,2886,2,region7_918076233
2023-03-19 07:31,2718736894,8043406,3049,2,region7_918076233
2023-03-19 07:31,2718409837,202916,953750,2,region7_918076231
2023-03-19 07:31,2718409837,0,202916,2,region7_918076231
2023-03-19 07:31,2714961086,0,14828434,2,region7_918076237
2023-03-19 07:31,2718249273,0,8382296,3,region7_918076226
2023-03-19 07:31,2718582150,0,8375811,3,region7_918076226
2023-03-19 07:31,2718643560,7340032,1048576,5,region7_918076230
2023-03-19 07:31,2718643560,6291456,1048576,5,region7_918076230
2023-03-19 07:31,2718643560,5242880,1048576,5,region7_918076230
2023-03-19 07:31,2718643560,4194304,1048576,5,region7_918076230
2023-03-19 07:31,2718643560,3145728,1048576,5,region7_918076230
2023-03-19 07:31,2718643560,2097152,1048576,5,region7_918076230
2023-03-19 07:31,2718643560,1048576,1048576,5,region7_918076230
2023-03-19 07:31,2718643560,0,1048576,5,region7_918076230
2023-03-19 07:31,2715026643,0,459508,2,region7_918076231
2023-03-19 07:31,2719043187,0,8739015,6,region7_918076242
2023-03-19 07:31,2718484479,0,2175,5,region7_918076230
2023-03-19 07:31,2718675394,0,364544,2,region7_918076236
2023-03-19 07:31,2719008111,1048576,1048576,5,region7_918076230
2023-03-19 07:31,2719008111,0,1048576,5,region7_918076230
2023-03-19 07:31,2719008111,2097152,1048576,5,region7_918076230
2023-03-19 07:31,2718136490,0,4038842,5,region7_918076230
2023-03-19 07:31,2718349920,0,176,2,region7_918076231
2023-03-19 07:31,2714751170,0,8388608,2,region7_918076227
2023-03-19 07:31,2718560009,322816,92224,2,region7_918076231
2023-03-19 07:31,2718631260,0,8378054,3,region7_918076226
2023-03-19 07:31,2718675394,6680576,1708032,2,region7_918076236
2023-03-19 07:31,2718675394,4575232,2105344,2,region7_918076236
2023-03-19 07:31,2718675394,2469888,2105344,2,region7_918076236
2023-03-19 07:31,2718675394,364544,2105344,2,region7_918076236
2023-03-19 07:31,2718928973,793920,144704,2,region7_918076231
2023-03-19 07:31,2719008111,3145728,893114,5,region7_918076230
2023-03-19 07:31,2718136490,0,8481568,6,region7_918076230
2023-03-19 07:31,2718485401,2097152,1048576,5,region7_918076230
2023-03-19 07:31,2718485401,1048576,1048576,5,region7_918076230
2023-03-19 07:31,2718485401,0,1048576,5,region7_918076230
2023-03-19 07:31,2718485401,3145728,922293,5,region7_918076230
2023-03-19 07:31,2718544571,0,2790130,3,region7_918076244
2023-03-19 07:31,2718890350,7831900,229176,2,region7_918076231
2023-03-19 07:31,2719001622,0,3066623,6,region7_918076230
2023-03-19 07:31,2718176668,3145728,893114,5,region7_918076230
2023-03-19 07:31,2718176668,1048576,1048576,5,region7_918076230
2023-03-19 07:31,2718176668,2097152,1048576,5,region7_918076230
2023-03-19 07:31,2718176668,0,1048576,5,region7_918076230
2023-03-19 07:31,2718451779,0,8388608,2,region7_918076227
2023-03-19 07:31,2716529775,3416416,84032,2,region7_918076231
2023-03-19 07:31,2719133105,91199,1048576,2,region7_918076237
2023-03-19 07:31,2719133105,0,1098032,2,region7_918076237
2023-03-19 07:31,2718192156,0,1565904,2,region7_918076231
2023-03-19 07:31,2718192156,1554832,2484010,2,region7_918076231
2023-03-19 07:31,2715616759,7375131,1013477,2,region7_918076244
2023-03-19 07:31,2718755664,1284707,3840043,2,region7_918076227
2023-03-19 07:31,2718809978,6612928,40064,2,region7_918076231
2023-03-19 07:31,2719078694,0,8138752,2,region7_918076238
2023-03-19 07:31,2718429020,0,3386816,2,region7_918076231
2023-03-19 07:31,2714898407,4108390,38463,2,region7_918076228
2023-03-19 07:31,2714898407,1905538,521192,2,region7_918076228
2023-03-19 07:31,2715089050,356507,1048576,2,region7_918076228
2023-03-19 07:31,2717455226,413203,1904646,2,region7_918076228
2023-03-19 07:31,2719028783,0,8,2,region7_918076231
2023-03-19 07:31,2716066567,3,7655961,2,region7_918076244
2023-03-19 07:31,2719078694,8138752,249856,2,region7_918076238
2023-03-19 07:31,2718263809,0,14663,2,region7_918076231
2023-03-19 07:31,2718682097,0,8368865,3,region7_918076226
2023-03-19 07:31,2716037576,0,952597,2,region7_918076228
2023-03-19 07:31,2717142945,0,176,2,region7_918076231
2023-03-19 07:31,2718571327,0,6849102,3,region7_918076226
2023-03-19 07:31,2718965755,1048576,559147,5,region7_918076230
2023-03-19 07:31,2718965755,0,1048576,5,region7_918076230
2023-03-19 07:31,2714961086,0,2448580,2,region7_918076228
2023-03-19 07:31,2714739525,1479186,764035,2,region7_918076228
2023-03-19 07:31,2714961086,10837188,3991246,2,region7_918076228
2023-03-19 07:31,2714961086,2448580,8388608,2,region7_918076228
2023-03-19 07:31,2718206260,21355648,230144,2,region7_918076231
2023-03-19 07:31,2718654149,6533440,48,2,region7_918076231
2023-03-19 07:31,2717266821,0,2688,2,region7_918076231
2023-03-19 07:31,2719028783,8,196746,2,region7_918076231
2023-03-19 07:31,2719038466,4059136,2105344,2,region7_918076236
2023-03-19 07:31,2719038466,1921024,2138112,2,region7_918076236
2023-03-19 07:31,2719038466,0,1921024,2,region7_918076236
2023-03-19 07:31,2719097613,7340032,1048576,5,region7_918076230
2023-03-19 07:31,2719097613,5242880,1048576,5,region7_918076230
2023-03-19 07:31,2719097613,3145728,1048576,5,region7_918076230
2023-03-19 07:31,2719097613,6291456,1048576,5,region7_918076230
2023-03-19 07:31,2719097613,4194304,1048576,5,region7_918076230
2023-03-19 07:31,2719097613,2097152,1048576,5,region7_918076230
2023-03-19 07:31,2719097613,1048576,1048576,5,region7_918076230
2023-03-19 07:31,2719097613,0,1048576,5,region7_918076230
2023-03-19 07:31,2719038466,8286208,102400,2,region7_918076236
2023-03-19 07:31,2719038466,6164480,2121728,2,region7_918076236
2023-03-19 07:31,2717383376,0,128,2,region7_918076231
2023-03-19 07:31,2717266821,0,2688,2,region7_918076231
2023-03-19 07:31,2718219475,0,1794500,5,region7_918076242
2023-03-19 07:31,2718471292,0,8377640,3,region7_918076226
2023-03-19 07:31,2718610828,1575138,6813470,2,region7_918076237
2023-03-19 07:31,2718654137,0,8384245,3,region7_918076226
2023-03-19 07:31,2718960369,3890033,1891354,2,region7_918076227
2023-03-19 07:31,2718960369,1643690,462908,2,region7_918076227
2023-03-19 07:31,2719028783,196754,65582,2,region7_918076231
2023-03-19 07:31,2716037576,0,952597,2,region7_918076228
2023-03-19 07:31,2718278230,5824000,1310720,2,region7_918076231
2023-03-19 07:31,2718513351,0,4292876,2,region7_918076227
2023-03-19 07:31,2718584909,0,33296,2,region7_918076244
2023-03-19 07:31,2718777028,0,75405,2,region7_918076233
2023-03-19 07:31,2718278230,8445440,1310720,2,region7_918076231
2023-03-19 07:31,2718456544,0,4038842,2,region7_918076231
2023-03-19 07:31,2718584909,33296,4176893,2,region7_918076244
2023-03-19 07:31,2715139173,645894,1048576,2,region7_918076228
2023-03-19 07:31,2717022477,0,4194304,2,region7_918076232
2023-03-19 07:31,2717022477,4194304,4194304,2,region7_918076232
2023-03-19 07:31,2715809913,0,384,2,region7_918076231
2023-03-19 07:31,2718475026,0,8388608,2,region7_918076233
2023-03-19 07:31,2718893838,4994930,327910,2,region7_918076231
2023-03-19 07:31,2715809913,0,384,2,region7_918076231
2023-03-19 07:31,2718972676,0,875586,5,region7_918076230
2023-03-19 07:31,2716185999,0,1838953,2,region7_918076228
2023-03-19 07:31,2715380981,665984,46912,2,region7_918076231
2023-03-19 07:31,2718582115,0,3132734,6,region7_918076230
2023-03-19 07:31,2718745251,4194304,953113,5,region7_918076230
2023-03-19 07:31,2718745251,1048576,1048576,5,region7_918076230
2023-03-19 07:31,2718745251,3145728,1048576,5,region7_918076230
2023-03-19 07:31,2718745251,2097152,1048576,5,region7_918076230
2023-03-19 07:31,2718745251,0,1048576,5,region7_918076230
2023-03-19 07:31,2716185999,1838953,2231080,2,region7_918076228
2023-03-19 07:31,2718337331,0,3102025,6,region7_918076230
2023-03-19 07:31,2715809913,0,384,2,region7_918076231
2023-03-19 07:31,2719068579,2340864,48,2,region7_918076231
2023-03-19 07:31,2718570563,0,8481568,6,region7_918076230
2023-03-19 07:31,2718824155,4661248,2146304,2,region7_918076236
2023-03-19 07:31,2718824155,2551808,2109440,2,region7_918076236
2023-03-19 07:31,2718824155,0,450560,2,region7_918076236
2023-03-19 07:31,2718824155,6807552,1581056,2,region7_918076236
2023-03-19 07:31,2718824155,450560,2101248,2,region7_918076236
2023-03-19 07:31,2718570563,0,4038842,5,region7_918076230
2023-03-19 07:31,2716066567,281497,1258267,2,region7_918076228
2023-03-19 07:31,2716806519,0,55885,2,region7_918076231
2023-03-19 07:31,2714791034,0,564480,2,region7_918076228
2023-03-19 07:31,2718308311,0,1579973,4,region7_918076232
2023-03-19 07:31,2718393534,0,7092547,4,region7_918076245
2023-03-19 07:31,2718769234,0,19119,2,region7_918076236
2023-03-19 07:31,2714674559,0,176,2,region7_918076231
2023-03-19 07:31,2718850945,0,8388608,2,region7_918076227
2023-03-19 07:31,2718893838,5322840,524656,2,region7_918076231
2023-03-19 07:31,2717086252,0,3869673,2,region7_918076237
2023-03-19 07:31,2719074973,2721408,130304,2,region7_918076231
2023-03-19 07:31,2718357434,0,7034477,4,region7_918076245
2023-03-19 07:31,2718635902,2537312,198912,2,region7_918076231
2023-03-19 07:31,2718700919,1419760,7061808,2,region7_918076231
2023-03-19 07:31,2718700919,0,1928560,2,region7_918076231
2023-03-19 07:31,2714949652,4945792,119808,2,region7_918076231
2023-03-19 07:31,2719298017,0,4536694,2,region7_918076244
2023-03-19 07:31,2718706900,3469149,1633809,2,region7_918076237
2023-03-19 07:31,2719027705,176512,48,2,region7_918076231
2023-03-19 07:31,2714869557,0,622353,2,region7_918076228
2023-03-19 07:31,2719298017,4536694,393642,2,region7_918076244
2023-03-19 07:31,2717945839,0,8388608,2,region7_918076237
2023-03-19 07:31,2718706900,0,1846034,2,region7_918076237
2023-03-19 07:31,2714779170,8192,188826,2,region7_918076231
2023-03-19 07:31,2714779170,0,176,2,region7_918076231
2023-03-19 07:31,2719004344,0,3056484,6,region7_918076230
2023-03-19 07:31,2715909481,6538411,1524296,2,region7_918076228
2023-03-19 07:31,2718706900,6737300,1651308,2,region7_918076237
2023-03-19 07:31,2718857653,6488376,581849,2,region7_918076228
2023-03-19 07:31,2719009927,0,8388608,4,region7_918076236
2023-03-19 07:31,2719117326,0,5108,2,region7_918076231
2023-03-19 07:31,2718456544,3593906,444936,2,region7_918076231
2023-03-19 07:31,2714779170,0,176,2,region7_918076231
2023-03-19 07:31,2714779170,8192,188826,2,region7_918076231
2023-03-19 07:31,2717320999,2575417,4807608,2,region7_918076227
2023-03-19 07:31,2719083467,0,19610,2,region7_918076231
2023-03-19 07:31,2718569425,49288,405879,2,region7_918076228
2023-03-19 07:31,2718767475,0,259399,3,region7_918076226
2023-03-19 07:31,2714994862,0,43986,2,region7_918076244
2023-03-19 07:31,2718505742,0,25165824,3,region7_918076237
2023-03-19 07:31,2718659860,0,8388474,3,region7_918076228
2023-03-19 07:31,2716937311,0,6190151,2,region7_918076232
2023-03-19 07:31,2716960212,0,8388608,2,region7_918076227
2023-03-19 07:31,2718870574,0,8388608,4,region7_918076232
2023-03-19 07:31,2718405716,0,8374707,3,region7_918076226
2023-03-19 07:31,2714987423,258,4079401,2,region7_918076244
2023-03-19 07:31,2718524366,0,896,2,region7_918076231
2023-03-19 07:31,2717366037,0,8388608,2,region7_918076227
2023-03-19 07:31,2718695833,7340032,1048576,5,region7_918076230
2023-03-19 07:31,2718695833,4194304,1048576,5,region7_918076230
2023-03-19 07:31,2718695833,2097152,1048576,5,region7_918076230
2023-03-19 07:31,2718695833,0,1048576,5,region7_918076230
2023-03-19 07:31,2718695833,6291456,1048576,5,region7_918076230
2023-03-19 07:31,2718695833,5242880,1048576,5,region7_918076230
2023-03-19 07:31,2718695833,3145728,1048576,5,region7_918076230
2023-03-19 07:31,2718695833,1048576,1048576,5,region7_918076230
2023-03-19 07:31,2718848889,0,123226,2,region7_918076231
2023-03-19 07:31,2715455194,205898,1048576,2,region7_918076228
2023-03-19 07:31,2714931608,0,2304,2,region7_918076231
2023-03-19 07:31,2718206260,41231424,50112,2,region7_918076231
2023-03-19 07:31,2718430967,0,8388608,4,region7_918076238
2023-03-19 07:31,2718848889,0,123226,2,region7_918076231
2023-03-19 07:31,2718968263,0,4038842,2,region7_918076231
2023-03-19 07:31,2719187247,2097152,909922,5,region7_918076230
2023-03-19 07:31,2719187247,1048576,1048576,5,region7_918076230
2023-03-19 07:31,2719187247,0,1048576,5,region7_918076230
2023-03-19 07:31,2718496998,4194304,1048576,5,region7_918076230
2023-03-19 07:31,2718496998,2097152,1048576,5,region7_918076230
2023-03-19 07:31,2718496998,1048576,1048576,5,region7_918076230
2023-03-19 07:31,2718496998,0,1048576,5,region7_918076230
2023-03-19 07:31,2718496998,5242880,431444,5,region7_918076230
2023-03-19 07:31,2718496998,3145728,1048576,5,region7_918076230
2023-03-19 07:31,2715358968,4867771,16384,2,region7_918076244
2023-03-19 07:31,2715358968,4794969,6378,2,region7_918076244
2023-03-19 07:31,2714961086,0,2448580,2,region7_918076228
2023-03-19 07:31,2718975744,6529920,92160,2,region7_918076231
2023-03-19 07:31,2719110763,0,128,2,region7_918076231
2023-03-19 07:31,2719158379,5242880,1048576,5,region7_918076230
2023-03-19 07:31,2719158379,4194304,1048576,5,region7_918076230
2023-03-19 07:31,2719158379,6291456,25933,5,region7_918076230
2023-03-19 07:31,2719158379,3145728,1048576,5,region7_918076230
2023-03-19 07:31,2719158379,2097152,1048576,5,region7_918076230
2023-03-19 07:31,2719158379,0,1048576,5,region7_918076230
2023-03-19 07:31,2719158379,1048576,1048576,5,region7_918076230
2023-03-19 07:31,2714961086,10837188,3991246,2,region7_918076228
2023-03-19 07:31,2714961086,2448580,8388608,2,region7_918076228
2023-03-19 07:31,2715981179,9836188,295616,2,region7_918076231
2023-03-19 07:31,2718887377,0,8388608,2,region7_918076227
2023-03-19 07:31,2718517328,7340032,1048121,5,region7_918076230
2023-03-19 07:31,2718517328,5242880,1048576,5,region7_918076230
2023-03-19 07:31,2718517328,3145728,1048576,5,region7_918076230
2023-03-19 07:31,2718517328,1048576,1048576,5,region7_918076230
2023-03-19 07:31,2718517328,6291456,1048576,5,region7_918076230
2023-03-19 07:31,2718517328,4194304,1048576,5,region7_918076230
2023-03-19 07:31,2718517328,2097152,1048576,5,region7_918076230
2023-03-19 07:31,2718517328,0,1048576,5,region7_918076230
2023-03-19 07:31,2718751849,0,3442620,3,region7_918076226
2023-03-19 07:31,2715512526,0,1174052,2,region7_918076228
2023-03-19 07:31,2715941816,0,359124,2,region7_918076228
2023-03-19 07:31,2718605101,0,26100,2,region7_918076231
2023-03-19 07:31,2719272415,0,6400,2,region7_918076231
2023-03-19 07:31,2718893838,5847496,524656,2,region7_918076231
2023-03-19 07:31,2716037576,0,952597,2,region7_918076228
2023-03-19 07:31,2718523177,724932,1001197,2,region7_918076228
2023-03-19 07:31,2719209164,0,7545202,3,region7_918076226
2023-03-19 07:31,2717094859,1150819,1048576,2,region7_918076228
2023-03-19 07:31,2719230179,0,8380220,3,region7_918076226
2023-03-19 07:31,2719169542,0,8388608,4,region7_918076232
2023-03-19 07:31,2719272415,0,6400,2,region7_918076231
2023-03-19 07:31,2719430060,3245408,71808,2,region7_918076231
2023-03-19 07:31,2718569425,49288,405879,2,region7_918076228
2023-03-19 07:31,2714744493,0,8189122,2,region7_918076227
2023-03-19 07:31,2719033612,0,18902,2,region7_918076236
2023-03-19 07:31,2719034534,0,258,4,region7_918076237
2023-03-19 07:31,2715314089,0,2560,2,region7_918076231
2023-03-19 07:31,2719257966,0,8388608,4,region7_918076232
2023-03-19 07:31,2718882921,0,854912,5,region7_918076242
2023-03-19 07:31,2716091171,0,2336591,2,region7_918076235
2023-03-19 07:31,2718206260,40515904,40512,2,region7_918076231
2023-03-19 07:31,2719272415,0,6400,2,region7_918076231
2023-03-19 07:31,2719076845,0,8388608,2,region7_918076235
2023-03-19 07:31,2719252466,0,8368186,3,region7_918076226
2023-03-19 07:32,2716250912,6664928,1816640,2,region7_918076231
2023-03-19 07:32,2714949652,4945792,119808,2,region7_918076231
2023-03-19 07:32,2718701991,0,8073177,3,region7_918076226
2023-03-19 07:32,2718769234,0,19119,2,region7_918076236
2023-03-19 07:32,2716005907,0,8388608,2,region7_918076227
2023-03-19 07:32,2718724641,0,76374,2,region7_918076231
2023-03-19 07:32,2716681534,15721395,6592,2,region7_918076231
2023-03-19 07:32,2719140476,3145728,893114,5,region7_918076230
2023-03-19 07:32,2719140476,2097152,1048576,5,region7_918076230
2023-03-19 07:32,2719140476,1048576,1048576,5,region7_918076230
2023-03-19 07:32,2719140476,0,1048576,5,region7_918076230
2023-03-19 07:32,2719207228,6257,258505,2,region7_918076235
2023-03-19 07:32,2714931608,0,2304,2,region7_918076231
2023-03-19 07:32,2714991654,0,8388608,2,region7_918076227
2023-03-19 07:32,2718708844,0,828176,2,region7_918076234
2023-03-19 07:32,2718708844,0,8481568,2,region7_918076234
2023-03-19 07:32,2718931608,26758,201619,2,region7_918076228
2023-03-19 07:32,2719567685,0,4038842,5,region7_918076230
2023-03-19 07:32,2718633985,0,6257155,2,region7_918076227
2023-03-19 07:32,2715322651,2103248,198160,2,region7_918076228
2023-03-19 07:32,2719408146,0,2061,2,region7_918076231
2023-03-19 07:32,2717092061,0,237568,2,region7_918076247
2023-03-19 07:32,2718312243,0,384,2,region7_918076231
2023-03-19 07:32,2718772361,5242880,859870,5,region7_918076230
2023-03-19 07:32,2718772361,3145728,1048576,5,region7_918076230
2023-03-19 07:32,2718772361,1048576,1048576,5,region7_918076230
2023-03-19 07:32,2718772361,0,1048576,5,region7_918076230
2023-03-19 07:32,2718772361,4194304,1048576,5,region7_918076230
2023-03-19 07:32,2718772361,2097152,1048576,5,region7_918076230
2023-03-19 07:32,2715970525,0,4211501,2,region7_918076228
2023-03-19 07:32,2719581991,5483424,49472,2,region7_918076231
2023-03-19 07:32,2718772285,0,3050828,6,region7_918076230
2023-03-19 07:32,2718893838,6372152,327910,2,region7_918076231
2023-03-19 07:32,2717716008,570106,1667306,2,region7_918076228
2023-03-19 07:32,2717092061,237568,2105344,2,region7_918076247
2023-03-19 07:32,2718999750,0,2955743,2,region7_918076237
2023-03-19 07:32,2719274344,7340032,978880,5,region7_918076230
2023-03-19 07:32,2719274344,6291456,1048576,5,region7_918076230
2023-03-19 07:32,2719274344,4194304,1048576,5,region7_918076230
2023-03-19 07:32,2719274344,3145728,1048576,5,region7_918076230
2023-03-19 07:32,2719274344,2097152,1048576,5,region7_918076230
2023-03-19 07:32,2719274344,1048576,1048576,5,region7_918076230
2023-03-19 07:32,2719274344,0,1048576,5,region7_918076230
2023-03-19 07:32,2719274344,5242880,1048576,5,region7_918076230
2023-03-19 07:32,2718839721,7715464,30720,2,region7_918076231
2023-03-19 07:32,2719009927,0,8339456,2,region7_918076236
2023-03-19 07:32,2717092061,2342912,2105344,2,region7_918076247
2023-03-19 07:32,2718931608,26758,201619,2,region7_918076228
2023-03-19 07:32,2718931608,2253995,496667,2,region7_918076228
2023-03-19 07:32,2718931608,2253995,496667,2,region7_918076228
2023-03-19 07:32,2715000204,4560485,6257,2,region7_918076244
2023-03-19 07:32,2715000204,4632960,16384,2,region7_918076244
2023-03-19 07:32,2719009927,8339456,49152,2,region7_918076236
2023-03-19 07:32,2719199730,0,8481568,6,region7_918076242
2023-03-19 07:32,2718523177,724932,1001197,2,region7_918076228
2023-03-19 07:32,2716484324,1862663,1048576,2,region7_918076228
2023-03-19 07:32,2715747019,4239520,100224,2,region7_918076231
2023-03-19 07:32,2718683930,0,8388608,4,region7_918076238
2023-03-19 07:32,2719157388,1048576,167893,5,region7_918076230
2023-03-19 07:32,2719157388,0,1048576,5,region7_918076230
2023-03-19 07:32,2719162821,5040128,406144,2,region7_918076231
2023-03-19 07:32,2715542180,0,4711704,2,region7_918076228
2023-03-19 07:32,2715986922,4095219,16384,2,region7_918076244
2023-03-19 07:32,2715986922,4050284,3434,2,region7_918076244
2023-03-19 07:32,2719103247,8273920,114688,2,region7_918076233
2023-03-19 07:32,2718259710,1144733,1144733,1,region7_918076226
2023-03-19 07:32,2714931608,0,2304,2,region7_918076231
2023-03-19 07:32,2718797726,0,8369866,3,region7_918076226
2023-03-19 07:32,2719297818,0,1561740,3,region7_918076226
2023-03-19 07:32,2719513548,0,7913897,4,region7_918076246
2023-03-19 07:32,2715380981,37545280,4862560,2,region7_918076231
2023-03-19 07:32,2718893838,6700062,262328,2,region7_918076231
2023-03-19 07:32,2715937025,0,1879294,2,region7_918076244
2023-03-19 07:32,2715937025,1879294,3370,2,region7_918076244
2023-03-19 07:32,2718785552,0,8388608,2,region7_918076227
2023-03-19 07:32,2719110015,0,820,2,region7_918076231
2023-03-19 07:32,2715937025,1883023,1878662,2,region7_918076244
2023-03-19 07:32,2715682190,0,6463289,2,region7_918076227
2023-03-19 07:32,2719176336,0,24552,2,region7_918076233
2023-03-19 07:32,2719176336,24552,2364,2,region7_918076233
2023-03-19 07:32,2719176336,22767,2951,2,region7_918076233
2023-03-19 07:32,2715596748,2724446,1416349,2,region7_918076228
2023-03-19 07:32,2719632443,4436416,48,2,region7_918076231
2023-03-19 07:32,2719463219,0,350145,2,region7_918076232
2023-03-19 07:32,2714955055,6528614,1859994,2,region7_918076229
2023-03-19 07:32,2714955055,0,6528614,2,region7_918076229
2023-03-19 07:32,2718758819,0,3452,5,region7_918076230
2023-03-19 07:32,2719154213,2419673,1738569,2,region7_918076228
2023-03-19 07:32,2719154213,0,2419673,2,region7_918076228
2023-03-19 07:32,2717265914,0,8388608,2,region7_918076235
2023-03-19 07:32,2715820802,2429971,122328,2,region7_918076228
2023-03-19 07:32,2714820318,0,419984,2,region7_918076229
2023-03-19 07:32,2717594718,0,8388608,2,region7_918076227
2023-03-19 07:32,2718782860,0,256,2,region7_918076231
2023-03-19 07:32,2715130060,1124,1232,2,region7_918076231
2023-03-19 07:32,2718029194,0,8388608,2,region7_918076227
2023-03-19 07:32,2718893838,6962390,393492,2,region7_918076231
2023-03-19 07:32,2715923205,3138958,1048576,2,region7_918076228
2023-03-19 07:32,2717092061,4448256,2105344,2,region7_918076247
2023-03-19 07:32,2715706093,2889776,1229739,2,region7_918076228
2023-03-19 07:32,2715706093,0,2889776,2,region7_918076228
2023-03-19 07:32,2718700919,3414976,5066592,2,region7_918076231
2023-03-19 07:32,2715345588,0,4031821,2,region7_918076228
2023-03-19 07:32,2715923205,0,4121153,2,region7_918076228
2023-03-19 07:32,2718206912,0,431824,2,region7_918076232
2023-03-19 07:32,2719050079,0,256,2,region7_918076231
2023-03-19 07:32,2719678343,3134854,48,2,region7_918076231
2023-03-19 07:32,2717092061,6553600,1835008,2,region7_918076247
2023-03-19 07:32,2718946654,0,7957536,6,region7_918076230
2023-03-19 07:32,2719028653,4530904,56222,2,region7_918076227
2023-03-19 07:32,2719028653,2361149,97691,2,region7_918076227
2023-03-19 07:32,2719028653,0,48109,2,region7_918076227
2023-03-19 07:32,2719028653,6133397,62869,2,region7_918076227
2023-03-19 07:32,2716968330,0,176,2,region7_918076231
2023-03-19 07:32,2719191498,5319353,1226,2,region7_918076246
2023-03-19 07:32,2719196143,3848107,1048576,2,region7_918076228
2023-03-19 07:32,2719276986,0,3047694,6,region7_918076230
2023-03-19 07:32,2719509682,0,3139088,4,region7_918076232
2023-03-19 07:32,2715090669,3105290,1048576,2,region7_918076228
2023-03-19 07:32,2719664271,0,804813,2,region7_918076228
2023-03-19 07:32,2718946654,0,3978768,5,region7_918076230
2023-03-19 07:32,2719587280,0,3614156,2,region7_918076237
2023-03-19 07:32,2715090669,1796862,1078243,2,region7_918076228
2023-03-19 07:32,2715090669,0,1796862,2,region7_918076228
2023-03-19 07:32,2715090669,2875105,176693,2,region7_918076228
2023-03-19 07:32,2719250720,2529392,5859216,2,region7_918076244
2023-03-19 07:32,2719250720,0,2529392,2,region7_918076244
2023-03-19 07:32,2715090669,3067844,1015562,2,region7_918076228
2023-03-19 07:32,2718706900,0,8388608,2,region7_918076237
2023-03-19 07:32,2719803176,1338718,356740,2,region7_918076231
2023-03-19 07:32,2719803176,289406,1049312,2,region7_918076231
2023-03-19 07:32,2719815549,0,2466443,4,region7_918076232
2023-03-19 07:32,2718893838,7355882,524656,2,region7_918076231
2023-03-19 07:32,2719061095,0,2176,2,region7_918076231
2023-03-19 07:32,2715091883,746058,98168,2,region7_918076228
2023-03-19 07:32,2714878742,0,176,2,region7_918076231
2023-03-19 07:32,2719308516,0,8388608,4,region7_918076233
2023-03-19 07:32,2719473183,0,768,5,region7_918076242
2023-03-19 07:32,2717248465,2485618,484736,2,region7_918076228
2023-03-19 07:32,2714794316,0,413528,2,region7_918076229
2023-03-19 07:32,2714815360,0,444808,2,region7_918076229
2023-03-19 07:32,2715563880,0,414370,2,region7_918076229
2023-03-19 07:32,2715882395,0,3838310,2,region7_918076237
2023-03-19 07:32,2718498506,0,8294400,2,region7_918076247
2023-03-19 07:32,2716066567,0,7655964,2,region7_918076232
2023-03-19 07:32,2718498506,8294400,94208,2,region7_918076247
2023-03-19 07:32,2719125484,1048576,1048576,5,region7_918076230
2023-03-19 07:32,2719125484,3145728,893114,5,region7_918076230
2023-03-19 07:32,2719125484,2097152,1048576,5,region7_918076230
2023-03-19 07:32,2719125484,0,1048576,5,region7_918076230
2023-03-19 07:32,2718960299,0,7036658,5,region7_918076230
2023-03-19 07:32,2714994862,0,43986,2,region7_918076244
2023-03-19 07:32,2718960299,0,3059417,6,region7_918076230
2023-03-19 07:32,2719316116,1301152,48,2,region7_918076231
2023-03-19 07:32,2719383802,0,2691761,2,region7_918076237
2023-03-19 07:32,2715091621,0,1792,2,region7_918076231
2023-03-19 07:32,2719023143,0,8380548,3,region7_918076226
2023-03-19 07:32,2716185999,1838953,2231080,2,region7_918076244
2023-03-19 07:32,2716185999,0,1838953,2,region7_918076244
2023-03-19 07:32,2715027021,1786006,2319124,2,region7_918076228
2023-03-19 07:32,2718919585,0,1572864,2,region7_918076236
2023-03-19 07:32,2715682190,0,6463289,2,region7_918076227
2023-03-19 07:32,2718969259,0,1048576,5,region7_918076230
2023-03-19 07:32,2716406308,0,974742,2,region7_918076228
2023-03-19 07:32,2715986922,0,4050284,2,region7_918076228
2023-03-19 07:32,2715986922,3063027,1048576,2,region7_918076228
2023-03-19 07:32,2719190839,0,7437,2,region7_918076231
2023-03-19 07:32,2718216579,0,8388608,1,region7_918076244
2023-03-19 07:32,2717734338,0,790528,2,region7_918076236
2023-03-19 07:32,2718969259,7340032,1048576,5,region7_918076230
2023-03-19 07:32,2718969259,6291456,1048576,5,region7_918076230
2023-03-19 07:32,2718969259,4194304,1048576,5,region7_918076230
2023-03-19 07:32,2718969259,3145728,1048576,5,region7_918076230
2023-03-19 07:32,2718969259,1048576,1048576,5,region7_918076230
2023-03-19 07:32,2718969259,5242880,1048576,5,region7_918076230
2023-03-19 07:32,2718969259,2097152,1048576,5,region7_918076230
2023-03-19 07:32,2719152620,0,3058092,6,region7_918076230
2023-03-19 07:32,2719160251,5611296,48,2,region7_918076231
2023-03-19 07:32,2717734338,2904064,2121728,2,region7_918076236
2023-03-19 07:32,2717734338,790528,2113536,2,region7_918076236
2023-03-19 07:32,2717734338,5025792,2105344,2,region7_918076236
2023-03-19 07:32,2714847726,0,352252,2,region7_918076229
2023-03-19 07:32,2716242879,2808899,117668,2,region7_918076228
2023-03-19 07:32,2718073829,0,8388608,2,region7_918076227
2023-03-19 07:32,2719874935,0,22587,5,region7_918076230
2023-03-19 07:32,2718893838,7880538,393492,2,region7_918076231
2023-03-19 07:32,2717734338,7131136,1257472,2,region7_918076236
2023-03-19 07:32,2719559565,0,25165824,3,region7_918076237
2023-03-19 07:32,2719231150,0,126976,2,region7_918076233
2023-03-19 07:32,2719881634,0,256,2,region7_918076231
2023-03-19 07:32,2715908162,7751212,637396,2,region7_918076227
2023-03-19 07:32,2715908162,828,1051344,2,region7_918076227
2023-03-19 07:32,2714758584,0,128,2,region7_918076231
2023-03-19 07:32,2719023126,0,8388608,4,region7_918076232
2023-03-19 07:32,2715214580,0,8388608,2,region7_918076227
2023-03-19 07:32,2719421018,5304320,2101248,2,region7_918076236
2023-03-19 07:32,2719421018,0,1085440,2,region7_918076236
2023-03-19 07:32,2719421018,7405568,983040,2,region7_918076236
2023-03-19 07:32,2719421018,3194880,2109440,2,region7_918076236
2023-03-19 07:32,2719421018,1085440,2109440,2,region7_918076236
2023-03-19 07:32,2719773955,0,3316378,4,region7_918076239
2023-03-19 07:32,2719247637,0,12288,2,region7_918076238
2023-03-19 07:32,2718971947,0,6941324,3,region7_918076226
2023-03-19 07:32,2719157355,0,7072794,3,region7_918076226
2023-03-19 07:32,2717641072,0,1289133,2,region7_918076244
2023-03-19 07:32,2717641072,2543716,1574999,2,region7_918076244
2023-03-19 07:32,2716620660,0,8388608,2,region7_918076235
2023-03-19 07:32,2719583696,4014848,281600,2,region7_918076231
2023-03-19 07:32,2715163101,0,354980,2,region7_918076229
2023-03-19 07:32,2719568469,2393520,48,2,region7_918076231
2023-03-19 07:32,2719231150,126976,2105344,2,region7_918076233
2023-03-19 07:32,2719429037,0,3049250,6,region7_918076230
2023-03-19 07:32,2715000204,3600768,1048576,2,region7_918076228
2023-03-19 07:32,2719085377,0,23476222,3,region7_918076237
2023-03-19 07:32,2719176336,0,26920,2,region7_918076233
2023-03-19 07:32,2717979280,252,1336,2,region7_918076231
2023-03-19 07:32,2719004374,0,8388608,4,region7_918076232
2023-03-19 07:32,2716037576,0,952599,2,region7_918076232
2023-03-19 07:32,2719037208,445340,1048576,2,region7_918076228
2023-03-19 07:32,2719212039,0,2374930,4,region7_918076232
2023-03-19 07:32,2716527831,0,6304,2,region7_918076231
2023-03-19 07:32,2717331731,0,640,2,region7_918076231
2023-03-19 07:32,2719299756,3269612,48,2,region7_918076231
2023-03-19 07:32,2714789316,0,420543,2,region7_918076229
2023-03-19 07:32,2718893838,8274030,207538,2,region7_918076231
2023-03-19 07:32,2714982899,1305080,38076,2,region7_918076228
2023-03-19 07:32,2717613897,3061336,1201203,2,region7_918076244
2023-03-19 07:32,2717613897,0,3061336,2,region7_918076244
2023-03-19 07:32,2719161202,0,8142301,4,region7_918076228
2023-03-19 07:32,2719813830,6059188,1792101,2,region7_918076227
2023-03-19 07:32,2719813830,6802713,1048576,2,region7_918076227
2023-03-19 07:32,2718919585,1572864,2105344,2,region7_918076236
2023-03-19 07:32,2719666403,0,348160,2,region7_918076236
2023-03-19 07:32,2719161048,1597770,1048576,2,region7_918076235
2023-03-19 07:32,2719231150,2232320,2113536,2,region7_918076233
2023-03-19 07:32,2719572047,0,8388608,4,region7_918076228
2023-03-19 07:32,2715203249,0,1077149,2,region7_918076228
2023-03-19 07:32,2717199850,0,8388608,2,region7_918076227
2023-03-19 07:32,2719666403,348160,2138112,2,region7_918076236
2023-03-19 07:32,2715976208,0,256,2,region7_918076231
2023-03-19 07:32,2719330129,0,3032463,4,region7_918076232
2023-03-19 07:32,2719609755,0,8481568,6,region7_918076242
2023-03-19 07:32,2715203249,1077149,3049411,2,region7_918076228
2023-03-19 07:32,2719666403,2486272,2146304,2,region7_918076236
2023-03-19 07:32,2715976208,0,256,2,region7_918076231
2023-03-19 07:32,2719231150,4345856,2105344,2,region7_918076233
2023-03-19 07:32,2719592782,0,4038842,6,region7_918076230
2023-03-19 07:32,2719629788,7629649,6882898,2,region7_918076228
2023-03-19 07:32,2719269908,207596,3897739,2,region7_918076228
2023-03-19 07:32,2719269908,0,207596,2,region7_918076228
2023-03-19 07:32,2719718332,0,8388608,4,region7_918076232
2023-03-19 07:32,2719666403,4632576,2113536,2,region7_918076236
2023-03-19 07:32,2719950098,0,8373509,3,region7_918076226
2023-03-19 07:32,2718879043,7546966,302941,2,region7_918076228
2023-03-19 07:32,2718879043,1434747,442958,2,region7_918076228
2023-03-19 07:32,2715949317,0,120551,2,region7_918076231
2023-03-19 07:32,2719147818,122846,413782,2,region7_918076228
2023-03-19 07:32,2717911559,8317056,71552,2,region7_918076228
2023-03-19 07:32,2718736894,0,2001806,2,region7_918076233
2023-03-19 07:32,2719666403,6746112,1642496,2,region7_918076236
2023-03-19 07:32,2719172230,468547,1048576,2,region7_918076228
2023-03-19 07:32,2719231150,6451200,1937408,2,region7_918076233
2023-03-19 07:32,2719245422,0,7966092,3,region7_918076226
2023-03-19 07:32,2718736894,2001806,2125824,2,region7_918076233
2023-03-19 07:33,2718483980,0,11547,1,region7_918076226
2023-03-19 07:33,2719160289,0,169498,2,region7_918076231
2023-03-19 07:33,2719196143,0,3155521,2,region7_918076228
2023-03-19 07:33,2717911559,1523395,6793661,2,region7_918076228
2023-03-19 07:33,2717911559,0,1523395,2,region7_918076228
2023-03-19 07:33,2719629788,0,9900634,2,region7_918076232
2023-03-19 07:33,2719720134,0,6493599,2,region7_918076227
2023-03-19 07:33,2718736894,4127630,2101248,2,region7_918076233
2023-03-19 07:33,2718483980,11547,4194304,1,region7_918076226
2023-03-19 07:33,2718483980,4205851,4171210,1,region7_918076226
2023-03-19 07:33,2716787408,0,4679,6,region7_918076242
2023-03-19 07:33,2715518196,4525924,1048576,2,region7_918076228
2023-03-19 07:33,2719282572,0,6336122,5,region7_918076230
2023-03-19 07:33,2719629122,0,256,2,region7_918076231
2023-03-19 07:33,2719629788,9900634,4611913,2,region7_918076232
2023-03-19 07:33,2718736894,6228878,1817577,2,region7_918076233
2023-03-19 07:33,2714794887,0,405840,2,region7_918076229
2023-03-19 07:33,2719980565,0,4221060,6,region7_918076230
2023-03-19 07:33,2720026958,4832304,3649264,2,region7_918076231
2023-03-19 07:33,2720026958,0,4846704,2,region7_918076231
2023-03-19 07:33,2719188898,0,4038842,2,region7_918076231
2023-03-19 07:33,2719196143,3155521,1671490,2,region7_918076228
2023-03-19 07:33,2716183273,0,814748,2,region7_918076228
2023-03-19 07:33,2719236521,0,8378000,3,region7_918076226
2023-03-19 07:33,2717644987,0,886176,2,region7_918076231
2023-03-19 07:33,2717644987,261664,624512,2,region7_918076231
2023-03-19 07:33,2719559563,0,6994368,5,region7_918076230
2023-03-19 07:33,2719559563,0,3041030,6,region7_918076230
2023-03-19 07:33,2715389341,0,1084134,2,region7_918076228
2023-03-19 07:33,2719932012,4194304,1048576,5,region7_918076230
2023-03-19 07:33,2719932012,1048576,1048576,5,region7_918076230
2023-03-19 07:33,2719932012,5242880,1048576,5,region7_918076230
2023-03-19 07:33,2719932012,3145728,1048576,5,region7_918076230
2023-03-19 07:33,2719932012,0,1048576,5,region7_918076230
2023-03-19 07:33,2719932012,2097152,1048576,5,region7_918076230
2023-03-19 07:33,2719254359,0,3043113,6,region7_918076230
2023-03-19 07:33,2714873683,0,1972959,2,region7_918076228
2023-03-19 07:33,2717911559,8317056,71552,2,region7_918076228
2023-03-19 07:33,2719932012,7340032,872347,5,region7_918076230
2023-03-19 07:33,2719932012,6291456,1048576,5,region7_918076230
2023-03-19 07:33,2715079014,3667355,513642,2,region7_918076228
2023-03-19 07:33,2716988780,4892643,6294,2,region7_918076244
2023-03-19 07:33,2716988780,4964923,16384,2,region7_918076244
2023-03-19 07:33,2719284533,0,518225,2,region7_918076232
2023-03-19 07:33,2715165048,3345572,78144,2,region7_918076231
2023-03-19 07:33,2719592806,0,874000,5,region7_918076242
2023-03-19 07:33,2718995835,0,589824,2,region7_918076236
2023-03-19 07:33,2718310975,9085337,95104,2,region7_918076231
2023-03-19 07:33,2717911559,0,1523395,2,region7_918076228
2023-03-19 07:33,2717945839,4535908,3852700,2,region7_918076228
2023-03-19 07:33,2714934820,0,4752617,2,region7_918076232
2023-03-19 07:33,2718995835,589824,2109440,2,region7_918076236
2023-03-19 07:33,2718995835,4812800,2121728,2,region7_918076236
2023-03-19 07:33,2718995835,2699264,2113536,2,region7_918076236
2023-03-19 07:33,2714952285,7857770,530838,2,region7_918076227
2023-03-19 07:33,2714952285,0,7024168,2,region7_918076227
2023-03-19 07:33,2714952285,7262841,1125767,2,region7_918076227
2023-03-19 07:33,2715992991,8477568,67392,2,region7_918076231
2023-03-19 07:33,2715173185,2253625,162042,2,region7_918076244
2023-03-19 07:33,2716286598,0,8388608,2,region7_918076227
2023-03-19 07:33,2717911559,1523395,6793661,2,region7_918076228
2023-03-19 07:33,2718995835,6934528,1454080,2,region7_918076236
2023-03-19 07:33,2714873683,1972959,6415649,2,region7_918076228
2023-03-19 07:33,2719895566,0,8388608,2,region7_918076227
2023-03-19 07:33,2715502877,0,2407,2,region7_918076231
2023-03-19 07:33,2719352649,0,176,2,region7_918076231
2023-03-19 07:33,2719812138,0,2786861,2,region7_918076228
2023-03-19 07:33,2720096231,0,403340,3,region7_918076226
2023-03-19 07:33,2717945839,0,1070280,2,region7_918076228
2023-03-19 07:33,2717740525,1974231,2108964,2,region7_918076244
2023-03-19 07:33,2717740525,0,1974231,2,region7_918076244
2023-03-19 07:33,2714882107,0,1164819,2,region7_918076244
2023-03-19 07:33,2716634631,912817,1479238,2,region7_918076228
2023-03-19 07:33,2718116245,3805078,4583530,2,region7_918076228
2023-03-19 07:33,2718116245,0,3805078,2,region7_918076228
2023-03-19 07:33,2717802083,316966,3218635,2,region7_918076244
2023-03-19 07:33,2717802083,308514,3471,2,region7_918076244
2023-03-19 07:33,2719180631,0,640,2,region7_918076231
2023-03-19 07:33,2719365898,0,3082467,6,region7_918076230
2023-03-19 07:33,2719400341,0,3078243,6,region7_918076230
2023-03-19 07:33,2716508213,849250,2747428,2,region7_918076244
2023-03-19 07:33,2715126986,0,319258,2,region7_918076231
2023-03-19 07:33,2719942615,0,8388608,2,region7_918076237
2023-03-19 07:33,2715518711,978572,7410036,2,region7_918076235
2023-03-19 07:33,2719469484,0,107769,3,region7_918076226
2023-03-19 07:33,2718931608,26758,201619,2,region7_918076228
2023-03-19 07:33,2717522891,4085236,48,2,region7_918076231
2023-03-19 07:33,2714825387,786795,503403,2,region7_918076228
2023-03-19 07:33,2718023690,0,15348,2,region7_918076231
2023-03-19 07:33,2717945839,1070280,3465628,2,region7_918076228
2023-03-19 07:33,2716892711,1406685,4558295,2,region7_918076227
2023-03-19 07:33,2719251642,8410784,70784,2,region7_918076231
2023-03-19 07:33,2719954832,0,1664,2,region7_918076231
2023-03-19 07:33,2717439984,0,8388608,2,region7_918076227
2023-03-19 07:33,2717767798,17274,1024,1,region7_918076228
2023-03-19 07:33,2719788377,0,4961,4,region7_918076239
2023-03-19 07:33,2716987298,0,128,2,region7_918076231
2023-03-19 07:33,2719333605,0,1535187,2,region7_918076227
2023-03-19 07:33,2716441014,0,308971,2,region7_918076228
2023-03-19 07:33,2716441014,3178882,5209726,2,region7_918076228
2023-03-19 07:33,2716547217,4873876,3514732,2,region7_918076228
2023-03-19 07:33,2716547217,0,4873876,2,region7_918076228
2023-03-19 07:33,2719838753,0,7056392,4,region7_918076245
2023-03-19 07:33,2719512579,0,53613,2,region7_918076231
2023-03-19 07:33,2719270340,3381614,1084825,2,region7_918076237
2023-03-19 07:33,2716541493,0,148755,2,region7_918076228
2023-03-19 07:33,2719815645,0,1812945,2,region7_918076236
2023-03-19 07:33,2717813312,0,1507523,2,region7_918076244
2023-03-19 07:33,2719815645,3918289,687508,2,region7_918076236
2023-03-19 07:33,2719815645,1812945,2105344,2,region7_918076236
2023-03-19 07:33,2717156012,0,8388608,2,region7_918076227
2023-03-19 07:33,2714987423,3121294,396839,2,region7_918076228
2023-03-19 07:33,2714987423,122712,1582563,2,region7_918076228
2023-03-19 07:33,2719644683,7340032,1048576,5,region7_918076230
2023-03-19 07:33,2719644683,6291456,1048576,5,region7_918076230
2023-03-19 07:33,2719644683,5242880,1048576,5,region7_918076230
2023-03-19 07:33,2719644683,4194304,1048576,5,region7_918076230
2023-03-19 07:33,2719644683,3145728,1048576,5,region7_918076230
2023-03-19 07:33,2719644683,2097152,1048576,5,region7_918076230
2023-03-19 07:33,2719644683,1048576,1048576,5,region7_918076230
2023-03-19 07:33,2719644683,0,1048576,5,region7_918076230
2023-03-19 07:33,2719714869,0,4038842,6,region7_918076230
2023-03-19 07:33,2716392292,6874123,48,2,region7_918076231
2023-03-19 07:33,2717597953,2882072,5506536,2,region7_918076228
2023-03-19 07:33,2717597953,0,2882072,2,region7_918076228
2023-03-19 07:33,2717802083,667610,2867991,2,region7_918076228
2023-03-19 07:33,2719643777,0,972714,2,region7_918076237
2023-03-19 07:33,2719180631,0,640,2,region7_918076231
2023-03-19 07:33,2719394859,0,8388608,2,region7_918076237
2023-03-19 07:33,2716242879,2635076,291491,2,region7_918076228
2023-03-19 07:33,2719750317,3047947,1048576,2,region7_918076228
2023-03-19 07:33,2719403616,8290268,98340,2,region7_918076235
2023-03-19 07:33,2719403616,0,3699561,2,region7_918076235
2023-03-19 07:33,2718536085,0,8388608,2,region7_918076237
2023-03-19 07:33,2719714078,4638848,48,2,region7_918076231
2023-03-19 07:33,2719936675,0,632492,2,region7_918076231
2023-03-19 07:33,2719978553,0,7073987,4,region7_918076245
2023-03-19 07:33,2715574016,0,256,2,region7_918076231
2023-03-19 07:33,2719877545,0,908,2,region7_918076231
2023-03-19 07:33,2719946580,0,8481568,5,region7_918076230
2023-03-19 07:33,2716406308,0,974742,2,region7_918076228
2023-03-19 07:33,2719946580,0,4038842,6,region7_918076230
2023-03-19 07:33,2715923205,4171150,16384,2,region7_918076244
2023-03-19 07:33,2720076218,7412928,1068640,2,region7_918076231
2023-03-19 07:33,2718142925,6190745,267580,2,region7_918076228
2023-03-19 07:33,2718142925,2649871,170028,2,region7_918076228
2023-03-19 07:33,2717910880,4296904,4091704,2,region7_918076228
2023-03-19 07:33,2719440956,0,2879723,4,region7_918076232
2023-03-19 07:33,2719700141,0,640,2,region7_918076231
2023-03-19 07:33,2715923205,4121153,3302,2,region7_918076244
2023-03-19 07:33,2715923205,0,4121153,2,region7_918076244
2023-03-19 07:33,2716122739,0,2824748,2,region7_918076237
2023-03-19 07:33,2719842462,5386814,1207480,2,region7_918076228
2023-03-19 07:33,2720017412,0,5460419,4,region7_918076232
2023-03-19 07:33,2718148837,481503,7907105,2,region7_918076228
2023-03-19 07:33,2718148837,0,481503,2,region7_918076228
2023-03-19 07:33,2716122739,2847470,979916,2,region7_918076237
2023-03-19 07:33,2719490667,0,7039040,5,region7_918076230
2023-03-19 07:33,2719596434,0,6320884,3,region7_918076226
2023-03-19 07:33,2719490667,0,3060452,6,region7_918076230
2023-03-19 07:33,2719700141,0,640,2,region7_918076231
2023-03-19 07:33,2718206744,0,8388608,2,region7_918076237
2023-03-19 07:33,2719832523,0,8375344,3,region7_918076226
2023-03-19 07:33,2719180631,0,640,2,region7_918076231
2023-03-19 07:33,2717910880,0,4296904,2,region7_918076228
2023-03-19 07:33,2720137108,0,6846183,3,region7_918076226
2023-03-19 07:33,2719188518,0,1800454,2,region7_918076228
2023-03-19 07:33,2714931608,0,2304,2,region7_918076231
2023-03-19 07:33,2719482219,0,7167691,4,region7_918076245
2023-03-19 07:33,2715527068,6142272,86592,2,region7_918076231
2023-03-19 07:33,2717927173,0,93050,2,region7_918076231
2023-03-19 07:33,2718224566,0,7037314,4,region7_918076245
2023-03-19 07:33,2719517123,0,1048576,5,region7_918076230
2023-03-19 07:33,2719517123,1048576,499862,5,region7_918076230
2023-03-19 07:33,2719558562,0,543646,2,region7_918076232
2023-03-19 07:33,2719180631,0,640,2,region7_918076231
2023-03-19 07:33,2719629010,1150976,2134016,2,region7_918076236
2023-03-19 07:33,2719629010,0,1150976,2,region7_918076236
2023-03-19 07:33,2717910880,4296904,4091704,2,region7_918076228
2023-03-19 07:33,2714882107,0,1164819,2,region7_918076244
2023-03-19 07:33,2719629010,3284992,2117632,2,region7_918076236
2023-03-19 07:33,2719629010,5402624,2138112,2,region7_918076236
2023-03-19 07:33,2719629010,7540736,847872,2,region7_918076236
2023-03-19 07:33,2715033061,0,6291673,2,region7_918076227
2023-03-19 07:33,2719745054,0,645109,2,region7_918076227
2023-03-19 07:33,2719986588,0,8388608,2,region7_918076237
2023-03-19 07:33,2717910880,0,4296904,2,region7_918076228
2023-03-19 07:33,2719655961,0,4472759,2,region7_918076237
2023-03-19 07:33,2720190840,0,8388608,2,region7_918076235
2023-03-19 07:33,2717029879,0,128,2,region7_918076231
2023-03-19 07:33,2716242879,2635076,291491,2,region7_918076228
2023-03-19 07:33,2719879177,0,8376253,3,region7_918076226
2023-03-19 07:33,2715238615,0,1085911,2,region7_918076228
2023-03-19 07:33,2720101461,0,8122841,3,region7_918076226
2023-03-19 07:33,2715238615,1085911,7302697,2,region7_918076228
2023-03-19 07:33,2714837320,0,6284191,2,region7_918076227
2023-03-19 07:33,2719698481,0,60313,2,region7_918076236
2023-03-19 07:33,2719723027,3655961,2023212,2,region7_918076237
2023-03-19 07:33,2719997266,2728720,3781938,2,region7_918076235
2023-03-19 07:33,2719997266,0,169830,2,region7_918076235
2023-03-19 07:33,2716431539,0,8319219,2,region7_918076228
2023-03-19 07:33,2716124870,0,8388608,2,region7_918076227
2023-03-19 07:33,2720059608,0,896,2,region7_918076231
2023-03-19 07:33,2716431539,8319219,6608298,2,region7_918076228
2023-03-19 07:33,2719723027,0,1641388,2,region7_918076237
2023-03-19 07:33,2719188518,0,1800454,2,region7_918076228
2023-03-19 07:33,2718208853,0,8388608,2,region7_918076227
2023-03-19 07:33,2719821857,2097152,1048576,5,region7_918076230
2023-03-19 07:33,2719821857,0,1048576,5,region7_918076230
2023-03-19 07:33,2719821857,3145728,893114,5,region7_918076230
2023-03-19 07:33,2719821857,1048576,1048576,5,region7_918076230
2023-03-19 07:33,2719858376,1034804,1852535,2,region7_918076235
2023-03-19 07:33,2719858376,8060345,328263,2,region7_918076235
2023-03-19 07:33,2719527185,0,4038842,5,region7_918076230
2023-03-19 07:33,2719545288,3145728,1048576,5,region7_918076230
2023-03-19 07:33,2719545288,2097152,1048576,5,region7_918076230
2023-03-19 07:33,2719545288,1048576,1048576,5,region7_918076230
2023-03-19 07:33,2719545288,0,1048576,5,region7_918076230
2023-03-19 07:33,2719852210,5158880,170496,2,region7_918076231
2023-03-19 07:33,2715692518,0,128,2,region7_918076231
2023-03-19 07:33,2716508213,849250,2747428,2,region7_918076244
2023-03-19 07:33,2719527185,0,8481568,6,region7_918076230
2023-03-19 07:33,2719545288,6291456,1048576,5,region7_918076230
2023-03-19 07:33,2719545288,7340032,1048576,5,region7_918076230
2023-03-19 07:33,2719545288,5242880,1048576,5,region7_918076230
2023-03-19 07:33,2719545288,4194304,1048576,5,region7_918076230
2023-03-19 07:33,2719708017,0,1025672,4,region7_918076237
2023-03-19 07:33,2715841165,0,1500579,2,region7_918076228
2023-03-19 07:33,2715841165,2089180,1048576,2,region7_918076228
2023-03-19 07:33,2715841165,2824871,289854,2,region7_918076228
2023-03-19 07:33,2716241952,2777772,1048576,2,region7_918076237
2023-03-19 07:33,2716241952,0,3756163,2,region7_918076237
2023-03-19 07:33,2714931608,0,2304,2,region7_918076231
2023-03-19 07:33,2714817282,0,1234593,2,region7_918076228
2023-03-19 07:33,2720004301,0,8374790,3,region7_918076226
2023-03-19 07:33,2720057042,0,8388608,4,region7_918076232
2023-03-19 07:33,2720234903,456920,10496,2,region7_918076231
2023-03-19 07:33,2715841165,1500579,1324292,2,region7_918076228
2023-03-19 07:33,2720090203,0,1765509,4,region7_918076232
2023-03-19 07:33,2720143049,0,8388608,4,region7_918076232
2023-03-19 07:33,2719603520,0,8388608,2,region7_918076237
2023-03-19 07:33,2717359298,0,176,2,region7_918076231
2023-03-19 07:33,2714867000,500128,36608,2,region7_918076231
2023-03-19 07:33,2715667147,0,2176,2,region7_918076231
2023-03-19 07:33,2719688640,0,8388608,4,region7_918076237
2023-03-19 07:33,2714736577,15957528,30912,2,region7_918076231
2023-03-19 07:33,2718167972,1426016,242560,2,region7_918076231
2023-03-19 07:33,2720244215,0,6445058,3,region7_918076226
2023-03-19 07:33,2718248995,0,8388608,4,region7_918076238
2023-03-19 07:33,2717657395,0,810879,2,region7_918076228
2023-03-19 07:33,2718317000,0,7620460,4,region7_918076240
2023-03-19 07:33,2717657395,810879,7577729,2,region7_918076228
2023-03-19 07:33,2716242879,2635076,291491,2,region7_918076228
2023-03-19 07:34,2717861051,0,3840,2,region7_918076231
2023-03-19 07:34,2718359277,5242880,1048576,5,region7_918076230
2023-03-19 07:34,2718359277,3145728,1048576,5,region7_918076230
2023-03-19 07:34,2718359277,2097152,1048576,5,region7_918076230
2023-03-19 07:34,2718359277,1048576,1048576,5,region7_918076230
2023-03-19 07:34,2718359277,0,1048576,5,region7_918076230
2023-03-19 07:34,2718359277,6291456,1048576,5,region7_918076230
2023-03-19 07:34,2718359277,4194304,1048576,5,region7_918076230
2023-03-19 07:34,2716634631,0,1111322,2,region7_918076244
2023-03-19 07:34,2716634631,2392055,1681095,2,region7_918076244
2023-03-19 07:34,2719723027,0,8388608,2,region7_918076237
2023-03-19 07:34,2718043163,0,328382,2,region7_918076228
2023-03-19 07:34,2718259710,2289466,1144733,1,region7_918076226
2023-03-19 07:34,2717716008,0,792324,2,region7_918076228
2023-03-19 07:34,2718359277,7340032,1048576,5,region7_918076230
2023-03-19 07:34,2719928194,0,2787754,5,region7_918076242
2023-03-19 07:34,2716670772,0,2071862,2,region7_918076227
2023-03-19 07:34,2716670772,3754270,4634338,2,region7_918076227
2023-03-19 07:34,2719760509,0,8388608,2,region7_918076235
2023-03-19 07:34,2717716008,0,792324,2,region7_918076244
2023-03-19 07:34,2717716008,2237412,1846054,2,region7_918076244
2023-03-19 07:34,2718411256,0,2337502,2,region7_918076235
2023-03-19 07:34,2718411256,1288926,1048576,2,region7_918076235
2023-03-19 07:34,2716080003,0,3404467,1,region7_918076226
2023-03-19 07:34,2716185999,0,1838953,2,region7_918076228
2023-03-19 07:34,2718460094,0,8121334,3,region7_918076226
2023-03-19 07:34,2719939280,0,3955065,2,region7_918076228
2023-03-19 07:34,2720225278,0,413696,2,region7_918076236
2023-03-19 07:34,2716185999,1838953,2231080,2,region7_918076228
2023-03-19 07:34,2719745095,522484,1203,2,region7_918076227
2023-03-19 07:34,2715345588,0,4031821,2,region7_918076244
2023-03-19 07:34,2718879043,7546966,302941,2,region7_918076228
2023-03-19 07:34,2718879043,1434747,442958,2,region7_918076228
2023-03-19 07:34,2720225278,4673536,2101248,2,region7_918076236
2023-03-19 07:34,2720225278,413696,2154496,2,region7_918076236
2023-03-19 07:34,2720225278,2568192,2105344,2,region7_918076236
2023-03-19 07:34,2719741887,0,2560,2,region7_918076231
2023-03-19 07:34,2715455194,1108386,15311,2,region7_918076244
2023-03-19 07:34,2715455194,0,1108386,2,region7_918076244
2023-03-19 07:34,2715455194,1238090,16384,2,region7_918076244
2023-03-19 07:34,2716085539,0,13612,2,region7_918076231
2023-03-19 07:34,2714961086,0,2448580,2,region7_918076228
2023-03-19 07:34,2720189099,0,2695187,3,region7_918076226
2023-03-19 07:34,2720225278,6774784,1613824,2,region7_918076236
2023-03-19 07:34,2718340026,0,8379317,3,region7_918076226
2023-03-19 07:34,2718346805,0,128,2,region7_918076231
2023-03-19 07:34,2719745095,0,443812,2,region7_918076227
2023-03-19 07:34,2715358968,4794969,6378,2,region7_918076244
2023-03-19 07:34,2715358968,4867771,16384,2,region7_918076244
2023-03-19 07:34,2714961086,10837188,3991246,2,region7_918076228
2023-03-19 07:34,2714961086,2448580,8388608,2,region7_918076228
2023-03-19 07:34,2720204864,0,8377984,3,region7_918076226
2023-03-19 07:34,2718247203,0,20224,2,region7_918076231
2023-03-19 07:34,2717740525,0,4083195,2,region7_918076237
2023-03-19 07:34,2719942680,0,566705,2,region7_918076232
2023-03-19 07:34,2720198703,0,3074953,6,region7_918076230
2023-03-19 07:34,2719750277,6831636,234752,2,region7_918076231
2023-03-19 07:34,2715000204,4560485,6257,2,region7_918076244
2023-03-19 07:34,2715000204,4632960,16384,2,region7_918076244
2023-03-19 07:34,2720079530,8192,591725,2,region7_918076231
2023-03-19 07:34,2720079530,0,176,2,region7_918076231
2023-03-19 07:34,2719692291,0,6282318,2,region7_918076227
2023-03-19 07:34,2720010224,0,1904251,2,region7_918076237
2023-03-19 07:34,2716242879,2635076,291491,2,region7_918076228
2023-03-19 07:34,2719739407,0,7309136,2,region7_918076237
2023-03-19 07:34,2720079530,0,176,2,region7_918076231
2023-03-19 07:34,2719717357,0,8388608,2,region7_918076227
2023-03-19 07:34,2717034456,0,273210,2,region7_918076231
2023-03-19 07:34,2720014661,1830912,2138112,2,region7_918076236
2023-03-19 07:34,2720014661,0,1830912,2,region7_918076236
2023-03-19 07:34,2720171451,695401,7693207,2,region7_918076227
2023-03-19 07:34,2716371003,0,445322,2,region7_918076232
2023-03-19 07:34,2719518695,0,8388608,2,region7_918076232
2023-03-19 07:34,2720014661,3969024,2105344,2,region7_918076236
2023-03-19 07:34,2720068283,0,3125087,6,region7_918076230
2023-03-19 07:34,2719947475,0,5946,2,region7_918076231
2023-03-19 07:34,2720014661,8208384,180224,2,region7_918076236
2023-03-19 07:34,2720014661,6074368,2134016,2,region7_918076236
2023-03-19 07:34,2718324893,0,1531904,2,region7_918076236
2023-03-19 07:34,2717694864,0,10733,2,region7_918076231
2023-03-19 07:34,2718340687,0,1763147,2,region7_918076245
2023-03-19 07:34,2716037576,0,952597,2,region7_918076228
2023-03-19 07:34,2718324893,7880704,507904,2,region7_918076236
2023-03-19 07:34,2718324893,3641344,2101248,2,region7_918076236
2023-03-19 07:34,2718324893,1531904,2109440,2,region7_918076236
2023-03-19 07:34,2718324893,5742592,2138112,2,region7_918076236
2023-03-19 07:34,2715238615,0,1085911,2,region7_918076237
2023-03-19 07:34,2719698481,0,60313,2,region7_918076236
2023-03-19 07:34,2717626032,0,11392,2,region7_918076231
2023-03-19 07:34,2719966015,0,8388608,4,region7_918076232
2023-03-19 07:34,2720270879,1702709,6685899,2,region7_918076235
2023-03-19 07:34,2718238693,0,176,2,region7_918076231
2023-03-19 07:34,2714693837,0,176,2,region7_918076231
2023-03-19 07:34,2715238615,1085911,7302697,2,region7_918076237
2023-03-19 07:34,2715352521,2930651,1198173,2,region7_918076228
2023-03-19 07:34,2715352521,0,2930651,2,region7_918076228
2023-03-19 07:34,2715428121,0,1747257,2,region7_918076228
2023-03-19 07:34,2719884383,21269124,5154992,2,region7_918076231
2023-03-19 07:34,2719884383,10996692,10485760,2,region7_918076231
2023-03-19 07:34,2719884383,484548,10485760,2,region7_918076231
2023-03-19 07:34,2719884383,0,513220,2,region7_918076231
2023-03-19 07:34,2718283784,0,7052435,4,region7_918076245
2023-03-19 07:34,2715428121,3930111,193597,2,region7_918076228
2023-03-19 07:34,2715428121,1800968,965520,2,region7_918076228
2023-03-19 07:34,2719516335,7570641,87600,2,region7_918076237
2023-03-19 07:34,2719516335,4035928,24,2,region7_918076237
2023-03-19 07:34,2719750893,0,8388608,2,region7_918076227
2023-03-19 07:34,2720260982,0,964341,2,region7_918076228
2023-03-19 07:34,2720260982,2053807,8388608,2,region7_918076228
2023-03-19 07:34,2718280734,4507648,3973920,2,region7_918076231
2023-03-19 07:34,2718280734,0,3701488,2,region7_918076231
2023-03-19 07:34,2718476535,0,7680923,4,region7_918076239
2023-03-19 07:34,2718527757,0,916564,4,region7_918076258
2023-03-19 07:34,2715700789,0,3817447,2,region7_918076237
2023-03-19 07:34,2720260982,10442415,1385322,2,region7_918076228
2023-03-19 07:34,2720260982,2053807,8388608,2,region7_918076228
2023-03-19 07:34,2720260982,0,964341,2,region7_918076228
2023-03-19 07:34,2720260982,964341,1089466,2,region7_918076228
2023-03-19 07:34,2719908997,0,7112770,4,region7_918076245
2023-03-19 07:34,2719962070,848256,93632,2,region7_918076231
2023-03-19 07:34,2720260982,10442415,1385322,2,region7_918076228
2023-03-19 07:34,2720260982,964341,1089466,2,region7_918076228
2023-03-19 07:34,2714995435,0,3372741,2,region7_918076244
2023-03-19 07:34,2714995435,5165716,495907,2,region7_918076244
2023-03-19 07:34,2716035539,2695247,298005,2,region7_918076244
2023-03-19 07:34,2716035539,0,2695247,2,region7_918076244
2023-03-19 07:34,2715561430,0,4007,2,region7_918076231
2023-03-19 07:34,2717716008,2237412,1846054,2,region7_918076228
2023-03-19 07:34,2716242879,2635076,291491,2,region7_918076228
2023-03-19 07:34,2716242952,0,384,2,region7_918076231
2023-03-19 07:34,2715399029,0,8388608,2,region7_918076227
2023-03-19 07:34,2718656752,1323227,1977607,2,region7_918076228
2023-03-19 07:34,2717797876,523632,2742573,2,region7_918076237
2023-03-19 07:34,2720206506,0,7574073,3,region7_918076226
2023-03-19 07:34,2718326660,0,8388608,4,region7_918076232
2023-03-19 07:34,2719931930,0,4533210,2,region7_918076227
2023-03-19 07:34,2720079495,1435878,1048576,2,region7_918076235
2023-03-19 07:34,2720235008,3145728,893114,5,region7_918076230
2023-03-19 07:34,2720235008,2097152,1048576,5,region7_918076230
2023-03-19 07:34,2720235008,1048576,1048576,5,region7_918076230
2023-03-19 07:34,2720235008,0,1048576,5,region7_918076230
2023-03-19 07:34,2715123656,0,6516,2,region7_918076231
2023-03-19 07:34,2718317085,0,8481568,6,region7_918076242
2023-03-19 07:34,2718607448,0,8388608,4,region7_918076238
2023-03-19 07:34,2719974448,0,12566,2,region7_918076231
2023-03-19 07:34,2714961086,0,2448580,2,region7_918076244
2023-03-19 07:34,2716929545,0,176,2,region7_918076231
2023-03-19 07:34,2718184303,790,8387818,2,region7_918076237
2023-03-19 07:34,2718361186,0,3126840,6,region7_918076230
2023-03-19 07:34,2718490051,1298816,379584,2,region7_918076231
2023-03-19 07:34,2719846204,0,15620,4,region7_918076244
2023-03-19 07:34,2719864546,0,2589464,2,region7_918076231
2023-03-19 07:34,2714961086,2448580,8388608,2,region7_918076244
2023-03-19 07:34,2714961086,10837188,3991246,2,region7_918076244
2023-03-19 07:34,2716242879,2635076,291491,2,region7_918076228
2023-03-19 07:34,2718613212,0,6874599,3,region7_918076226
2023-03-19 07:34,2719864546,0,4038840,2,region7_918076231
2023-03-19 07:34,2716241952,3756163,3525,2,region7_918076244
2023-03-19 07:34,2716241952,3809964,16384,2,region7_918076244
2023-03-19 07:34,2718667013,0,277839,2,region7_918076228
2023-03-19 07:34,2715878487,0,6236788,2,region7_918076227
2023-03-19 07:34,2718593159,4660288,48,2,region7_918076231
2023-03-19 07:34,2714931608,0,2304,2,region7_918076231
2023-03-19 07:34,2720254904,0,1019904,2,region7_918076233
2023-03-19 07:34,2720254904,1019904,2138112,2,region7_918076233
2023-03-19 07:34,2717118475,0,176,2,region7_918076231
2023-03-19 07:34,2718468207,0,176,2,region7_918076231
2023-03-19 07:34,2719015333,0,1912198,2,region7_918076233
2023-03-19 07:34,2720254904,5279744,2105344,2,region7_918076233
2023-03-19 07:34,2720254904,3158016,2121728,2,region7_918076233
2023-03-19 07:34,2720254904,7385088,1003520,2,region7_918076233
2023-03-19 07:34,2718305354,0,8388608,4,region7_918076232
2023-03-19 07:34,2714751170,0,8388608,2,region7_918076235
2023-03-19 07:34,2718428799,0,11885,2,region7_918076231
2023-03-19 07:34,2718201228,2189376,6292192,2,region7_918076231
2023-03-19 07:34,2715000204,4560485,6257,2,region7_918076244
2023-03-19 07:34,2715000204,4632960,16384,2,region7_918076244
2023-03-19 07:34,2715000204,0,1368264,2,region7_918076244
2023-03-19 07:34,2715000204,3475516,1084969,2,region7_918076244
2023-03-19 07:34,2715909481,949679,1152324,2,region7_918076228
2023-03-19 07:34,2720147603,0,458586,2,region7_918076232
2023-03-19 07:34,2717519520,0,6313620,2,region7_918076232
2023-03-19 07:34,2718322911,0,12557,2,region7_918076231
2023-03-19 07:34,2718724546,0,1859618,2,region7_918076244
2023-03-19 07:34,2715000204,1368264,2107252,2,region7_918076244
2023-03-19 07:34,2715265264,0,8388608,2,region7_918076227
2023-03-19 07:34,2718295705,0,4038842,5,region7_918076242
2023-03-19 07:34,2714737935,0,3278989,2,region7_918076228
2023-03-19 07:34,2718724546,1859618,6528990,2,region7_918076244
2023-03-19 07:34,2718240454,768,71104,2,region7_918076231
2023-03-19 07:34,2715725896,1069892,1401287,2,region7_918076228
2023-03-19 07:34,2718270330,6684168,1387653,2,region7_918076237
2023-03-19 07:34,2718577548,0,3293,4,region7_918076271
2023-03-19 07:34,2719961967,0,3104597,6,region7_918076230
2023-03-19 07:34,2718473001,0,8388608,2,region7_918076235
2023-03-19 07:34,2717773975,0,128,2,region7_918076231
2023-03-19 07:34,2716035539,236462,2458785,2,region7_918076244
2023-03-19 07:34,2716122739,0,2824748,2,region7_918076228
2023-03-19 07:34,2718408542,0,7985564,3,region7_918076226
2023-03-19 07:34,2718548983,0,4038842,6,region7_918076230
2023-03-19 07:34,2720010219,2230644,255104,2,region7_918076231
2023-03-19 07:34,2716122739,2884203,943183,2,region7_918076228
2023-03-19 07:34,2716194335,0,8388608,2,region7_918076235
2023-03-19 07:34,2715078832,8159744,48,2,region7_918076231
2023-03-19 07:34,2718772102,0,3041,5,region7_918076230
2023-03-19 07:34,2719921807,0,4038840,2,region7_918076234
2023-03-19 07:34,2720011961,0,3731650,2,region7_918076244
2023-03-19 07:34,2720011961,3731650,1945250,2,region7_918076244
2023-03-19 07:34,2715462801,13492460,25472,2,region7_918076231
2023-03-19 07:34,2720134379,22659,2769,2,region7_918076236
2023-03-19 07:34,2720134379,0,22659,2,region7_918076236
2023-03-19 07:34,2720134379,22191,2062,2,region7_918076236
2023-03-19 07:34,2720190100,0,8383871,3,region7_918076226
2023-03-19 07:34,2718262629,0,176,2,region7_918076231
2023-03-19 07:34,2714814549,7497633,558714,2,region7_918076244
2023-03-19 07:34,2714814549,1367992,147084,2,region7_918076244
2023-03-19 07:34,2714724121,0,13159,2,region7_918076231
2023-03-19 07:34,2719945329,6995968,1392640,2,region7_918076236
2023-03-19 07:34,2719945329,2740224,2129920,2,region7_918076236
2023-03-19 07:34,2719945329,4870144,2125824,2,region7_918076236
2023-03-19 07:34,2719945329,634880,2105344,2,region7_918076236
2023-03-19 07:34,2719945329,0,634880,2,region7_918076236
2023-03-19 07:34,2715235339,2911680,317376,2,region7_918076231
2023-03-19 07:34,2715700789,0,3817447,2,region7_918076232
2023-03-19 07:34,2718588973,0,176,2,region7_918076231
2023-03-19 07:34,2718825868,0,3164246,5,region7_918076242
2023-03-19 07:34,2718312947,0,8481568,5,region7_918076230
2023-03-19 07:34,2717484786,6260352,109376,2,region7_918076231
2023-03-19 07:34,2715977080,0,1292757,2,region7_918076228
2023-03-19 07:34,2714857796,3378895,434198,2,region7_918076237
2023-03-19 07:34,2714857796,29512,1844430,2,region7_918076237
2023-03-19 07:34,2718620020,0,11792927,4,region7_918076244
2023-03-19 07:34,2718312947,0,4038842,6,region7_918076230
2023-03-19 07:34,2720072535,225280,2105344,2,region7_918076236
2023-03-19 07:34,2720072535,0,225280,2,region7_918076236
2023-03-19 07:34,2715977080,1292757,7095851,2,region7_918076228
2023-03-19 07:34,2714898407,5274602,128490,2,region7_918076244
2023-03-19 07:34,2714898407,2807823,23528,2,region7_918076244
2023-03-19 07:34,2714898407,1486543,11875,2,region7_918076244
2023-03-19 07:34,2714898407,4108390,38463,2,region7_918076244
2023-03-19 07:34,2714898407,1563909,19746,2,region7_918076244
2023-03-19 07:34,2720033191,0,8388608,4,region7_918076232
2023-03-19 07:34,2720072535,6557696,1830912,2,region7_918076236
2023-03-19 07:34,2720072535,4435968,2121728,2,region7_918076236
2023-03-19 07:34,2720072535,2330624,2105344,2,region7_918076236
2023-03-19 07:34,2715841049,0,1375217,2,region7_918076227
2023-03-19 07:34,2715841049,2861659,4043060,2,region7_918076227
2023-03-19 07:34,2718371825,0,7122936,3,region7_918076226
2023-03-19 07:34,2717802083,365086,3170515,2,region7_918076228
2023-03-19 07:34,2719962140,1624352,28672,2,region7_918076231
2023-03-19 07:34,2718261571,0,2476,5,region7_918076230
2023-03-19 07:34,2716165915,0,256,2,region7_918076231
2023-03-19 07:34,2715700789,0,3817447,2,region7_918076228
2023-03-19 07:34,2720055329,4640768,2117632,2,region7_918076236
2023-03-19 07:34,2720055329,2510848,2129920,2,region7_918076236
2023-03-19 07:34,2720055329,376832,2134016,2,region7_918076236
2023-03-19 07:34,2720055329,0,376832,2,region7_918076236
2023-03-19 07:34,2720253895,0,1031516,6,region7_918076230
2023-03-19 07:34,2715618654,779,1692,2,region7_918076231
2023-03-19 07:34,2715793677,0,8056791,2,region7_918076227
2023-03-19 07:34,2720055329,6758400,1630208,2,region7_918076236
2023-03-19 07:34,2715923205,4121153,3302,2,region7_918076244
2023-03-19 07:34,2715923205,4171150,16384,2,region7_918076244
2023-03-19 07:34,2718853568,0,2067118,6,region7_918076230
2023-03-19 07:34,2715923205,0,1068574,2,region7_918076244
2023-03-19 07:34,2715218563,5578354,1678979,2,region7_918076228
2023-03-19 07:34,2715218563,0,2871543,2,region7_918076228
2023-03-19 07:34,2715481511,0,2333737,2,region7_918076227
2023-03-19 07:34,2720214697,0,4532,2,region7_918076231
2023-03-19 07:34,2718429673,0,2039808,2,region7_918076247
2023-03-19 07:34,2718891836,0,8370222,3,region7_918076226
2023-03-19 07:34,2720016527,0,3362731,2,region7_918076227
2023-03-19 07:34,2715923205,3138958,1048576,2,region7_918076228
2023-03-19 07:34,2718429673,2039808,2125824,2,region7_918076247
2023-03-19 07:34,2715090669,3105290,1048576,2,region7_918076228
2023-03-19 07:34,2716455215,2511872,34496,2,region7_918076231
2023-03-19 07:34,2717402852,0,8388608,2,region7_918076227
2023-03-19 07:34,2718307799,2811378,5577230,2,region7_918076244
2023-03-19 07:34,2718307799,0,2811378,2,region7_918076244
2023-03-19 07:34,2715923205,0,4121153,2,region7_918076228
2023-03-19 07:34,2720064793,4194304,4194304,2,region7_918076232
2023-03-19 07:34,2720064793,0,4194304,2,region7_918076232
2023-03-19 07:34,2720167359,0,8388608,2,region7_918076227
2023-03-19 07:34,2715469394,190042,1098170,2,region7_918076228
2023-03-19 07:34,2718321864,0,3068857,6,region7_918076230
2023-03-19 07:34,2718339136,0,7033589,4,region7_918076245
2023-03-19 07:34,2715090669,2875105,176693,2,region7_918076228
2023-03-19 07:34,2715090669,1796862,1078243,2,region7_918076228
2023-03-19 07:34,2715090669,0,1796862,2,region7_918076228
2023-03-19 07:34,2715090669,3067844,1015562,2,region7_918076228
2023-03-19 07:34,2718606442,0,1353984,2,region7_918076231
2023-03-19 07:34,2715358968,4867771,16384,2,region7_918076244
2023-03-19 07:34,2715358968,4794969,6378,2,region7_918076244
2023-03-19 07:34,2715539792,1989977,132838,2,region7_918076228
2023-03-19 07:34,2718405567,39472,680708,2,region7_918076231
2023-03-19 07:34,2718405567,0,720180,2,region7_918076231
2023-03-19 07:34,2718508391,0,7035827,4,region7_918076245
2023-03-19 07:34,2718606442,0,1353984,2,region7_918076231
2023-03-19 07:34,2720052827,513,3305794,2,region7_918076228
2023-03-19 07:34,2715358968,0,3695403,2,region7_918076244
2023-03-19 07:34,2715358968,3695403,1099566,2,region7_918076244
2023-03-19 07:34,2718242455,0,7020127,5,region7_918076230
2023-03-19 07:34,2718429673,4165632,2105344,2,region7_918076247
2023-03-19 07:34,2718606442,0,1353984,2,region7_918076231
2023-03-19 07:34,2718242455,0,3052229,6,region7_918076230
2023-03-19 07:34,2716063353,4898816,2088960,2,region7_918076238
2023-03-19 07:34,2716063353,2813952,2084864,2,region7_918076238
2023-03-19 07:34,2716063353,724992,2088960,2,region7_918076238
2023-03-19 07:34,2716063353,0,724992,2,region7_918076238
2023-03-19 07:34,2716127640,6101295,1048576,2,region7_918076228
2023-03-19 07:34,2716127640,6101295,1048576,2,region7_918076228
2023-03-19 07:35,2716920211,600439,3567345,2,region7_918076228
2023-03-19 07:35,2718429673,6270976,2117632,2,region7_918076247
2023-03-19 07:35,2718567812,0,7017671,5,region7_918076230
2023-03-19 07:35,2720157090,1412902,2690479,2,region7_918076228
2023-03-19 07:35,2716063353,6987776,1400832,2,region7_918076238
2023-03-19 07:35,2714949652,4945792,119808,2,region7_918076231
2023-03-19 07:35,2716127640,6101295,1048576,2,region7_918076228
2023-03-19 07:35,2718353426,610624,48,2,region7_918076231
2023-03-19 07:35,2718434552,0,8388608,4,region7_918076238
2023-03-19 07:35,2718567812,0,3051162,6,region7_918076230
2023-03-19 07:35,2720056153,9829268,46144,2,region7_918076231
2023-03-19 07:35,2718606442,0,1353984,2,region7_918076231
2023-03-19 07:35,2715908162,7751212,637396,2,region7_918076227
2023-03-19 07:35,2715908162,828,1051344,2,region7_918076227
2023-03-19 07:35,2718903319,0,1606506,5,region7_918076242
2023-03-19 07:35,2720197546,0,3691426,2,region7_918076231
2023-03-19 07:35,2720197546,3667938,370904,2,region7_918076231
2023-03-19 07:35,2718830430,0,8367252,3,region7_918076226
2023-03-19 07:35,2720101255,0,176,2,region7_918076231
2023-03-19 07:35,2720190847,0,8388608,2,region7_918076237
2023-03-19 07:35,2718211493,2543792,655820,2,region7_918076231
2023-03-19 07:35,2718554552,0,8382015,3,region7_918076226
2023-03-19 07:35,2720101255,8192,3981,2,region7_918076231
2023-03-19 07:35,2719029534,1102146,260106,2,region7_918076228
2023-03-19 07:35,2719029534,4921951,532018,2,region7_918076228
2023-03-19 07:35,2717535696,0,128,2,region7_918076231
2023-03-19 07:35,2718408482,0,7979658,3,region7_918076226
2023-03-19 07:35,2715706093,0,2889776,2,region7_918076228
2023-03-19 07:35,2715706093,2889776,1229739,2,region7_918076228
2023-03-19 07:35,2718986408,0,8387809,1,region7_918076228
2023-03-19 07:35,2716508213,849250,2747428,2,region7_918076244
2023-03-19 07:35,2714737935,0,3278989,2,region7_918076244
2023-03-19 07:35,2716265479,2186982,1048576,2,region7_918076227
2023-03-19 07:35,2716265479,0,2227595,2,region7_918076227
2023-03-19 07:35,2719015333,1912198,2109440,2,region7_918076233
2023-03-19 07:35,2715986922,3063027,1048576,2,region7_918076228
2023-03-19 07:35,2720173197,0,6471876,3,region7_918076226
2023-03-19 07:35,2714815977,0,3811890,2,region7_918076237
2023-03-19 07:35,2720254849,7724480,48,2,region7_918076231
2023-03-19 07:35,2716920211,600439,3567345,2,region7_918076228
2023-03-19 07:35,2718504369,0,54307,2,region7_918076237
2023-03-19 07:35,2718340687,1763147,1317939,2,region7_918076245
2023-03-19 07:35,2716436885,347317,2562,2,region7_918076228
2023-03-19 07:35,2718347529,0,6375,2,region7_918076231
2023-03-19 07:35,2718659441,0,4038842,6,region7_918076230
2023-03-19 07:35,2718844104,0,7000006,4,region7_918076245
2023-03-19 07:35,2718894485,0,6575399,2,region7_918076228
2023-03-19 07:35,2717335819,690495,2403482,2,region7_918076244
2023-03-19 07:35,2717335819,683367,3435,2,region7_918076244
2023-03-19 07:35,2715986922,0,4050284,2,region7_918076228
2023-03-19 07:35,2720164765,4774720,56960,2,region7_918076231
2023-03-19 07:35,2714961086,0,2448580,2,region7_918076228
2023-03-19 07:35,2718259710,3434199,1144733,1,region7_918076226
2023-03-19 07:35,2718270316,0,4038842,6,region7_918076230
2023-03-19 07:35,2717694992,2302244,6086364,2,region7_918076228
2023-03-19 07:35,2717694992,0,2302244,2,region7_918076228
2023-03-19 07:35,2718894485,6575399,8007980,2,region7_918076228
2023-03-19 07:35,2714961086,2448580,8388608,2,region7_918076228
2023-03-19 07:35,2715102097,0,8065,2,region7_918076228
2023-03-19 07:35,2720260982,0,9115018,2,region7_918076232
2023-03-19 07:35,2715027021,1786006,2319124,2,region7_918076228
2023-03-19 07:35,2716614538,0,8388608,2,region7_918076227
2023-03-19 07:35,2715247573,16443,2923861,2,region7_918076244
2023-03-19 07:35,2720156218,0,1551002,2,region7_918076227
2023-03-19 07:35,2720238744,0,621988,1,region7_918076226
2023-03-19 07:35,2720215518,0,2240,2,region7_918076231
2023-03-19 07:35,2720260982,9115018,5364684,2,region7_918076232
2023-03-19 07:35,2716634631,0,1111322,2,region7_918076228
2023-03-19 07:35,2716048044,1673512,710100,2,region7_918076228
2023-03-19 07:35,2718601683,6686486,1048576,2,region7_918076228
2023-03-19 07:35,2714961086,10837188,3991246,2,region7_918076228
2023-03-19 07:35,2717813312,0,1507523,2,region7_918076228
2023-03-19 07:35,2715102097,0,8065,2,region7_918076228
2023-03-19 07:35,2718550781,0,5225619,3,region7_918076226
2023-03-19 07:35,2718601683,0,852219,2,region7_918076228
2023-03-19 07:35,2718651607,6291456,1048576,5,region7_918076230
2023-03-19 07:35,2718651607,4194304,1048576,5,region7_918076230
2023-03-19 07:35,2718651607,1048576,1048576,5,region7_918076230
2023-03-19 07:35,2718651607,0,1048576,5,region7_918076230
2023-03-19 07:35,2718651607,7340032,1048576,5,region7_918076230
2023-03-19 07:35,2718651607,5242880,1048576,5,region7_918076230
2023-03-19 07:35,2718651607,3145728,1048576,5,region7_918076230
2023-03-19 07:35,2718651607,2097152,1048576,5,region7_918076230
2023-03-19 07:35,2719023661,0,896,2,region7_918076231
2023-03-19 07:35,2717176994,926464,413339,2,region7_918076228
2023-03-19 07:35,2717813312,3176380,1031380,2,region7_918076228
2023-03-19 07:35,2718601683,6686486,1048576,2,region7_918076228
2023-03-19 07:35,2716190189,51441,6103863,2,region7_918076237
2023-03-19 07:35,2718959262,0,25165824,3,region7_918076237
2023-03-19 07:35,2720150179,0,8388608,4,region7_918076232
2023-03-19 07:35,2715941816,0,359124,2,region7_918076228
2023-03-19 07:35,2716242879,2808899,1999508,2,region7_918076228
2023-03-19 07:35,2718588132,0,256,2,region7_918076231
2023-03-19 07:35,2718601683,852219,6851342,2,region7_918076228
2023-03-19 07:35,2717409774,0,8388608,2,region7_918076235
2023-03-19 07:35,2718152560,0,2085580,2,region7_918076232
2023-03-19 07:35,2720199895,0,8380224,3,region7_918076228
2023-03-19 07:35,2718202174,0,3054133,6,region7_918076230
2023-03-19 07:35,2718825706,0,4772822,4,region7_918076238
2023-03-19 07:35,2718152560,2085580,12406090,2,region7_918076232
2023-03-19 07:35,2717632545,0,128,2,region7_918076231
2023-03-19 07:35,2715620528,0,6951,2,region7_918076231
2023-03-19 07:35,2718321001,0,4299,2,region7_918076231
2023-03-19 07:35,2718554396,0,274432,2,region7_918076236
2023-03-19 07:35,2715365647,4505973,519483,2,region7_918076228
2023-03-19 07:35,2718116245,3805078,4583530,2,region7_918076237
2023-03-19 07:35,2718116245,0,3805078,2,region7_918076237
2023-03-19 07:35,2716241952,2777772,1048576,2,region7_918076228
2023-03-19 07:35,2718428797,0,7235646,5,region7_918076230
2023-03-19 07:35,2718554396,6651904,1736704,2,region7_918076236
2023-03-19 07:35,2718554396,4509696,2142208,2,region7_918076236
2023-03-19 07:35,2718554396,2400256,2109440,2,region7_918076236
2023-03-19 07:35,2718554396,274432,2125824,2,region7_918076236
2023-03-19 07:35,2718340687,0,1763147,2,region7_918076245
2023-03-19 07:35,2718428797,0,3145933,6,region7_918076230
2023-03-19 07:35,2719129985,0,104564,4,region7_918076271
2023-03-19 07:35,2716241952,0,3756163,2,region7_918076228
2023-03-19 07:35,2717358520,0,5004,2,region7_918076231
2023-03-19 07:35,2718799365,0,236775,2,region7_918076231
2023-03-19 07:35,2718812636,0,8388608,2,region7_918076237
2023-03-19 07:35,2717185136,0,4215571,2,region7_918076237
2023-03-19 07:35,2718324790,0,7282043,4,region7_918076232
2023-03-19 07:35,2718799365,0,236775,2,region7_918076231
2023-03-19 07:35,2718860190,0,8388608,2,region7_918076237
2023-03-19 07:35,2718206912,0,431824,2,region7_918076232
2023-03-19 07:35,2718609312,0,1116406,2,region7_918076235
2023-03-19 07:35,2718779558,0,4263,2,region7_918076231
2023-03-19 07:35,2716331107,0,5364,2,region7_918076231
2023-03-19 07:35,2719147818,351166,14843,2,region7_918076228
2023-03-19 07:35,2719147818,122846,413782,2,region7_918076228
2023-03-19 07:35,2717552643,59180,96768,2,region7_918076231
2023-03-19 07:35,2718844907,0,8388608,2,region7_918076235
2023-03-19 07:35,2718886254,2097152,1048576,5,region7_918076230
2023-03-19 07:35,2718886254,1048576,1048576,5,region7_918076230
2023-03-19 07:35,2718886254,3145728,893114,5,region7_918076230
2023-03-19 07:35,2718886254,0,1048576,5,region7_918076230
2023-03-19 07:35,2718913295,0,746886,2,region7_918076228
2023-03-19 07:35,2718539184,0,8388608,4,region7_918076232
2023-03-19 07:35,2716824360,0,176,2,region7_918076231
2023-03-19 07:35,2718689317,0,8331017,3,region7_918076226
2023-03-19 07:35,2720259260,0,8388608,4,region7_918076232
2023-03-19 07:35,2718239509,0,7833331,2,region7_918076237
2023-03-19 07:35,2717802083,335710,4052336,2,region7_918076228
2023-03-19 07:35,2718663388,0,638926,2,region7_918076227
2023-03-19 07:35,2715578119,0,176,2,region7_918076231
2023-03-19 07:35,2716634631,2392055,1681095,2,region7_918076228
2023-03-19 07:35,2715203249,1077149,3049411,2,region7_918076228
2023-03-19 07:35,2715203249,0,1077149,2,region7_918076228
2023-03-19 07:35,2718744956,0,1814903,2,region7_918076233
2023-03-19 07:35,2718851632,4175840,224448,2,region7_918076231
2023-03-19 07:35,2715666326,6087456,197568,2,region7_918076231
2023-03-19 07:35,2715941816,0,359124,2,region7_918076228
2023-03-19 07:35,2718282860,0,8388608,2,region7_918076227
2023-03-19 07:35,2718311684,0,2138880,1,region7_918076226
2023-03-19 07:35,2718744956,1814903,2113536,2,region7_918076233
2023-03-19 07:35,2718744956,6037879,216638,2,region7_918076233
2023-03-19 07:35,2718744956,3928439,2109440,2,region7_918076233
2023-03-19 07:35,2719041902,0,2351656,2,region7_918076234
2023-03-19 07:35,2717443593,0,614695,1,region7_918076237
2023-03-19 07:35,2714815977,0,244554,2,region7_918076228
2023-03-19 07:35,2714815977,3378098,433792,2,region7_918076228
2023-03-19 07:35,2714670961,0,4352,2,region7_918076231
2023-03-19 07:35,2714737935,0,3804845,2,region7_918076237
2023-03-19 07:35,2718699748,0,1661652,5,region7_918076242
2023-03-19 07:35,2718783497,0,128,2,region7_918076231
2023-03-19 07:35,2719041902,260456,3778384,2,region7_918076234
2023-03-19 07:35,2718720436,1121912,7266696,2,region7_918076227
2023-03-19 07:35,2716242879,2808899,117668,2,region7_918076228
2023-03-19 07:35,2718758425,968,236,2,region7_918076231
2023-03-19 07:35,2715000204,3600768,1048576,2,region7_918076228
2023-03-19 07:35,2714931608,0,2304,2,region7_918076231
2023-03-19 07:35,2714857796,3378895,434198,2,region7_918076228
2023-03-19 07:35,2714857796,69027,1804915,2,region7_918076228
2023-03-19 07:35,2719015333,4021638,1973752,2,region7_918076233
2023-03-19 07:35,2718464150,831488,2121728,2,region7_918076233
2023-03-19 07:35,2718464150,0,831488,2,region7_918076233
2023-03-19 07:35,2715900104,3042800,388907,2,region7_918076228
2023-03-19 07:35,2718310975,31779161,125184,2,region7_918076231
2023-03-19 07:35,2718464150,7204864,1183744,2,region7_918076233
2023-03-19 07:35,2718464150,5079040,2125824,2,region7_918076233
2023-03-19 07:35,2718464150,2953216,2125824,2,region7_918076233
2023-03-19 07:35,2718489020,0,9460,2,region7_918076231
2023-03-19 07:35,2718311684,2138880,5536768,1,region7_918076226
2023-03-19 07:35,2718779513,0,8366931,3,region7_918076226
2023-03-19 07:35,2716080003,3404467,3404467,1,region7_918076226
2023-03-19 07:35,2718256550,792385,3438817,2,region7_918076228
2023-03-19 07:35,2718256550,0,792385,2,region7_918076228
2023-03-19 07:35,2719206125,2395712,48,2,region7_918076231
2023-03-19 07:35,2718357317,0,915779,2,region7_918076237
2023-03-19 07:35,2718340063,0,3052064,6,region7_918076230
2023-03-19 07:35,2715024707,1538245,1884593,2,region7_918076228
2023-03-19 07:35,2716495563,0,8388608,2,region7_918076235
2023-03-19 07:35,2718882578,0,10432,2,region7_918076231
2023-03-19 07:35,2718296698,580448,7901120,2,region7_918076231
2023-03-19 07:35,2718296698,0,529824,2,region7_918076231
2023-03-19 07:35,2717694992,2302244,6086364,2,region7_918076228
2023-03-19 07:35,2717694992,0,2302244,2,region7_918076228
2023-03-19 07:35,2718705691,1677462,327910,2,region7_918076231
2023-03-19 07:35,2718705691,1611880,65582,2,region7_918076231
2023-03-19 07:35,2714805791,5587247,97601,2,region7_918076228
2023-03-19 07:35,2719126242,0,2826433,4,region7_918076232
2023-03-19 07:35,2718314088,291606,2798,2,region7_918076227
2023-03-19 07:35,2718608225,2679744,163648,2,region7_918076231
2023-03-19 07:35,2718705691,3120266,398,2,region7_918076231
2023-03-19 07:35,2718750741,0,8388608,2,region7_918076237
2023-03-19 07:35,2717086252,2587778,1281895,2,region7_918076228
2023-03-19 07:35,2719045636,2034000,400524,2,region7_918076228
2023-03-19 07:35,2719115089,0,2724900,6,region7_918076230
2023-03-19 07:35,2717570131,0,18119,2,region7_918076231
2023-03-19 07:35,2717802083,2757214,1212493,2,region7_918076228
2023-03-19 07:35,2717802083,0,148202,2,region7_918076228
2023-03-19 07:35,2717802083,365086,779456,2,region7_918076228
2023-03-19 07:35,2717802083,148202,160312,2,region7_918076228
2023-03-19 07:35,2718637279,17009,4194304,1,region7_918076226
2023-03-19 07:35,2718637279,0,17009,1,region7_918076226
2023-03-19 07:35,2718687480,0,6957274,2,region7_918076237
2023-03-19 07:35,2718705691,2005372,262328,2,region7_918076231
2023-03-19 07:35,2718791712,0,768,2,region7_918076231
2023-03-19 07:35,2718357317,915779,7472829,2,region7_918076237
2023-03-19 07:35,2718548958,0,8372396,3,region7_918076226
2023-03-19 07:35,2718637279,4211313,4160286,1,region7_918076226
2023-03-19 07:35,2718823065,0,8388608,4,region7_918076238
2023-03-19 07:35,2718959262,0,614695,1,region7_918076237
2023-03-19 07:35,2716035539,236462,1395144,2,region7_918076228
2023-03-19 07:35,2716242879,2808899,1999508,2,region7_918076228
2023-03-19 07:35,2716405452,0,768,2,region7_918076231
2023-03-19 07:35,2718946305,3674382,536519,2,region7_918076228
2023-03-19 07:35,2719194021,0,666088,2,region7_918076246
2023-03-19 07:35,2719156975,3145728,893114,5,region7_918076230
2023-03-19 07:35,2719156975,1048576,1048576,5,region7_918076230
2023-03-19 07:35,2719156975,2097152,1048576,5,region7_918076230
2023-03-19 07:35,2719156975,0,1048576,5,region7_918076230
2023-03-19 07:35,2715800498,1090912,321088,2,region7_918076231
2023-03-19 07:35,2719195089,0,1830912,2,region7_918076236
2023-03-19 07:35,2717716008,0,4083466,2,region7_918076237
2023-03-19 07:35,2718564977,0,8375796,3,region7_918076226
2023-03-19 07:35,2718785271,0,4435904,2,region7_918076231
2023-03-19 07:35,2718785271,0,8481568,2,region7_918076231
2023-03-19 07:35,2718908153,0,5526,2,region7_918076231
2023-03-19 07:35,2719195089,1830912,2142208,2,region7_918076236
2023-03-19 07:35,2719195089,3973120,2134016,2,region7_918076236
2023-03-19 07:35,2717529993,0,17792,2,region7_918076231
2023-03-19 07:35,2718492715,2097152,1048576,5,region7_918076230
2023-03-19 07:35,2718492715,0,1048576,5,region7_918076230
2023-03-19 07:35,2718492715,3145728,893114,5,region7_918076230
2023-03-19 07:35,2718492715,1048576,1048576,5,region7_918076230
2023-03-19 07:35,2718547024,0,8369951,3,region7_918076226
2023-03-19 07:35,2719195089,6107136,2113536,2,region7_918076236
2023-03-19 07:35,2719195089,8220672,167936,2,region7_918076236
2023-03-19 07:35,2718508171,6291456,1048576,5,region7_918076230
2023-03-19 07:35,2718508171,4194304,1048576,5,region7_918076230
2023-03-19 07:35,2718508171,2097152,1048576,5,region7_918076230
2023-03-19 07:35,2718508171,0,1048576,5,region7_918076230
2023-03-19 07:35,2718508171,7340032,1048576,5,region7_918076230
2023-03-19 07:35,2718508171,5242880,1048576,5,region7_918076230
2023-03-19 07:35,2718508171,3145728,1048576,5,region7_918076230
2023-03-19 07:35,2718508171,1048576,1048576,5,region7_918076230
2023-03-19 07:35,2718657387,0,101741,2,region7_918076231
2023-03-19 07:35,2719059809,0,18832607,5,region7_918076230
2023-03-19 07:35,2718572552,0,1369120,2,region7_918076231
2023-03-19 07:35,2718572552,0,1376544,2,region7_918076231
2023-03-19 07:35,2718644038,96,916,2,region7_918076231
2023-03-19 07:35,2718152560,0,6279884,2,region7_918076232
2023-03-19 07:35,2718152560,6279884,8211786,2,region7_918076232
2023-03-19 07:35,2718211493,3199612,262328,2,region7_918076231
2023-03-19 07:35,2718751849,0,3442620,1,region7_918076226
2023-03-19 07:35,2714886613,0,6635222,2,region7_918076227
2023-03-19 07:35,2718788858,0,7027118,4,region7_918076245
2023-03-19 07:35,2714745187,333171,768095,2,region7_918076237
2023-03-19 07:35,2714745187,5112760,830550,2,region7_918076237
2023-03-19 07:35,2718956797,0,29312,5,region7_918076242
2023-03-19 07:35,2718981699,18278960,107136,2,region7_918076231
2023-03-19 07:35,2716293642,2668212,2367204,2,region7_918076237
2023-03-19 07:35,2718574615,0,5525769,3,region7_918076226
2023-03-19 07:35,2718643968,1655574,234589,2,region7_918076228
2023-03-19 07:35,2718752626,0,8388608,4,region7_918076232
2023-03-19 07:35,2719059809,0,43314996,6,region7_918076230
2023-03-19 07:35,2719377551,0,4224,2,region7_918076231
2023-03-19 07:35,2719310340,0,8388608,4,region7_918076232
2023-03-19 07:35,2718611180,0,4038842,6,region7_918076230
2023-03-19 07:35,2718211493,3461940,19006,2,region7_918076231
2023-03-19 07:35,2719470793,0,7073095,4,region7_918076245
2023-03-19 07:35,2717650804,0,11271,2,region7_918076231
2023-03-19 07:35,2715937025,1884768,1876917,2,region7_918076244
2023-03-19 07:35,2715937025,1879294,3370,2,region7_918076244
2023-03-19 07:36,2714976528,2135363,6253245,2,region7_918076228
2023-03-19 07:36,2714976528,1337778,797585,2,region7_918076228
2023-03-19 07:36,2715463957,691573,1048576,2,region7_918076237
2023-03-19 07:36,2718554387,0,4250,2,region7_918076231
2023-03-19 07:36,2719127257,0,6874423,3,region7_918076226
2023-03-19 07:36,2719273007,8080922,307686,2,region7_918076235
2023-03-19 07:36,2719291315,0,3059394,6,region7_918076230
2023-03-19 07:36,2718603422,0,2637,2,region7_918076231
2023-03-19 07:36,2717975937,665,1844,2,region7_918076231
2023-03-19 07:36,2715092387,0,84365,2,region7_918076231
2023-03-19 07:36,2718833214,3145728,1048576,5,region7_918076230
2023-03-19 07:36,2718833214,1048576,1048576,5,region7_918076230
2023-03-19 07:36,2718833214,7340032,1048576,5,region7_918076230
2023-03-19 07:36,2718833214,6291456,1048576,5,region7_918076230
2023-03-19 07:36,2718833214,5242880,1048576,5,region7_918076230
2023-03-19 07:36,2718833214,4194304,1048576,5,region7_918076230
2023-03-19 07:36,2718833214,2097152,1048576,5,region7_918076230
2023-03-19 07:36,2718833214,0,1048576,5,region7_918076230
2023-03-19 07:36,2719345457,0,4038842,6,region7_918076230
2023-03-19 07:36,2718712584,0,2528643,2,region7_918076227
2023-03-19 07:36,2719387867,0,7029816,3,region7_918076226
2023-03-19 07:36,2715352521,378728,2551923,2,region7_918076228
2023-03-19 07:36,2715352521,2930651,1198173,2,region7_918076228
2023-03-19 07:36,2715428015,0,8388608,2,region7_918076227
2023-03-19 07:36,2718769980,0,1048576,5,region7_918076230
2023-03-19 07:36,2718769980,1048576,459895,5,region7_918076230
2023-03-19 07:36,2715349033,0,5320327,2,region7_918076227
2023-03-19 07:36,2718553388,0,1856,2,region7_918076231
2023-03-19 07:36,2716319963,0,2599,2,region7_918076231
2023-03-19 07:36,2715126986,0,319258,2,region7_918076231
2023-03-19 07:36,2716850194,12971712,85376,2,region7_918076231
2023-03-19 07:36,2717841728,7056850,1331758,2,region7_918076237
2023-03-19 07:36,2717841728,5017149,59273,2,region7_918076237
2023-03-19 07:36,2719276967,0,1908736,2,region7_918076247
2023-03-19 07:36,2719407238,2169984,49600,2,region7_918076231
2023-03-19 07:36,2718572552,1376544,7105024,2,region7_918076231
2023-03-19 07:36,2718572552,1376592,7104976,2,region7_918076231
2023-03-19 07:36,2716169255,0,176,2,region7_918076231
2023-03-19 07:36,2719408146,0,2061,2,region7_918076231
2023-03-19 07:36,2718705238,0,2097152,1,region7_918076237
2023-03-19 07:36,2714931608,0,2304,2,region7_918076231
2023-03-19 07:36,2716241952,3809964,16384,2,region7_918076244
2023-03-19 07:36,2719563397,0,3048514,6,region7_918076230
2023-03-19 07:36,2716241952,3756163,3525,2,region7_918076244
2023-03-19 07:36,2718737660,0,35648,2,region7_918076231
2023-03-19 07:36,2715343542,0,4943668,2,region7_918076244
2023-03-19 07:36,2718259710,4578932,1144733,1,region7_918076226
2023-03-19 07:36,2718357317,0,7076104,2,region7_918076237
2023-03-19 07:36,2718805979,3866507,2545341,2,region7_918076235
2023-03-19 07:36,2719191321,2478560,218176,2,region7_918076231
2023-03-19 07:36,2718545750,0,679357,2,region7_918076232
2023-03-19 07:36,2719219187,0,8388608,4,region7_918076232
2023-03-19 07:36,2719273119,0,718154,2,region7_918076232
2023-03-19 07:36,2719276967,1908736,2121728,2,region7_918076247
2023-03-19 07:36,2719476132,0,831488,2,region7_918076236
2023-03-19 07:36,2719476132,831488,2138112,2,region7_918076236
2023-03-19 07:36,2716937808,1228,2254,2,region7_918076231
2023-03-19 07:36,2719014233,0,11814281,4,region7_918076244
2023-03-19 07:36,2715882395,0,79012,2,region7_918076228
2023-03-19 07:36,2715882395,3130252,708058,2,region7_918076228
2023-03-19 07:36,2717945839,4535908,3852700,2,region7_918076228
2023-03-19 07:36,2719476132,2969600,2150400,2,region7_918076236
2023-03-19 07:36,2719476132,5120000,2138112,2,region7_918076236
2023-03-19 07:36,2715285828,0,8388608,2,region7_918076227
2023-03-19 07:36,2718797386,434720,1519296,2,region7_918076231
2023-03-19 07:36,2718822975,0,51264,5,region7_918076242
2023-03-19 07:36,2719476132,7258112,1130496,2,region7_918076236
2023-03-19 07:36,2718739377,0,8388608,2,region7_918076227
2023-03-19 07:36,2719637699,0,664293,2,region7_918076237
2023-03-19 07:36,2718739352,0,1861312,5,region7_918076230
2023-03-19 07:36,2718772989,1556480,2109440,2,region7_918076236
2023-03-19 07:36,2718772989,7925760,462848,2,region7_918076236
2023-03-19 07:36,2718772989,5804032,2121728,2,region7_918076236
2023-03-19 07:36,2718772989,3665920,2138112,2,region7_918076236
2023-03-19 07:36,2718772989,0,1556480,2,region7_918076236
2023-03-19 07:36,2717802083,365086,185867,2,region7_918076228
2023-03-19 07:36,2719525676,0,8388608,4,region7_918076232
2023-03-19 07:36,2718739352,0,930656,6,region7_918076230
2023-03-19 07:36,2718256550,792385,3438817,2,region7_918076244
2023-03-19 07:36,2718256550,0,792385,2,region7_918076244
2023-03-19 07:36,2718977031,0,8481568,6,region7_918076242
2023-03-19 07:36,2717945839,0,1070280,2,region7_918076228
2023-03-19 07:36,2717802083,1694444,1841157,2,region7_918076228
2023-03-19 07:36,2719565314,0,2304,2,region7_918076231
2023-03-19 07:36,2716308727,0,44307,2,region7_918076228
2023-03-19 07:36,2719276967,4030464,2129920,2,region7_918076247
2023-03-19 07:36,2715344305,5638391,1238829,2,region7_918076228
2023-03-19 07:36,2715344305,8270529,118079,2,region7_918076228
2023-03-19 07:36,2718668104,2097152,1048576,5,region7_918076230
2023-03-19 07:36,2718668104,3145728,893114,5,region7_918076230
2023-03-19 07:36,2718668104,1048576,1048576,5,region7_918076230
2023-03-19 07:36,2718668104,0,1048576,5,region7_918076230
2023-03-19 07:36,2716308727,44307,912908,2,region7_918076228
2023-03-19 07:36,2719087969,0,8481568,6,region7_918076230
2023-03-19 07:36,2719426877,0,2541861,3,region7_918076237
2023-03-19 07:36,2719087969,0,4038842,5,region7_918076230
2023-03-19 07:36,2718734766,5204112,3277456,2,region7_918076234
2023-03-19 07:36,2718734766,0,2440208,2,region7_918076234
2023-03-19 07:36,2718734766,0,6743568,2,region7_918076234
2023-03-19 07:36,2714869557,0,622353,2,region7_918076237
2023-03-19 07:36,2717849602,0,29045,2,region7_918076228
2023-03-19 07:36,2716033708,0,1920,2,region7_918076231
2023-03-19 07:36,2717945839,1070280,3465628,2,region7_918076228
2023-03-19 07:36,2717849602,29045,4134839,2,region7_918076228
2023-03-19 07:36,2719308516,0,8331264,2,region7_918076233
2023-03-19 07:36,2719431269,0,8388608,2,region7_918076227
2023-03-19 07:36,2716586820,4397120,71424,2,region7_918076231
2023-03-19 07:36,2719629788,7629649,6882898,2,region7_918076228
2023-03-19 07:36,2717184422,0,512,2,region7_918076231
2023-03-19 07:36,2718307799,2811378,5577230,2,region7_918076237
2023-03-19 07:36,2718307799,0,2811378,2,region7_918076237
2023-03-19 07:36,2716033708,0,1920,2,region7_918076231
2023-03-19 07:36,2715682190,0,6463289,2,region7_918076227
2023-03-19 07:36,2717825202,0,143586,2,region7_918076228
2023-03-19 07:36,2719308516,8331264,57344,2,region7_918076233
2023-03-19 07:36,2719462508,0,3044967,6,region7_918076230
2023-03-19 07:36,2719521140,4573856,359,2,region7_918076235
2023-03-19 07:36,2716347636,11044668,48,2,region7_918076231
2023-03-19 07:36,2718734923,0,9856,2,region7_918076231
2023-03-19 07:36,2719130869,1077225,3037116,2,region7_918076237
2023-03-19 07:36,2719276967,6160384,2134016,2,region7_918076247
2023-03-19 07:36,2719406153,2107616,48,2,region7_918076231
2023-03-19 07:36,2719521140,0,4573856,2,region7_918076235
2023-03-19 07:36,2719659881,6782557,1606051,2,region7_918076235
2023-03-19 07:36,2719154213,0,2419673,2,region7_918076228
2023-03-19 07:36,2718672779,4169766,118976,2,region7_918076231
2023-03-19 07:36,2719180631,0,640,2,region7_918076231
2023-03-19 07:36,2719295112,0,25168320,3,region7_918076244
2023-03-19 07:36,2715755533,0,8388608,2,region7_918076227
2023-03-19 07:36,2717646369,6195808,2625,2,region7_918076244
2023-03-19 07:36,2714695570,0,22208,2,region7_918076231
2023-03-19 07:36,2719154213,2419673,1738569,2,region7_918076228
2023-03-19 07:36,2719042833,667648,2109440,2,region7_918076233
2023-03-19 07:36,2719042833,7020544,1368064,2,region7_918076233
2023-03-19 07:36,2719042833,0,667648,2,region7_918076233
2023-03-19 07:36,2719042833,4882432,2138112,2,region7_918076233
2023-03-19 07:36,2719042833,2777088,2105344,2,region7_918076233
2023-03-19 07:36,2718656752,0,1589946,2,region7_918076228
2023-03-19 07:36,2717646369,6207458,1279084,2,region7_918076244
2023-03-19 07:36,2719760928,0,208896,2,region7_918076247
2023-03-19 07:36,2718873139,143424,60608,2,region7_918076231
2023-03-19 07:36,2717638345,0,527065,2,region7_918076228
2023-03-19 07:36,2715398458,0,335,2,region7_918076228
2023-03-19 07:36,2715700789,0,3817447,2,region7_918076232
2023-03-19 07:36,2717638345,527065,3636636,2,region7_918076228
2023-03-19 07:36,2719029534,1102146,260106,2,region7_918076228
2023-03-19 07:36,2719234415,0,7042634,4,region7_918076245
2023-03-19 07:36,2714931608,0,2304,2,region7_918076231
2023-03-19 07:36,2719009777,0,3051608,6,region7_918076230
2023-03-19 07:36,2719029534,4921951,532018,2,region7_918076228
2023-03-19 07:36,2719111368,3626194,48,2,region7_918076231
2023-03-19 07:36,2719009777,0,7018698,5,region7_918076230
2023-03-19 07:36,2714746461,8192,503834,2,region7_918076231
2023-03-19 07:36,2714746461,0,176,2,region7_918076231
2023-03-19 07:36,2719180631,0,640,2,region7_918076231
2023-03-19 07:36,2719269605,3543491,405263,2,region7_918076228
2023-03-19 07:36,2719269605,521091,221956,2,region7_918076228
2023-03-19 07:36,2714746461,0,176,2,region7_918076231
2023-03-19 07:36,2718884340,0,2863332,2,region7_918076244
2023-03-19 07:36,2719276967,8294400,94208,2,region7_918076247
2023-03-19 07:36,2719454441,0,7832674,2,region7_918076237
2023-03-19 07:36,2715033061,0,6291673,2,region7_918076227
2023-03-19 07:36,2716039189,0,7322,2,region7_918076231
2023-03-19 07:36,2719760928,208896,2105344,2,region7_918076247
2023-03-19 07:36,2719103863,0,34196,4,region7_918076237
2023-03-19 07:36,2719314051,0,2228,2,region7_918076231
2023-03-19 07:36,2715820802,2429971,122328,2,region7_918076244
2023-03-19 07:36,2715820802,6644733,386029,2,region7_918076244
2023-03-19 07:36,2719372805,0,7110003,4,region7_918076245
2023-03-19 07:36,2716547217,4873876,3514732,2,region7_918076228
2023-03-19 07:36,2716547217,0,4873876,2,region7_918076228
2023-03-19 07:36,2719606444,1839051,39040,2,region7_918076231
2023-03-19 07:36,2715323382,156032,26,2,region7_918076228
2023-03-19 07:36,2715323382,2206770,1848620,2,region7_918076228
2023-03-19 07:36,2715323382,6416280,99551,2,region7_918076228
2023-03-19 07:36,2715323382,8344952,43656,2,region7_918076228
2023-03-19 07:36,2716729996,0,6263203,2,region7_918076227
2023-03-19 07:36,2716122739,0,3827386,2,region7_918076232
2023-03-19 07:36,2718804895,2299283,1775392,2,region7_918076228
2023-03-19 07:36,2716276522,0,8388608,2,region7_918076227
2023-03-19 07:36,2715080952,0,5760,2,region7_918076231
2023-03-19 07:36,2719015445,0,8388608,2,region7_918076237
2023-03-19 07:36,2714987423,4943,3312188,2,region7_918076244
2023-03-19 07:36,2717532261,0,1598576,1,region7_918076226
2023-03-19 07:36,2718569425,49288,405879,2,region7_918076228
2023-03-19 07:36,2719557275,7371296,161920,2,region7_918076231
2023-03-19 07:36,2715428121,0,1747257,2,region7_918076228
2023-03-19 07:36,2718887276,1978144,115480,2,region7_918076228
2023-03-19 07:36,2718966421,1011520,87296,2,region7_918076231
2023-03-19 07:36,2719180631,0,640,2,region7_918076231
2023-03-19 07:36,2719217266,0,7764361,4,region7_918076240
2023-03-19 07:36,2715352521,2930651,1198173,2,region7_918076228
2023-03-19 07:36,2715352521,0,2930651,2,region7_918076228
2023-03-19 07:36,2719606371,4886528,2113536,2,region7_918076233
2023-03-19 07:36,2719606371,0,663552,2,region7_918076233
2023-03-19 07:36,2719606371,2772992,2113536,2,region7_918076233
2023-03-19 07:36,2719606371,663552,2109440,2,region7_918076233
2023-03-19 07:36,2715428121,3930111,193597,2,region7_918076228
2023-03-19 07:36,2715428121,1800968,965520,2,region7_918076228
2023-03-19 07:36,2718843960,0,820,5,region7_918076242
2023-03-19 07:36,2718934038,0,8672,2,region7_918076231
2023-03-19 07:36,2715513966,0,75072,2,region7_918076231
2023-03-19 07:36,2719199469,3145728,893114,5,region7_918076230
2023-03-19 07:36,2719199469,1048576,1048576,5,region7_918076230
2023-03-19 07:36,2719199469,0,1048576,5,region7_918076230
2023-03-19 07:36,2719199469,2097152,1048576,5,region7_918076230
2023-03-19 07:36,2719606371,7000064,1388544,2,region7_918076233
2023-03-19 07:36,2718357760,8281813,106795,2,region7_918076228
2023-03-19 07:36,2718824867,0,891261,5,region7_918076242
2023-03-19 07:36,2717362234,0,256,2,region7_918076231
2023-03-19 07:36,2719629788,7629649,6882898,2,region7_918076228
2023-03-19 07:36,2718113789,0,176,2,region7_918076231
2023-03-19 07:36,2716648555,0,1844,2,region7_918076231
2023-03-19 07:36,2718357760,0,8281813,2,region7_918076228
2023-03-19 07:36,2719351689,0,3158361,1,region7_918076226
2023-03-19 07:36,2718833459,0,384,2,region7_918076231
2023-03-19 07:36,2718965427,974920,895,2,region7_918076235
2023-03-19 07:36,2718620520,0,4107677,2,region7_918076228
2023-03-19 07:36,2718574615,0,2862839,1,region7_918076226
2023-03-19 07:36,2719685507,4694064,2844266,2,region7_918076228
2023-03-19 07:36,2719840353,0,403785,5,region7_918076230
2023-03-19 07:36,2715428333,3531740,543512,2,region7_918076228
2023-03-19 07:36,2718620520,4107677,189261,2,region7_918076228
2023-03-19 07:36,2716226504,0,128,2,region7_918076231
2023-03-19 07:36,2719676623,0,2456948,4,region7_918076232
2023-03-19 07:36,2715514927,44080,1435661,2,region7_918076237
2023-03-19 07:36,2715514927,5191697,2183034,2,region7_918076237
2023-03-19 07:36,2718656752,3300834,803170,2,region7_918076228
2023-03-19 07:36,2717510006,0,3579882,2,region7_918076232
2023-03-19 07:36,2719371832,23329,1471392,2,region7_918076228
2023-03-19 07:36,2718833459,0,384,2,region7_918076231
2023-03-19 07:36,2718521368,0,4266860,2,region7_918076232
2023-03-19 07:36,2717525169,482210,3671813,2,region7_918076244
2023-03-19 07:36,2717525169,0,482210,2,region7_918076244
2023-03-19 07:36,2719301465,0,85913,4,region7_918076271
2023-03-19 07:36,2718521368,4266860,10074817,2,region7_918076232
2023-03-19 07:36,2719640474,10229695,570112,2,region7_918076231
