Session_ID,Block_ID,IO_Offset,IO_Size,Op_Name,User
2023-03-19 06:58,4047732596,7384307,1048576,2,region5_312948047
2023-03-19 06:58,4047732596,7384307,1048576,2,region5_312948047
2023-03-19 06:58,4047830402,0,7911784,2,region5_312948041
2023-03-19 06:58,4047724622,0,7405507,3,region5_312948042
2023-03-19 06:58,4047893729,0,1447417,2,region5_312948046
2023-03-19 06:58,4047723621,0,8481568,5,region5_312948057
2023-03-19 06:58,4047950835,0,2763023,2,region5_312948047
2023-03-19 06:58,4047684174,6160649,1206525,2,region5_312948041
2023-03-19 06:58,4047976722,5931744,67584,2,region5_312948043
2023-03-19 06:58,4047783519,0,20525810,3,region5_312948051
2023-03-19 06:58,4047955249,0,971528,2,region5_312948041
2023-03-19 06:58,4047892683,0,8388608,5,region5_312948039
2023-03-19 06:58,4048040628,0,8080069,2,region5_312948046
2023-03-19 06:58,4047886873,0,398611,2,region5_312948041
2023-03-19 06:58,4047886873,6688009,23,2,region5_312948041
2023-03-19 06:58,4047776868,7460320,126272,2,region5_312948043
2023-03-19 06:58,4047677238,1706092,1048576,2,region5_312948047
2023-03-19 06:58,4047973996,0,2038615,5,region5_312948039
2023-03-19 06:58,4047677238,1706092,1048576,2,region5_312948047
2023-03-19 06:58,4048118823,5242880,1048576,5,region5_312948039
2023-03-19 06:58,4047777705,7937472,48,2,region5_312948043
2023-03-19 06:58,4048118823,6291456,1048576,5,region5_312948039
2023-03-19 06:58,4048118823,7340032,1048576,5,region5_312948039
2023-03-19 06:58,4048027470,0,8388608,5,region5_312948039
2023-03-19 06:58,4048118823,8388608,92960,5,region5_312948039
2023-03-19 06:58,4048140500,1021364,7367244,2,region5_312948041
2023-03-19 06:58,4048269311,10485760,1048576,1,region5_312948042
2023-03-19 06:58,4047966542,0,8388608,5,region5_312948039
2023-03-19 06:58,4048269311,11534336,1048576,1,region5_312948042
2023-03-19 06:58,4048154768,0,8388608,4,region5_312948056
2023-03-19 06:58,4048269311,12582912,1048576,1,region5_312948042
2023-03-19 06:58,4047881498,0,8388608,2,region5_312948041
2023-03-19 06:58,4047722910,1099234,812635,2,region5_312948041
2023-03-19 06:58,4048076304,6397351,1991257,2,region5_312948041
2023-03-19 06:58,4048269311,13631488,1048576,1,region5_312948042
2023-03-19 06:58,4047722910,0,872057,2,region5_312948041
2023-03-19 06:58,4048269311,14680064,1048576,1,region5_312948042
2023-03-19 06:58,4048269311,15728640,1048576,1,region5_312948042
2023-03-19 06:58,4048224073,0,1048576,5,region5_312948039
2023-03-19 06:58,4048224073,1048576,1048576,5,region5_312948039
2023-03-19 06:58,4048269311,16777216,1048576,1,region5_312948042
2023-03-19 06:58,4047777730,0,1700621,2,region5_312948051
2023-03-19 06:58,4048269311,17825792,1048576,1,region5_312948042
2023-03-19 06:59,4047827577,0,61317,2,region5_312948047
2023-03-19 06:59,4047827577,0,61317,2,region5_312948047
2023-03-19 06:59,4047997269,0,4947729,2,region5_312948041
2023-03-19 06:59,4048224073,2097152,1048576,5,region5_312948039
2023-03-19 06:59,4048269311,18874368,1048576,1,region5_312948042
2023-03-19 06:59,4048418262,1027953,7360655,2,region5_312948041
2023-03-19 06:59,4048418262,0,8388608,2,region5_312948041
2023-03-19 06:59,4047775743,6730528,7040,2,region5_312948043
2023-03-19 06:59,4047827577,0,61317,2,region5_312948047
2023-03-19 06:59,4047937683,0,5580160,2,region5_312948049
2023-03-19 06:59,4048084866,0,8388231,3,region5_312948047
2023-03-19 06:59,4048224073,3145728,1048576,5,region5_312948039
2023-03-19 06:59,4048300199,1354292,7066,2,region5_312948047
2023-03-19 06:59,4048269311,19922944,1048576,1,region5_312948042
2023-03-19 06:59,4047937683,5580208,2901360,2,region5_312948049
2023-03-19 06:59,4047937683,5580160,2901408,2,region5_312948049
2023-03-19 06:59,4048075264,0,3282726,2,region5_312948051
2023-03-19 06:59,4048158227,0,2390966,1,region5_312948042
2023-03-19 06:59,4048224073,4194304,1048576,5,region5_312948039
2023-03-19 06:59,4047970586,1463356,49016,2,region5_312948041
2023-03-19 06:59,4047970586,6806962,11065,2,region5_312948041
2023-03-19 06:59,4048224073,5242880,1048576,5,region5_312948039
2023-03-19 06:59,4048269311,20971520,1048576,1,region5_312948042
2023-03-19 06:59,4048224073,6291456,1048576,5,region5_312948039
2023-03-19 06:59,4048269311,22020096,1048576,1,region5_312948042
2023-03-19 06:59,4048187105,0,1048576,5,region5_312948039
2023-03-19 06:59,4048187105,1048576,1048576,5,region5_312948039
2023-03-19 06:59,4048224073,7340032,1048576,5,region5_312948039
2023-03-19 06:59,4048269311,23068672,1048576,1,region5_312948042
2023-03-19 06:59,4048303091,0,5514209,4,region5_312948048
2023-03-19 06:59,4048075264,3282726,5105882,2,region5_312948051
2023-03-19 06:59,4048379839,0,1048576,5,region5_312948039
2023-03-19 06:59,4048448650,693968,7787600,2,region5_312948043
2023-03-19 06:59,4048448650,693920,7787648,2,region5_312948043
2023-03-19 06:59,4048187105,2097152,1048576,5,region5_312948039
2023-03-19 06:59,4048269311,24117248,1048576,1,region5_312948042
2023-03-19 06:59,4048324290,8456157,512000,2,region5_312948043
2023-03-19 06:59,4048283015,0,816345,2,region5_312948051
2023-03-19 06:59,4048187105,3145728,1048576,5,region5_312948039
2023-03-19 06:59,4048379839,1048576,1048576,5,region5_312948039
2023-03-19 06:59,4047946023,0,8289474,3,region5_312948042
2023-03-19 06:59,4048372714,673177,1205447,2,region5_312948041
2023-03-19 06:59,4048379839,2097152,1048576,5,region5_312948039
2023-03-19 06:59,4048187105,4194304,1048576,5,region5_312948039
2023-03-19 06:59,4048372714,3080003,1480377,2,region5_312948041
2023-03-19 06:59,4048379839,4194304,1048576,5,region5_312948039
2023-03-19 06:59,4048379839,3145728,1048576,5,region5_312948039
2023-03-19 06:59,4048187105,5242880,1048576,5,region5_312948039
2023-03-19 06:59,4048525181,0,6447540,2,region5_312948046
2023-03-19 06:59,4048542675,0,5793896,3,region5_312948042
2023-03-19 06:59,4047826518,0,5419931,4,region5_312948054
2023-03-19 06:59,4048339801,4934433,2620571,2,region5_312948041
2023-03-19 06:59,4048339801,6506428,1048576,2,region5_312948041
2023-03-19 06:59,4048701236,5386240,2138112,2,region5_312948050
2023-03-19 06:59,4048187105,6291456,1048576,5,region5_312948039
2023-03-19 06:59,4048339801,0,4744125,2,region5_312948041
2023-03-19 06:59,4048631681,0,8388608,2,region5_312948044
2023-03-19 06:59,4048688628,0,7827472,3,region5_312948042
2023-03-19 06:59,4048701236,7524352,864256,2,region5_312948050
2023-03-19 06:59,4048062860,7262288,501925,2,region5_312948046
2023-03-19 06:59,4048062860,0,13692,2,region5_312948046
2023-03-19 06:59,4048187105,7340032,1048576,5,region5_312948039
2023-03-19 06:59,4048379839,5242880,1048576,5,region5_312948039
2023-03-19 06:59,4047906538,5118467,3270141,2,region5_312948041
2023-03-19 06:59,4048187105,8388608,92960,5,region5_312948039
2023-03-19 06:59,4048227536,0,70400,2,region5_312948043
2023-03-19 06:59,4048021358,0,2266,2,region5_312948043
2023-03-19 06:59,4048538053,4152625,150443,2,region5_312948045
2023-03-19 06:59,4048227536,0,70400,2,region5_312948043
2023-03-19 06:59,4048341154,0,176,2,region5_312948043
2023-03-19 06:59,4048638501,6556094,1048576,1,region5_312948042
2023-03-19 06:59,4048706430,0,1048576,5,region5_312948039
2023-03-19 06:59,4048379839,6291456,1048576,5,region5_312948039
2023-03-19 06:59,4047970586,8036769,351839,2,region5_312948041
2023-03-19 06:59,4048227536,0,70400,2,region5_312948043
2023-03-19 06:59,4048379839,7340032,1048576,5,region5_312948039
2023-03-19 06:59,4048706430,1048576,1048576,5,region5_312948039
2023-03-19 06:59,4047933131,4052244,957058,2,region5_312948047
2023-03-19 06:59,4048589823,8881855,3206608,2,region5_312948047
2023-03-19 06:59,4048589823,8881855,3206608,2,region5_312948047
2023-03-19 06:59,4048589823,8881855,3206608,2,region5_312948047
2023-03-19 06:59,4048706430,2097152,1048576,5,region5_312948039
2023-03-19 06:59,4048208000,0,8388608,2,region5_312948044
2023-03-19 06:59,4048706430,3145728,1048576,5,region5_312948039
2023-03-19 06:59,4047818521,4194304,4143737,1,region5_312948042
2023-03-19 06:59,4047818521,0,4194304,1,region5_312948042
2023-03-19 06:59,4047759582,0,4055019,2,region5_312948046
2023-03-19 06:59,4048531573,0,1031473,4,region5_312948056
2023-03-19 06:59,4048706430,4194304,1048576,5,region5_312948039
2023-03-19 06:59,4048817050,0,948648,1,region5_312948042
2023-03-19 06:59,4047906538,5119771,3268837,2,region5_312948041
2023-03-19 06:59,4048627405,1268422,7120186,2,region5_312948041
2023-03-19 06:59,4047845236,2859328,3187444,2,region5_312948041
2023-03-19 06:59,4048706430,5242880,1048576,5,region5_312948039
2023-03-19 06:59,4047761102,0,11048704,6,region5_312948057
2023-03-19 06:59,4047977277,0,8388570,3,region5_312948047
2023-03-19 06:59,4048027419,0,8388608,5,region5_312948039
2023-03-19 06:59,4047899672,1098399,7290209,2,region5_312948041
2023-03-19 06:59,4048404765,7335042,1053566,2,region5_312948041
2023-03-19 06:59,4048404765,1394436,1514250,2,region5_312948041
2023-03-19 06:59,4048706430,6291456,1048576,5,region5_312948039
2023-03-19 06:59,4048706430,7340032,1048576,5,region5_312948039
2023-03-19 06:59,4048840234,0,7447604,5,region5_312948057
2023-03-19 06:59,4047852129,0,2318790,2,region5_312948041
2023-03-19 06:59,4047852129,4087098,3603106,2,region5_312948041
2023-03-19 06:59,4048706430,8388608,32086,5,region5_312948039
2023-03-19 06:59,4048382343,0,51341,6,region5_312948057
2023-03-19 06:59,4047750465,2730336,86976,2,region5_312948043
2023-03-19 06:59,4048496084,9865600,61184,2,region5_312948043
2023-03-19 06:59,4048690805,0,3308260,2,region5_312948047
2023-03-19 06:59,4048971686,0,1229,2,region5_312948043
2023-03-19 06:59,4047887104,1674724,6102269,2,region5_312948047
2023-03-19 06:59,4048087217,0,8091025,3,region5_312948042
2023-03-19 06:59,4048536896,0,1460,2,region5_312948043
2023-03-19 06:59,4047887104,1674724,6102269,2,region5_312948047
2023-03-19 06:59,4047995059,0,8478704,2,region5_312948049
2023-03-19 06:59,4047995059,8416368,65200,2,region5_312948049
2023-03-19 06:59,4047933131,3900140,138650,2,region5_312948047
2023-03-19 06:59,4048999466,0,1434160,2,region5_312948049
2023-03-19 06:59,4048082649,2224128,2117632,2,region5_312948053
2023-03-19 06:59,4048082649,102400,2121728,2,region5_312948053
2023-03-19 06:59,4048082649,0,102400,2,region5_312948053
2023-03-19 06:59,4048527315,0,4947812,5,region5_312948039
2023-03-19 06:59,4048653173,0,1048576,5,region5_312948039
2023-03-19 06:59,4048848218,0,8388608,2,region5_312948041
2023-03-19 06:59,4048900564,0,176,2,region5_312948049
2023-03-19 06:59,4048964608,0,176,2,region5_312948043
2023-03-19 06:59,4048999466,854832,7626736,2,region5_312948049
2023-03-19 06:59,4048082649,4341760,2105344,2,region5_312948053
2023-03-19 06:59,4048082649,6447104,1941504,2,region5_312948053
2023-03-19 06:59,4048589823,8881855,3206608,2,region5_312948047
2023-03-19 06:59,4048735419,7252523,1136085,2,region5_312948046
2023-03-19 06:59,4048900564,0,176,2,region5_312948049
2023-03-19 06:59,4047809551,1783911,136160,2,region5_312948041
2023-03-19 06:59,4048653173,1048576,1048576,5,region5_312948039
2023-03-19 06:59,4047933131,0,3900140,2,region5_312948047
2023-03-19 06:59,4047751817,2747744,48,2,region5_312948043
2023-03-19 06:59,4047880687,0,8481568,5,region5_312948039
2023-03-19 06:59,4048653173,2097152,1048576,5,region5_312948039
2023-03-19 06:59,4047893729,0,1447417,2,region5_312948046
2023-03-19 06:59,4048887657,0,8388608,2,region5_312948044
2023-03-19 06:59,4048972853,1023367,7365241,2,region5_312948041
2023-03-19 06:59,4048653173,3145728,1048576,5,region5_312948039
2023-03-19 06:59,4047722913,2818048,2113536,2,region5_312948053
2023-03-19 06:59,4047722913,700416,2117632,2,region5_312948053
2023-03-19 06:59,4047722913,0,700416,2,region5_312948053
2023-03-19 06:59,4048163987,0,848607,2,region5_312948047
2023-03-19 06:59,4047722913,4931584,2109440,2,region5_312948053
2023-03-19 06:59,4047722913,7041024,1347584,2,region5_312948053
2023-03-19 06:59,4047925678,0,8388608,2,region5_312948041
2023-03-19 06:59,4048011097,0,8415045,5,region5_312948039
2023-03-19 06:59,4048507143,183392,48,2,region5_312948043
2023-03-19 06:59,4048767237,0,810817,2,region5_312948046
2023-03-19 06:59,4048767237,2189818,5659700,2,region5_312948046
2023-03-19 06:59,4049007968,0,4542619,2,region5_312948046
2023-03-19 06:59,4048653173,4194304,1048576,5,region5_312948039
2023-03-19 06:59,4048632763,0,8388608,5,region5_312948039
2023-03-19 06:59,4048644060,0,1048576,5,region5_312948039
2023-03-19 06:59,4048653173,5242880,1048576,5,region5_312948039
2023-03-19 06:59,4048978608,0,7182027,1,region5_312948042
2023-03-19 06:59,4049131447,0,5055069,4,region5_312948040
2023-03-19 06:59,4047866691,1964301,1048576,2,region5_312948045
2023-03-19 06:59,4048653173,6291456,1048576,5,region5_312948039
2023-03-19 06:59,4049049043,0,7157872,2,region5_312948049
2023-03-19 06:59,4049049043,5154416,3327152,2,region5_312948049
2023-03-19 06:59,4048382512,0,176,2,region5_312948043
2023-03-19 06:59,4048645301,6255538,2133070,2,region5_312948047
2023-03-19 06:59,4048653173,7340032,1048576,5,region5_312948039
2023-03-19 06:59,4048809776,0,6447829,5,region5_312948039
2023-03-19 06:59,4048883958,0,8388608,4,region5_312948054
2023-03-19 06:59,4049026748,0,8481568,5,region5_312948039
2023-03-19 06:59,4049155901,0,1048576,5,region5_312948039
2023-03-19 06:59,4048644060,1048576,1048576,5,region5_312948039
2023-03-19 06:59,4048944396,6796670,1591938,2,region5_312948041
2023-03-19 06:59,4048944396,983881,1314442,2,region5_312948041
2023-03-19 06:59,4048088025,0,8388608,2,region5_312948044
2023-03-19 06:59,4048599458,0,7330110,2,region5_312948041
2023-03-19 06:59,4049155901,1048576,1048576,5,region5_312948039
2023-03-19 06:59,4048644060,2097152,1023192,5,region5_312948039
2023-03-19 06:59,4049155901,2097152,1048576,5,region5_312948039
2023-03-19 06:59,4049194214,0,1048576,5,region5_312948039
2023-03-19 06:59,4049253059,6055535,1569724,1,region5_312948042
2023-03-19 06:59,4047970578,0,697120,2,region5_312948041
2023-03-19 06:59,4048607820,0,8388608,2,region5_312948041
2023-03-19 06:59,4049155901,3145728,1048576,5,region5_312948039
2023-03-19 06:59,4048425040,361783,920897,2,region5_312948047
2023-03-19 06:59,4047970578,6708701,676174,2,region5_312948041
2023-03-19 06:59,4047970578,1071514,707059,2,region5_312948041
2023-03-19 06:59,4047970578,3059566,504886,2,region5_312948041
2023-03-19 06:59,4048569939,1455565,224695,2,region5_312948045
2023-03-19 06:59,4049155901,4194304,1048576,5,region5_312948039
2023-03-19 06:59,4049194214,1048576,1048576,5,region5_312948039
2023-03-19 06:59,4049194214,2097152,1048576,5,region5_312948039
2023-03-19 07:00,4048227536,0,70400,2,region5_312948043
2023-03-19 07:00,4048258897,229271,4209,2,region5_312948053
2023-03-19 07:00,4048258897,69527,163840,2,region5_312948053
2023-03-19 07:00,4048887591,0,820,5,region5_312948039
2023-03-19 07:00,4049155901,5242880,1048576,5,region5_312948039
2023-03-19 07:00,4049194214,3145728,1048576,5,region5_312948039
2023-03-19 07:00,4049288586,1528,8387080,2,region5_312948046
2023-03-19 07:00,4049288586,0,8388608,2,region5_312948046
2023-03-19 07:00,4047821155,4767950,3620658,2,region5_312948041
2023-03-19 07:00,4047821155,0,8388608,2,region5_312948041
2023-03-19 07:00,4047821155,0,6314721,2,region5_312948041
2023-03-19 07:00,4048239207,0,8388608,2,region5_312948041
2023-03-19 07:00,4048270412,7210624,1177984,2,region5_312948046
2023-03-19 07:00,4048425354,0,7276805,3,region5_312948042
2023-03-19 07:00,4049155901,6291456,1048576,5,region5_312948039
2023-03-19 07:00,4049194214,4194304,1048576,5,region5_312948039
2023-03-19 07:00,4048560492,0,8388608,5,region5_312948039
2023-03-19 07:00,4049155901,7340032,1048576,5,region5_312948039
2023-03-19 07:00,4049194214,5242880,1048576,5,region5_312948039
2023-03-19 07:00,4049253059,7625259,581977,1,region5_312948042
2023-03-19 07:00,4048061201,5935331,1565038,1,region5_312948042
2023-03-19 07:00,4048154950,4047351,1341,2,region5_312948041
2023-03-19 07:00,4048649742,1765451,2104401,2,region5_312948047
2023-03-19 07:00,4048649742,1765451,2104401,2,region5_312948047
2023-03-19 07:00,4048955015,0,446131,3,region5_312948042
2023-03-19 07:00,4049155901,8388608,92960,5,region5_312948039
2023-03-19 07:00,4049194214,6291456,1048576,5,region5_312948039
2023-03-19 07:00,4047860312,1922205,44352,2,region5_312948043
2023-03-19 07:00,4048572139,0,1048576,5,region5_312948039
2023-03-19 07:00,4048649742,1765451,2104401,2,region5_312948047
2023-03-19 07:00,4049194214,7340032,1048576,5,region5_312948039
2023-03-19 07:00,4048009685,1650073,3827703,2,region5_312948041
2023-03-19 07:00,4048184616,4746196,236480,2,region5_312948043
2023-03-19 07:00,4048572139,1048576,1048576,5,region5_312948039
2023-03-19 07:00,4048580248,3920384,48,2,region5_312948043
2023-03-19 07:00,4048861873,0,3436,2,region5_312948043
2023-03-19 07:00,4049194214,8388608,1048576,5,region5_312948039
2023-03-19 07:00,4047751817,7683680,48,2,region5_312948043
2023-03-19 07:00,4049285545,2464888,87534,2,region5_312948041
2023-03-19 07:00,4048572139,2097152,1048576,5,region5_312948039
2023-03-19 07:00,4048706182,0,2779726,4,region5_312948056
2023-03-19 07:00,4049194214,9437184,1048576,5,region5_312948039
2023-03-19 07:00,4049194214,10485760,1048576,5,region5_312948039
2023-03-19 07:00,4047973871,6378575,91264,2,region5_312948043
2023-03-19 07:00,4048071082,0,1043992,2,region5_312948047
2023-03-19 07:00,4048073571,0,8388608,4,region5_312948054
2023-03-19 07:00,4049194214,11534336,1048576,5,region5_312948039
2023-03-19 07:00,4048981975,4224431,92036,2,region5_312948047
2023-03-19 07:00,4048830527,0,7734004,2,region5_312948046
2023-03-19 07:00,4049194214,12582912,567815,5,region5_312948039
2023-03-19 07:00,4048614681,0,2748708,2,region5_312948041
2023-03-19 07:00,4048572139,3145728,1048576,5,region5_312948039
2023-03-19 07:00,4048975203,0,1308318,2,region5_312948046
2023-03-19 07:00,4047732596,7384307,1048576,2,region5_312948047
2023-03-19 07:00,4048058428,0,7231494,2,region5_312948046
2023-03-19 07:00,4048333848,986919,1048576,2,region5_312948046
2023-03-19 07:00,4048333848,0,2035495,2,region5_312948046
2023-03-19 07:00,4048372731,0,8388608,2,region5_312948041
2023-03-19 07:00,4048572139,4194304,1048576,5,region5_312948039
2023-03-19 07:00,4048872136,0,8388608,2,region5_312948041
2023-03-19 07:00,4048164814,0,2080,2,region5_312948043
2023-03-19 07:00,4048425040,7483114,210738,2,region5_312948047
2023-03-19 07:00,4048425040,22861,2937417,2,region5_312948047
2023-03-19 07:00,4048038806,38092,8350516,2,region5_312948041
2023-03-19 07:00,4048300199,1354292,7066,2,region5_312948047
2023-03-19 07:00,4048572139,5242880,1048576,5,region5_312948039
2023-03-19 07:00,4049327585,0,987136,2,region5_312948050
2023-03-19 07:00,4048752283,7025264,1456304,2,region5_312948043
2023-03-19 07:00,4048752283,0,7772720,2,region5_312948043
2023-03-19 07:00,4049319559,2068961,2764504,2,region5_312948041
2023-03-19 07:00,4049319559,3784889,1048576,2,region5_312948041
2023-03-19 07:00,4049327585,987136,2101248,2,region5_312948050
2023-03-19 07:00,4048330998,0,1048576,5,region5_312948039
2023-03-19 07:00,4048714995,2794840,5593768,2,region5_312948041
2023-03-19 07:00,4048714995,0,910530,2,region5_312948041
2023-03-19 07:00,4048840852,0,24941060,3,region5_312948051
2023-03-19 07:00,4048425133,0,17805,4,region5_312948054
2023-03-19 07:00,4048572139,6291456,1048576,5,region5_312948039
2023-03-19 07:00,4048832090,0,5553142,2,region5_312948044
2023-03-19 07:00,4048900631,0,3843,2,region5_312948054
2023-03-19 07:00,4049026411,0,2249081,3,region5_312948042
2023-03-19 07:00,4047732596,7384307,1048576,2,region5_312948047
2023-03-19 07:00,4048192847,0,176,2,region5_312948043
2023-03-19 07:00,4048263107,5792781,2595827,2,region5_312948048
2023-03-19 07:00,4048263107,0,5792781,2,region5_312948048
2023-03-19 07:00,4048572139,7340032,1048576,5,region5_312948039
2023-03-19 07:00,4049327585,3813376,2101248,2,region5_312948050
2023-03-19 07:00,4049327585,1662976,2150400,2,region5_312948050
2023-03-19 07:00,4048046819,0,477224,4,region5_312948047
2023-03-19 07:00,4048330998,1048576,1048576,5,region5_312948039
2023-03-19 07:00,4049021123,0,825888,2,region5_312948041
2023-03-19 07:00,4048425040,361783,920897,2,region5_312948047
2023-03-19 07:00,4049327585,5914624,2101248,2,region5_312948050
2023-03-19 07:00,4049384142,2239008,48,2,region5_312948043
2023-03-19 07:00,4048161554,0,1048576,5,region5_312948039
2023-03-19 07:00,4048308292,0,1048576,5,region5_312948039
2023-03-19 07:00,4048572139,8388608,92960,5,region5_312948039
2023-03-19 07:00,4048883944,0,8388608,5,region5_312948039
2023-03-19 07:00,4049327585,8015872,372736,2,region5_312948050
2023-03-19 07:00,4049365280,382929,1762,2,region5_312948041
2023-03-19 07:00,4049096217,0,1048576,5,region5_312948039
2023-03-19 07:00,4048008533,0,19796,2,region5_312948043
2023-03-19 07:00,4048161554,1048576,338308,5,region5_312948039
2023-03-19 07:00,4048330998,2097152,1048576,5,region5_312948039
2023-03-19 07:00,4048335013,0,1566131,2,region5_312948046
2023-03-19 07:00,4048335013,3357802,2622484,2,region5_312948046
2023-03-19 07:00,4048978608,7182027,816644,1,region5_312948042
2023-03-19 07:00,4049096217,1048576,1048576,5,region5_312948039
2023-03-19 07:00,4048100080,0,8481568,5,region5_312948039
2023-03-19 07:00,4048308292,1048576,1048576,5,region5_312948039
2023-03-19 07:00,4048330998,3145728,1048576,5,region5_312948039
2023-03-19 07:00,4048330998,4194304,1048576,5,region5_312948039
2023-03-19 07:00,4048673969,0,8388608,2,region5_312948041
2023-03-19 07:00,4048697095,1372825,7068,2,region5_312948047
2023-03-19 07:00,4049096217,2097152,831065,5,region5_312948039
2023-03-19 07:00,4048141600,0,1580960,1,region5_312948042
2023-03-19 07:00,4048654284,2511836,3636657,2,region5_312948041
2023-03-19 07:00,4048308292,2097152,1048576,5,region5_312948039
2023-03-19 07:00,4048473126,0,1831,2,region5_312948043
2023-03-19 07:00,4049035988,5373286,21454,2,region5_312948043
2023-03-19 07:00,4049035988,3471408,1049312,2,region5_312948043
2023-03-19 07:00,4049035988,4520720,874020,2,region5_312948043
2023-03-19 07:00,4049506469,0,1978605,2,region5_312948041
2023-03-19 07:00,4049506469,6151099,2237509,2,region5_312948041
2023-03-19 07:00,4048330998,5242880,1048576,5,region5_312948039
2023-03-19 07:00,4048638424,0,8387248,5,region5_312948039
2023-03-19 07:00,4049214742,0,8388608,5,region5_312948039
2023-03-19 07:00,4048308292,3145728,1048576,5,region5_312948039
2023-03-19 07:00,4048308292,4194304,1048576,5,region5_312948039
2023-03-19 07:00,4048565520,217262,233074,2,region5_312948046
2023-03-19 07:00,4048308292,5242880,1048576,5,region5_312948039
2023-03-19 07:00,4048531705,5571126,938651,2,region5_312948041
2023-03-19 07:00,4048492539,7930191,458417,2,region5_312948041
2023-03-19 07:00,4048492539,1042219,1821741,2,region5_312948041
2023-03-19 07:00,4049402716,0,8388608,5,region5_312948039
2023-03-19 07:00,4048330998,6291456,1048576,5,region5_312948039
2023-03-19 07:00,4048814178,0,8749300,6,region5_312948057
2023-03-19 07:00,4048992284,1174373,239821,2,region5_312948041
2023-03-19 07:00,4049465647,0,19175,2,region5_312948043
2023-03-19 07:00,4048630550,5720520,887719,2,region5_312948046
2023-03-19 07:00,4048634997,7489536,234304,2,region5_312948043
2023-03-19 07:00,4048708775,0,1048576,5,region5_312948039
2023-03-19 07:00,4048855108,7901526,487082,2,region5_312948041
2023-03-19 07:00,4049243890,10827557,1013061,2,region5_312948047
2023-03-19 07:00,4049261104,0,15651,5,region5_312948039
2023-03-19 07:00,4048308292,6291456,1048576,5,region5_312948039
2023-03-19 07:00,4048330998,7340032,1048576,5,region5_312948039
2023-03-19 07:00,4048673154,0,1822468,2,region5_312948047
2023-03-19 07:00,4048673154,999099,1048576,2,region5_312948047
2023-03-19 07:00,4048673154,999099,1048576,2,region5_312948047
2023-03-19 07:00,4049243890,10827557,1013061,2,region5_312948047
2023-03-19 07:00,4049381199,0,4280992,2,region5_312948043
2023-03-19 07:00,4048308292,7340032,1048576,5,region5_312948039
2023-03-19 07:00,4048330998,8388608,92960,5,region5_312948039
2023-03-19 07:00,4048630511,0,3793598,2,region5_312948041
2023-03-19 07:00,4049381199,3997968,4483600,2,region5_312948043
2023-03-19 07:00,4048630511,6459235,1929373,2,region5_312948041
2023-03-19 07:00,4049217869,4035259,301962,2,region5_312948047
2023-03-19 07:00,4049217869,10353942,587445,2,region5_312948047
2023-03-19 07:00,4049217869,31744,2376785,2,region5_312948047
2023-03-19 07:00,4049217869,31744,2376785,2,region5_312948047
2023-03-19 07:00,4049217869,4035259,301962,2,region5_312948047
2023-03-19 07:00,4048388254,0,8031101,5,region5_312948039
2023-03-19 07:00,4049217869,31744,2376785,2,region5_312948047
2023-03-19 07:00,4049217869,4035259,301962,2,region5_312948047
2023-03-19 07:00,4049217869,31744,2376785,2,region5_312948047
2023-03-19 07:00,4049059995,3207552,90112,2,region5_312948043
2023-03-19 07:00,4049494176,0,1048576,5,region5_312948039
2023-03-19 07:00,4048388327,0,128,2,region5_312948043
2023-03-19 07:00,4048690805,0,3308260,2,region5_312948047
2023-03-19 07:00,4049494176,1048576,1048576,5,region5_312948039
2023-03-19 07:00,4048408053,8060150,23224,2,region5_312948041
2023-03-19 07:00,4048408053,2552916,3904869,2,region5_312948041
2023-03-19 07:00,4048779396,0,8481568,2,region5_312948049
2023-03-19 07:00,4049494176,2097152,1048576,5,region5_312948039
2023-03-19 07:00,4048440822,0,8387431,3,region5_312948047
2023-03-19 07:00,4048644268,4775642,1777577,2,region5_312948046
2023-03-19 07:00,4048644268,8333332,55276,2,region5_312948046
2023-03-19 07:00,4048644268,0,3036547,2,region5_312948046
2023-03-19 07:00,4048844954,1489991,1232036,2,region5_312948041
2023-03-19 07:00,4048362110,2819705,90666,2,region5_312948041
2023-03-19 07:00,4048638501,7604670,127331,1,region5_312948042
2023-03-19 07:00,4048844954,3876326,1226882,2,region5_312948041
2023-03-19 07:00,4048947856,0,14002880,6,region5_312948057
2023-03-19 07:00,4049494176,3145728,1048576,5,region5_312948039
2023-03-19 07:00,4047761890,0,1483744,2,region5_312948047
2023-03-19 07:00,4049259085,0,8388608,2,region5_312948046
2023-03-19 07:00,4047974133,764225,5628140,2,region5_312948041
2023-03-19 07:00,4049353078,510512,131164,2,region5_312948043
2023-03-19 07:00,4049494176,4194304,1048576,5,region5_312948039
2023-03-19 07:00,4049530113,0,14672502,4,region5_312948048
2023-03-19 07:00,4047918822,6365492,2023116,2,region5_312948041
2023-03-19 07:00,4048582453,0,8357054,3,region5_312948042
2023-03-19 07:00,4049124906,0,8388608,5,region5_312948039
2023-03-19 07:00,4049483170,3834122,1048576,2,region5_312948041
2023-03-19 07:00,4049483170,3240255,1642443,2,region5_312948041
2023-03-19 07:00,4047932624,0,24752084,3,region5_312948051
2023-03-19 07:00,4048445711,900256,7488352,2,region5_312948046
2023-03-19 07:00,4048887657,0,8388608,2,region5_312948044
2023-03-19 07:00,4049386204,0,1048972,2,region5_312948047
2023-03-19 07:00,4049483170,0,973260,2,region5_312948041
2023-03-19 07:00,4049494176,5242880,1048576,5,region5_312948039
2023-03-19 07:00,4048467828,0,3162,2,region5_312948043
2023-03-19 07:00,4048708775,0,1048576,5,region5_312948039
2023-03-19 07:00,4048708775,1048576,1048576,5,region5_312948039
2023-03-19 07:00,4049494176,6291456,1048576,5,region5_312948039
2023-03-19 07:00,4049494176,7340032,1048576,5,region5_312948039
2023-03-19 07:00,4048062860,0,2357038,2,region5_312948046
2023-03-19 07:00,4048062860,7262288,1126320,2,region5_312948046
2023-03-19 07:00,4049666300,839208,345111,2,region5_312948041
2023-03-19 07:00,4049771954,7580248,808360,2,region5_312948041
2023-03-19 07:00,4049261147,0,10326,3,region5_312948042
2023-03-19 07:00,4049268912,0,1048576,5,region5_312948039
2023-03-19 07:00,4049335853,5583986,2804622,2,region5_312948041
2023-03-19 07:00,4049335853,623932,859340,2,region5_312948041
2023-03-19 07:00,4047906538,5118467,3270141,2,region5_312948041
2023-03-19 07:00,4049268912,1048576,1048576,5,region5_312948039
2023-03-19 07:00,4049477656,0,6735736,3,region5_312948042
2023-03-19 07:00,4048898292,0,12388,2,region5_312948043
2023-03-19 07:00,4049092962,0,628183,2,region5_312948041
2023-03-19 07:01,4048690805,0,3308260,2,region5_312948047
2023-03-19 07:01,4049030415,228981,776186,2,region5_312948041
2023-03-19 07:01,4048898292,12388,423120,2,region5_312948043
2023-03-19 07:01,4049268912,2097152,1048576,5,region5_312948039
2023-03-19 07:01,4048803665,0,76103,2,region5_312948043
2023-03-19 07:01,4049595937,0,7473304,2,region5_312948046
2023-03-19 07:01,4049268912,3145728,1048576,5,region5_312948039
2023-03-19 07:01,4049491852,0,8388608,2,region5_312948041
2023-03-19 07:01,4049521914,0,8388608,5,region5_312948039
2023-03-19 07:01,4048634001,10453598,1048576,2,region5_312948047
2023-03-19 07:01,4048634001,10453598,1048576,2,region5_312948047
2023-03-19 07:01,4048634001,10453598,1048576,2,region5_312948047
2023-03-19 07:01,4048634001,10453598,1048576,2,region5_312948047
2023-03-19 07:01,4049268912,4194304,1048576,5,region5_312948039
2023-03-19 07:01,4048863092,2593632,3985757,2,region5_312948041
2023-03-19 07:01,4048863092,7911763,24266,2,region5_312948041
2023-03-19 07:01,4049255106,0,2146304,2,region5_312948050
2023-03-19 07:01,4049255106,2146304,2117632,2,region5_312948050
2023-03-19 07:01,4049255106,6393856,1994752,2,region5_312948050
2023-03-19 07:01,4049255106,4263936,2129920,2,region5_312948050
2023-03-19 07:01,4049268912,5242880,1048576,5,region5_312948039
2023-03-19 07:01,4049493052,0,8368394,3,region5_312948042
2023-03-19 07:01,4049756603,1100823,1305889,2,region5_312948048
2023-03-19 07:01,4049866427,4615162,160449,2,region5_312948041
2023-03-19 07:01,4049509654,0,176,2,region5_312948043
2023-03-19 07:01,4049844988,0,3867134,4,region5_312948044
2023-03-19 07:01,4049234022,0,8388608,2,region5_312948041
2023-03-19 07:01,4049509654,8192,320,2,region5_312948043
2023-03-19 07:01,4049268912,6291456,1048576,5,region5_312948039
2023-03-19 07:01,4048400797,8192,25517,2,region5_312948043
2023-03-19 07:01,4048400797,0,176,2,region5_312948043
2023-03-19 07:01,4048995821,0,45,3,region5_312948042
2023-03-19 07:01,4048702299,0,8481568,2,region5_312948049
2023-03-19 07:01,4049268912,7340032,1048576,5,region5_312948039
2023-03-19 07:01,4049361295,0,1048576,5,region5_312948039
2023-03-19 07:01,4049606900,0,176,2,region5_312948043
2023-03-19 07:01,4048339801,0,4742345,2,region5_312948041
2023-03-19 07:01,4048339801,4934433,2620571,2,region5_312948041
2023-03-19 07:01,4048339801,6506428,1048576,2,region5_312948041
2023-03-19 07:01,4048537217,0,8388608,2,region5_312948046
2023-03-19 07:01,4048716322,230827,183037,2,region5_312948041
2023-03-19 07:01,4048716322,4821283,3567325,2,region5_312948041
2023-03-19 07:01,4048698033,8309427,79181,2,region5_312948041
2023-03-19 07:01,4048698033,2569844,2099279,2,region5_312948041
2023-03-19 07:01,4048698033,6276385,215005,2,region5_312948041
2023-03-19 07:01,4048808385,0,181779,2,region5_312948047
2023-03-19 07:01,4049291696,0,163200,2,region5_312948043
2023-03-19 07:01,4049361295,1048576,1048576,5,region5_312948039
2023-03-19 07:01,4049319559,0,1596447,2,region5_312948041
2023-03-19 07:01,4049380296,0,8093696,2,region5_312948054
2023-03-19 07:01,4049575139,0,1731900,2,region5_312948051
2023-03-19 07:01,4048141600,1580960,6412408,1,region5_312948042
2023-03-19 07:01,4049361295,2097152,1048576,5,region5_312948039
2023-03-19 07:01,4049380296,8093696,294912,2,region5_312948054
2023-03-19 07:01,4049421479,0,8481568,5,region5_312948039
2023-03-19 07:01,4049558826,1021952,149312,2,region5_312948043
2023-03-19 07:01,4049610726,0,8388608,2,region5_312948041
2023-03-19 07:01,4048821293,0,1048576,5,region5_312948039
2023-03-19 07:01,4049361295,3145728,1048576,5,region5_312948039
2023-03-19 07:01,4048821293,1048576,1048576,5,region5_312948039
2023-03-19 07:01,4047691271,247840,92416,2,region5_312948043
2023-03-19 07:01,4047691271,0,247840,2,region5_312948043
2023-03-19 07:01,4049361295,4194304,1048576,5,region5_312948039
2023-03-19 07:01,4049880050,0,1048576,5,region5_312948039
2023-03-19 07:01,4048861120,0,2157877,2,region5_312948041
2023-03-19 07:01,4049361295,5242880,1048576,5,region5_312948039
2023-03-19 07:01,4049795574,263528,91392,2,region5_312948041
2023-03-19 07:01,4049993028,7858112,48,2,region5_312948043
2023-03-19 07:01,4049361295,6291456,1048576,5,region5_312948039
2023-03-19 07:01,4049880050,1048576,1048576,5,region5_312948039
2023-03-19 07:01,4048821293,2097152,1048576,5,region5_312948039
2023-03-19 07:01,4049361295,7340032,1048576,5,region5_312948039
2023-03-19 07:01,4048163987,0,848607,2,region5_312948047
2023-03-19 07:01,4048163987,0,848607,2,region5_312948047
2023-03-19 07:01,4048821293,3145728,1048576,5,region5_312948039
2023-03-19 07:01,4049880050,2097152,1048576,5,region5_312948039
2023-03-19 07:01,4050002869,0,502059,2,region5_312948048
2023-03-19 07:01,4050002869,502059,7886549,2,region5_312948048
2023-03-19 07:01,4048708775,1048576,1048576,5,region5_312948039
2023-03-19 07:01,4050070837,0,5992406,2,region5_312948046
2023-03-19 07:01,4049016181,0,8481568,5,region5_312948039
2023-03-19 07:01,4047921980,2869227,5519381,2,region5_312948046
2023-03-19 07:01,4049880050,3145728,1048576,5,region5_312948039
2023-03-19 07:01,4049940547,1036502,1250113,2,region5_312948041
2023-03-19 07:01,4049940547,7736446,3228,2,region5_312948041
2023-03-19 07:01,4048897050,0,8356912,3,region5_312948042
2023-03-19 07:01,4049955174,0,14200557,6,region5_312948057
2023-03-19 07:01,4048821293,4194304,1048576,5,region5_312948039
2023-03-19 07:01,4049104858,0,256,2,region5_312948043
2023-03-19 07:01,4049207707,0,1677448,2,region5_312948051
2023-03-19 07:01,4049338812,0,11469,2,region5_312948043
2023-03-19 07:01,4049190972,0,5187716,5,region5_312948039
2023-03-19 07:01,4049880050,4194304,1048576,5,region5_312948039
2023-03-19 07:01,4050093445,5894839,1452810,2,region5_312948041
2023-03-19 07:01,4049880050,5242880,1048576,5,region5_312948039
2023-03-19 07:01,4049938388,0,3222694,1,region5_312948042
2023-03-19 07:01,4048821293,5242880,1048576,5,region5_312948039
2023-03-19 07:01,4049551595,1054426,7334182,2,region5_312948047
2023-03-19 07:01,4050188426,0,994702,2,region5_312948041
2023-03-19 07:01,4049880050,6291456,1048576,5,region5_312948039
2023-03-19 07:01,4048821293,6291456,1048576,5,region5_312948039
2023-03-19 07:01,4049198163,0,8481568,5,region5_312948039
2023-03-19 07:01,4049614225,0,865142,2,region5_312948041
2023-03-19 07:01,4049880050,7340032,1048576,5,region5_312948039
2023-03-19 07:01,4049840639,0,8388608,5,region5_312948039
2023-03-19 07:01,4049938388,3222694,4756593,1,region5_312948042
2023-03-19 07:01,4048476382,2376011,1479742,2,region5_312948041
2023-03-19 07:01,4048821293,7340032,1048576,5,region5_312948039
2023-03-19 07:01,4049887598,0,128,2,region5_312948043
2023-03-19 07:01,4050027149,0,6357206,5,region5_312948039
2023-03-19 07:01,4050092578,0,794624,2,region5_312948052
2023-03-19 07:01,4049056221,0,799794,4,region5_312948040
2023-03-19 07:01,4048258897,0,233487,2,region5_312948053
2023-03-19 07:01,4049711737,0,8388608,5,region5_312948039
2023-03-19 07:01,4047837792,0,607514,2,region5_312948043
2023-03-19 07:01,4050092578,5042176,2142208,2,region5_312948052
2023-03-19 07:01,4050092578,7184384,1204224,2,region5_312948052
2023-03-19 07:01,4050092578,2928640,2113536,2,region5_312948052
2023-03-19 07:01,4050092578,794624,2134016,2,region5_312948052
2023-03-19 07:01,4050107176,0,2543886,4,region5_312948056
2023-03-19 07:01,4049319559,3784889,1048576,2,region5_312948041
2023-03-19 07:01,4049319559,2068961,2764504,2,region5_312948041
2023-03-19 07:01,4049319559,0,1596447,2,region5_312948041
2023-03-19 07:01,4049919542,2510978,896813,2,region5_312948041
2023-03-19 07:01,4050124539,0,4911896,2,region5_312948041
2023-03-19 07:01,4049348958,7248670,1262,2,region5_312948043
2023-03-19 07:01,4049312586,172242,4921,2,region5_312948041
2023-03-19 07:01,4049218893,8716300,3144642,2,region5_312948047
2023-03-19 07:01,4049286630,4725056,67968,2,region5_312948043
2023-03-19 07:01,4049327550,0,8481568,2,region5_312948049
2023-03-19 07:01,4048449303,0,975579,2,region5_312948047
2023-03-19 07:01,4049644982,4123760,393492,2,region5_312948043
2023-03-19 07:01,4049312586,1430901,1495203,2,region5_312948041
2023-03-19 07:01,4048455899,0,693223,2,region5_312948041
2023-03-19 07:01,4048455899,775893,1048576,2,region5_312948041
2023-03-19 07:01,4049315931,0,7147828,2,region5_312948041
2023-03-19 07:01,4049517975,0,36736,2,region5_312948043
2023-03-19 07:01,4050029089,0,1048576,5,region5_312948039
2023-03-19 07:01,4049543256,0,744223,2,region5_312948041
2023-03-19 07:01,4049777767,0,73031,3,region5_312948042
2023-03-19 07:01,4049818802,0,1344,2,region5_312948043
2023-03-19 07:01,4050312447,0,8402416,2,region5_312948041
2023-03-19 07:01,4049104858,0,256,2,region5_312948043
2023-03-19 07:01,4049154900,841690,2034000,2,region5_312948044
2023-03-19 07:01,4049154900,0,841690,2,region5_312948044
2023-03-19 07:01,4049205491,0,8388608,2,region5_312948041
2023-03-19 07:01,4049416153,3906454,3147936,2,region5_312948043
2023-03-19 07:01,4048589823,8881855,3206608,2,region5_312948047
2023-03-19 07:01,4048708775,1048576,1048576,5,region5_312948039
2023-03-19 07:01,4050046438,3500153,1634207,2,region5_312948041
2023-03-19 07:01,4050046438,4085784,1048576,2,region5_312948041
2023-03-19 07:01,4049146220,0,1932067,5,region5_312948039
2023-03-19 07:01,4049153600,710566,7678042,2,region5_312948041
2023-03-19 07:01,4049591899,0,24822,2,region5_312948043
2023-03-19 07:01,4050046438,0,1205135,2,region5_312948041
2023-03-19 07:01,4050077172,5462392,2926216,2,region5_312948041
2023-03-19 07:01,4050190352,4676666,1520,2,region5_312948053
2023-03-19 07:01,4050190352,4567050,110592,2,region5_312948053
2023-03-19 07:01,4050190352,4677642,1738,2,region5_312948053
2023-03-19 07:01,4050216009,0,176,2,region5_312948043
2023-03-19 07:01,4050029089,1048576,931261,5,region5_312948039
2023-03-19 07:01,4049625372,6440599,5959,2,region5_312948047
2023-03-19 07:01,4049946614,1209728,48,2,region5_312948043
2023-03-19 07:01,4050283865,0,8388608,2,region5_312948041
2023-03-19 07:01,4048334438,326902,1180665,2,region5_312948046
2023-03-19 07:01,4049397059,3737469,1436769,2,region5_312948041
2023-03-19 07:01,4049397059,0,220167,2,region5_312948041
2023-03-19 07:01,4049397059,7173568,1215040,2,region5_312948041
2023-03-19 07:01,4048634001,10453598,1048576,2,region5_312948047
2023-03-19 07:01,4048634001,10453598,1048576,2,region5_312948047
2023-03-19 07:01,4048634001,10453598,1048576,2,region5_312948047
2023-03-19 07:01,4048634001,10453598,1048576,2,region5_312948047
2023-03-19 07:01,4050288031,0,13236,1,region5_312948042
2023-03-19 07:01,4050313293,0,1897195,1,region5_312948042
2023-03-19 07:01,4049225285,249856,2113536,2,region5_312948053
2023-03-19 07:01,4049225285,0,249856,2,region5_312948053
2023-03-19 07:01,4049225285,6594560,1794048,2,region5_312948053
2023-03-19 07:01,4049225285,4476928,2117632,2,region5_312948053
2023-03-19 07:01,4049225285,2363392,2113536,2,region5_312948053
2023-03-19 07:01,4049376866,0,8388608,2,region5_312948041
2023-03-19 07:01,4049376866,1034576,7354032,2,region5_312948041
2023-03-19 07:01,4049506479,4090304,4298304,2,region5_312948041
2023-03-19 07:01,4049506479,1393654,707561,2,region5_312948041
2023-03-19 07:01,4050170030,0,4086203,1,region5_312948042
2023-03-19 07:01,4050410653,0,483328,2,region5_312948053
2023-03-19 07:01,4050410653,4710400,2105344,2,region5_312948053
2023-03-19 07:01,4050410653,2596864,2113536,2,region5_312948053
2023-03-19 07:01,4050410653,6815744,1572864,2,region5_312948053
2023-03-19 07:01,4050410653,483328,2113536,2,region5_312948053
2023-03-19 07:01,4050030047,0,1048576,5,region5_312948039
2023-03-19 07:01,4050272383,0,53248,2,region5_312948050
2023-03-19 07:01,4049761646,0,1048576,5,region5_312948039
2023-03-19 07:01,4049761646,1048576,1048576,5,region5_312948039
2023-03-19 07:01,4050272383,53248,2146304,2,region5_312948050
2023-03-19 07:01,4049761646,2097152,1048576,5,region5_312948039
2023-03-19 07:01,4050272383,4313088,2101248,2,region5_312948050
2023-03-19 07:01,4050272383,2199552,2113536,2,region5_312948050
2023-03-19 07:01,4048193844,0,291373,2,region5_312948047
2023-03-19 07:01,4048046819,0,477224,2,region5_312948044
2023-03-19 07:01,4049604660,0,3835235,5,region5_312948039
2023-03-19 07:01,4049717891,0,2142208,2,region5_312948050
2023-03-19 07:01,4047866691,1964301,1048576,2,region5_312948045
2023-03-19 07:01,4049953410,0,7215100,2,region5_312948041
2023-03-19 07:01,4050272383,6414336,1974272,2,region5_312948050
2023-03-19 07:01,4047723087,0,8388608,2,region5_312948046
2023-03-19 07:01,4049751478,0,820,2,region5_312948043
2023-03-19 07:01,4049761646,3145728,1048576,5,region5_312948039
2023-03-19 07:01,4049935741,0,4684218,2,region5_312948041
2023-03-19 07:01,4050349939,0,2097850,2,region5_312948047
2023-03-19 07:02,4049717891,2142208,2129920,2,region5_312948050
2023-03-19 07:02,4049935591,2142208,2109440,2,region5_312948050
2023-03-19 07:02,4049935591,0,2142208,2,region5_312948050
2023-03-19 07:02,4050030047,1048576,1048576,5,region5_312948039
2023-03-19 07:02,4050214981,0,8388608,2,region5_312948041
2023-03-19 07:02,4049717891,4272128,2142208,2,region5_312948050
2023-03-19 07:02,4049761646,4194304,1048576,5,region5_312948039
2023-03-19 07:02,4049901592,0,1092156,3,region5_312948042
2023-03-19 07:02,4049935591,6352896,2035712,2,region5_312948050
2023-03-19 07:02,4049935591,4251648,2101248,2,region5_312948050
2023-03-19 07:02,4050014769,0,7192273,1,region5_312948042
2023-03-19 07:02,4049761646,5242880,1048576,5,region5_312948039
2023-03-19 07:02,4050190352,0,1216522,2,region5_312948053
2023-03-19 07:02,4050288031,13236,8362136,1,region5_312948042
2023-03-19 07:02,4050419603,0,8388608,5,region5_312948039
2023-03-19 07:02,4049432455,1123259,889685,2,region5_312948045
2023-03-19 07:02,4049432455,2012944,65805,2,region5_312948045
2023-03-19 07:02,4050014032,0,4380773,1,region5_312948042
2023-03-19 07:02,4048708775,1048576,1048576,5,region5_312948039
2023-03-19 07:02,4050063224,1302528,2101248,2,region5_312948053
2023-03-19 07:02,4050063224,0,1302528,2,region5_312948053
2023-03-19 07:02,4050190352,1216522,2109440,2,region5_312948053
2023-03-19 07:02,4049592486,2498248,5890360,2,region5_312948041
2023-03-19 07:02,4049717891,6414336,1974272,2,region5_312948050
2023-03-19 07:02,4049761646,6291456,1048576,5,region5_312948039
2023-03-19 07:02,4048569939,1455565,224695,2,region5_312948045
2023-03-19 07:02,4050063224,7622656,765952,2,region5_312948053
2023-03-19 07:02,4050063224,3403776,2109440,2,region5_312948053
2023-03-19 07:02,4050063224,5513216,2109440,2,region5_312948053
2023-03-19 07:02,4050190352,3325962,1353418,2,region5_312948053
2023-03-19 07:02,4049626013,0,8388608,5,region5_312948039
2023-03-19 07:02,4049761646,7340032,1048576,5,region5_312948039
2023-03-19 07:02,4050151862,265536,564608,2,region5_312948043
2023-03-19 07:02,4049432455,2012944,65805,2,region5_312948045
2023-03-19 07:02,4049432455,1123259,889685,2,region5_312948045
2023-03-19 07:02,4049761646,8388608,92960,5,region5_312948039
2023-03-19 07:02,4048546090,0,3536907,2,region5_312948041
2023-03-19 07:02,4050030047,2097152,1048576,5,region5_312948039
2023-03-19 07:02,4049639515,850304,14441,2,region5_312948046
2023-03-19 07:02,4049957103,0,3957982,2,region5_312948041
2023-03-19 07:02,4050122541,0,1048576,5,region5_312948039
2023-03-19 07:02,4050215966,0,8481568,6,region5_312948057
2023-03-19 07:02,4050290027,0,8372099,3,region5_312948042
2023-03-19 07:02,4050521218,0,4275904,2,region5_312948043
2023-03-19 07:02,4049981478,0,1048576,5,region5_312948039
2023-03-19 07:02,4050117583,3899598,1566200,2,region5_312948041
2023-03-19 07:02,4050521218,0,8481568,2,region5_312948043
2023-03-19 07:02,4049981478,1048576,1048576,5,region5_312948039
2023-03-19 07:02,4049619577,0,4880678,2,region5_312948041
2023-03-19 07:02,4049825209,0,8388608,4,region5_312948040
2023-03-19 07:02,4049981478,2097152,1048576,5,region5_312948039
2023-03-19 07:02,4048592632,789123,3376924,2,region5_312948041
2023-03-19 07:02,4050526314,0,8388608,2,region5_312948041
2023-03-19 07:02,4049420236,0,3037527,2,region5_312948051
2023-03-19 07:02,4049981478,3145728,1048576,5,region5_312948039
2023-03-19 07:02,4050278613,0,8345608,3,region5_312948042
2023-03-19 07:02,4050313293,1897195,6111969,1,region5_312948042
2023-03-19 07:02,4049447321,0,3951343,2,region5_312948041
2023-03-19 07:02,4049447321,6177165,182752,2,region5_312948041
2023-03-19 07:02,4049981478,4194304,1048576,5,region5_312948039
2023-03-19 07:02,4050122541,1048576,1048576,5,region5_312948039
2023-03-19 07:02,4050162995,0,4979919,5,region5_312948039
2023-03-19 07:02,4049935723,0,2473415,5,region5_312948057
2023-03-19 07:02,4050149627,0,4959233,5,region5_312948039
2023-03-19 07:02,4050470218,0,8327717,3,region5_312948042
2023-03-19 07:02,4049981478,5242880,3687,5,region5_312948039
2023-03-19 07:02,4049612017,2707699,675964,2,region5_312948041
2023-03-19 07:02,4049950413,0,8388608,4,region5_312948044
2023-03-19 07:02,4047954597,7532245,726580,2,region5_312948046
2023-03-19 07:02,4047954597,3993834,1196136,2,region5_312948046
2023-03-19 07:02,4049783168,4334362,123479,2,region5_312948047
2023-03-19 07:02,4050270349,1156864,21696,2,region5_312948043
2023-03-19 07:02,4048912716,2456549,149952,2,region5_312948041
2023-03-19 07:02,4049782506,0,8388608,5,region5_312948039
2023-03-19 07:02,4049850121,0,5975443,2,region5_312948046
2023-03-19 07:02,4050364896,0,1048576,5,region5_312948039
2023-03-19 07:02,4050486893,0,8388608,2,region5_312948044
2023-03-19 07:02,4050004868,0,8388608,5,region5_312948039
2023-03-19 07:02,4050122541,2097152,1048576,5,region5_312948039
2023-03-19 07:02,4050170030,4086203,3869780,1,region5_312948042
2023-03-19 07:02,4050364896,1048576,1048576,5,region5_312948039
2023-03-19 07:02,4050030047,3145728,1048576,5,region5_312948039
2023-03-19 07:02,4050364896,2097152,1048576,5,region5_312948039
2023-03-19 07:02,4050590976,0,22215,2,region5_312948043
2023-03-19 07:02,4047860312,5438941,48,2,region5_312948043
2023-03-19 07:02,4049546338,0,1236271,1,region5_312948042
2023-03-19 07:02,4050364896,3145728,1048576,5,region5_312948039
2023-03-19 07:02,4050524162,3454400,48,2,region5_312948043
2023-03-19 07:02,4048015043,0,11802,5,region5_312948039
2023-03-19 07:02,4050541321,0,5741705,2,region5_312948041
2023-03-19 07:02,4048708775,1048576,1048576,5,region5_312948039
2023-03-19 07:02,4050364896,4194304,1048576,5,region5_312948039
2023-03-19 07:02,4050122541,3145728,1048576,5,region5_312948039
2023-03-19 07:02,4050364896,5242880,1048576,5,region5_312948039
2023-03-19 07:02,4050595257,0,768,2,region5_312948043
2023-03-19 07:02,4050646932,0,10567264,6,region5_312948057
2023-03-19 07:02,4049811741,0,821236,4,region5_312948056
2023-03-19 07:02,4049827235,0,1836845,2,region5_312948045
2023-03-19 07:02,4050662928,7108480,48,2,region5_312948043
2023-03-19 07:02,4047831874,0,1058615,2,region5_312948041
2023-03-19 07:02,4050273368,4851075,85858,2,region5_312948046
2023-03-19 07:02,4050364896,6291456,1048576,5,region5_312948039
2023-03-19 07:02,4048122062,0,8388608,2,region5_312948051
2023-03-19 07:02,4049524894,0,8388608,5,region5_312948039
2023-03-19 07:02,4049090466,4422784,1819676,2,region5_312948046
2023-03-19 07:02,4049090466,811031,1801048,2,region5_312948046
2023-03-19 07:02,4049939825,3554413,4834195,2,region5_312948047
2023-03-19 07:02,4050014032,4380773,3626255,1,region5_312948042
2023-03-19 07:02,4050364896,7340032,1048576,5,region5_312948039
2023-03-19 07:02,4047937871,0,917334,2,region5_312948041
2023-03-19 07:02,4049855958,0,8059757,3,region5_312948042
2023-03-19 07:02,4049976280,0,4785958,5,region5_312948039
2023-03-19 07:02,4050122541,4194304,1048576,5,region5_312948039
2023-03-19 07:02,4049895703,0,176,2,region5_312948043
2023-03-19 07:02,4050068782,0,8388608,2,region5_312948041
2023-03-19 07:02,4050191363,7701158,687450,2,region5_312948041
2023-03-19 07:02,4050625048,0,499712,2,region5_312948050
2023-03-19 07:02,4050084902,3386321,2769998,2,region5_312948041
2023-03-19 07:02,4050191363,1836601,602622,2,region5_312948041
2023-03-19 07:02,4050191363,6446004,1033279,2,region5_312948041
2023-03-19 07:02,4050420790,2462921,708952,2,region5_312948041
2023-03-19 07:02,4050420790,4669719,762357,2,region5_312948041
2023-03-19 07:02,4050457322,0,8388608,5,region5_312948039
2023-03-19 07:02,4050625048,6893568,1495040,2,region5_312948050
2023-03-19 07:02,4050625048,4755456,2138112,2,region5_312948050
2023-03-19 07:02,4050625048,2605056,2150400,2,region5_312948050
2023-03-19 07:02,4050625048,499712,2105344,2,region5_312948050
2023-03-19 07:02,4049814845,0,8388608,2,region5_312948041
2023-03-19 07:02,4050065086,0,48,3,region5_312948042
2023-03-19 07:02,4050353033,0,8388608,2,region5_312948044
2023-03-19 07:02,4050363543,0,8383556,3,region5_312948047
2023-03-19 07:02,4050554814,1012834,2716991,2,region5_312948047
2023-03-19 07:02,4049546338,1236271,1565038,1,region5_312948042
2023-03-19 07:02,4049883946,410688,48,2,region5_312948043
2023-03-19 07:02,4050122541,5242880,1048576,5,region5_312948039
2023-03-19 07:02,4049154900,0,2875690,2,region5_312948044
2023-03-19 07:02,4049181411,0,7469568,2,region5_312948047
2023-03-19 07:02,4049181411,7469568,919040,2,region5_312948047
2023-03-19 07:02,4049840552,0,4352,5,region5_312948057
2023-03-19 07:02,4050143571,0,8388608,2,region5_312948044
2023-03-19 07:02,4050236700,0,7803129,2,region5_312948041
2023-03-19 07:02,4049546338,2801309,1565038,1,region5_312948042
2023-03-19 07:02,4050289083,0,8368971,1,region5_312948042
2023-03-19 07:02,4048037352,5515317,2115036,2,region5_312948041
2023-03-19 07:02,4049838513,0,9536,2,region5_312948043
2023-03-19 07:02,4048250887,143988,641886,2,region5_312948047
2023-03-19 07:02,4050225845,0,1048576,5,region5_312948039
2023-03-19 07:02,4050030047,4194304,1048576,5,region5_312948039
2023-03-19 07:02,4050122541,6291456,1048576,5,region5_312948039
2023-03-19 07:02,4050139697,5627046,655820,2,region5_312948043
2023-03-19 07:02,4050225845,1048576,1048576,5,region5_312948039
2023-03-19 07:02,4048298430,1605987,3180642,2,region5_312948046
2023-03-19 07:02,4049546338,4366347,1565038,1,region5_312948042
2023-03-19 07:02,4050525445,0,8481568,5,region5_312948039
2023-03-19 07:02,4047841935,0,14023,2,region5_312948043
2023-03-19 07:02,4048298430,8240077,148531,2,region5_312948046
2023-03-19 07:02,4049677555,8061462,327146,2,region5_312948046
2023-03-19 07:02,4050139697,6282866,1573968,2,region5_312948043
2023-03-19 07:02,4049546338,5931385,1565038,1,region5_312948042
2023-03-19 07:02,4050225845,3145728,1048576,5,region5_312948039
2023-03-19 07:02,4050225845,2097152,1048576,5,region5_312948039
2023-03-19 07:02,4050311342,0,2836202,2,region5_312948044
2023-03-19 07:02,4050720869,0,5151581,2,region5_312948041
2023-03-19 07:02,4049777767,0,73031,1,region5_312948042
2023-03-19 07:02,4050139697,7856834,624734,2,region5_312948043
2023-03-19 07:02,4050225845,4194304,1048576,5,region5_312948039
2023-03-19 07:02,4050225845,5242880,1048576,5,region5_312948039
2023-03-19 07:02,4050340481,0,8076259,3,region5_312948042
2023-03-19 07:02,4050651379,0,8388608,5,region5_312948039
2023-03-19 07:02,4049546338,7496423,657534,1,region5_312948042
2023-03-19 07:02,4050819409,0,2068480,2,region5_312948050
2023-03-19 07:02,4050030047,5242880,3687,5,region5_312948039
2023-03-19 07:02,4050122541,7340032,1048576,5,region5_312948039
2023-03-19 07:02,4050218103,0,8481568,5,region5_312948039
2023-03-19 07:02,4050225845,6291456,1048576,5,region5_312948039
2023-03-19 07:02,4050819409,6332416,2056192,2,region5_312948050
2023-03-19 07:02,4050819409,4186112,2146304,2,region5_312948050
2023-03-19 07:02,4050819409,2068480,2117632,2,region5_312948050
2023-03-19 07:02,4050176490,0,8169024,5,region5_312948039
2023-03-19 07:02,4050188463,264468,98,2,region5_312948051
2023-03-19 07:02,4050225845,7340032,1048576,5,region5_312948039
2023-03-19 07:02,4050475037,0,3268084,2,region5_312948047
2023-03-19 07:02,4050718103,0,14723539,4,region5_312948048
2023-03-19 07:02,4049763467,0,8388608,2,region5_312948041
2023-03-19 07:02,4050225824,0,1152,2,region5_312948043
2023-03-19 07:02,4048542675,0,5189424,1,region5_312948042
2023-03-19 07:02,4049819714,0,1999241,2,region5_312948051
2023-03-19 07:02,4048712612,980409,12291,2,region5_312948041
2023-03-19 07:02,4050418119,0,13060,2,region5_312948050
2023-03-19 07:02,4050122541,8388608,92960,5,region5_312948039
2023-03-19 07:02,4050412531,0,1048576,5,region5_312948039
2023-03-19 07:02,4047750207,5589358,1517976,2,region5_312948041
2023-03-19 07:02,4050412531,1048576,1048576,5,region5_312948039
2023-03-19 07:02,4050843682,0,1921024,2,region5_312948054
2023-03-19 07:02,4050232483,0,1899584,5,region5_312948039
2023-03-19 07:02,4050412531,2097152,1048576,5,region5_312948039
2023-03-19 07:02,4050629202,0,1639,2,region5_312948043
2023-03-19 07:02,4050843682,8204288,184320,2,region5_312948054
2023-03-19 07:02,4050843682,6111232,2093056,2,region5_312948054
2023-03-19 07:02,4050843682,4014080,2097152,2,region5_312948054
2023-03-19 07:02,4050843682,1921024,2093056,2,region5_312948054
2023-03-19 07:02,4049894676,0,8388608,2,region5_312948041
2023-03-19 07:02,4050412531,3145728,1048576,5,region5_312948039
2023-03-19 07:02,4049865492,0,2556644,1,region5_312948042
2023-03-19 07:02,4050412531,4194304,1048576,5,region5_312948039
2023-03-19 07:02,4049982664,2163799,2459789,2,region5_312948041
2023-03-19 07:02,4050435157,0,3871198,2,region5_312948048
2023-03-19 07:02,4050446920,0,4194304,1,region5_312948042
2023-03-19 07:02,4050446920,4194304,4182188,1,region5_312948042
2023-03-19 07:02,4050458467,1412785,891111,2,region5_312948041
2023-03-19 07:02,4048328971,0,176,2,region5_312948043
2023-03-19 07:02,4048492539,1042219,1821741,2,region5_312948041
2023-03-19 07:02,4048492539,7930191,458417,2,region5_312948041
2023-03-19 07:02,4048902261,0,1562441,2,region5_312948041
2023-03-19 07:02,4048902261,5702241,593083,2,region5_312948041
2023-03-19 07:02,4048998217,0,9210,2,region5_312948043
2023-03-19 07:02,4050333739,0,1043617,5,region5_312948039
2023-03-19 07:02,4050358841,0,963105,4,region5_312948056
2023-03-19 07:02,4050412531,5242880,1048576,5,region5_312948039
2023-03-19 07:02,4050931013,1299,307225,2,region5_312948041
2023-03-19 07:02,4050252685,0,3742488,2,region5_312948044
2023-03-19 07:02,4050412531,6291456,1048576,5,region5_312948039
2023-03-19 07:02,4050628264,0,1997,2,region5_312948043
2023-03-19 07:02,4048542675,5189424,604471,1,region5_312948042
2023-03-19 07:02,4049960260,4046848,2117632,2,region5_312948053
2023-03-19 07:02,4049960260,1929216,2117632,2,region5_312948053
2023-03-19 07:02,4049960260,0,1929216,2,region5_312948053
2023-03-19 07:02,4050095519,0,1048576,5,region5_312948039
2023-03-19 07:03,4049960260,8282112,106496,2,region5_312948053
2023-03-19 07:03,4049960260,6164480,2117632,2,region5_312948053
2023-03-19 07:03,4050412531,7340032,1048576,5,region5_312948039
2023-03-19 07:03,4047980371,0,128,2,region5_312948043
2023-03-19 07:03,4048305856,0,1302152,2,region5_312948047
2023-03-19 07:03,4048644268,8333332,55276,2,region5_312948046
2023-03-19 07:03,4048644268,0,3036547,2,region5_312948046
2023-03-19 07:03,4048644268,4775642,1777577,2,region5_312948046
2023-03-19 07:03,4050246449,0,1048576,5,region5_312948039
2023-03-19 07:03,4050246449,1048576,1048576,5,region5_312948039
2023-03-19 07:03,4047993720,1739,483341,2,region5_312948047
2023-03-19 07:03,4050850458,0,7488088,3,region5_312948042
2023-03-19 07:03,4050246449,2097152,1048576,5,region5_312948039
2023-03-19 07:03,4050515208,7036223,91401,2,region5_312948046
2023-03-19 07:03,4050515208,2010049,1168502,2,region5_312948046
2023-03-19 07:03,4050095519,1048576,1048576,5,region5_312948039
2023-03-19 07:03,4050119372,927024,80429,2,region5_312948046
2023-03-19 07:03,4050523373,1007889,4238467,2,region5_312948041
2023-03-19 07:03,4050523373,4197780,1048576,2,region5_312948041
2023-03-19 07:03,4050246449,3145728,1048576,5,region5_312948039
2023-03-19 07:03,4050414609,10286,8378186,1,region5_312948047
2023-03-19 07:03,4050414609,0,10286,1,region5_312948047
2023-03-19 07:03,4050577442,0,8372304,3,region5_312948042
2023-03-19 07:03,4047727736,0,238166,2,region5_312948041
2023-03-19 07:03,4050648479,0,6378780,1,region5_312948042
2023-03-19 07:03,4050428919,0,8388608,5,region5_312948039
2023-03-19 07:03,4050796069,0,1048576,5,region5_312948039
2023-03-19 07:03,4050219975,0,68071,5,region5_312948039
2023-03-19 07:03,4050246449,4194304,1048576,5,region5_312948039
2023-03-19 07:03,4050253594,0,16608,1,region5_312948042
2023-03-19 07:03,4048023915,0,1012963,2,region5_312948047
2023-03-19 07:03,4050796069,1048576,1048576,5,region5_312948039
2023-03-19 07:03,4050935609,0,8388608,4,region5_312948051
2023-03-19 07:03,4048171822,0,25165824,3,region5_312948051
2023-03-19 07:03,4050969048,0,8388608,2,region5_312948041
2023-03-19 07:03,4048713819,0,8388608,2,region5_312948046
2023-03-19 07:03,4050715994,0,8388608,4,region5_312948040
2023-03-19 07:03,4050095519,2097152,1048576,5,region5_312948039
2023-03-19 07:03,4050246449,5242880,1048576,5,region5_312948039
2023-03-19 07:03,4050796069,2097152,1048576,5,region5_312948039
2023-03-19 07:03,4051066031,886281,1048576,2,region5_312948047
2023-03-19 07:03,4051066031,886281,1048576,2,region5_312948047
2023-03-19 07:03,4050796069,3145728,1048576,5,region5_312948039
2023-03-19 07:03,4050870024,0,1048576,5,region5_312948039
2023-03-19 07:03,4050246449,6291456,1048576,5,region5_312948039
2023-03-19 07:03,4048938816,5590151,2654512,2,region5_312948041
2023-03-19 07:03,4048938816,7196087,1048576,2,region5_312948041
2023-03-19 07:03,4050598140,0,8481568,5,region5_312948039
2023-03-19 07:03,4050773159,0,8388608,5,region5_312948039
2023-03-19 07:03,4050796069,4194304,1048576,5,region5_312948039
2023-03-19 07:03,4050870024,2097152,1048576,5,region5_312948039
2023-03-19 07:03,4050870024,1048576,1048576,5,region5_312948039
2023-03-19 07:03,4050246449,7340032,1048576,5,region5_312948039
2023-03-19 07:03,4048938816,0,3546357,2,region5_312948041
2023-03-19 07:03,4048938816,4919479,480663,2,region5_312948041
2023-03-19 07:03,4047796794,0,4983791,2,region5_312948041
2023-03-19 07:03,4050796069,5242880,1048576,5,region5_312948039
2023-03-19 07:03,4050870024,3145728,1048576,5,region5_312948039
2023-03-19 07:03,4050066931,3943644,3318434,2,region5_312948041
2023-03-19 07:03,4050066931,0,2417238,2,region5_312948041
2023-03-19 07:03,4050095519,3145728,1048576,5,region5_312948039
2023-03-19 07:03,4050796069,7340032,1048576,5,region5_312948039
2023-03-19 07:03,4050796069,6291456,1048576,5,region5_312948039
2023-03-19 07:03,4050870024,4194304,1048576,5,region5_312948039
2023-03-19 07:03,4051014695,0,8481568,5,region5_312948039
2023-03-19 07:03,4049838215,0,916773,2,region5_312948041
2023-03-19 07:03,4048250887,143988,641886,2,region5_312948047
2023-03-19 07:03,4049541670,747557,6032482,2,region5_312948041
2023-03-19 07:03,4050333568,0,5268831,4,region5_312948042
2023-03-19 07:03,4047975806,1091456,513088,2,region5_312948043
2023-03-19 07:03,4050870024,5242880,1048576,5,region5_312948039
2023-03-19 07:03,4050905772,2368651,275764,2,region5_312948041
2023-03-19 07:03,4051027395,0,8388608,2,region5_312948041
2023-03-19 07:03,4051047054,0,46208,2,region5_312948043
2023-03-19 07:03,4049905458,0,1498017,2,region5_312948041
2023-03-19 07:03,4049905458,5500290,2888318,2,region5_312948041
2023-03-19 07:03,4050253594,16608,8355392,1,region5_312948042
2023-03-19 07:03,4048046819,0,477224,2,region5_312948044
2023-03-19 07:03,4050538285,0,8481568,2,region5_312948049
2023-03-19 07:03,4050538285,0,5002176,2,region5_312948049
2023-03-19 07:03,4050870024,6291456,1048576,5,region5_312948039
2023-03-19 07:03,4051118360,0,6345962,1,region5_312948042
2023-03-19 07:03,4051128583,323584,2125824,2,region5_312948050
2023-03-19 07:03,4051128583,0,323584,2,region5_312948050
2023-03-19 07:03,4050095519,4194304,1048576,5,region5_312948039
2023-03-19 07:03,4050085648,0,25165824,3,region5_312948051
2023-03-19 07:03,4050523373,0,806414,2,region5_312948041
2023-03-19 07:03,4048391228,301276,992217,2,region5_312948047
2023-03-19 07:03,4051128583,6725632,1662976,2,region5_312948050
2023-03-19 07:03,4051128583,4587520,2138112,2,region5_312948050
2023-03-19 07:03,4051128583,2449408,2138112,2,region5_312948050
2023-03-19 07:03,4050313273,0,8388608,5,region5_312948039
2023-03-19 07:03,4050870024,7340032,1048576,5,region5_312948039
2023-03-19 07:03,4050936481,0,8481568,5,region5_312948039
2023-03-19 07:03,4051153355,6141543,185670,2,region5_312948041
2023-03-19 07:03,4051153355,0,3889576,2,region5_312948041
2023-03-19 07:03,4050294171,0,8388608,2,region5_312948046
2023-03-19 07:03,4050613633,0,1816063,2,region5_312948041
2023-03-19 07:03,4050613633,3624277,1610259,2,region5_312948041
2023-03-19 07:03,4050815272,0,1971622,2,region5_312948046
2023-03-19 07:03,4051019234,0,8377479,1,region5_312948042
2023-03-19 07:03,4050616488,0,5661776,2,region5_312948046
2023-03-19 07:03,4050626679,0,8264035,1,region5_312948042
2023-03-19 07:03,4050649168,0,8481568,5,region5_312948039
2023-03-19 07:03,4050095519,5242880,1048576,5,region5_312948039
2023-03-19 07:03,4050263209,0,1048576,5,region5_312948039
2023-03-19 07:03,4048970859,737931,5276500,2,region5_312948041
2023-03-19 07:03,4048970859,8277400,111208,2,region5_312948041
2023-03-19 07:03,4048021358,0,2266,2,region5_312948043
2023-03-19 07:03,4050723916,576706,7724046,2,region5_312948047
2023-03-19 07:03,4050723916,0,576706,2,region5_312948047
2023-03-19 07:03,4048425133,0,17805,2,region5_312948054
2023-03-19 07:03,4050263209,1048576,1048576,5,region5_312948039
2023-03-19 07:03,4049865492,2556644,4553642,1,region5_312948042
2023-03-19 07:03,4050263209,2097152,1048576,5,region5_312948039
2023-03-19 07:03,4050734239,0,6061883,2,region5_312948046
2023-03-19 07:03,4050770697,0,7730279,3,region5_312948042
2023-03-19 07:03,4051259432,5587133,2801475,2,region5_312948041
2023-03-19 07:03,4050263209,3145728,1048576,5,region5_312948039
2023-03-19 07:03,4048015248,0,4545888,2,region5_312948043
2023-03-19 07:03,4050263209,4194304,1048576,5,region5_312948039
2023-03-19 07:03,4050926510,0,5246567,5,region5_312948039
2023-03-19 07:03,4051033239,2918804,1186660,2,region5_312948041
2023-03-19 07:03,4050095519,6291456,1048576,5,region5_312948039
2023-03-19 07:03,4050263209,5242880,1048576,5,region5_312948039
2023-03-19 07:03,4050592277,0,1493312,2,region5_312948043
2023-03-19 07:03,4050597323,0,4842160,2,region5_312948049
2023-03-19 07:03,4050597323,4700144,3781424,2,region5_312948049
2023-03-19 07:03,4050790638,0,1605396,5,region5_312948057
2023-03-19 07:03,4048281937,1540093,357,2,region5_312948041
2023-03-19 07:03,4048281937,3998438,1320,2,region5_312948041
2023-03-19 07:03,4050263209,6291456,1048576,5,region5_312948039
2023-03-19 07:03,4050886296,4122336,97024,2,region5_312948043
2023-03-19 07:03,4051047959,5166401,3222207,2,region5_312948041
2023-03-19 07:03,4050372461,1020382,12139,2,region5_312948047
2023-03-19 07:03,4051118360,6345962,1672130,1,region5_312948042
2023-03-19 07:03,4050263209,7340032,1048576,5,region5_312948039
2023-03-19 07:03,4050362664,0,4507078,2,region5_312948041
2023-03-19 07:03,4050626632,0,8388608,2,region5_312948046
2023-03-19 07:03,4051061460,0,1048576,5,region5_312948039
2023-03-19 07:03,4050095519,7340032,1048576,5,region5_312948039
2023-03-19 07:03,4051350557,0,8009928,1,region5_312948042
2023-03-19 07:03,4049894558,1373704,2477174,2,region5_312948047
2023-03-19 07:03,4049894558,0,1373704,2,region5_312948047
2023-03-19 07:03,4050956558,0,6728829,3,region5_312948042
2023-03-19 07:03,4051031368,0,5725891,2,region5_312948041
2023-03-19 07:03,4050878809,0,3242886,1,region5_312948042
2023-03-19 07:03,4050672009,4716389,3532437,2,region5_312948041
2023-03-19 07:03,4050672009,1570078,1608998,2,region5_312948041
2023-03-19 07:03,4051061460,1048576,1048576,5,region5_312948039
2023-03-19 07:03,4048305856,0,1302152,2,region5_312948047
2023-03-19 07:03,4051060612,0,4991128,3,region5_312948042
2023-03-19 07:03,4051061460,2097152,1048576,5,region5_312948039
2023-03-19 07:03,4051195177,0,8388608,5,region5_312948039
2023-03-19 07:03,4048712612,980409,12291,2,region5_312948041
2023-03-19 07:03,4050364244,0,1734010,3,region5_312948042
2023-03-19 07:03,4050648479,6378780,734071,1,region5_312948042
2023-03-19 07:03,4050670585,0,5666009,3,region5_312948042
2023-03-19 07:03,4047866691,1964301,1048576,2,region5_312948045
2023-03-19 07:03,4050989604,0,248295,2,region5_312948048
2023-03-19 07:03,4051061460,3145728,1048576,5,region5_312948039
2023-03-19 07:03,4051202539,0,2477,2,region5_312948043
2023-03-19 07:03,4051213390,0,8388608,2,region5_312948041
2023-03-19 07:03,4051366300,0,458,3,region5_312948042
2023-03-19 07:03,4050558863,0,2507478,2,region5_312948041
2023-03-19 07:03,4050989604,248295,8140313,2,region5_312948048
2023-03-19 07:03,4051061460,4194304,1048576,5,region5_312948039
2023-03-19 07:03,4051399909,1358040,1501437,2,region5_312948055
2023-03-19 07:03,4051399909,1810901,1048576,2,region5_312948055
2023-03-19 07:03,4048878232,0,8388608,2,region5_312948041
2023-03-19 07:03,4050418119,0,13060,2,region5_312948050
2023-03-19 07:03,4050558863,5123385,1326586,2,region5_312948041
2023-03-19 07:03,4047954597,7532245,726580,2,region5_312948046
2023-03-19 07:03,4047954597,3993834,1196136,2,region5_312948046
2023-03-19 07:03,4051061460,5242880,3687,5,region5_312948039
2023-03-19 07:03,4047974133,1502814,323,2,region5_312948041
2023-03-19 07:03,4047974133,3541917,1145,2,region5_312948041
2023-03-19 07:03,4050438125,0,2910558,2,region5_312948051
2023-03-19 07:03,4048569939,1455565,224695,2,region5_312948045
2023-03-19 07:03,4048492539,1042219,1821741,2,region5_312948041
2023-03-19 07:03,4048492539,7930191,458417,2,region5_312948041
2023-03-19 07:03,4047866691,1964301,1048576,2,region5_312948045
2023-03-19 07:03,4050699880,0,5914492,3,region5_312948042
2023-03-19 07:03,4050965561,6569963,1818645,2,region5_312948041
2023-03-19 07:03,4050474074,0,8388608,5,region5_312948039
2023-03-19 07:03,4051216157,0,2773002,2,region5_312948041
2023-03-19 07:03,4051422744,7069918,18003,2,region5_312948041
2023-03-19 07:03,4051422744,1676812,1924793,2,region5_312948041
2023-03-19 07:03,4051422744,7287478,1101130,2,region5_312948041
2023-03-19 07:03,4051422744,7520219,868389,2,region5_312948041
2023-03-19 07:03,4050630490,0,8081408,2,region5_312948054
2023-03-19 07:03,4050630490,8081408,307200,2,region5_312948054
2023-03-19 07:03,4050763727,3509832,46797,2,region5_312948041
2023-03-19 07:03,4051411430,0,8388608,2,region5_312948041
2023-03-19 07:03,4050512462,0,3148641,2,region5_312948041
2023-03-19 07:03,4050525420,2230325,6158283,2,region5_312948048
2023-03-19 07:03,4048305856,0,1302152,2,region5_312948047
2023-03-19 07:03,4047993720,1739,483341,2,region5_312948047
2023-03-19 07:03,4050609340,0,1048576,5,region5_312948039
2023-03-19 07:03,4050659439,5074101,12459,2,region5_312948041
2023-03-19 07:03,4050731450,7851776,299968,2,region5_312948043
2023-03-19 07:03,4048569939,1455565,224695,2,region5_312948045
2023-03-19 07:04,4050609340,1048576,1048576,5,region5_312948039
2023-03-19 07:04,4050659439,6210407,524828,2,region5_312948041
2023-03-19 07:04,4050993484,0,8388025,3,region5_312948047
2023-03-19 07:04,4051104609,0,1816195,1,region5_312948047
2023-03-19 07:04,4048861873,0,3436,2,region5_312948043
2023-03-19 07:04,4050609340,2097152,1048576,5,region5_312948039
2023-03-19 07:04,4047761890,0,7502124,2,region5_312948044
2023-03-19 07:04,4051228185,2686976,2105344,2,region5_312948053
2023-03-19 07:04,4051228185,0,573440,2,region5_312948053
2023-03-19 07:04,4051228185,4792320,2121728,2,region5_312948053
2023-03-19 07:04,4051228185,573440,2113536,2,region5_312948053
2023-03-19 07:04,4051228185,6914048,1474560,2,region5_312948053
2023-03-19 07:04,4050609340,3145728,1048576,5,region5_312948039
2023-03-19 07:04,4051420873,0,6114654,2,region5_312948041
2023-03-19 07:04,4050512462,3152832,2233881,2,region5_312948041
2023-03-19 07:04,4050609340,4194304,1048576,5,region5_312948039
2023-03-19 07:04,4050609340,5242880,1048576,5,region5_312948039
2023-03-19 07:04,4050609340,6291456,1048576,5,region5_312948039
2023-03-19 07:04,4050724661,0,3909806,1,region5_312948042
2023-03-19 07:04,4048407262,0,5039687,2,region5_312948041
2023-03-19 07:04,4051230784,0,1046,2,region5_312948043
2023-03-19 07:04,4050966456,0,8388608,4,region5_312948056
2023-03-19 07:04,4048407262,6814326,166790,2,region5_312948041
2023-03-19 07:04,4050609340,7340032,1048576,5,region5_312948039
2023-03-19 07:04,4048023915,0,1012963,2,region5_312948047
2023-03-19 07:04,4051457672,0,8388608,4,region5_312948054
2023-03-19 07:04,4051447596,0,8388608,2,region5_312948041
2023-03-19 07:04,4048278197,0,279258,2,region5_312948043
2023-03-19 07:04,4050878809,3242886,4726305,1,region5_312948042
2023-03-19 07:04,4050992634,0,10426,2,region5_312948043
2023-03-19 07:04,4048233264,0,230084,1,region5_312948042
2023-03-19 07:04,4051274971,961342,26893,2,region5_312948041
2023-03-19 07:04,4051419166,3962123,4426485,2,region5_312948048
2023-03-19 07:04,4051274971,0,313799,2,region5_312948041
2023-03-19 07:04,4051143883,0,16165,2,region5_312948041
2023-03-19 07:04,4047814948,0,70613,2,region5_312948045
2023-03-19 07:04,4049532418,0,6601533,2,region5_312948041
2023-03-19 07:04,4048497267,5782500,162368,2,region5_312948041
2023-03-19 07:04,4051479356,0,8388608,2,region5_312948041
2023-03-19 07:04,4051419166,0,3962123,2,region5_312948048
2023-03-19 07:04,4051332039,7650746,6077,2,region5_312948047
2023-03-19 07:04,4047753959,0,8388608,2,region5_312948046
2023-03-19 07:04,4050866530,0,162529,2,region5_312948046
2023-03-19 07:04,4050935593,4846557,1048576,2,region5_312948047
2023-03-19 07:04,4050935593,4846557,1048576,2,region5_312948047
2023-03-19 07:04,4051080856,0,8388608,5,region5_312948039
2023-03-19 07:04,4051352179,0,8388608,5,region5_312948039
2023-03-19 07:04,4047757446,0,4564150,2,region5_312948041
2023-03-19 07:04,4050866530,4885099,1988178,2,region5_312948046
2023-03-19 07:04,4050866530,1991138,1288330,2,region5_312948046
2023-03-19 07:04,4048970859,4019711,1278,2,region5_312948041
2023-03-19 07:04,4048970859,1459470,335,2,region5_312948041
2023-03-19 07:04,4049450036,0,176,2,region5_312948043
2023-03-19 07:04,4051056146,0,3509316,4,region5_312948044
2023-03-19 07:04,4051147485,0,17918,5,region5_312948039
2023-03-19 07:04,4047846327,5974645,449683,2,region5_312948046
2023-03-19 07:04,4047846327,8256938,131670,2,region5_312948046
2023-03-19 07:04,4047846327,0,1127982,2,region5_312948046
2023-03-19 07:04,4048944224,1070892,54161,2,region5_312948041
2023-03-19 07:04,4048944224,7798654,92904,2,region5_312948041
2023-03-19 07:04,4048944224,6607538,11865,2,region5_312948041
2023-03-19 07:04,4051275924,0,5022390,3,region5_312948042
2023-03-19 07:04,4047677806,5798309,2647396,2,region5_312948041
2023-03-19 07:04,4047677806,7397129,1048576,2,region5_312948041
2023-03-19 07:04,4051246040,0,8388608,2,region5_312948041
2023-03-19 07:04,4050784954,0,4755757,5,region5_312948039
2023-03-19 07:04,4047677806,0,5592706,2,region5_312948041
2023-03-19 07:04,4051112643,1132191,869301,2,region5_312948046
2023-03-19 07:04,4048878232,0,8388608,2,region5_312948041
2023-03-19 07:04,4051416547,0,8388608,2,region5_312948046
2023-03-19 07:04,4048463448,0,931927,2,region5_312948041
2023-03-19 07:04,4051220422,859024,97535,2,region5_312948041
2023-03-19 07:04,4047814085,0,1536,2,region5_312948043
2023-03-19 07:04,4050724661,3909806,4107600,1,region5_312948042
2023-03-19 07:04,4050752239,0,3602064,2,region5_312948049
2023-03-19 07:04,4050752239,1515088,6966480,2,region5_312948049
2023-03-19 07:04,4050825027,7331649,1056959,2,region5_312948046
2023-03-19 07:04,4050825027,4079411,201810,2,region5_312948046
2023-03-19 07:04,4050825027,932724,189699,2,region5_312948046
2023-03-19 07:04,4051225332,0,8388608,5,region5_312948039
2023-03-19 07:04,4047814948,0,70613,2,region5_312948045
2023-03-19 07:04,4051032212,5520978,90123,2,region5_312948047
2023-03-19 07:04,4048387638,6244512,40768,2,region5_312948043
2023-03-19 07:04,4051271621,0,155450,2,region5_312948043
2023-03-19 07:04,4050871582,2633340,5755268,2,region5_312948046
2023-03-19 07:04,4050871582,0,566154,2,region5_312948046
2023-03-19 07:04,4051395928,10069744,5246724,2,region5_312948043
2023-03-19 07:04,4051395928,0,10153264,2,region5_312948043
2023-03-19 07:04,4047796275,39932,325993,2,region5_312948045
2023-03-19 07:04,4047796275,2952925,159516,2,region5_312948045
2023-03-19 07:04,4051381784,0,8388608,2,region5_312948041
2023-03-19 07:04,4051343759,0,8388608,5,region5_312948039
2023-03-19 07:04,4047814948,0,70613,2,region5_312948045
2023-03-19 07:04,4048218826,4339294,110685,2,region5_312948047
2023-03-19 07:04,4051065968,0,8388608,5,region5_312948039
2023-03-19 07:04,4047881806,0,8388608,2,region5_312948046
2023-03-19 07:04,4048719500,3034840,1481289,2,region5_312948041
2023-03-19 07:04,4051155001,0,8388608,5,region5_312948039
2023-03-19 07:04,4051311161,8119484,6081,2,region5_312948047
2023-03-19 07:04,4047732665,0,8360546,3,region5_312948042
2023-03-19 07:04,4047727736,0,238166,2,region5_312948041
2023-03-19 07:04,4047924089,0,7067228,2,region5_312948051
2023-03-19 07:04,4047970244,0,8388608,2,region5_312948041
2023-03-19 07:04,4051255775,8304000,115200,2,region5_312948043
2023-03-19 07:04,4051288427,0,7198853,5,region5_312948039
2023-03-19 07:04,4047709470,2535511,1607038,2,region5_312948045
2023-03-19 07:04,4047924089,7067228,1321380,2,region5_312948051
2023-03-19 07:04,4047709470,2535511,1607038,2,region5_312948045
2023-03-19 07:04,4050062059,884196,816561,2,region5_312948041
2023-03-19 07:04,4050062059,1770680,1048576,2,region5_312948041
2023-03-19 07:04,4047709470,2535511,1607038,2,region5_312948045
2023-03-19 07:04,4048015248,4545888,3935680,2,region5_312948043
2023-03-19 07:04,4048015248,4545936,3935632,2,region5_312948043
2023-03-19 07:04,4050965539,0,1801236,5,region5_312948039
2023-03-19 07:04,4048767237,0,810817,2,region5_312948046
2023-03-19 07:04,4048767237,2189818,5659700,2,region5_312948046
2023-03-19 07:04,4047979271,0,1048576,5,region5_312948039
2023-03-19 07:04,4047979271,1048576,1048576,5,region5_312948039
2023-03-19 07:04,4047796275,2952925,159516,2,region5_312948045
2023-03-19 07:04,4047796275,39932,54,2,region5_312948045
2023-03-19 07:04,4047796275,2245254,129409,2,region5_312948045
2023-03-19 07:04,4051030191,0,5291405,2,region5_312948046
2023-03-19 07:04,4048698770,0,8388608,2,region5_312948041
2023-03-19 07:04,4047797124,0,8388608,2,region5_312948041
2023-03-19 07:04,4047979271,2097152,1048576,5,region5_312948039
2023-03-19 07:04,4047681762,0,8388608,4,region5_312948044
2023-03-19 07:04,4051161307,0,8385072,3,region5_312948047
2023-03-19 07:04,4051250709,1048576,1048576,5,region5_312948039
2023-03-19 07:04,4051250709,0,1048576,5,region5_312948039
2023-03-19 07:04,4051250709,2097152,1048576,5,region5_312948039
2023-03-19 07:04,4047979271,3145728,1048576,5,region5_312948039
2023-03-19 07:04,4051250709,3145728,1048576,5,region5_312948039
2023-03-19 07:04,4051409201,3721101,173454,2,region5_312948041
2023-03-19 07:04,4051033061,0,3678193,2,region5_312948046
2023-03-19 07:04,4051250709,4194304,906465,5,region5_312948039
2023-03-19 07:04,4047762608,0,1048576,5,region5_312948039
2023-03-19 07:04,4047979271,4194304,1048576,5,region5_312948039
2023-03-19 07:04,4051216992,0,1048576,5,region5_312948039
2023-03-19 07:04,4047727736,0,238166,2,region5_312948041
2023-03-19 07:04,4047762608,1048576,1048576,5,region5_312948039
2023-03-19 07:05,4047762608,2097152,1048576,5,region5_312948039
2023-03-19 07:05,4047979271,5242880,1048576,5,region5_312948039
2023-03-19 07:05,4051216992,1048576,881921,5,region5_312948039
2023-03-19 07:05,4047681505,4109840,4278768,2,region5_312948041
2023-03-19 07:05,4047681505,0,1028782,2,region5_312948041
2023-03-19 07:05,4047774900,0,1048576,5,region5_312948039
2023-03-19 07:05,4047815643,2075712,166848,2,region5_312948043
2023-03-19 07:05,4047774900,1048576,1048576,5,region5_312948039
2023-03-19 07:05,4047979271,6291456,1048576,5,region5_312948039
2023-03-19 07:05,4047681638,0,8375476,3,region5_312948042
2023-03-19 07:05,4047762608,3145728,1048576,5,region5_312948039
2023-03-19 07:05,4047985828,0,8388608,2,region5_312948041
2023-03-19 07:05,4048877181,0,3307092,2,region5_312948044
2023-03-19 07:05,4047979271,7340032,1048576,5,region5_312948039
2023-03-19 07:05,4047762608,4194304,1048576,5,region5_312948039
2023-03-19 07:05,4048599458,0,7330110,2,region5_312948041
2023-03-19 07:05,4051427521,0,967,5,region5_312948039
2023-03-19 07:05,4047762608,5242880,1048576,5,region5_312948039
2023-03-19 07:05,4047774900,2097152,1048576,5,region5_312948039
2023-03-19 07:05,4051092504,0,8033152,2,region5_312948041
2023-03-19 07:05,4047762608,6291456,1048576,5,region5_312948039
2023-03-19 07:05,4048323297,0,8388608,2,region5_312948041
2023-03-19 07:05,4051318943,0,8388608,5,region5_312948039
2023-03-19 07:05,4051451963,0,8481568,5,region5_312948039
2023-03-19 07:05,4047774900,3145728,1048576,5,region5_312948039
2023-03-19 07:05,4047853200,5267006,2289197,2,region5_312948051
2023-03-19 07:05,4047684174,6160649,1206525,2,region5_312948041
2023-03-19 07:05,4047762608,7340032,1048576,5,region5_312948039
2023-03-19 07:05,4047774900,4194304,1048576,5,region5_312948039
2023-03-19 07:05,4047893646,0,8103,2,region5_312948043
2023-03-19 07:05,4051253355,0,25551221,3,region5_312948048
2023-03-19 07:05,4047762608,8388608,92960,5,region5_312948039
2023-03-19 07:05,4047774900,5242880,1048576,5,region5_312948039
2023-03-19 07:05,4050384525,0,682864,2,region5_312948047
2023-03-19 07:05,4047774900,6291456,1048576,5,region5_312948039
2023-03-19 07:05,4047887088,0,8388608,5,region5_312948039
2023-03-19 07:05,4048233264,230084,1048576,1,region5_312948042
2023-03-19 07:05,4051317161,0,8384512,2,region5_312948052
2023-03-19 07:05,4047757709,0,7475256,5,region5_312948039
2023-03-19 07:05,4047954597,7532245,726580,2,region5_312948046
2023-03-19 07:05,4047954597,3993834,1196136,2,region5_312948046
2023-03-19 07:05,4047824517,8191630,198012,2,region5_312948045
2023-03-19 07:05,4047757709,0,8409662,6,region5_312948039
2023-03-19 07:05,4051416491,81931,1620210,2,region5_312948047
2023-03-19 07:05,4047774900,7340032,1048576,5,region5_312948039
2023-03-19 07:05,4048086032,0,8481568,5,region5_312948039
2023-03-19 07:05,4047824517,7564838,824804,2,region5_312948045
2023-03-19 07:05,4047824517,8191630,198012,2,region5_312948045
2023-03-19 07:05,4048546763,0,7046946,2,region5_312948046
2023-03-19 07:05,4047961673,0,8361917,3,region5_312948042
2023-03-19 07:05,4048247010,0,142925,2,region5_312948043
2023-03-19 07:05,4048625526,0,1048576,5,region5_312948039
2023-03-19 07:05,4051317161,8384512,4096,2,region5_312948052
2023-03-19 07:05,4050195983,5457569,2399132,2,region5_312948047
2023-03-19 07:05,4051496736,0,8388608,2,region5_312948046
2023-03-19 07:05,4048625526,1048576,1048576,5,region5_312948039
2023-03-19 07:05,4051495374,3806128,4675440,2,region5_312948049
2023-03-19 07:05,4051495374,0,8481568,2,region5_312948049
2023-03-19 07:05,4051495374,0,2883248,2,region5_312948049
2023-03-19 07:05,4048501738,0,1048576,5,region5_312948039
2023-03-19 07:05,4048501738,1048576,1048576,5,region5_312948039
2023-03-19 07:05,4048625526,2097152,1048576,5,region5_312948039
2023-03-19 07:05,4047681381,0,128826,5,region5_312948039
2023-03-19 07:05,4047892576,0,1575952,2,region5_312948049
2023-03-19 07:05,4047892576,0,7383888,2,region5_312948049
2023-03-19 07:05,4048625526,3145728,1048576,5,region5_312948039
2023-03-19 07:05,4048625526,4194304,1048576,5,region5_312948039
2023-03-19 07:05,4050774251,0,8388276,3,region5_312948047
2023-03-19 07:05,4047891639,1282069,6871,2,region5_312948047
2023-03-19 07:05,4047892576,3206352,5275216,2,region5_312948049
2023-03-19 07:05,4047924068,0,8388608,5,region5_312948039
2023-03-19 07:05,4048148628,0,1048576,5,region5_312948039
2023-03-19 07:05,4048352959,0,51328,2,region5_312948043
2023-03-19 07:05,4048501738,2097152,1048576,5,region5_312948039
2023-03-19 07:05,4047681377,0,44592,2,region5_312948047
2023-03-19 07:05,4047683401,0,8388608,5,region5_312948039
2023-03-19 07:05,4047977323,0,8388608,5,region5_312948039
2023-03-19 07:05,4048080610,0,176960,2,region5_312948043
2023-03-19 07:05,4048405607,0,1049499,2,region5_312948041
2023-03-19 07:05,4048501738,3145728,1048576,5,region5_312948039
2023-03-19 07:05,4048625526,5242880,1048576,5,region5_312948039
2023-03-19 07:05,4048625526,6291456,1048576,5,region5_312948039
2023-03-19 07:05,4051320674,1617315,1048576,2,region5_312948041
2023-03-19 07:05,4047722784,899640,96701,2,region5_312948047
2023-03-19 07:05,4048148628,1048576,1048576,5,region5_312948039
2023-03-19 07:05,4048501738,4194304,1048576,5,region5_312948039
2023-03-19 07:05,4048625526,7340032,1048576,5,region5_312948039
2023-03-19 07:05,4048501738,5242880,1048576,5,region5_312948039
2023-03-19 07:05,4051246067,0,1654362,5,region5_312948057
2023-03-19 07:05,4048148628,2097152,1048576,5,region5_312948039
2023-03-19 07:05,4048335385,3239040,5242528,2,region5_312948043
2023-03-19 07:05,4048335385,0,1131392,2,region5_312948043
2023-03-19 07:05,4048481251,0,2026804,5,region5_312948057
2023-03-19 07:05,4047853972,0,40,3,region5_312948047
2023-03-19 07:05,4048232177,0,194848,2,region5_312948047
2023-03-19 07:05,4048501738,6291456,1048576,5,region5_312948039
2023-03-19 07:05,4051292710,6200928,48,2,region5_312948043
2023-03-19 07:05,4048148628,3145728,1048576,5,region5_312948039
2023-03-19 07:05,4048374530,7789984,598624,2,region5_312948041
2023-03-19 07:05,4048501738,7340032,1048576,5,region5_312948039
2023-03-19 07:05,4048582233,0,176,2,region5_312948043
2023-03-19 07:05,4051364728,0,8388608,2,region5_312948041
2023-03-19 07:05,4048369098,7414175,974433,2,region5_312948047
2023-03-19 07:05,4048148628,4194304,1048576,5,region5_312948039
2023-03-19 07:05,4048374530,5508558,2070436,2,region5_312948041
2023-03-19 07:05,4048374530,0,4103217,2,region5_312948041
2023-03-19 07:05,4048501738,8388608,92960,5,region5_312948039
2023-03-19 07:05,4047918013,0,1706585,2,region5_312948051
2023-03-19 07:05,4047831874,0,2082650,2,region5_312948041
2023-03-19 07:05,4048561711,0,8388608,2,region5_312948041
2023-03-19 07:05,4051298070,4330624,48,2,region5_312948043
2023-03-19 07:05,4051490364,638588,5114639,2,region5_312948047
2023-03-19 07:05,4047776630,561152,2113536,2,region5_312948053
2023-03-19 07:05,4047776630,0,561152,2,region5_312948053
2023-03-19 07:05,4047846110,3120078,1725148,2,region5_312948047
2023-03-19 07:05,4048148628,5242880,1048576,5,region5_312948039
2023-03-19 07:05,4047866691,1964301,1048576,2,region5_312948047
2023-03-19 07:05,4051284374,0,5935474,2,region5_312948041
2023-03-19 07:05,4051309507,8462208,48,2,region5_312948043
2023-03-19 07:05,4047776630,6905856,1482752,2,region5_312948053
2023-03-19 07:05,4047776630,4792320,2113536,2,region5_312948053
2023-03-19 07:05,4047776630,2674688,2117632,2,region5_312948053
2023-03-19 07:05,4047918822,0,8388608,2,region5_312948041
2023-03-19 07:05,4047918822,6365492,2023116,2,region5_312948041
2023-03-19 07:05,4047866691,1964301,1048576,2,region5_312948047
2023-03-19 07:05,4048360295,0,8388608,4,region5_312948040
2023-03-19 07:05,4048712155,0,1434,2,region5_312948043
2023-03-19 07:05,4048931409,0,24093,2,region5_312948053
2023-03-19 07:05,4047757721,0,8388608,5,region5_312948039
2023-03-19 07:05,4047809551,1783911,136160,2,region5_312948041
2023-03-19 07:05,4048148628,6291456,1048576,5,region5_312948039
2023-03-19 07:05,4048281229,0,1696307,2,region5_312948041
2023-03-19 07:05,4048634370,0,8388608,2,region5_312948041
2023-03-19 07:05,4051474235,2336832,10485760,2,region5_312948043
2023-03-19 07:05,4047729122,3926352,2154,2,region5_312948041
2023-03-19 07:05,4047729122,5746082,645470,2,region5_312948041
2023-03-19 07:05,4047729122,1018638,822300,2,region5_312948041
2023-03-19 07:05,4048148628,7340032,1048576,5,region5_312948039
2023-03-19 07:05,4048281229,8155868,232740,2,region5_312948041
2023-03-19 07:05,4048281937,3998438,1320,2,region5_312948041
2023-03-19 07:05,4048281937,1540093,357,2,region5_312948041
2023-03-19 07:05,4051330458,0,10842125,6,region5_312948057
2023-03-19 07:05,4047823918,0,9443828,6,region5_312948057
2023-03-19 07:05,4047924076,3053825,5334783,2,region5_312948041
2023-03-19 07:05,4048715787,0,2102749,2,region5_312948047
2023-03-19 07:05,4048614972,7885753,502855,2,region5_312948041
2023-03-19 07:05,4051354942,0,176,2,region5_312948043
2023-03-19 07:05,4047866691,1964301,1048576,2,region5_312948047
2023-03-19 07:05,4049861522,0,8388608,2,region5_312948046
2023-03-19 07:05,4048433539,0,8388608,2,region5_312948046
2023-03-19 07:05,4047921515,0,8388608,2,region5_312948046
2023-03-19 07:05,4048541769,0,8025704,2,region5_312948044
2023-03-19 07:05,4051354918,0,7808,2,region5_312948043
2023-03-19 07:05,4051422190,1433252,88854,2,region5_312948041
2023-03-19 07:05,4048337022,0,965288,5,region5_312948039
2023-03-19 07:05,4048419450,0,3889059,2,region5_312948046
2023-03-19 07:05,4048628538,0,3004912,6,region5_312948039
2023-03-19 07:05,4048628538,0,2337154,5,region5_312948039
2023-03-19 07:05,4047697313,0,1048576,5,region5_312948039
2023-03-19 07:05,4048328972,0,7844489,1,region5_312948042
2023-03-19 07:05,4048419450,5765719,2622889,2,region5_312948046
2023-03-19 07:05,4051380969,0,4943593,2,region5_312948046
2023-03-19 07:05,4047697313,1048576,1048576,5,region5_312948039
2023-03-19 07:05,4048868025,0,67207,2,region5_312948043
2023-03-19 07:05,4047921980,4273924,1411557,2,region5_312948046
2023-03-19 07:05,4047697313,2097152,1048576,5,region5_312948039
2023-03-19 07:05,4048715792,0,1593344,2,region5_312948054
2023-03-19 07:05,4048715792,1593344,2088960,2,region5_312948054
2023-03-19 07:05,4047988844,0,128,2,region5_312948043
2023-03-19 07:05,4048715792,3682304,2093056,2,region5_312948054
2023-03-19 07:05,4048715792,5775360,2088960,2,region5_312948054
2023-03-19 07:05,4048715792,7864320,524288,2,region5_312948054
2023-03-19 07:05,4051488558,839459,7549149,2,region5_312948041
2023-03-19 07:05,4047948608,4745440,112896,2,region5_312948043
2023-03-19 07:05,4048197060,8019921,5961,2,region5_312948047
2023-03-19 07:05,4047697313,3145728,738101,5,region5_312948039
2023-03-19 07:05,4048901259,6906413,714513,2,region5_312948041
2023-03-19 07:05,4048901259,1650478,1044375,2,region5_312948041
2023-03-19 07:05,4048588781,2446787,26043,2,region5_312948047
2023-03-19 07:05,4048588781,2446787,26043,2,region5_312948047
2023-03-19 07:05,4048738855,0,36186,2,region5_312948043
2023-03-19 07:05,4047683863,5563141,2825467,2,region5_312948046
2023-03-19 07:05,4048826317,645568,2118784,2,region5_312948043
2023-03-19 07:05,4048880990,49190,5978,2,region5_312948047
2023-03-19 07:05,4047681440,0,9650528,5,region5_312948039
2023-03-19 07:05,4051461623,0,8388608,4,region5_312948051
2023-03-19 07:05,4048100410,790544,7598064,2,region5_312948041
2023-03-19 07:05,4048440392,0,7329406,2,region5_312948041
2023-03-19 07:05,4049026411,0,2249081,1,region5_312948042
2023-03-19 07:05,4047727736,0,238166,2,region5_312948041
2023-03-19 07:05,4048232177,0,194848,2,region5_312948047
2023-03-19 07:05,4048381146,0,8388608,5,region5_312948039
2023-03-19 07:05,4047887783,0,633350,5,region5_312948039
2023-03-19 07:05,4048059852,0,8388608,2,region5_312948041
2023-03-19 07:05,4047824517,8191630,198012,2,region5_312948045
2023-03-19 07:05,4048693598,0,8388608,5,region5_312948039
2023-03-19 07:05,4047957237,0,3569916,2,region5_312948041
2023-03-19 07:05,4047957237,7909274,479334,2,region5_312948041
2023-03-19 07:05,4048313545,0,256,2,region5_312948043
2023-03-19 07:05,4048482527,0,8060961,4,region5_312948044
2023-03-19 07:05,4048501725,0,8388608,4,region5_312948044
2023-03-19 07:05,4048817724,0,8388608,5,region5_312948039
2023-03-19 07:05,4048753485,4882068,1461587,2,region5_312948047
2023-03-19 07:06,4047761890,1851960,5650164,2,region5_312948047
2023-03-19 07:06,4047761890,1483744,368216,2,region5_312948047
2023-03-19 07:06,4048073929,3909792,296704,2,region5_312948043
2023-03-19 07:06,4048198824,0,5830972,2,region5_312948041
2023-03-19 07:06,4048198824,7385898,327433,2,region5_312948041
2023-03-19 07:06,4047677630,0,1048576,5,region5_312948039
2023-03-19 07:06,4047793904,0,84507,2,region5_312948050
2023-03-19 07:06,4047950416,0,28661,3,region5_312948042
2023-03-19 07:06,4048760614,0,8554,1,region5_312948042
2023-03-19 07:06,4049032495,0,1426055,2,region5_312948051
2023-03-19 07:06,4047677630,1048576,1048576,5,region5_312948039
2023-03-19 07:06,4048233264,1278660,1048576,1,region5_312948042
2023-03-19 07:06,4048362427,5764616,2623992,2,region5_312948041
2023-03-19 07:06,4048362427,0,4088473,2,region5_312948041
2023-03-19 07:06,4047677630,2097152,1048576,5,region5_312948039
2023-03-19 07:06,4048358849,0,8481568,2,region5_312948049
2023-03-19 07:06,4048700836,0,7735223,2,region5_312948046
2023-03-19 07:06,4047677630,3145728,1048576,5,region5_312948039
2023-03-19 07:06,4047728215,0,1048576,5,region5_312948039
2023-03-19 07:06,4048931409,0,24093,2,region5_312948053
2023-03-19 07:06,4047728215,1048576,1048576,5,region5_312948039
2023-03-19 07:06,4048088528,6410857,1977751,2,region5_312948046
2023-03-19 07:06,4048088528,317774,1287455,2,region5_312948046
2023-03-19 07:06,4048088528,3129272,1596294,2,region5_312948046
2023-03-19 07:06,4048462472,0,8362221,3,region5_312948042
2023-03-19 07:06,4047956452,0,323892,2,region5_312948043
2023-03-19 07:06,4048002175,5605120,3467,2,region5_312948047
2023-03-19 07:06,4048002175,835498,1015132,2,region5_312948047
2023-03-19 07:06,4048687561,0,6076394,2,region5_312948046
2023-03-19 07:06,4048702937,0,1775697,5,region5_312948039
2023-03-19 07:06,4047677630,4194304,1048576,5,region5_312948039
2023-03-19 07:06,4048162835,4432520,3304768,2,region5_312948046
2023-03-19 07:06,4047824517,8191630,198012,2,region5_312948045
2023-03-19 07:06,4047824517,7564838,824804,2,region5_312948045
2023-03-19 07:06,4048496423,0,8370173,5,region5_312948039
2023-03-19 07:06,4049073827,4732720,3748848,2,region5_312948049
2023-03-19 07:06,4049073827,0,7726848,2,region5_312948049
2023-03-19 07:06,4047677630,5242880,1048576,5,region5_312948039
2023-03-19 07:06,4048486841,5366882,3021726,2,region5_312948041
2023-03-19 07:06,4048486841,0,545614,2,region5_312948041
2023-03-19 07:06,4048628482,0,1048576,5,region5_312948039
2023-03-19 07:06,4048305856,0,1302152,2,region5_312948047
2023-03-19 07:06,4047677630,6291456,378239,5,region5_312948039
2023-03-19 07:06,4048628482,1048576,1048576,5,region5_312948039
2023-03-19 07:06,4048628482,2097152,1048576,5,region5_312948039
2023-03-19 07:06,4048633227,0,4721914,2,region5_312948049
2023-03-19 07:06,4047977363,7612736,77952,2,region5_312948043
2023-03-19 07:06,4048218256,0,1805664,2,region5_312948054
2023-03-19 07:06,4048218256,1805664,978112,2,region5_312948054
2023-03-19 07:06,4048480588,4249051,163976,2,region5_312948041
2023-03-19 07:06,4048480588,8344641,43967,2,region5_312948041
2023-03-19 07:06,4048480588,0,2239189,2,region5_312948041
2023-03-19 07:06,4049140617,1108716,283577,2,region5_312948041
2023-03-19 07:06,4047853576,1352188,3821,2,region5_312948041
2023-03-19 07:06,4048628482,3145728,1048576,5,region5_312948039
2023-03-19 07:06,4047959600,2568375,4151661,2,region5_312948041
2023-03-19 07:06,4047983429,1881020,95382,2,region5_312948041
2023-03-19 07:06,4048628482,4194304,1048576,5,region5_312948039
2023-03-19 07:06,4047809367,2821067,1573466,2,region5_312948041
2023-03-19 07:06,4048599960,0,1048576,5,region5_312948039
2023-03-19 07:06,4048623117,0,6929028,2,region5_312948046
2023-03-19 07:06,4048628482,6291456,1048576,5,region5_312948039
2023-03-19 07:06,4048628482,5242880,1048576,5,region5_312948039
2023-03-19 07:06,4048760614,8554,8371499,1,region5_312948042
2023-03-19 07:06,4048872715,0,8379304,1,region5_312948042
2023-03-19 07:06,4048962784,0,2104692,2,region5_312948046
2023-03-19 07:06,4047902445,0,471040,2,region5_312948050
2023-03-19 07:06,4047824517,7564838,824804,2,region5_312948045
2023-03-19 07:06,4048599960,1048576,1048576,5,region5_312948039
2023-03-19 07:06,4048628482,7340032,1048576,5,region5_312948039
2023-03-19 07:06,4048719775,0,3892982,5,region5_312948039
2023-03-19 07:06,4048906305,0,20854,1,region5_312948042
2023-03-19 07:06,4048926926,0,24223,2,region5_312948053
2023-03-19 07:06,4047902445,471040,2113536,2,region5_312948050
2023-03-19 07:06,4047957975,0,366199,5,region5_312948039
2023-03-19 07:06,4048628482,8388608,92960,5,region5_312948039
2023-03-19 07:06,4047809551,1783911,136160,2,region5_312948041
2023-03-19 07:06,4047902445,2584576,2105344,2,region5_312948050
2023-03-19 07:06,4047921520,7655841,732767,2,region5_312948046
2023-03-19 07:06,4047921520,0,4502326,2,region5_312948046
2023-03-19 07:06,4048599960,2097152,1028967,5,region5_312948039
2023-03-19 07:06,4047902445,4689920,2109440,2,region5_312948050
2023-03-19 07:06,4047964373,0,8371849,3,region5_312948042
2023-03-19 07:06,4047902445,6799360,1589248,2,region5_312948050
2023-03-19 07:06,4047973468,0,478,5,region5_312948039
2023-03-19 07:06,4048334195,0,384,2,region5_312948043
2023-03-19 07:06,4048743212,0,8275815,2,region5_312948041
2023-03-19 07:06,4047728215,1048576,1048576,5,region5_312948039
2023-03-19 07:06,4048122062,0,8388608,2,region5_312948051
2023-03-19 07:06,4048706698,0,741530,1,region5_312948042
2023-03-19 07:06,4049099355,0,5646048,2,region5_312948049
2023-03-19 07:06,4048882023,9127,4817,2,region5_312948041
2023-03-19 07:06,4047728215,2097152,1048576,5,region5_312948039
2023-03-19 07:06,4048368013,14210336,24064,2,region5_312948043
2023-03-19 07:06,4048916944,0,8382582,3,region5_312948042
2023-03-19 07:06,4048766921,0,7390958,5,region5_312948039
2023-03-19 07:06,4048943730,0,8388608,2,region5_312948044
2023-03-19 07:06,4048777189,4046414,1048576,2,region5_312948047
2023-03-19 07:06,4049230656,0,8388608,2,region5_312948046
2023-03-19 07:06,4048021044,0,4199573,2,region5_312948051
2023-03-19 07:06,4048072507,0,255616,2,region5_312948043
2023-03-19 07:06,4048777189,4046414,1048576,2,region5_312948047
2023-03-19 07:06,4047919826,0,15220,2,region5_312948043
2023-03-19 07:06,4048072507,255616,10208,2,region5_312948043
2023-03-19 07:06,4048515006,0,1048576,5,region5_312948039
2023-03-19 07:06,4048936684,0,8388608,2,region5_312948041
2023-03-19 07:06,4047728215,3145728,1048576,5,region5_312948039
2023-03-19 07:06,4048015287,0,1016517,2,region5_312948047
2023-03-19 07:06,4048283015,0,816345,5,region5_312948039
2023-03-19 07:06,4048283015,0,1049586,6,region5_312948039
2023-03-19 07:06,4049143966,0,1889466,2,region5_312948053
2023-03-19 07:06,4049188056,0,4714511,2,region5_312948041
2023-03-19 07:06,4048047261,0,5095693,2,region5_312948044
2023-03-19 07:06,4048245414,0,5720998,4,region5_312948040
2023-03-19 07:06,4048411020,5347945,2529340,2,region5_312948041
2023-03-19 07:06,4048411020,0,3057148,2,region5_312948041
2023-03-19 07:06,4048626626,0,7239757,2,region5_312948041
2023-03-19 07:06,4047676464,921066,7467542,2,region5_312948046
2023-03-19 07:06,4047728215,4194304,1048576,5,region5_312948039
2023-03-19 07:06,4048515006,1048576,1048576,5,region5_312948039
2023-03-19 07:06,4048877349,3689184,39360,2,region5_312948043
2023-03-19 07:06,4048906305,20854,8346899,1,region5_312948042
2023-03-19 07:06,4048753485,4882068,1461587,2,region5_312948047
2023-03-19 07:06,4047841935,0,14023,2,region5_312948043
2023-03-19 07:06,4048455899,0,693223,2,region5_312948041
2023-03-19 07:06,4048455899,775893,1048576,2,region5_312948041
2023-03-19 07:06,4048590206,0,8388608,2,region5_312948041
2023-03-19 07:06,4048877181,0,3307092,2,region5_312948044
2023-03-19 07:06,4048878232,0,8388608,2,region5_312948041
2023-03-19 07:06,4047728215,5242880,1048576,5,region5_312948039
2023-03-19 07:06,4048492539,7930191,458417,2,region5_312948041
2023-03-19 07:06,4048492539,1042219,1821741,2,region5_312948041
2023-03-19 07:06,4047728215,6291456,1048576,5,region5_312948039
2023-03-19 07:06,4048625638,0,820,2,region5_312948043
2023-03-19 07:06,4049143966,1889466,2109440,2,region5_312948053
2023-03-19 07:06,4048148667,191552,1027488,2,region5_312948043
2023-03-19 07:06,4048148667,0,191552,2,region5_312948043
2023-03-19 07:06,4048273055,0,1694925,2,region5_312948051
2023-03-19 07:06,4048148667,482112,736928,2,region5_312948043
2023-03-19 07:06,4048515006,2097152,1048576,5,region5_312948039
2023-03-19 07:06,4049116846,5706116,20349,2,region5_312948041
2023-03-19 07:06,4048434986,0,7043508,5,region5_312948057
2023-03-19 07:06,4048566009,0,4670016,2,region5_312948049
2023-03-19 07:06,4047793904,0,84507,2,region5_312948050
2023-03-19 07:06,4048847727,0,7539845,2,region5_312948046
2023-03-19 07:06,4049242844,0,1048576,5,region5_312948039
2023-03-19 07:06,4047761890,0,1483744,2,region5_312948047
2023-03-19 07:06,4049143966,3998906,2105344,2,region5_312948053
2023-03-19 07:06,4049242844,1048576,1048576,5,region5_312948039
2023-03-19 07:06,4049275356,2285285,658435,2,region5_312948041
2023-03-19 07:06,4049275356,6246600,447670,2,region5_312948041
2023-03-19 07:06,4048233264,2327236,1048576,1,region5_312948042
2023-03-19 07:06,4049242844,2097152,1048576,5,region5_312948039
2023-03-19 07:06,4048419376,0,8379371,3,region5_312948042
2023-03-19 07:06,4048170905,7936760,451848,2,region5_312948041
2023-03-19 07:06,4048170905,1585538,1473364,2,region5_312948041
2023-03-19 07:06,4048515006,3145728,1048576,5,region5_312948039
2023-03-19 07:06,4048626626,0,7239757,2,region5_312948041
2023-03-19 07:06,4049242844,4194304,1048576,5,region5_312948039
2023-03-19 07:06,4049242844,3145728,1048576,5,region5_312948039
2023-03-19 07:06,4048683228,0,1048576,5,region5_312948039
2023-03-19 07:06,4049143966,6104250,302375,2,region5_312948053
2023-03-19 07:06,4049242844,6291456,1048576,5,region5_312948039
2023-03-19 07:06,4049242844,5242880,1048576,5,region5_312948039
2023-03-19 07:06,4049320119,0,4799834,2,region5_312948046
2023-03-19 07:06,4048683228,1048576,1020199,5,region5_312948039
2023-03-19 07:06,4048593634,0,929109,2,region5_312948047
2023-03-19 07:06,4048714654,0,2923644,2,region5_312948041
2023-03-19 07:06,4048838289,1332837,7055771,2,region5_312948046
2023-03-19 07:06,4048088961,5999012,20342,2,region5_312948041
2023-03-19 07:06,4049242844,7340032,1048576,5,region5_312948039
2023-03-19 07:06,4049442924,6053501,74112,2,region5_312948043
2023-03-19 07:06,4049586257,0,1766041,2,region5_312948051
2023-03-19 07:06,4049134184,0,4597305,2,region5_312948046
2023-03-19 07:06,4049134184,5106952,1048576,2,region5_312948046
2023-03-19 07:06,4049134184,4788551,1366977,2,region5_312948046
2023-03-19 07:06,4049186984,36901,8351707,2,region5_312948041
2023-03-19 07:06,4049586257,1766041,6622567,2,region5_312948051
2023-03-19 07:06,4048515006,4194304,1048576,5,region5_312948039
2023-03-19 07:06,4048705984,1343122,7018,2,region5_312948047
2023-03-19 07:06,4049020498,0,8297390,3,region5_312948042
2023-03-19 07:06,4049025311,0,8388608,2,region5_312948041
2023-03-19 07:06,4047728215,6291456,1048576,5,region5_312948039
2023-03-19 07:06,4049364637,0,8481568,2,region5_312948049
2023-03-19 07:06,4049364637,0,7671360,2,region5_312948049
2023-03-19 07:06,4049463381,237775,1359587,2,region5_312948041
2023-03-19 07:06,4049463381,5203291,3185317,2,region5_312948041
2023-03-19 07:06,4049491306,0,8388608,5,region5_312948039
2023-03-19 07:06,4048856556,0,8380586,3,region5_312948042
2023-03-19 07:06,4048860178,0,5961001,3,region5_312948042
2023-03-19 07:06,4047718451,0,45440,2,region5_312948043
2023-03-19 07:06,4048596733,0,8388608,2,region5_312948041
2023-03-19 07:06,4048888329,0,282624,2,region5_312948050
2023-03-19 07:06,4049431531,0,8388608,2,region5_312948046
2023-03-19 07:06,4048888329,4550656,2101248,2,region5_312948050
2023-03-19 07:06,4048888329,2416640,2134016,2,region5_312948050
2023-03-19 07:06,4048888329,282624,2134016,2,region5_312948050
2023-03-19 07:06,4048888329,6651904,1736704,2,region5_312948050
2023-03-19 07:06,4049130267,795299,7593309,2,region5_312948041
2023-03-19 07:06,4049308749,0,110592,2,region5_312948053
2023-03-19 07:07,4048515006,5242880,1048576,5,region5_312948039
2023-03-19 07:07,4048719863,5019503,1605782,2,region5_312948041
2023-03-19 07:07,4048719863,5576709,1048576,2,region5_312948041
2023-03-19 07:07,4049044871,0,981919,6,region5_312948039
2023-03-19 07:07,4049635907,0,5154618,5,region5_312948057
2023-03-19 07:07,4048385659,0,16639655,6,region5_312948057
2023-03-19 07:07,4048554462,4876231,1048576,2,region5_312948047
2023-03-19 07:07,4048554462,4876231,1048576,2,region5_312948047
2023-03-19 07:07,4048719863,0,1142906,2,region5_312948041
2023-03-19 07:07,4048719863,3394563,1332338,2,region5_312948041
2023-03-19 07:07,4047728215,7340032,1048576,5,region5_312948039
2023-03-19 07:07,4049335260,0,1733594,2,region5_312948046
2023-03-19 07:07,4048407745,574710,1184365,2,region5_312948041
2023-03-19 07:07,4048298430,8240077,148531,2,region5_312948046
2023-03-19 07:07,4048298430,1605987,3180642,2,region5_312948046
2023-03-19 07:07,4049611427,0,1464614,1,region5_312948042
2023-03-19 07:07,4048943709,0,8377285,3,region5_312948042
2023-03-19 07:07,4047936842,844692,5315,2,region5_312948041
2023-03-19 07:07,4049611427,1464614,1574438,1,region5_312948042
2023-03-19 07:07,4048515006,6291456,1048576,5,region5_312948039
2023-03-19 07:07,4049611427,3039052,1574438,1,region5_312948042
2023-03-19 07:07,4049661925,0,1055677,2,region5_312948047
2023-03-19 07:07,4049058332,0,8374002,3,region5_312948042
2023-03-19 07:07,4047728215,8388608,92960,5,region5_312948039
2023-03-19 07:07,4049611427,4613490,1574438,1,region5_312948042
2023-03-19 07:07,4047709470,2535511,1607038,2,region5_312948045
2023-03-19 07:07,4049308749,110592,2101248,2,region5_312948053
2023-03-19 07:07,4049611427,7762366,146432,1,region5_312948042
2023-03-19 07:07,4049611427,6187928,1574438,1,region5_312948042
2023-03-19 07:07,4048826547,0,8388608,2,region5_312948046
2023-03-19 07:07,4048883427,0,10732,1,region5_312948042
2023-03-19 07:07,4047709470,2535511,1607038,2,region5_312948045
2023-03-19 07:07,4049090296,0,789561,2,region5_312948041
2023-03-19 07:07,4048515006,7340032,836860,5,region5_312948039
2023-03-19 07:07,4047866691,1964301,1048576,2,region5_312948045
2023-03-19 07:07,4049034705,0,8388608,2,region5_312948044
2023-03-19 07:07,4049514350,0,8388608,5,region5_312948039
2023-03-19 07:07,4048636178,0,8388608,2,region5_312948041
2023-03-19 07:07,4048883427,10732,4194304,1,region5_312948042
2023-03-19 07:07,4049317238,586612,6236125,2,region5_312948041
2023-03-19 07:07,4049034705,0,8388608,2,region5_312948044
2023-03-19 07:07,4049348334,0,1433336,2,region5_312948051
2023-03-19 07:07,4049663950,0,2027649,2,region5_312948041
2023-03-19 07:07,4048883427,4205036,4172839,1,region5_312948042
2023-03-19 07:07,4049750291,0,176,2,region5_312948043
2023-03-19 07:07,4049320078,0,27373,3,region5_312948042
2023-03-19 07:07,4049555500,0,1929735,5,region5_312948039
2023-03-19 07:07,4048569939,1455565,224695,2,region5_312948045
2023-03-19 07:07,4048590206,0,8388608,2,region5_312948041
2023-03-19 07:07,4049305187,0,8481568,5,region5_312948039
2023-03-19 07:07,4049095935,0,8388608,4,region5_312948040
2023-03-19 07:07,4049235725,0,8388608,4,region5_312948040
2023-03-19 07:07,4049734457,0,1620524,4,region5_312948044
2023-03-19 07:07,4049791912,0,8388608,1,region5_312948042
2023-03-19 07:07,4049546110,0,1048576,2,region5_312948051
2023-03-19 07:07,4049815473,1062251,87063,2,region5_312948041
2023-03-19 07:07,4049217331,480672,107136,2,region5_312948043
2023-03-19 07:07,4049308749,2211840,2109440,2,region5_312948053
2023-03-19 07:07,4049546110,4194304,1048576,2,region5_312948051
2023-03-19 07:07,4049546110,3145728,1048576,2,region5_312948051
2023-03-19 07:07,4049546110,2097152,1048576,2,region5_312948051
2023-03-19 07:07,4049546110,7340032,1048576,2,region5_312948051
2023-03-19 07:07,4049546110,6291456,1048576,2,region5_312948051
2023-03-19 07:07,4049546110,1048576,1048576,2,region5_312948051
2023-03-19 07:07,4049546110,5242880,1048576,2,region5_312948051
2023-03-19 07:07,4049308749,4321280,2109440,2,region5_312948053
2023-03-19 07:07,4049406148,0,6069174,6,region5_312948039
2023-03-19 07:07,4049210901,0,5101901,2,region5_312948044
2023-03-19 07:07,4049934364,0,17616,1,region5_312948042
2023-03-19 07:07,4049226075,0,1671449,2,region5_312948051
2023-03-19 07:07,4049930650,0,8388608,4,region5_312948054
2023-03-19 07:07,4048935824,0,8388608,4,region5_312948044
2023-03-19 07:07,4049171982,0,2017,2,region5_312948043
2023-03-19 07:07,4049262723,0,8481568,2,region5_312948049
2023-03-19 07:07,4049457492,0,176,2,region5_312948043
2023-03-19 07:07,4049685728,0,8481568,2,region5_312948049
2023-03-19 07:07,4049685728,0,7186176,2,region5_312948049
2023-03-19 07:07,4049955997,0,1048576,5,region5_312948039
2023-03-19 07:07,4048706698,741530,1048576,1,region5_312948042
2023-03-19 07:07,4049691244,0,1048576,5,region5_312948039
2023-03-19 07:07,4049691244,1048576,1048576,5,region5_312948039
2023-03-19 07:07,4049955997,1048576,1048576,5,region5_312948039
2023-03-19 07:07,4049308749,6430720,1957888,2,region5_312948053
2023-03-19 07:07,4049691244,2097152,1048576,5,region5_312948039
2023-03-19 07:07,4049691244,3145728,1048576,5,region5_312948039
2023-03-19 07:07,4049955997,2097152,1048576,5,region5_312948039
2023-03-19 07:07,4049691244,4194304,1048576,5,region5_312948039
2023-03-19 07:07,4048232177,0,194848,2,region5_312948047
2023-03-19 07:07,4049955997,4194304,1048576,5,region5_312948039
2023-03-19 07:07,4049955997,3145728,1048576,5,region5_312948039
2023-03-19 07:07,4048480588,4249051,163976,2,region5_312948041
2023-03-19 07:07,4048480588,0,2239189,2,region5_312948041
2023-03-19 07:07,4048480588,8344641,43967,2,region5_312948041
2023-03-19 07:07,4049934364,17616,8353375,1,region5_312948042
2023-03-19 07:07,4049955997,5242880,1048576,5,region5_312948039
2023-03-19 07:07,4048840852,0,449528,1,region5_312948051
2023-03-19 07:07,4048263695,849697,951152,2,region5_312948046
2023-03-19 07:07,4049691244,5242880,1048576,5,region5_312948039
2023-03-19 07:07,4048645825,0,2919,2,region5_312948043
2023-03-19 07:07,4049955997,6291456,1048576,5,region5_312948039
2023-03-19 07:07,4048840852,17226744,2097152,1,region5_312948051
2023-03-19 07:07,4048840852,15129592,2097152,1,region5_312948051
2023-03-19 07:07,4048840852,10935288,2097152,1,region5_312948051
2023-03-19 07:07,4048840852,8838136,2097152,1,region5_312948051
2023-03-19 07:07,4048840852,6740984,2097152,1,region5_312948051
2023-03-19 07:07,4048840852,4643832,2097152,1,region5_312948051
2023-03-19 07:07,4048840852,23518200,1422860,1,region5_312948051
2023-03-19 07:07,4048840852,21421048,2097152,1,region5_312948051
2023-03-19 07:07,4048840852,19323896,2097152,1,region5_312948051
2023-03-19 07:07,4048840852,13032440,2097152,1,region5_312948051
2023-03-19 07:07,4048840852,2546680,2097152,1,region5_312948051
2023-03-19 07:07,4048840852,449528,2097152,1,region5_312948051
2023-03-19 07:07,4049691244,6291456,1048576,5,region5_312948039
2023-03-19 07:07,4049789170,378247,2500314,2,region5_312948041
2023-03-19 07:07,4049789170,8152123,236485,2,region5_312948041
2023-03-19 07:07,4049850434,1819461,666766,2,region5_312948047
2023-03-19 07:07,4049955997,7340032,1048576,5,region5_312948039
2023-03-19 07:07,4049691244,7340032,1048576,5,region5_312948039
2023-03-19 07:07,4048879892,0,1048576,5,region5_312948039
2023-03-19 07:07,4048879892,1048576,1048576,5,region5_312948039
2023-03-19 07:07,4048848218,0,8388608,2,region5_312948041
2023-03-19 07:07,4048879892,2097152,1048576,5,region5_312948039
2023-03-19 07:07,4048879892,3145728,1048576,5,region5_312948039
2023-03-19 07:07,4049431472,0,3103530,5,region5_312948039
2023-03-19 07:07,4049625372,6440599,5959,2,region5_312948047
2023-03-19 07:07,4049094765,0,176,2,region5_312948043
2023-03-19 07:07,4049548354,0,4148,2,region5_312948043
2023-03-19 07:07,4048879892,4194304,1048576,5,region5_312948039
2023-03-19 07:07,4049364831,5816020,2572588,2,region5_312948048
2023-03-19 07:07,4049364831,0,5816020,2,region5_312948048
2023-03-19 07:07,4050105906,362793,423,2,region5_312948051
2023-03-19 07:07,4047970336,7254580,1134028,2,region5_312948047
2023-03-19 07:07,4047970336,7254580,1134028,2,region5_312948047
2023-03-19 07:07,4048950393,0,2109783,2,region5_312948051
2023-03-19 07:07,4049541670,717163,7671445,2,region5_312948041
2023-03-19 07:07,4050109908,0,8388608,2,region5_312948041
2023-03-19 07:07,4050141240,0,600,3,region5_312948042
2023-03-19 07:07,4048879892,5242880,1048576,5,region5_312948039
2023-03-19 07:07,4047970336,7254580,1134028,2,region5_312948047
2023-03-19 07:07,4048879892,6291456,1048576,5,region5_312948039
2023-03-19 07:07,4048014957,0,1315008,2,region5_312948043
2023-03-19 07:07,4049921785,3289568,22016,2,region5_312948043
2023-03-19 07:07,4049990211,0,384,2,region5_312948043
2023-03-19 07:07,4049031361,0,7751511,2,region5_312948041
2023-03-19 07:07,4049564739,0,8024662,5,region5_312948039
2023-03-19 07:07,4048233264,3375812,1048576,1,region5_312948042
2023-03-19 07:07,4049827825,0,8388608,2,region5_312948041
2023-03-19 07:07,4050052341,0,1048576,5,region5_312948039
2023-03-19 07:07,4048879892,7340032,1048576,5,region5_312948039
2023-03-19 07:07,4049144252,0,128,2,region5_312948043
2023-03-19 07:07,4049766016,0,1048576,5,region5_312948039
2023-03-19 07:07,4049791912,8388608,8388608,1,region5_312948042
2023-03-19 07:07,4050052341,2097152,1048576,5,region5_312948039
2023-03-19 07:07,4050052341,1048576,1048576,5,region5_312948039
2023-03-19 07:07,4048014957,1315008,1967460,2,region5_312948043
2023-03-19 07:07,4049766016,1048576,1048576,5,region5_312948039
2023-03-19 07:07,4049387430,0,8388608,4,region5_312948054
2023-03-19 07:07,4049429365,0,8481568,5,region5_312948039
2023-03-19 07:07,4049766016,2097152,1048576,5,region5_312948039
2023-03-19 07:07,4049989053,0,10483815,5,region5_312948039
2023-03-19 07:07,4050052341,3145728,1048576,5,region5_312948039
2023-03-19 07:07,4050052341,4194304,1048576,5,region5_312948039
2023-03-19 07:07,4050204833,0,8388608,5,region5_312948039
2023-03-19 07:07,4049701133,0,186423,2,region5_312948053
2023-03-19 07:07,4049057793,8057634,330974,2,region5_312948041
2023-03-19 07:07,4049057793,0,6154157,2,region5_312948041
2023-03-19 07:07,4050264740,1152,768,2,region5_312948043
2023-03-19 07:07,4047866691,1964301,1048576,2,region5_312948045
2023-03-19 07:07,4050243944,0,5198988,2,region5_312948051
2023-03-19 07:07,4049766016,3145728,1048576,5,region5_312948039
2023-03-19 07:07,4050052341,5242880,1048576,5,region5_312948039
2023-03-19 07:07,4050120952,0,3705138,4,region5_312948040
2023-03-19 07:07,4049461674,0,8377524,3,region5_312948042
2023-03-19 07:07,4049753442,0,2863987,2,region5_312948041
2023-03-19 07:07,4049781205,2299525,328344,2,region5_312948047
2023-03-19 07:07,4050052341,7340032,1048576,5,region5_312948039
2023-03-19 07:07,4050052341,6291456,1048576,5,region5_312948039
2023-03-19 07:08,4049781205,2630349,5758259,2,region5_312948047
2023-03-19 07:08,4049266562,0,1048576,5,region5_312948039
2023-03-19 07:08,4049766016,4194304,1048576,5,region5_312948039
2023-03-19 07:08,4050219458,5550756,12964,2,region5_312948041
2023-03-19 07:08,4050243944,5580631,1745988,2,region5_312948051
2023-03-19 07:08,4047945240,7457100,931508,2,region5_312948041
2023-03-19 07:08,4048152486,0,1541567,2,region5_312948046
2023-03-19 07:08,4048232177,0,194848,2,region5_312948047
2023-03-19 07:08,4048569939,1455565,224695,2,region5_312948045
2023-03-19 07:08,4049766016,5242880,1048576,5,region5_312948039
2023-03-19 07:08,4049781205,0,2299525,2,region5_312948047
2023-03-19 07:08,4050092136,0,8359273,2,region5_312948041
2023-03-19 07:08,4050219458,6695701,387817,2,region5_312948041
2023-03-19 07:08,4049308727,1474376,2080768,2,region5_312948054
2023-03-19 07:08,4049308727,5631816,2022304,2,region5_312948054
2023-03-19 07:08,4049308727,3555144,2076672,2,region5_312948054
2023-03-19 07:08,4049308727,0,1474376,2,region5_312948054
2023-03-19 07:08,4049766016,6291456,1048576,5,region5_312948039
2023-03-19 07:08,4049701133,186423,2113536,2,region5_312948053
2023-03-19 07:08,4049766016,7340032,1048576,5,region5_312948039
2023-03-19 07:08,4050189938,0,938067,5,region5_312948039
2023-03-19 07:08,4050309856,0,8012146,3,region5_312948042
2023-03-19 07:08,4048640376,0,6668941,2,region5_312948041
2023-03-19 07:08,4049918701,0,8388608,2,region5_312948046
2023-03-19 07:08,4047970336,7254580,1134028,2,region5_312948047
2023-03-19 07:08,4049352627,0,8388608,4,region5_312948054
2023-03-19 07:08,4048074568,7532593,856015,2,region5_312948047
2023-03-19 07:08,4048074568,7532593,856015,2,region5_312948047
2023-03-19 07:08,4050041839,0,22253,5,region5_312948039
2023-03-19 07:08,4050112082,0,8388608,2,region5_312948041
2023-03-19 07:08,4050186064,5250384,3231184,2,region5_312948049
2023-03-19 07:08,4050186064,0,5414864,2,region5_312948049
2023-03-19 07:08,4049304295,0,176,2,region5_312948043
2023-03-19 07:08,4049631815,0,11403,2,region5_312948043
2023-03-19 07:08,4047866691,1964301,1048576,2,region5_312948047
2023-03-19 07:08,4049766016,8388608,92960,5,region5_312948039
2023-03-19 07:08,4049811461,0,163840,2,region5_312948053
2023-03-19 07:08,4048014957,7348552,1133016,2,region5_312948043
2023-03-19 07:08,4049461878,0,8388608,2,region5_312948041
2023-03-19 07:08,4049811461,163840,2101248,2,region5_312948053
2023-03-19 07:08,4049819329,2259018,5121184,2,region5_312948046
2023-03-19 07:08,4049819329,62143,816573,2,region5_312948046
2023-03-19 07:08,4048074568,7532593,856015,2,region5_312948047
2023-03-19 07:08,4049791912,16777216,8388608,1,region5_312948042
2023-03-19 07:08,4049811461,2265088,2125824,2,region5_312948053
2023-03-19 07:08,4049811461,4390912,2125824,2,region5_312948053
2023-03-19 07:08,4049950182,2111680,81600,2,region5_312948043
2023-03-19 07:08,4049701133,2299959,2113536,2,region5_312948053
2023-03-19 07:08,4050115105,0,5243797,2,region5_312948041
2023-03-19 07:08,4050337019,3088028,3825286,2,region5_312948041
2023-03-19 07:08,4048436843,0,4513181,4,region5_312948040
2023-03-19 07:08,4049678450,0,13242,2,region5_312948043
2023-03-19 07:08,4049811461,6516736,1871872,2,region5_312948053
2023-03-19 07:08,4049920727,0,128,2,region5_312948043
2023-03-19 07:08,4049410812,0,7408698,3,region5_312948042
2023-03-19 07:08,4050129821,0,8388608,5,region5_312948039
2023-03-19 07:08,4050261555,0,8388608,5,region5_312948039
2023-03-19 07:08,4050292662,5780863,1639204,2,region5_312948046
2023-03-19 07:08,4050292662,1073717,3090700,2,region5_312948046
2023-03-19 07:08,4050409986,7433903,954705,2,region5_312948046
2023-03-19 07:08,4050096830,2942904,87635,2,region5_312948041
2023-03-19 07:08,4050332101,0,5148538,5,region5_312948039
2023-03-19 07:08,4047812477,0,8388608,2,region5_312948046
2023-03-19 07:08,4047727276,2507055,1441361,2,region5_312948041
2023-03-19 07:08,4049461773,0,128,2,region5_312948043
2023-03-19 07:08,4049905697,0,8374094,3,region5_312948042
2023-03-19 07:08,4047812477,6062234,2326374,2,region5_312948046
2023-03-19 07:08,4047970336,7254580,1134028,2,region5_312948047
2023-03-19 07:08,4049217331,1600272,6881296,2,region5_312948043
2023-03-19 07:08,4049217331,0,1655760,2,region5_312948043
2023-03-19 07:08,4049993099,0,8382979,3,region5_312948042
2023-03-19 07:08,4050106680,5981704,2406904,2,region5_312948051
2023-03-19 07:08,4049823604,1070465,7318143,2,region5_312948041
2023-03-19 07:08,4047970336,7254580,1134028,2,region5_312948047
2023-03-19 07:08,4047977363,7274368,338368,2,region5_312948043
2023-03-19 07:08,4047824517,8191630,198012,2,region5_312948045
2023-03-19 07:08,4048292787,0,8350777,3,region5_312948042
2023-03-19 07:08,4049494895,179520,49024,2,region5_312948043
2023-03-19 07:08,4050101716,1311269,714752,2,region5_312948041
2023-03-19 07:08,4048588781,2446787,26043,2,region5_312948047
2023-03-19 07:08,4049104858,0,256,2,region5_312948043
2023-03-19 07:08,4049682742,6903432,36864,2,region5_312948054
2023-03-19 07:08,4049682742,6940207,496,2,region5_312948054
2023-03-19 07:08,4049682742,0,6941896,4,region5_312948054
2023-03-19 07:08,4049682742,6940296,1600,2,region5_312948054
2023-03-19 07:08,4050054372,7428612,959996,2,region5_312948041
2023-03-19 07:08,4050054372,1019751,1776579,2,region5_312948041
2023-03-19 07:08,4047761890,0,7502124,2,region5_312948051
2023-03-19 07:08,4050294662,0,8388608,4,region5_312948054
2023-03-19 07:08,4049770698,354097,11221,2,region5_312948041
2023-03-19 07:08,4049770698,813275,117651,2,region5_312948041
2023-03-19 07:08,4049770698,574110,356816,2,region5_312948041
2023-03-19 07:08,4049545129,0,1048576,5,region5_312948039
2023-03-19 07:08,4049571799,6845302,1048576,2,region5_312948041
2023-03-19 07:08,4049571799,5183143,2710735,2,region5_312948041
2023-03-19 07:08,4050040919,0,8388608,2,region5_312948041
2023-03-19 07:08,4050463754,0,5010960,2,region5_312948041
2023-03-19 07:08,4049545129,1048576,1048576,5,region5_312948039
2023-03-19 07:08,4049571799,0,1651413,2,region5_312948041
2023-03-19 07:08,4049571799,4253988,713694,2,region5_312948041
2023-03-19 07:08,4049739496,0,1660526,2,region5_312948051
2023-03-19 07:08,4049876354,5960558,4847,2,region5_312948056
2023-03-19 07:08,4049876354,5960542,3849,2,region5_312948056
2023-03-19 07:08,4049876354,0,5965406,4,region5_312948056
2023-03-19 07:08,4049545129,2097152,1048576,5,region5_312948039
2023-03-19 07:08,4049701133,4413495,2109440,2,region5_312948053
2023-03-19 07:08,4048644268,8333332,55276,2,region5_312948046
2023-03-19 07:08,4048644268,4775642,1777577,2,region5_312948046
2023-03-19 07:08,4048644268,0,3036547,2,region5_312948046
2023-03-19 07:08,4049781205,2630349,75048,2,region5_312948047
2023-03-19 07:08,4049781205,4257924,4130684,2,region5_312948047
2023-03-19 07:08,4049781205,2299525,328344,2,region5_312948047
2023-03-19 07:08,4049856517,0,78016,2,region5_312948043
2023-03-19 07:08,4050313851,0,3136330,2,region5_312948041
2023-03-19 07:08,4050313851,5820584,1408092,2,region5_312948041
2023-03-19 07:08,4050464836,0,54426,2,region5_312948043
2023-03-19 07:08,4049602697,0,5062817,2,region5_312948051
2023-03-19 07:08,4049633668,0,8388608,2,region5_312948041
2023-03-19 07:08,4049540180,0,1048576,5,region5_312948039
2023-03-19 07:08,4049545129,3145728,1048576,5,region5_312948039
2023-03-19 07:08,4049540180,1048576,1048576,5,region5_312948039
2023-03-19 07:08,4049545129,4194304,1048576,5,region5_312948039
2023-03-19 07:08,4049781205,0,2299525,2,region5_312948047
2023-03-19 07:08,4049882359,0,8020328,3,region5_312948042
2023-03-19 07:08,4050427538,0,8356918,3,region5_312948042
2023-03-19 07:08,4049545129,5242880,1048576,5,region5_312948039
2023-03-19 07:08,4048944809,478000,8003568,2,region5_312948043
2023-03-19 07:08,4048944809,0,646128,2,region5_312948043
2023-03-19 07:08,4050440462,7759008,48,2,region5_312948043
2023-03-19 07:08,4047950605,8153946,234662,2,region5_312948041
2023-03-19 07:08,4049540180,2097152,1048576,5,region5_312948039
2023-03-19 07:08,4049545129,6291456,1048576,5,region5_312948039
2023-03-19 07:08,4050354382,0,589876,5,region5_312948057
2023-03-19 07:08,4049205753,0,7386601,2,region5_312948046
2023-03-19 07:08,4049540180,3145728,1048576,5,region5_312948039
2023-03-19 07:08,4049545129,7340032,428269,5,region5_312948039
2023-03-19 07:08,4049602697,5062817,3325791,2,region5_312948051
2023-03-19 07:08,4050303869,0,8388608,2,region5_312948041
2023-03-19 07:08,4047942154,3333552,5025035,2,region5_312948046
2023-03-19 07:08,4049540180,5242880,1048576,5,region5_312948039
2023-03-19 07:08,4049540180,4194304,1048576,5,region5_312948039
2023-03-19 07:08,4050203869,0,1048576,5,region5_312948039
2023-03-19 07:08,4047895683,0,18439,2,region5_312948043
2023-03-19 07:08,4049540180,7340032,1048576,5,region5_312948039
2023-03-19 07:08,4049540180,6291456,1048576,5,region5_312948039
2023-03-19 07:08,4049266562,0,1048576,5,region5_312948039
2023-03-19 07:08,4047936833,8340384,8887,2,region5_312948048
2023-03-19 07:08,4050203869,2097152,1048576,5,region5_312948039
2023-03-19 07:08,4050203869,1048576,1048576,5,region5_312948039
2023-03-19 07:08,4050252129,1621516,425472,2,region5_312948043
2023-03-19 07:08,4050299502,6123511,211146,2,region5_312948041
2023-03-19 07:08,4050299502,2998467,1798260,2,region5_312948041
2023-03-19 07:08,4050495423,7698045,690563,2,region5_312948046
2023-03-19 07:08,4050495423,4546980,1564032,2,region5_312948046
2023-03-19 07:08,4050495423,1495116,1502208,2,region5_312948046
2023-03-19 07:08,4047936833,8349341,39267,2,region5_312948048
2023-03-19 07:08,4049835880,0,8388608,5,region5_312948039
2023-03-19 07:08,4050203869,3145728,1048576,5,region5_312948039
2023-03-19 07:08,4049605415,0,176,2,region5_312948043
2023-03-19 07:08,4048233264,4424388,1048576,1,region5_312948042
2023-03-19 07:08,4049783168,4214191,120171,2,region5_312948048
2023-03-19 07:08,4050086139,0,8388608,5,region5_312948039
2023-03-19 07:08,4050335128,0,8388608,4,region5_312948044
2023-03-19 07:08,4050203869,4194304,1048576,5,region5_312948039
2023-03-19 07:08,4050479791,0,8388608,2,region5_312948041
2023-03-19 07:08,4047919820,4984608,39040,2,region5_312948043
2023-03-19 07:08,4049866692,0,8388608,5,region5_312948039
2023-03-19 07:08,4050203869,5242880,1048576,5,region5_312948039
2023-03-19 07:08,4049709599,0,8481568,5,region5_312948039
2023-03-19 07:08,4050203869,6291456,1048576,5,region5_312948039
2023-03-19 07:08,4048894638,4915208,749883,2,region5_312948041
2023-03-19 07:08,4047709470,2535511,1607038,2,region5_312948045
2023-03-19 07:08,4047709470,2535511,1607038,2,region5_312948045
2023-03-19 07:08,4049841021,0,1954996,5,region5_312948057
2023-03-19 07:08,4050476851,0,8388608,2,region5_312948041
2023-03-19 07:08,4050035866,0,3863246,2,region5_312948051
2023-03-19 07:08,4050143226,0,8366754,3,region5_312948047
2023-03-19 07:08,4050502654,0,8481568,5,region5_312948039
2023-03-19 07:08,4047937660,0,1202332,5,region5_312948039
2023-03-19 07:08,4049765143,4050867,123160,2,region5_312948048
2023-03-19 07:08,4050124100,0,8379820,3,region5_312948047
2023-03-19 07:08,4047937660,0,1803497,6,region5_312948039
2023-03-19 07:08,4047953133,0,8481568,5,region5_312948039
2023-03-19 07:08,4049034705,0,4821155,2,region5_312948047
2023-03-19 07:08,4049034705,4821155,3567453,2,region5_312948047
2023-03-19 07:08,4050501660,0,696320,2,region5_312948050
2023-03-19 07:08,4050501660,2830336,2150400,2,region5_312948050
2023-03-19 07:08,4050501660,696320,2134016,2,region5_312948050
2023-03-19 07:08,4047893983,1002101,7386507,2,region5_312948041
2023-03-19 07:08,4050105714,2647171,1244859,2,region5_312948041
2023-03-19 07:08,4050105714,282581,1190421,2,region5_312948041
2023-03-19 07:08,4049034705,0,8388608,2,region5_312948044
2023-03-19 07:08,4050501660,7118848,1269760,2,region5_312948050
2023-03-19 07:08,4050501660,4980736,2138112,2,region5_312948050
2023-03-19 07:08,4048996252,6534990,38232,2,region5_312948051
2023-03-19 07:08,4050364244,0,1734010,1,region5_312948042
2023-03-19 07:08,4048996252,0,1190158,2,region5_312948051
2023-03-19 07:08,4050203869,7340032,1048576,5,region5_312948039
2023-03-19 07:08,4049701133,6522935,675774,2,region5_312948053
2023-03-19 07:08,4048630263,0,1525499,5,region5_312948039
2023-03-19 07:08,4050052301,0,977115,6,region5_312948039
2023-03-19 07:08,4050140105,0,4166314,2,region5_312948046
2023-03-19 07:08,4050203869,8388608,92960,5,region5_312948039
2023-03-19 07:08,4048630263,0,1961355,6,region5_312948039
2023-03-19 07:08,4050146151,0,256,2,region5_312948043
2023-03-19 07:08,4050154425,3894227,66594,2,region5_312948041
2023-03-19 07:08,4050366412,0,1048576,5,region5_312948039
2023-03-19 07:08,4047953197,0,967511,5,region5_312948039
2023-03-19 07:08,4048074568,7532593,856015,2,region5_312948047
2023-03-19 07:08,4049695742,0,8388608,5,region5_312948039
2023-03-19 07:08,4050366412,1048576,1048576,5,region5_312948039
2023-03-19 07:09,4048114720,3968448,697935,2,region5_312948047
2023-03-19 07:09,4048996252,7777945,610663,2,region5_312948051
2023-03-19 07:09,4049952995,2728326,5660282,2,region5_312948047
2023-03-19 07:09,4048706698,1790106,1048576,1,region5_312948042
2023-03-19 07:09,4050366412,2097152,1048576,5,region5_312948039
2023-03-19 07:09,4050544980,0,8388608,5,region5_312948039
2023-03-19 07:09,4047808219,0,15858,4,region5_312948054
2023-03-19 07:09,4047921980,2869227,5519381,2,region5_312948046
2023-03-19 07:09,4048074568,7532593,856015,2,region5_312948047
2023-03-19 07:09,4050366412,3145728,1048576,5,region5_312948039
2023-03-19 07:09,4049155385,4098579,1048576,2,region5_312948045
2023-03-19 07:09,4048074568,7532593,856015,2,region5_312948047
2023-03-19 07:09,4049909766,0,256,2,region5_312948043
2023-03-19 07:09,4050366412,4194304,1048576,5,region5_312948039
2023-03-19 07:09,4049155385,5147155,17613,2,region5_312948045
2023-03-19 07:09,4049909766,0,256,2,region5_312948043
2023-03-19 07:09,4049909766,0,256,2,region5_312948043
2023-03-19 07:09,4048970859,719187,7669421,2,region5_312948041
2023-03-19 07:09,4050366412,5242880,1048576,5,region5_312948039
2023-03-19 07:09,4047950835,0,2763023,2,region5_312948047
2023-03-19 07:09,4049962068,0,8372710,3,region5_312948042
2023-03-19 07:09,4048143127,0,726458,1,region5_312948042
2023-03-19 07:09,4048197166,0,6657,1,region5_312948042
2023-03-19 07:09,4050324853,0,8388608,5,region5_312948039
2023-03-19 07:09,4050366412,6291456,1048576,5,region5_312948039
2023-03-19 07:09,4047950896,0,1048576,5,region5_312948039
2023-03-19 07:09,4050366412,7340032,1048576,5,region5_312948039
2023-03-19 07:09,4047950605,8153946,234662,2,region5_312948041
2023-03-19 07:09,4049909766,0,256,2,region5_312948043
2023-03-19 07:09,4050153403,0,5246567,5,region5_312948039
2023-03-19 07:09,4050158513,0,8355828,3,region5_312948042
2023-03-19 07:09,4047950896,1048576,1048576,5,region5_312948039
2023-03-19 07:09,4048074568,7532593,856015,2,region5_312948047
2023-03-19 07:09,4047722910,1099234,812635,2,region5_312948051
2023-03-19 07:09,4047945026,0,5125295,2,region5_312948041
2023-03-19 07:09,4047950896,2097152,1048576,5,region5_312948039
2023-03-19 07:09,4050208602,781404,144322,2,region5_312948041
2023-03-19 07:09,4047950896,3145728,1048576,5,region5_312948039
2023-03-19 07:09,4048301376,5502492,1186027,2,region5_312948041
2023-03-19 07:09,4047823722,1175552,2105344,2,region5_312948050
2023-03-19 07:09,4047823722,0,1175552,2,region5_312948050
2023-03-19 07:09,4047823722,3280896,2121728,2,region5_312948050
2023-03-19 07:09,4049078787,0,2050367,2,region5_312948047
2023-03-19 07:09,4047733752,922691,1048576,2,region5_312948047
2023-03-19 07:09,4047823722,7536640,851968,2,region5_312948050
2023-03-19 07:09,4047823722,5402624,2134016,2,region5_312948050
2023-03-19 07:09,4047777643,0,2003330,5,region5_312948039
2023-03-19 07:09,4047939290,0,11132,2,region5_312948045
2023-03-19 07:09,4047950896,4194304,1048576,5,region5_312948039
2023-03-19 07:09,4047722910,870895,13054,2,region5_312948051
2023-03-19 07:09,4047831874,0,2082650,2,region5_312948041
2023-03-19 07:09,4047672832,896949,7491659,2,region5_312948046
2023-03-19 07:09,4050533046,0,8374309,3,region5_312948042
2023-03-19 07:09,4047950896,5242880,27029,5,region5_312948039
2023-03-19 07:09,4048014666,1890037,268671,2,region5_312948041
2023-03-19 07:09,4048541935,0,1575,2,region5_312948043
2023-03-19 07:09,4050319793,4928849,1550367,2,region5_312948048
2023-03-19 07:09,4047949539,5238976,238016,2,region5_312948043
2023-03-19 07:09,4050433502,0,969621,5,region5_312948039
2023-03-19 07:09,4048218433,0,6730969,2,region5_312948041
2023-03-19 07:09,4050180897,1564672,2105344,2,region5_312948053
2023-03-19 07:09,4050180897,3670016,2105344,2,region5_312948053
2023-03-19 07:09,4050180897,0,1564672,2,region5_312948053
2023-03-19 07:09,4048681724,0,17549,2,region5_312948043
2023-03-19 07:09,4050180897,7884800,503808,2,region5_312948053
2023-03-19 07:09,4050180897,5775360,2109440,2,region5_312948053
2023-03-19 07:09,4050334067,0,1048576,5,region5_312948039
2023-03-19 07:09,4050355564,39584,401344,2,region5_312948043
2023-03-19 07:09,4048165448,0,2087,2,region5_312948043
2023-03-19 07:09,4047912985,0,964332,2,region5_312948041
2023-03-19 07:09,4048681470,0,1318912,2,region5_312948050
2023-03-19 07:09,4050260453,0,7417683,3,region5_312948042
2023-03-19 07:09,4048197166,6657,8375294,1,region5_312948042
2023-03-19 07:09,4050334067,1048576,1048576,5,region5_312948039
2023-03-19 07:09,4048264961,0,6784686,3,region5_312948042
2023-03-19 07:09,4048497267,5782500,162368,2,region5_312948041
2023-03-19 07:09,4050334067,2097152,1048576,5,region5_312948039
2023-03-19 07:09,4050533958,0,1048576,5,region5_312948039
2023-03-19 07:09,4050555493,0,2022184,2,region5_312948041
2023-03-19 07:09,4047970908,0,204724,2,region5_312948043
2023-03-19 07:09,4050403871,0,8388608,5,region5_312948039
2023-03-19 07:09,4050533958,1048576,1048576,5,region5_312948039
2023-03-19 07:09,4048674563,0,1048576,5,region5_312948039
2023-03-19 07:09,4050533958,2097152,1048576,5,region5_312948039
2023-03-19 07:09,4048674563,2097152,1048576,5,region5_312948039
2023-03-19 07:09,4048674563,1048576,1048576,5,region5_312948039
2023-03-19 07:09,4050334067,3145728,1048576,5,region5_312948039
2023-03-19 07:09,4047891712,842,208,2,region5_312948043
2023-03-19 07:09,4047945240,7458440,930168,2,region5_312948041
2023-03-19 07:09,4047824517,7564838,824804,2,region5_312948045
2023-03-19 07:09,4048339064,0,8388608,5,region5_312948039
2023-03-19 07:09,4048674563,3145728,1048576,5,region5_312948039
2023-03-19 07:09,4047782375,0,624,4,region5_312948061
2023-03-19 07:09,4048232177,0,194848,2,region5_312948047
2023-03-19 07:09,4050334067,4194304,1048576,5,region5_312948039
2023-03-19 07:09,4050521962,0,8388608,5,region5_312948039
2023-03-19 07:09,4050533958,3145728,1048576,5,region5_312948039
2023-03-19 07:09,4047852494,0,8388608,4,region5_312948044
2023-03-19 07:09,4047824517,7564838,824804,2,region5_312948045
2023-03-19 07:09,4048064448,0,384,2,region5_312948043
2023-03-19 07:09,4048674563,4194304,7695,5,region5_312948039
2023-03-19 07:09,4050334067,5242880,1048576,5,region5_312948039
2023-03-19 07:09,4048491593,0,1048576,5,region5_312948039
2023-03-19 07:09,4048623412,1307457,715313,2,region5_312948041
2023-03-19 07:09,4050215474,0,7277311,2,region5_312948041
2023-03-19 07:09,4050533958,4194304,813989,5,region5_312948039
2023-03-19 07:09,4047827032,0,8508200,3,region5_312948051
2023-03-19 07:09,4047838320,6523999,112954,2,region5_312948041
2023-03-19 07:09,4047838320,4473896,87259,2,region5_312948041
2023-03-19 07:09,4047838320,384098,2041070,2,region5_312948041
2023-03-19 07:09,4048252903,7622829,765779,2,region5_312948046
2023-03-19 07:09,4048326086,0,8388608,4,region5_312948040
2023-03-19 07:09,4048623412,0,1084748,2,region5_312948041
2023-03-19 07:09,4048681470,1318912,2105344,2,region5_312948050
2023-03-19 07:09,4050334067,6291456,1048576,5,region5_312948039
2023-03-19 07:09,4048448877,0,8388608,5,region5_312948039
2023-03-19 07:09,4047890583,0,88831,2,region5_312948047
2023-03-19 07:09,4047975806,8142272,4190336,2,region5_312948043
2023-03-19 07:09,4048044087,0,1048576,5,region5_312948039
2023-03-19 07:09,4050552754,0,1122920,2,region5_312948047
2023-03-19 07:09,4047803907,0,1048576,5,region5_312948039
2023-03-19 07:09,4048550218,0,1048576,5,region5_312948039
2023-03-19 07:09,4050334067,7340032,1048576,5,region5_312948039
2023-03-19 07:09,4047803907,1048576,1048576,5,region5_312948039
2023-03-19 07:09,4047942158,3006464,2117632,2,region5_312948050
2023-03-19 07:09,4047942158,888832,2117632,2,region5_312948050
2023-03-19 07:09,4047942158,5124096,2138112,2,region5_312948050
2023-03-19 07:09,4047942158,0,888832,2,region5_312948050
2023-03-19 07:09,4047942158,7262208,1126400,2,region5_312948050
2023-03-19 07:09,4048044087,1048576,1048576,5,region5_312948039
2023-03-19 07:09,4048550218,1048576,1048576,5,region5_312948039
2023-03-19 07:09,4050197976,0,1048576,5,region5_312948039
2023-03-19 07:09,4048889161,0,1048576,5,region5_312948039
2023-03-19 07:09,4049186470,1329997,7058611,2,region5_312948041
2023-03-19 07:09,4048044087,2097152,1048576,5,region5_312948039
2023-03-19 07:09,4048550218,2097152,1048576,5,region5_312948039
2023-03-19 07:09,4048786443,0,5932400,5,region5_312948039
2023-03-19 07:09,4050197976,1048576,748342,5,region5_312948039
2023-03-19 07:09,4050334067,8388608,92960,5,region5_312948039
2023-03-19 07:09,4047761890,0,7502124,2,region5_312948044
2023-03-19 07:09,4048044087,4194304,1048576,5,region5_312948039
2023-03-19 07:09,4048044087,3145728,1048576,5,region5_312948039
2023-03-19 07:09,4048550218,3145728,1048576,5,region5_312948039
2023-03-19 07:09,4048729451,1286817,7101791,2,region5_312948041
2023-03-19 07:09,4048889161,1048576,1048576,5,region5_312948039
2023-03-19 07:09,4048044087,6291456,1048576,5,region5_312948039
2023-03-19 07:09,4048044087,5242880,1048576,5,region5_312948039
2023-03-19 07:09,4048309253,0,1001256,2,region5_312948047
2023-03-19 07:09,4048309253,5291767,478036,2,region5_312948047
2023-03-19 07:09,4048550218,4194304,1048576,5,region5_312948039
2023-03-19 07:09,4048327223,7437216,48,2,region5_312948043
2023-03-19 07:09,4048550218,6291456,1048576,5,region5_312948039
2023-03-19 07:09,4048550218,5242880,1048576,5,region5_312948039
2023-03-19 07:09,4048889161,2097152,1048576,5,region5_312948039
2023-03-19 07:09,4050535951,0,7412355,3,region5_312948042
2023-03-19 07:09,4048044087,7340032,1048576,5,region5_312948039
2023-03-19 07:09,4048502102,0,1048576,5,region5_312948039
2023-03-19 07:09,4048550218,7340032,1048576,5,region5_312948039
2023-03-19 07:09,4048889161,3145728,1048576,5,region5_312948039
2023-03-19 07:09,4050286516,0,8375397,3,region5_312948042
2023-03-19 07:09,4048044087,8388608,1048576,5,region5_312948039
2023-03-19 07:09,4047846327,8256938,131670,2,region5_312948046
2023-03-19 07:09,4047846327,701320,426662,2,region5_312948046
2023-03-19 07:09,4048681470,3424256,406292,2,region5_312948050
2023-03-19 07:09,4047814948,0,70613,2,region5_312948045
2023-03-19 07:09,4047803907,4194304,1048576,5,region5_312948039
2023-03-19 07:09,4047803907,3145728,1048576,5,region5_312948039
2023-03-19 07:09,4047803907,2097152,1048576,5,region5_312948039
2023-03-19 07:09,4048044087,10485760,1048576,5,region5_312948039
2023-03-19 07:09,4048044087,9437184,1048576,5,region5_312948039
2023-03-19 07:09,4048878232,0,8388608,2,region5_312948041
2023-03-19 07:09,4048889161,4194304,1048576,5,region5_312948039
2023-03-19 07:09,4047803907,5242880,1048576,5,region5_312948039
2023-03-19 07:09,4048682580,0,6763362,2,region5_312948041
2023-03-19 07:09,4048889161,5242880,1048576,5,region5_312948039
2023-03-19 07:09,4048684516,0,5668923,4,region5_312948040
2023-03-19 07:09,4049905458,5500290,2888318,2,region5_312948041
2023-03-19 07:09,4049905458,0,1498017,2,region5_312948041
2023-03-19 07:09,4048044087,11534336,1048576,5,region5_312948039
2023-03-19 07:09,4048502102,1048576,1048576,5,region5_312948039
2023-03-19 07:09,4048889161,6291456,1048576,5,region5_312948039
2023-03-19 07:09,4050309794,3584000,2121728,2,region5_312948053
2023-03-19 07:09,4050309794,7827456,561152,2,region5_312948053
2023-03-19 07:09,4050309794,5705728,2121728,2,region5_312948053
2023-03-19 07:09,4050309794,1470464,2113536,2,region5_312948053
2023-03-19 07:09,4050309794,0,1470464,2,region5_312948053
2023-03-19 07:09,4048044087,12582912,1048576,5,region5_312948039
2023-03-19 07:09,4048889161,7340032,1048576,5,region5_312948039
2023-03-19 07:09,4050337121,0,5039935,2,region5_312948041
2023-03-19 07:09,4047699512,0,8388608,4,region5_312948044
2023-03-19 07:09,4047803907,6291456,1048576,5,region5_312948039
2023-03-19 07:09,4048044087,13631488,967700,5,region5_312948039
2023-03-19 07:09,4048790951,0,1048576,5,region5_312948039
2023-03-19 07:09,4047947625,0,8368468,3,region5_312948042
2023-03-19 07:09,4048333342,0,8388608,5,region5_312948039
2023-03-19 07:09,4048790951,1048576,1048576,5,region5_312948039
2023-03-19 07:09,4048232177,0,194848,2,region5_312948047
2023-03-19 07:09,4048345123,1077248,2101248,2,region5_312948053
2023-03-19 07:09,4048345123,5283840,2117632,2,region5_312948053
2023-03-19 07:09,4048345123,3178496,2105344,2,region5_312948053
2023-03-19 07:09,4048345123,0,1077248,2,region5_312948053
2023-03-19 07:09,4048790951,2097152,20765,5,region5_312948039
2023-03-19 07:09,4047937856,0,7188,2,region5_312948043
2023-03-19 07:09,4048345123,7401472,987136,2,region5_312948053
2023-03-19 07:09,4048502102,2097152,1048576,5,region5_312948039
2023-03-19 07:09,4047937871,0,914933,2,region5_312948041
2023-03-19 07:09,4047960315,4017715,161180,2,region5_312948041
2023-03-19 07:09,4048189952,0,5153208,2,region5_312948041
2023-03-19 07:09,4050337080,0,753107,2,region5_312948046
2023-03-19 07:09,4047803907,7340032,1048576,5,region5_312948039
2023-03-19 07:09,4048084577,0,7418369,3,region5_312948042
2023-03-19 07:09,4050337080,4377458,2635705,2,region5_312948046
2023-03-19 07:09,4050337080,2110658,803078,2,region5_312948046
2023-03-19 07:09,4048693715,0,8388608,5,region5_312948039
2023-03-19 07:09,4047804822,0,8388608,4,region5_312948050
2023-03-19 07:09,4047796275,3899284,139909,2,region5_312948045
2023-03-19 07:09,4047796275,39932,54,2,region5_312948045
2023-03-19 07:10,4047959154,4547688,3598968,2,region5_312948041
2023-03-19 07:10,4047796275,3112441,162577,2,region5_312948045
2023-03-19 07:10,4048251839,7570762,817846,2,region5_312948047
2023-03-19 07:10,4048251839,5447,7565315,2,region5_312948047
2023-03-19 07:10,4048502102,3145728,1048576,5,region5_312948039
2023-03-19 07:10,4048893790,4783899,3604709,2,region5_312948047
2023-03-19 07:10,4048927745,0,8011414,3,region5_312948042
2023-03-19 07:10,4048461053,1227307,801932,2,region5_312948051
2023-03-19 07:10,4047707091,2997134,622158,2,region5_312948046
2023-03-19 07:10,4048923263,0,4071,2,region5_312948043
2023-03-19 07:10,4047881032,0,8388608,5,region5_312948039
2023-03-19 07:10,4048540715,1048576,870695,5,region5_312948039
2023-03-19 07:10,4048540715,0,1048576,5,region5_312948039
2023-03-19 07:10,4048730660,1874332,5224386,2,region5_312948041
2023-03-19 07:10,4048940143,1453505,15877,2,region5_312948041
2023-03-19 07:10,4047970336,7254580,1134028,2,region5_312948047
2023-03-19 07:10,4048406236,1240803,7147805,2,region5_312948041
2023-03-19 07:10,4047970336,7254580,1134028,2,region5_312948047
2023-03-19 07:10,4048925450,0,8388608,4,region5_312948054
2023-03-19 07:10,4047852017,0,8388608,2,region5_312948046
2023-03-19 07:10,4048010225,0,1048576,5,region5_312948039
2023-03-19 07:10,4048102909,3140608,167936,2,region5_312948043
2023-03-19 07:10,4048502102,4194304,1048576,5,region5_312948039
2023-03-19 07:10,4048530148,0,8481568,5,region5_312948039
2023-03-19 07:10,4048703399,0,8388608,2,region5_312948051
2023-03-19 07:10,4048010225,1048576,1048576,5,region5_312948039
2023-03-19 07:10,4048745522,0,8481568,5,region5_312948039
2023-03-19 07:10,4047754572,0,209158,1,region5_312948042
2023-03-19 07:10,4047932624,0,413740,1,region5_312948051
2023-03-19 07:10,4048062582,1037705,1156268,2,region5_312948041
2023-03-19 07:10,4047851982,0,8388608,5,region5_312948039
2023-03-19 07:10,4047945011,0,8388608,2,region5_312948041
2023-03-19 07:10,4048010225,2097152,1048576,5,region5_312948039
2023-03-19 07:10,4048398830,8269824,118784,2,region5_312948054
2023-03-19 07:10,4048398830,0,8269824,2,region5_312948054
2023-03-19 07:10,4047814948,0,70613,2,region5_312948045
2023-03-19 07:10,4047917411,3457465,4859794,2,region5_312948046
2023-03-19 07:10,4047917411,0,1534106,2,region5_312948046
2023-03-19 07:10,4048010225,3145728,1048576,5,region5_312948039
2023-03-19 07:10,4050556506,0,8373923,1,region5_312948042
2023-03-19 07:10,4047796275,869025,62608,2,region5_312948045
2023-03-19 07:10,4047796275,39932,54,2,region5_312948045
2023-03-19 07:10,4048010225,4194304,1048576,5,region5_312948039
2023-03-19 07:10,4048502102,5242880,1048576,5,region5_312948039
2023-03-19 07:10,4048689083,0,8388608,2,region5_312948041
2023-03-19 07:10,4047796275,2952925,159516,2,region5_312948045
2023-03-19 07:10,4048010225,5242880,1048576,5,region5_312948039
2023-03-19 07:10,4048938934,381962,646416,2,region5_312948041
2023-03-19 07:10,4047777730,0,1700621,2,region5_312948051
2023-03-19 07:10,4048010225,6291456,1048576,5,region5_312948039
2023-03-19 07:10,4048206246,6350866,43846,2,region5_312948041
2023-03-19 07:10,4048938934,0,166348,2,region5_312948041
2023-03-19 07:10,4047727736,0,238166,2,region5_312948041
2023-03-19 07:10,4048010225,7340032,1048576,5,region5_312948039
2023-03-19 07:10,4047970336,7254580,1134028,2,region5_312948047
2023-03-19 07:10,4047847320,1285650,65442,2,region5_312948047
2023-03-19 07:10,4048447603,4108568,153147,2,region5_312948041
2023-03-19 07:10,4048502102,6291456,1048576,5,region5_312948039
2023-03-19 07:10,4049051736,1280,256,2,region5_312948043
2023-03-19 07:10,4047954785,5227620,2668293,2,region5_312948041
2023-03-19 07:10,4047954785,6847337,1048576,2,region5_312948041
2023-03-19 07:10,4047894801,0,6865952,2,region5_312948049
2023-03-19 07:10,4047894801,6978912,1502656,2,region5_312948049
2023-03-19 07:10,4047954785,4510863,523338,2,region5_312948041
2023-03-19 07:10,4047954785,0,2966547,2,region5_312948041
2023-03-19 07:10,4048624110,0,7348331,2,region5_312948041
2023-03-19 07:10,4049004717,0,620,4,region5_312948061
2023-03-19 07:10,4047894801,0,8481568,2,region5_312948049
2023-03-19 07:10,4048903374,3349049,1046056,2,region5_312948051
2023-03-19 07:10,4048903374,2093111,142035,2,region5_312948051
2023-03-19 07:10,4048903374,5995844,1360272,2,region5_312948051
2023-03-19 07:10,4047814948,0,70613,2,region5_312948045
2023-03-19 07:10,4048072937,0,8388608,2,region5_312948041
2023-03-19 07:10,4048529313,0,19769,2,region5_312948050
2023-03-19 07:10,4047783624,0,8375577,3,region5_312948042
2023-03-19 07:10,4047932624,2510892,2097152,1,region5_312948051
2023-03-19 07:10,4047932624,413740,2097152,1,region5_312948051
2023-03-19 07:10,4048168916,0,8388608,5,region5_312948039
2023-03-19 07:10,4048442406,0,605358,3,region5_312948042
2023-03-19 07:10,4048502102,7340032,1048576,5,region5_312948039
2023-03-19 07:10,4049270024,0,4102743,5,region5_312948039
2023-03-19 07:10,4047921980,4273924,1411557,2,region5_312948046
2023-03-19 07:10,4047932624,8802348,2097152,1,region5_312948051
2023-03-19 07:10,4047932624,6705196,2097152,1,region5_312948051
2023-03-19 07:10,4047932624,4608044,2097152,1,region5_312948051
2023-03-19 07:10,4048407151,0,451270,4,region5_312948044
2023-03-19 07:10,4048971827,1703404,6685204,2,region5_312948041
2023-03-19 07:10,4047784051,0,7031077,2,region5_312948041
2023-03-19 07:10,4047796275,39932,325993,2,region5_312948045
2023-03-19 07:10,4047796275,2952925,159516,2,region5_312948045
2023-03-19 07:10,4048534400,0,1048576,5,region5_312948039
2023-03-19 07:10,4048630263,355633,366582,2,region5_312948047
2023-03-19 07:10,4048912716,2456549,149952,2,region5_312948041
2023-03-19 07:10,4048534400,1048576,1021210,5,region5_312948039
2023-03-19 07:10,4048897301,0,5252953,6,region5_312948039
2023-03-19 07:10,4047896084,0,7590616,2,region5_312948047
2023-03-19 07:10,4047896084,7590616,797992,2,region5_312948047
2023-03-19 07:10,4047709470,2535511,1607038,2,region5_312948045
2023-03-19 07:10,4047934215,7334877,1048576,2,region5_312948047
2023-03-19 07:10,4047966858,0,1396736,2,region5_312948053
2023-03-19 07:10,4048171822,4194304,2097152,1,region5_312948051
2023-03-19 07:10,4048171822,2097152,2097152,1,region5_312948051
2023-03-19 07:10,4048171822,0,2097152,1,region5_312948051
2023-03-19 07:10,4048757012,2863436,681238,2,region5_312948041
2023-03-19 07:10,4049019090,0,1093143,2,region5_312948041
2023-03-19 07:10,4047906538,5118467,3270141,2,region5_312948041
2023-03-19 07:10,4047966858,1396736,2117632,2,region5_312948053
2023-03-19 07:10,4048171822,8388608,2097152,1,region5_312948051
2023-03-19 07:10,4048171822,6291456,2097152,1,region5_312948051
2023-03-19 07:10,4048789480,0,8388608,5,region5_312948039
2023-03-19 07:10,4049253958,0,950,2,region5_312948043
2023-03-19 07:10,4047888763,5808072,2811,2,region5_312948041
2023-03-19 07:10,4047888763,8079027,4652,2,region5_312948041
2023-03-19 07:10,4047888763,3735260,1875,2,region5_312948041
2023-03-19 07:10,4047888763,1040839,871277,2,region5_312948041
2023-03-19 07:10,4048171822,12582912,2097152,1,region5_312948051
2023-03-19 07:10,4048171822,10485760,2097152,1,region5_312948051
2023-03-19 07:10,4048476382,2376011,1479742,2,region5_312948041
2023-03-19 07:10,4047966858,3514368,2105344,2,region5_312948053
2023-03-19 07:10,4048171822,18874368,2097152,1,region5_312948051
2023-03-19 07:10,4048171822,16777216,2097152,1,region5_312948051
2023-03-19 07:10,4048171822,14680064,2097152,1,region5_312948051
2023-03-19 07:10,4048461042,0,2139856,2,region5_312948043
2023-03-19 07:10,4048630263,78046,6263,2,region5_312948047
2023-03-19 07:10,4047966858,5619712,2071115,2,region5_312948053
2023-03-19 07:10,4048171822,23068672,2097152,1,region5_312948051
2023-03-19 07:10,4048171822,20971520,2097152,1,region5_312948051
2023-03-19 07:10,4048179559,6793672,1469193,2,region5_312948041
2023-03-19 07:10,4048402291,7233695,1154913,2,region5_312948048
2023-03-19 07:10,4048402291,0,7233695,2,region5_312948048
2023-03-19 07:10,4047932624,10899500,2097152,1,region5_312948051
2023-03-19 07:10,4048691507,0,657,4,region5_312948061
2023-03-19 07:10,4048863823,0,10970,2,region5_312948043
2023-03-19 07:10,4047795768,3,1043813,2,region5_312948047
2023-03-19 07:10,4049231147,7811072,577536,2,region5_312948053
2023-03-19 07:10,4049231147,5689344,2121728,2,region5_312948053
2023-03-19 07:10,4049231147,1462272,2101248,2,region5_312948053
2023-03-19 07:10,4049231147,3563520,2125824,2,region5_312948053
2023-03-19 07:10,4049231147,0,1462272,2,region5_312948053
2023-03-19 07:10,4048088528,6410857,1977751,2,region5_312948046
2023-03-19 07:10,4048088528,182228,4543338,2,region5_312948046
2023-03-19 07:10,4047932624,19288108,2097152,1,region5_312948051
2023-03-19 07:10,4047932624,17190956,2097152,1,region5_312948051
2023-03-19 07:10,4047932624,15093804,2097152,1,region5_312948051
2023-03-19 07:10,4047932624,12996652,2097152,1,region5_312948051
2023-03-19 07:10,4047895674,0,4945579,2,region5_312948041
2023-03-19 07:10,4048942507,0,1048576,5,region5_312948039
2023-03-19 07:10,4048944809,4018752,4462816,2,region5_312948043
2023-03-19 07:10,4049365025,0,8388608,4,region5_312948054
2023-03-19 07:10,4047932624,21385260,2097152,1,region5_312948051
2023-03-19 07:10,4048029877,0,8388608,2,region5_312948046
2023-03-19 07:10,4048275534,8848448,48,2,region5_312948043
2023-03-19 07:10,4048384881,1393639,675697,2,region5_312948041
2023-03-19 07:10,4048942507,1048576,1048576,5,region5_312948039
2023-03-19 07:10,4048384881,15933,1153786,2,region5_312948041
2023-03-19 07:10,4048536622,0,1702841,2,region5_312948051
2023-03-19 07:10,4048334914,0,8388608,2,region5_312948046
2023-03-19 07:10,4047814948,0,70613,2,region5_312948045
2023-03-19 07:10,4048344440,0,5246567,2,region5_312948043
2023-03-19 07:10,4049419070,0,128,2,region5_312948043
2023-03-19 07:10,4048139986,0,7680248,2,region5_312948041
2023-03-19 07:10,4049085565,0,4833248,5,region5_312948039
2023-03-19 07:10,4048375125,2729814,1935392,2,region5_312948041
2023-03-19 07:10,4048706698,2838682,1048576,1,region5_312948042
2023-03-19 07:10,4048942507,2097152,1048576,5,region5_312948039
2023-03-19 07:10,4049029677,0,7545192,1,region5_312948042
2023-03-19 07:10,4047934215,7856204,251139,2,region5_312948047
2023-03-19 07:10,4047934215,7334877,1048576,2,region5_312948047
2023-03-19 07:10,4047997886,8192,268135,2,region5_312948043
2023-03-19 07:10,4047997886,0,176,2,region5_312948043
2023-03-19 07:10,4048884585,3811200,48,2,region5_312948043
2023-03-19 07:10,4048233264,5472964,1048576,1,region5_312948042
2023-03-19 07:10,4048942507,3145728,1048576,5,region5_312948039
2023-03-19 07:10,4047934215,0,4804883,2,region5_312948047
2023-03-19 07:10,4047934215,4804883,3051321,2,region5_312948047
2023-03-19 07:10,4049490571,0,5141639,5,region5_312948057
2023-03-19 07:10,4048381333,0,1048576,5,region5_312948039
2023-03-19 07:10,4048942507,4194304,1048576,5,region5_312948039
2023-03-19 07:10,4048180029,842624,48,2,region5_312948043
2023-03-19 07:10,4049532382,0,2067471,2,region5_312948047
2023-03-19 07:10,4048381333,1048576,1048576,5,region5_312948039
2023-03-19 07:10,4047932624,23482412,1269672,1,region5_312948051
2023-03-19 07:10,4048529313,0,19769,2,region5_312948050
2023-03-19 07:10,4047754572,209158,1048576,1,region5_312948042
2023-03-19 07:10,4048942507,5242880,1048576,5,region5_312948039
2023-03-19 07:10,4047796275,2952925,159516,2,region5_312948045
2023-03-19 07:10,4047796275,2245254,129409,2,region5_312948045
2023-03-19 07:10,4047796275,39932,54,2,region5_312948045
2023-03-19 07:10,4048381333,2097152,1048576,5,region5_312948039
2023-03-19 07:10,4048748404,0,8388608,2,region5_312948041
2023-03-19 07:10,4047807593,761382,493239,2,region5_312948047
2023-03-19 07:10,4047914011,0,8388608,2,region5_312948041
2023-03-19 07:10,4048246414,0,8388608,2,region5_312948044
2023-03-19 07:10,4048656065,0,8481568,5,region5_312948057
2023-03-19 07:10,4048891518,0,8388608,5,region5_312948039
2023-03-19 07:10,4047979734,0,9773,2,region5_312948043
2023-03-19 07:10,4049542659,0,8388608,4,region5_312948054
2023-03-19 07:10,4048232270,0,4781021,2,region5_312948044
2023-03-19 07:10,4048713819,439475,1912401,2,region5_312948046
2023-03-19 07:10,4048942507,6291456,1048576,5,region5_312948039
2023-03-19 07:10,4047808219,0,15852,2,region5_312948054
2023-03-19 07:10,4047808219,11874,3978,2,region5_312948054
2023-03-19 07:10,4049479453,0,4113126,2,region5_312948046
2023-03-19 07:10,4049479453,5600451,2788157,2,region5_312948046
2023-03-19 07:10,4048381333,3145728,1048576,5,region5_312948039
2023-03-19 07:10,4047751507,0,688684,2,region5_312948047
2023-03-19 07:10,4048632583,0,483,2,region5_312948045
2023-03-19 07:10,4048840901,0,176,2,region5_312948043
2023-03-19 07:10,4047751507,0,688684,2,region5_312948047
2023-03-19 07:10,4049360993,0,8388608,4,region5_312948054
2023-03-19 07:10,4049491541,1958458,6430150,2,region5_312948046
2023-03-19 07:10,4049491541,0,630127,2,region5_312948046
2023-03-19 07:10,4048381333,4194304,1048576,5,region5_312948039
2023-03-19 07:10,4048712612,980409,12291,2,region5_312948041
2023-03-19 07:10,4049513766,0,7993243,3,region5_312948042
2023-03-19 07:10,4049527226,0,659058,2,region5_312948043
2023-03-19 07:10,4047800750,830488,1048576,2,region5_312948047
2023-03-19 07:10,4048942507,7340032,1048576,5,region5_312948039
2023-03-19 07:10,4049527226,949618,691029,2,region5_312948043
2023-03-19 07:10,4049527226,0,949618,2,region5_312948043
2023-03-19 07:10,4049135094,0,8388608,5,region5_312948039
2023-03-19 07:10,4049463958,0,4801494,5,region5_312948039
2023-03-19 07:10,4048074568,7532593,856015,2,region5_312948047
2023-03-19 07:10,4048632428,0,8388608,2,region5_312948041
2023-03-19 07:10,4048860403,0,8388608,2,region5_312948044
2023-03-19 07:10,4049381855,0,8388608,5,region5_312948039
2023-03-19 07:10,4049408702,0,8388608,2,region5_312948046
2023-03-19 07:10,4048381333,5242880,1048576,5,region5_312948039
2023-03-19 07:10,4049275814,0,4091644,5,region5_312948039
2023-03-19 07:10,4048364072,10778328,80000,2,region5_312948043
2023-03-19 07:10,4049409513,0,13009274,6,region5_312948057
2023-03-19 07:10,4049518893,0,8388608,2,region5_312948041
2023-03-19 07:11,4048381333,6291456,932402,5,region5_312948039
2023-03-19 07:11,4048630263,78046,6263,2,region5_312948047
2023-03-19 07:11,4049239311,0,8388608,2,region5_312948041
2023-03-19 07:11,4048369423,0,8388608,2,region5_312948041
2023-03-19 07:11,4048561331,0,8388608,4,region5_312948047
2023-03-19 07:11,4048884404,214189,752792,2,region5_312948051
2023-03-19 07:11,4049485921,0,8388608,4,region5_312948044
2023-03-19 07:11,4048402402,0,5864235,1,region5_312948042
2023-03-19 07:11,4049407582,0,7380671,2,region5_312948048
2023-03-19 07:11,4048074568,7532593,856015,2,region5_312948047
2023-03-19 07:11,4048381306,0,8388608,2,region5_312948041
2023-03-19 07:11,4048497267,5782500,162368,2,region5_312948041
2023-03-19 07:11,4048074568,7532593,856015,2,region5_312948047
2023-03-19 07:11,4048480588,0,2239189,2,region5_312948041
2023-03-19 07:11,4047722784,899640,1184225,2,region5_312948047
2023-03-19 07:11,4049266070,6780777,1318084,2,region5_312948047
2023-03-19 07:11,4049407582,7380671,1007937,2,region5_312948048
2023-03-19 07:11,4049694998,6042809,2345799,2,region5_312948051
2023-03-19 07:11,4048480588,8344641,43967,2,region5_312948041
2023-03-19 07:11,4048480588,4249051,163976,2,region5_312948041
2023-03-19 07:11,4047751507,0,688684,2,region5_312948047
2023-03-19 07:11,4049629979,3289088,2105344,2,region5_312948053
2023-03-19 07:11,4049629979,1183744,2105344,2,region5_312948053
2023-03-19 07:11,4049629979,0,1183744,2,region5_312948053
2023-03-19 07:11,4048074568,7532593,856015,2,region5_312948047
2023-03-19 07:11,4047751507,0,688684,2,region5_312948047
2023-03-19 07:11,4049629979,7507968,880640,2,region5_312948053
2023-03-19 07:11,4049629979,5394432,2113536,2,region5_312948053
2023-03-19 07:11,4048402402,5864235,1351521,1,region5_312948042
2023-03-19 07:11,4048409415,7096576,707584,2,region5_312948043
2023-03-19 07:11,4048447603,4108568,153147,2,region5_312948041
2023-03-19 07:11,4049060438,5221397,3167211,2,region5_312948046
2023-03-19 07:11,4049097991,7977634,410974,2,region5_312948046
2023-03-19 07:11,4049153438,0,10447936,5,region5_312948039
2023-03-19 07:11,4048298430,1351250,7037358,2,region5_312948046
2023-03-19 07:11,4049769440,0,8380254,3,region5_312948042
2023-03-19 07:11,4047722784,899640,456134,2,region5_312948047
2023-03-19 07:11,4048970871,0,7165978,5,region5_312948057
2023-03-19 07:11,4049145800,0,8388608,5,region5_312948039
2023-03-19 07:11,4048672528,4431190,2901175,2,region5_312948047
2023-03-19 07:11,4048672528,0,4431190,2,region5_312948047
2023-03-19 07:11,4047800750,830488,1048576,2,region5_312948047
2023-03-19 07:11,4048455253,0,8388608,5,region5_312948039
2023-03-19 07:11,4047800750,0,1822972,2,region5_312948047
2023-03-19 07:11,4048483995,77716,463749,2,region5_312948047
2023-03-19 07:11,4049808529,0,8388608,5,region5_312948039
2023-03-19 07:11,4048467586,3443017,4945591,2,region5_312948041
2023-03-19 07:11,4048467586,29224,43854,2,region5_312948041
2023-03-19 07:11,4048630263,1319618,10591,2,region5_312948047
2023-03-19 07:11,4049183914,0,8388608,2,region5_312948046
2023-03-19 07:11,4049199464,6667584,1813984,2,region5_312948043
2023-03-19 07:11,4049229309,6966915,1347976,2,region5_312948041
2023-03-19 07:11,4049229309,3272885,37,2,region5_312948041
2023-03-19 07:11,4049229309,0,1510944,2,region5_312948041
2023-03-19 07:11,4049782640,2405616,532465,2,region5_312948041
2023-03-19 07:11,4049782640,709856,9303,2,region5_312948041
2023-03-19 07:11,4048640487,0,8388608,2,region5_312948046
2023-03-19 07:11,4049681051,0,8388608,2,region5_312948041
2023-03-19 07:11,4048526976,0,8388608,2,region5_312948041
2023-03-19 07:11,4048751139,0,2394,2,region5_312948043
2023-03-19 07:11,4048244528,596752,944140,2,region5_312948041
2023-03-19 07:11,4048074568,0,8088726,2,region5_312948047
2023-03-19 07:11,4049648755,0,1275213,1,region5_312948042
2023-03-19 07:11,4048232177,0,194848,2,region5_312948047
2023-03-19 07:11,4048232177,0,194848,2,region5_312948047
2023-03-19 07:11,4047800750,830488,1048576,2,region5_312948047
2023-03-19 07:11,4048218433,0,6730969,2,region5_312948041
2023-03-19 07:11,4048880737,3729018,1048576,2,region5_312948041
2023-03-19 07:11,4048880737,3124827,1652767,2,region5_312948041
2023-03-19 07:11,4049703489,0,3809440,2,region5_312948049
2023-03-19 07:11,4048232177,0,194848,2,region5_312948047
2023-03-19 07:11,4048880737,0,878448,2,region5_312948041
2023-03-19 07:11,4049036790,7792744,595864,2,region5_312948041
2023-03-19 07:11,4049036790,0,349387,2,region5_312948041
2023-03-19 07:11,4049610726,0,8388608,2,region5_312948041
2023-03-19 07:11,4048626091,0,7531740,2,region5_312948047
2023-03-19 07:11,4049221494,0,8388608,2,region5_312948041
2023-03-19 07:11,4049703489,3809440,4672128,2,region5_312948049
2023-03-19 07:11,4049703489,3809488,4672080,2,region5_312948049
2023-03-19 07:11,4048626091,7531740,856868,2,region5_312948047
2023-03-19 07:11,4049311091,0,2067782,2,region5_312948047
2023-03-19 07:11,4049458647,0,8366125,1,region5_312948042
2023-03-19 07:11,4049555934,1266555,12910,2,region5_312948041
2023-03-19 07:11,4049875675,0,5137450,2,region5_312948041
2023-03-19 07:11,4048632583,0,483,2,region5_312948045
2023-03-19 07:11,4047976139,0,962571,6,region5_312948039
2023-03-19 07:11,4049766677,0,8481568,5,region5_312948039
2023-03-19 07:11,4047976139,0,641714,5,region5_312948039
2023-03-19 07:11,4048755261,7527349,182712,2,region5_312948046
2023-03-19 07:11,4048755261,4371432,335148,2,region5_312948046
2023-03-19 07:11,4048755261,0,1636922,2,region5_312948046
2023-03-19 07:11,4049010438,4415512,1514678,2,region5_312948047
2023-03-19 07:11,4049010438,5930190,1048576,2,region5_312948047
2023-03-19 07:11,4049270121,0,7762409,2,region5_312948047
2023-03-19 07:11,4047824517,7564838,824804,2,region5_312948045
2023-03-19 07:11,4047824517,7564838,824804,2,region5_312948045
2023-03-19 07:11,4047824517,7564838,824804,2,region5_312948045
2023-03-19 07:11,4048480588,4249051,163976,2,region5_312948041
2023-03-19 07:11,4048480588,0,2239189,2,region5_312948041
2023-03-19 07:11,4048480588,8344641,43967,2,region5_312948041
2023-03-19 07:11,4048985641,0,4977566,2,region5_312948041
2023-03-19 07:11,4049010438,0,4415512,2,region5_312948047
2023-03-19 07:11,4049311091,2067782,6320826,2,region5_312948047
2023-03-19 07:11,4049933779,0,1193421,2,region5_312948051
2023-03-19 07:11,4049952421,0,2749176,5,region5_312948039
2023-03-19 07:11,4048761672,6334715,1574438,1,region5_312948042
2023-03-19 07:11,4049566177,0,14351,5,region5_312948039
2023-03-19 07:11,4048129996,6267239,1393582,2,region5_312948041
2023-03-19 07:11,4048129996,1517611,188853,2,region5_312948041
2023-03-19 07:11,4049167584,946466,21,2,region5_312948041
2023-03-19 07:11,4049216068,0,1048576,5,region5_312948039
2023-03-19 07:11,4049475095,331104,30336,2,region5_312948043
2023-03-19 07:11,4049575238,0,3904468,2,region5_312948041
2023-03-19 07:11,4048015026,3224857,604084,2,region5_312948041
2023-03-19 07:11,4048868907,79464,8309144,2,region5_312948041
2023-03-19 07:11,4049216068,1048576,987874,5,region5_312948039
2023-03-19 07:11,4049273997,0,8388608,5,region5_312948039
2023-03-19 07:11,4049545615,7545175,843433,2,region5_312948047
2023-03-19 07:11,4049545615,7545175,843433,2,region5_312948047
2023-03-19 07:11,4049545615,0,7545175,2,region5_312948047
2023-03-19 07:11,4048143127,726458,1048576,1,region5_312948042
2023-03-19 07:11,4050002383,3784012,4604596,2,region5_312948047
2023-03-19 07:11,4050002383,0,3784012,2,region5_312948047
2023-03-19 07:11,4048668186,1869861,83894,2,region5_312948041
2023-03-19 07:11,4049194668,0,2978981,5,region5_312948039
2023-03-19 07:11,4049526213,4048192,65582,2,region5_312948043
2023-03-19 07:11,4047983429,1881020,95382,2,region5_312948041
2023-03-19 07:11,4049266257,0,6185715,2,region5_312948046
2023-03-19 07:11,4049266257,7511930,876678,2,region5_312948046
2023-03-19 07:11,4047985207,0,8388608,2,region5_312948041
2023-03-19 07:11,4049460901,3568854,1602075,2,region5_312948041
2023-03-19 07:11,4049460901,4122353,1048576,2,region5_312948041
2023-03-19 07:11,4049526213,4113774,223976,2,region5_312948043
2023-03-19 07:11,4049745842,5682608,2798960,2,region5_312948043
2023-03-19 07:11,4049745842,0,7377728,2,region5_312948043
2023-03-19 07:11,4050074219,942499,17879,2,region5_312948041
2023-03-19 07:11,4048948241,2755463,5633145,2,region5_312948046
2023-03-19 07:11,4048948241,0,1340600,2,region5_312948046
2023-03-19 07:11,4049019143,0,3369736,3,region5_312948042
2023-03-19 07:11,4050062104,0,8388608,4,region5_312948047
2023-03-19 07:11,4047722784,202129,1881736,2,region5_312948047
2023-03-19 07:11,4048926071,0,128,2,region5_312948043
2023-03-19 07:11,4049084261,0,8388608,2,region5_312948046
2023-03-19 07:11,4048926071,0,128,2,region5_312948043
2023-03-19 07:11,4048779025,0,780967,2,region5_312948046
2023-03-19 07:11,4049303051,5582330,2806278,2,region5_312948046
2023-03-19 07:11,4049303051,0,2536688,2,region5_312948046
2023-03-19 07:11,4048630263,0,84309,2,region5_312948047
2023-03-19 07:11,4050211872,0,1129790,2,region5_312948041
2023-03-19 07:11,4049914074,0,8388608,5,region5_312948039
2023-03-19 07:11,4049449356,0,8736544,5,region5_312948039
2023-03-19 07:11,4049516897,0,8017241,3,region5_312948042
2023-03-19 07:11,4048122062,0,8388608,2,region5_312948051
2023-03-19 07:11,4049269061,0,8381484,3,region5_312948047
2023-03-19 07:11,4049448203,0,8388608,5,region5_312948039
2023-03-19 07:11,4048630263,1088530,436969,2,region5_312948047
2023-03-19 07:11,4048942494,0,1048576,5,region5_312948039
2023-03-19 07:11,4048021358,0,2266,2,region5_312948043
2023-03-19 07:11,4049869890,0,25165824,3,region5_312948051
2023-03-19 07:11,4049122138,0,8481568,5,region5_312948039
2023-03-19 07:11,4049129917,0,16199092,6,region5_312948057
2023-03-19 07:11,4049262877,0,1303161,2,region5_312948046
2023-03-19 07:11,4049147020,0,2881448,2,region5_312948041
2023-03-19 07:11,4048967230,0,4197344,4,region5_312948044
2023-03-19 07:11,4049081965,910530,114764,2,region5_312948041
2023-03-19 07:11,4049158051,0,1393644,2,region5_312948051
2023-03-19 07:11,4048942494,1048576,1048576,5,region5_312948039
2023-03-19 07:11,4047752465,0,105600,2,region5_312948047
2023-03-19 07:11,4050272309,520192,2109440,2,region5_312948053
2023-03-19 07:11,4050272309,4747264,2117632,2,region5_312948053
2023-03-19 07:11,4050272309,2629632,2117632,2,region5_312948053
2023-03-19 07:11,4050272309,0,520192,2,region5_312948053
2023-03-19 07:11,4048942494,2097152,1048576,5,region5_312948039
2023-03-19 07:11,4050272309,6864896,1523712,2,region5_312948053
2023-03-19 07:11,4049652704,0,8481568,5,region5_312948039
2023-03-19 07:11,4050188164,0,6187924,2,region5_312948041
2023-03-19 07:11,4049233332,0,8388608,2,region5_312948067
2023-03-19 07:11,4049648755,1275213,1574438,1,region5_312948042
2023-03-19 07:11,4048114720,0,3880660,2,region5_312948047
2023-03-19 07:11,4048942494,3145728,1048576,5,region5_312948039
2023-03-19 07:11,4048969531,0,6501268,5,region5_312948057
2023-03-19 07:11,4049153326,0,4082,1,region5_312948042
2023-03-19 07:11,4048630263,0,1334513,2,region5_312948047
2023-03-19 07:11,4047754572,1257734,1048576,1,region5_312948042
2023-03-19 07:11,4048942494,4194304,1048576,5,region5_312948039
2023-03-19 07:11,4049267073,0,8365462,3,region5_312948042
2023-03-19 07:11,4048114720,3948724,722707,2,region5_312948047
2023-03-19 07:11,4050189196,0,7250078,2,region5_312948041
2023-03-19 07:11,4049319357,0,8388608,2,region5_312948041
2023-03-19 07:11,4049391363,0,8388608,2,region5_312948044
2023-03-19 07:11,4050120157,8306559,82049,2,region5_312948048
2023-03-19 07:11,4050325290,0,1048576,5,region5_312948039
2023-03-19 07:11,4048233264,6521540,1048576,1,region5_312948042
2023-03-19 07:11,4050325290,1048576,1048576,5,region5_312948039
2023-03-19 07:11,4048942494,5242880,1048576,5,region5_312948039
2023-03-19 07:11,4049757771,0,8481568,5,region5_312948039
2023-03-19 07:11,4048689668,1717691,1048576,2,region5_312948041
2023-03-19 07:11,4048689668,73655,2692612,2,region5_312948041
2023-03-19 07:11,4050325290,2097152,1048576,5,region5_312948039
2023-03-19 07:11,4048942494,6291456,1048576,5,region5_312948039
2023-03-19 07:11,4049689291,0,590292,2,region5_312948043
2023-03-19 07:11,4049689291,0,880852,2,region5_312948043
2023-03-19 07:11,4049321851,1980442,2871277,2,region5_312948041
2023-03-19 07:11,4049321851,1980442,2871277,2,region5_312948041
2023-03-19 07:11,4049321851,3803143,1048576,2,region5_312948041
2023-03-19 07:11,4049321851,3803143,1048576,2,region5_312948041
2023-03-19 07:11,4049321851,1980442,2871277,2,region5_312948041
2023-03-19 07:11,4049321851,3803143,1048576,2,region5_312948041
2023-03-19 07:11,4050300253,0,4844182,3,region5_312948051
2023-03-19 07:11,4050325290,3145728,1048576,5,region5_312948039
2023-03-19 07:11,4049689291,880852,13728,2,region5_312948043
2023-03-19 07:11,4049815649,0,1316665,2,region5_312948046
2023-03-19 07:11,4049862670,0,7244723,3,region5_312948042
2023-03-19 07:11,4050283549,0,6979280,2,region5_312948049
2023-03-19 07:11,4050283549,0,5777296,2,region5_312948049
2023-03-19 07:11,4050325290,4194304,1048576,5,region5_312948039
2023-03-19 07:11,4048942494,7340032,1048576,5,region5_312948039
2023-03-19 07:11,4049153326,4082,8380444,1,region5_312948042
2023-03-19 07:11,4049175995,4432910,1617361,2,region5_312948041
2023-03-19 07:11,4049175995,5001695,1048576,2,region5_312948041
2023-03-19 07:11,4049648755,2849651,1574438,1,region5_312948042
2023-03-19 07:11,4049909128,6918757,1469851,2,region5_312948041
2023-03-19 07:11,4049927260,6145932,2242676,2,region5_312948041
2023-03-19 07:11,4049321851,0,1421059,2,region5_312948041
2023-03-19 07:11,4049442773,1027790,10094,2,region5_312948047
2023-03-19 07:11,4049881718,8239872,25728,2,region5_312948043
2023-03-19 07:11,4050283549,6553232,1928336,2,region5_312948049
2023-03-19 07:11,4050365747,0,8481568,5,region5_312948039
2023-03-19 07:11,4049563143,7185856,48,2,region5_312948043
2023-03-19 07:11,4049067292,0,5030441,2,region5_312948047
2023-03-19 07:11,4049900163,0,8481568,5,region5_312948039
2023-03-19 07:11,4050147327,0,786063,4,region5_312948056
2023-03-19 07:11,4050325290,5242880,678248,5,region5_312948039
2023-03-19 07:12,4049067292,5030441,3358167,2,region5_312948047
2023-03-19 07:12,4050034220,637,874,2,region5_312948043
2023-03-19 07:12,4050002499,1117584,7363984,2,region5_312948043
2023-03-19 07:12,4050002499,0,1455056,2,region5_312948043
2023-03-19 07:12,4048706698,3887258,1048576,1,region5_312948042
2023-03-19 07:12,4050366635,0,7963088,2,region5_312948041
2023-03-19 07:12,4047974133,739388,7356013,2,region5_312948041
2023-03-19 07:12,4049335634,0,8388608,4,region5_312948054
2023-03-19 07:12,4049054070,0,2567959,2,region5_312948041
2023-03-19 07:12,4049054070,7468206,866474,2,region5_312948041
2023-03-19 07:12,4049543470,7744217,9990,2,region5_312948041
2023-03-19 07:12,4049543470,2336899,46212,2,region5_312948041
2023-03-19 07:12,4049138344,5610050,806291,2,region5_312948047
2023-03-19 07:12,4048886835,2952836,1496664,2,region5_312948041
2023-03-19 07:12,4050174044,0,1027065,2,region5_312948046
2023-03-19 07:12,4050174044,0,1027065,2,region5_312948046
2023-03-19 07:12,4050054372,1019751,1776579,2,region5_312948041
2023-03-19 07:12,4050054372,7428612,959996,2,region5_312948041
2023-03-19 07:12,4050171007,992370,1048576,2,region5_312948041
2023-03-19 07:12,4050010333,0,8388608,4,region5_312948044
2023-03-19 07:12,4050171007,0,927428,2,region5_312948041
2023-03-19 07:12,4050468593,0,917031,3,region5_312948042
2023-03-19 07:12,4047752465,0,105600,2,region5_312948047
2023-03-19 07:12,4047841935,0,14023,2,region5_312948043
2023-03-19 07:12,4049702565,0,2324974,3,region5_312948042
2023-03-19 07:12,4049708880,0,8388608,4,region5_312948054
2023-03-19 07:12,4049014817,3689349,4699259,2,region5_312948041
2023-03-19 07:12,4050314116,0,8388608,2,region5_312948041
2023-03-19 07:12,4050372992,0,1048576,5,region5_312948039
2023-03-19 07:12,4047761890,0,7502124,2,region5_312948044
2023-03-19 07:12,4049792615,0,8388608,2,region5_312948041
2023-03-19 07:12,4049950182,2111680,81600,2,region5_312948043
2023-03-19 07:12,4049815649,2686685,5701923,2,region5_312948046
2023-03-19 07:12,4050372992,1048576,1048576,5,region5_312948039
2023-03-19 07:12,4050373994,0,19973091,3,region5_312948051
2023-03-19 07:12,4050474585,1155327,183984,2,region5_312948041
2023-03-19 07:12,4050481329,4709000,263058,2,region5_312948048
2023-03-19 07:12,4050481329,6065854,280067,2,region5_312948048
2023-03-19 07:12,4049212674,0,7317297,2,region5_312948048
2023-03-19 07:12,4050372992,2097152,1048576,5,region5_312948039
2023-03-19 07:12,4049212674,7317297,1071311,2,region5_312948048
2023-03-19 07:12,4050372992,3145728,1048576,5,region5_312948039
2023-03-19 07:12,4050420631,2610,181,2,region5_312948043
2023-03-19 07:12,4050454834,0,1228800,2,region5_312948053
2023-03-19 07:12,4050146563,0,8388608,4,region5_312948044
2023-03-19 07:12,4050178153,0,8022681,3,region5_312948042
2023-03-19 07:12,4049359283,0,6062491,2,region5_312948044
2023-03-19 07:12,4050372992,4194304,1048576,5,region5_312948039
2023-03-19 07:12,4050454834,1228800,2117632,2,region5_312948053
2023-03-19 07:12,4050454834,3346432,2121728,2,region5_312948053
2023-03-19 07:12,4049561177,4154426,255878,2,region5_312948041
2023-03-19 07:12,4049561177,1139091,1551023,2,region5_312948041
2023-03-19 07:12,4049572355,0,8382951,1,region5_312948042
2023-03-19 07:12,4049057793,0,6154157,2,region5_312948041
2023-03-19 07:12,4050454834,5468160,2121728,2,region5_312948053
2023-03-19 07:12,4050454834,7589888,798720,2,region5_312948053
2023-03-19 07:12,4049057793,8057634,330974,2,region5_312948041
2023-03-19 07:12,4050372992,5242880,1048576,5,region5_312948039
2023-03-19 07:12,4049348724,0,8481568,5,region5_312948039
2023-03-19 07:12,4048143127,1775034,1048576,1,region5_312948042
2023-03-19 07:12,4050081790,0,48,2,region5_312948043
2023-03-19 07:12,4047722784,538612,817162,2,region5_312948047
2023-03-19 07:12,4047722784,0,2083865,2,region5_312948047
2023-03-19 07:12,4049389934,0,8076527,2,region5_312948041
2023-03-19 07:12,4047722784,0,902962,2,region5_312948047
2023-03-19 07:12,4050372992,6291456,1048576,5,region5_312948039
2023-03-19 07:12,4049389934,5882074,48042,2,region5_312948041
2023-03-19 07:12,4049548354,0,4148,2,region5_312948043
2023-03-19 07:12,4050554097,0,5261446,5,region5_312948039
2023-03-19 07:12,4049350754,0,8388608,4,region5_312948044
2023-03-19 07:12,4050372992,7340032,1048576,5,region5_312948039
2023-03-19 07:12,4049898129,0,128,2,region5_312948043
2023-03-19 07:12,4049391363,0,8388608,2,region5_312948044
2023-03-19 07:12,4050284594,0,4063010,5,region5_312948039
2023-03-19 07:12,4050372992,8388608,92960,5,region5_312948039
2023-03-19 07:12,4050429662,0,1038024,2,region5_312948041
2023-03-19 07:12,4050575852,0,4685,2,region5_312948043
2023-03-19 07:12,4049815473,0,1149314,2,region5_312948041
2023-03-19 07:12,4049648755,5998527,1574438,1,region5_312948042
2023-03-19 07:12,4049648755,4424089,1574438,1,region5_312948042
2023-03-19 07:12,4050398107,0,8372975,3,region5_312948042
2023-03-19 07:12,4050573718,112896,552139,2,region5_312948047
2023-03-19 07:12,4049648755,7572965,598450,1,region5_312948042
2023-03-19 07:12,4050354671,0,8388608,5,region5_312948039
2023-03-19 07:12,4047722784,755835,147127,2,region5_312948047
2023-03-19 07:12,4047960315,4017715,161180,2,region5_312948041
2023-03-19 07:12,4049563064,0,5246567,5,region5_312948039
2023-03-19 07:12,4049948717,0,8388608,4,region5_312948051
2023-03-19 07:12,4050248365,6407298,430759,2,region5_312948041
2023-03-19 07:12,4050615896,0,8481568,5,region5_312948039
2023-03-19 07:12,4049770432,0,992888,1,region5_312948042
2023-03-19 07:12,4050430629,1166001,1408518,2,region5_312948046
2023-03-19 07:12,4049500866,512,384,2,region5_312948043
2023-03-19 07:12,4049596749,0,8388608,4,region5_312948044
2023-03-19 07:12,4049634937,0,8379897,3,region5_312948042
2023-03-19 07:12,4049770432,992888,7147494,1,region5_312948042
2023-03-19 07:12,4047754572,2306310,1048576,1,region5_312948042
2023-03-19 07:12,4047774166,0,12231,2,region5_312948043
2023-03-19 07:12,4049668418,0,2146304,2,region5_312948050
2023-03-19 07:12,4049668418,2146304,2138112,2,region5_312948050
2023-03-19 07:12,4048809680,0,4972259,2,region5_312948041
2023-03-19 07:12,4049577347,0,8388608,5,region5_312948039
2023-03-19 07:12,4049668418,4284416,2125824,2,region5_312948050
2023-03-19 07:12,4049668418,6410240,1978368,2,region5_312948050
2023-03-19 07:12,4050296974,0,13885,1,region5_312948042
2023-03-19 07:12,4050356734,0,8388608,5,region5_312948039
2023-03-19 07:12,4049573473,0,8388608,4,region5_312948044
2023-03-19 07:12,4050142469,0,1802421,3,region5_312948042
2023-03-19 07:12,4050185248,0,6461556,5,region5_312948057
2023-03-19 07:12,4050592569,6402208,107328,2,region5_312948043
2023-03-19 07:12,4050743913,7729678,658930,2,region5_312948048
2023-03-19 07:12,4049932985,0,8388608,2,region5_312948041
2023-03-19 07:12,4050062059,1770680,1048576,2,region5_312948041
2023-03-19 07:12,4050048894,0,3995680,4,region5_312948047
2023-03-19 07:12,4047722784,0,961052,2,region5_312948047
2023-03-19 07:12,4050252337,416051,454157,2,region5_312948047
2023-03-19 07:12,4050743913,0,7729678,2,region5_312948048
2023-03-19 07:12,4049591860,0,12756,2,region5_312948043
2023-03-19 07:12,4047709470,2535511,1607038,2,region5_312948045
2023-03-19 07:12,4049534538,0,8388608,2,region5_312948041
2023-03-19 07:12,4048729451,1286817,7101791,2,region5_312948041
2023-03-19 07:12,4049127896,0,8388608,2,region5_312948041
2023-03-19 07:12,4049619110,2344147,87887,2,region5_312948041
2023-03-19 07:12,4049742378,0,8388608,2,region5_312948044
2023-03-19 07:12,4048821628,0,311493,2,region5_312948047
2023-03-19 07:12,4048821628,3281354,1259280,2,region5_312948047
2023-03-19 07:12,4049960654,0,995328,2,region5_312948050
2023-03-19 07:12,4050560864,0,19489449,3,region5_312948051
2023-03-19 07:12,4048970859,4019711,1278,2,region5_312948041
2023-03-19 07:12,4048970859,1459470,335,2,region5_312948041
2023-03-19 07:12,4047893729,0,1447417,2,region5_312948046
2023-03-19 07:12,4049335634,831488,2084864,2,region5_312948054
2023-03-19 07:12,4049335634,2916352,2076672,2,region5_312948054
2023-03-19 07:12,4049335634,0,831488,2,region5_312948054
2023-03-19 07:12,4049621392,0,7381199,2,region5_312948047
2023-03-19 07:12,4049960654,995328,2105344,2,region5_312948050
2023-03-19 07:12,4049335634,4993024,2080768,2,region5_312948054
2023-03-19 07:12,4049335634,7073792,1314816,2,region5_312948054
2023-03-19 07:12,4050464698,0,7494736,3,region5_312948042
2023-03-19 07:12,4047866691,1964301,1048576,2,region5_312948045
2023-03-19 07:12,4047846327,8256938,131670,2,region5_312948046
2023-03-19 07:12,4047846327,701320,426662,2,region5_312948046
2023-03-19 07:12,4049708861,3914877,4473731,2,region5_312948041
2023-03-19 07:12,4049929996,0,1048576,5,region5_312948039
2023-03-19 07:12,4049960654,3100672,2121728,2,region5_312948050
2023-03-19 07:12,4049981578,0,1048576,5,region5_312948039
2023-03-19 07:12,4048630263,0,1096552,2,region5_312948047
2023-03-19 07:12,4048131925,6947834,1440774,2,region5_312948041
2023-03-19 07:12,4048131925,909547,1396210,2,region5_312948041
2023-03-19 07:12,4048691917,3293993,51573,2,region5_312948041
2023-03-19 07:12,4048691917,7572141,307569,2,region5_312948041
2023-03-19 07:12,4047745591,3517216,11456,2,region5_312948043
2023-03-19 07:12,4047960315,4017715,161180,2,region5_312948041
2023-03-19 07:12,4049764787,0,10522,2,region5_312948043
2023-03-19 07:12,4049883461,0,1434688,4,region5_312948044
2023-03-19 07:12,4049901224,0,8379517,1,region5_312948042
2023-03-19 07:12,4049929996,1048576,1048576,5,region5_312948039
2023-03-19 07:12,4049960654,5222400,2105344,2,region5_312948050
2023-03-19 07:12,4049981578,1048576,1048576,5,region5_312948039
2023-03-19 07:12,4047751507,0,688684,2,region5_312948047
2023-03-19 07:12,4050846505,0,1048576,5,region5_312948039
2023-03-19 07:12,4049929996,2097152,1048576,5,region5_312948039
2023-03-19 07:12,4048867905,0,5864927,2,region5_312948041
2023-03-19 07:12,4050209806,5634974,3467,2,region5_312948047
2023-03-19 07:12,4050209806,850556,736627,2,region5_312948047
2023-03-19 07:12,4050378282,0,6166761,5,region5_312948039
2023-03-19 07:12,4050625378,0,3962,2,region5_312948041
2023-03-19 07:12,4050825248,93642,2309846,2,region5_312948041
2023-03-19 07:12,4050846505,1048576,1048576,5,region5_312948039
2023-03-19 07:12,4050846505,2097152,1048576,5,region5_312948039
2023-03-19 07:12,4049929996,3145728,1048576,5,region5_312948039
2023-03-19 07:12,4049960654,7327744,1060864,2,region5_312948050
2023-03-19 07:12,4049981578,2097152,1048576,5,region5_312948039
2023-03-19 07:12,4050660515,5378328,48,2,region5_312948043
2023-03-19 07:12,4050846505,3145728,1048576,5,region5_312948039
2023-03-19 07:12,4048569939,1455565,224695,2,region5_312948045
2023-03-19 07:12,4049879597,0,8481568,5,region5_312948039
2023-03-19 07:12,4048459297,1002842,1048576,2,region5_312948047
2023-03-19 07:12,4049919963,5050628,1246058,2,region5_312948043
2023-03-19 07:12,4050478608,0,8388608,5,region5_312948039
2023-03-19 07:12,4050557955,0,8388608,2,region5_312948044
2023-03-19 07:12,4050625438,0,1930263,5,region5_312948039
2023-03-19 07:12,4050745864,0,4138573,2,region5_312948047
2023-03-19 07:12,4050846505,4194304,1048576,5,region5_312948039
2023-03-19 07:12,4050104087,1048576,1048576,5,region5_312948039
2023-03-19 07:12,4050104087,0,1048576,5,region5_312948039
2023-03-19 07:12,4050784798,0,3977252,5,region5_312948039
2023-03-19 07:12,4050846505,5242880,1048576,5,region5_312948039
2023-03-19 07:12,4049981578,3145728,1048576,5,region5_312948039
2023-03-19 07:12,4050104087,2097152,1048576,5,region5_312948039
2023-03-19 07:12,4050179063,0,8481568,5,region5_312948039
2023-03-19 07:12,4049736226,0,8346721,3,region5_312948042
2023-03-19 07:12,4048477231,795182,900309,2,region5_312948041
2023-03-19 07:12,4050104087,3145728,1048576,5,region5_312948039
2023-03-19 07:12,4050846505,6291456,1048576,5,region5_312948039
2023-03-19 07:12,4049852826,1937962,6450646,2,region5_312948041
2023-03-19 07:12,4049929996,4194304,1048576,5,region5_312948039
2023-03-19 07:12,4050062095,0,2770957,2,region5_312948047
2023-03-19 07:12,4050104087,4194304,1048576,5,region5_312948039
2023-03-19 07:12,4050212671,7286954,137468,2,region5_312948041
2023-03-19 07:12,4050667954,0,1644237,5,region5_312948039
2023-03-19 07:12,4049919963,6296686,983730,2,region5_312948043
2023-03-19 07:12,4050008355,0,8329719,3,region5_312948042
2023-03-19 07:12,4050085618,1026906,7361702,2,region5_312948041
2023-03-19 07:12,4050104087,5242880,1048576,5,region5_312948039
2023-03-19 07:12,4050846505,7340032,1048576,5,region5_312948039
2023-03-19 07:12,4049929996,5242880,1048576,5,region5_312948039
2023-03-19 07:12,4049981578,4194304,1048576,5,region5_312948039
2023-03-19 07:12,4050104087,6291456,1048576,5,region5_312948039
2023-03-19 07:12,4050296974,13885,8360838,1,region5_312948042
2023-03-19 07:13,4049791342,0,8388608,2,region5_312948041
2023-03-19 07:13,4049929996,6291456,1048576,5,region5_312948039
2023-03-19 07:13,4049981578,6291456,1048576,5,region5_312948039
2023-03-19 07:13,4049981578,5242880,1048576,5,region5_312948039
2023-03-19 07:13,4050070448,8381115,7493,2,region5_312948048
2023-03-19 07:13,4050070448,3,8381112,2,region5_312948048
2023-03-19 07:13,4050104087,7340032,1048576,5,region5_312948039
2023-03-19 07:13,4048233264,7570116,179162,1,region5_312948042
2023-03-19 07:13,4049950808,0,1048576,5,region5_312948039
2023-03-19 07:13,4050085648,0,2097152,1,region5_312948051
2023-03-19 07:13,4050953764,0,176,2,region5_312948043
2023-03-19 07:13,4049821680,0,8318178,2,region5_312948044
2023-03-19 07:13,4049838215,0,916773,2,region5_312948041
2023-03-19 07:13,4049877635,0,1048576,5,region5_312948039
2023-03-19 07:13,4049929996,7340032,1048576,5,region5_312948039
2023-03-19 07:13,4049981578,7340032,1048576,5,region5_312948039
2023-03-19 07:13,4050085648,4194304,2097152,1,region5_312948051
2023-03-19 07:13,4050085648,2097152,2097152,1,region5_312948051
2023-03-19 07:13,4050360596,4832448,48,2,region5_312948043
2023-03-19 07:13,4050610797,0,8388608,5,region5_312948039
2023-03-19 07:13,4050666081,0,3250317,2,region5_312948052
2023-03-19 07:13,4049877635,1048576,1048576,5,region5_312948039
2023-03-19 07:13,4049919963,7280416,918148,2,region5_312948043
2023-03-19 07:13,4049929996,8388608,92960,5,region5_312948039
2023-03-19 07:13,4050085648,6291456,2097152,1,region5_312948051
2023-03-19 07:13,4050085648,8388608,2097152,1,region5_312948051
2023-03-19 07:13,4049877635,2097152,1048576,5,region5_312948039
2023-03-19 07:13,4050085648,10485760,2097152,1,region5_312948051
2023-03-19 07:13,4050085648,12582912,2097152,1,region5_312948051
2023-03-19 07:13,4048997958,3461420,5632,2,region5_312948043
2023-03-19 07:13,4050085371,8012096,114176,2,region5_312948043
2023-03-19 07:13,4049877635,3145728,1048576,5,region5_312948039
2023-03-19 07:13,4049981578,8388608,92960,5,region5_312948039
2023-03-19 07:13,4050066570,0,79348,2,region5_312948043
2023-03-19 07:13,4050085648,14680064,2097152,1,region5_312948051
2023-03-19 07:13,4050666081,3250317,1110666,2,region5_312948052
2023-03-19 07:13,4050085648,18874368,2097152,1,region5_312948051
2023-03-19 07:13,4050085648,16777216,2097152,1,region5_312948051
2023-03-19 07:13,4047936219,682929,1375849,2,region5_312948041
2023-03-19 07:13,4047936219,6187159,2201449,2,region5_312948041
2023-03-19 07:13,4050413185,0,8388608,2,region5_312948041
2023-03-19 07:13,4049877635,4194304,1048576,5,region5_312948039
2023-03-19 07:13,4049950808,1048576,1048576,5,region5_312948039
2023-03-19 07:13,4050043236,0,8388608,2,region5_312948041
2023-03-19 07:13,4050085648,20971520,2097152,1,region5_312948051
2023-03-19 07:13,4050085648,23068672,2097152,1,region5_312948051
2023-03-19 07:13,4049877635,5242880,1048576,5,region5_312948039
2023-03-19 07:13,4049919963,8198564,283004,2,region5_312948043
2023-03-19 07:13,4050273202,4677763,43724,2,region5_312948041
2023-03-19 07:13,4050273202,7111865,55920,2,region5_312948041
2023-03-19 07:13,4050273202,1358578,457562,2,region5_312948041
2023-03-19 07:13,4050618248,0,60585,2,region5_312948050
2023-03-19 07:13,4050767863,0,2134016,2,region5_312948050
2023-03-19 07:13,4050767863,2134016,2121728,2,region5_312948050
2023-03-19 07:13,4050859338,0,8192,2,region5_312948043
2023-03-19 07:13,4051002872,0,8388608,2,region5_312948044
2023-03-19 07:13,4051028259,0,4253696,2,region5_312948043
2023-03-19 07:13,4048232177,0,194848,2,region5_312948047
2023-03-19 07:13,4049877635,6291456,1048576,5,region5_312948039
2023-03-19 07:13,4049877635,7340032,1048576,5,region5_312948039
2023-03-19 07:13,4050767863,4255744,2138112,2,region5_312948050
2023-03-19 07:13,4050767863,6393856,1994752,2,region5_312948050
2023-03-19 07:13,4050040172,0,1015143,5,region5_312948039
2023-03-19 07:13,4049950808,2097152,1048576,5,region5_312948039
2023-03-19 07:13,4050481383,0,8388608,2,region5_312948051
2023-03-19 07:13,4047752465,0,105600,2,region5_312948047
2023-03-19 07:13,4050984587,3995142,11053,2,region5_312948047
2023-03-19 07:13,4050984587,3041831,1048576,2,region5_312948047
2023-03-19 07:13,4050591057,0,4124929,2,region5_312948041
2023-03-19 07:13,4050983734,0,8388608,4,region5_312948044
2023-03-19 07:13,4050984587,0,3995142,2,region5_312948047
2023-03-19 07:13,4047800750,0,1822972,2,region5_312948047
2023-03-19 07:13,4047800750,830488,1048576,2,region5_312948047
2023-03-19 07:13,4050731601,0,372828,2,region5_312948041
2023-03-19 07:13,4048391228,1469436,1307790,2,region5_312948047
2023-03-19 07:13,4050979169,3415066,84088,2,region5_312948041
2023-03-19 07:13,4050979169,843101,1156579,2,region5_312948041
2023-03-19 07:13,4047752465,0,105600,2,region5_312948047
2023-03-19 07:13,4050649312,1056379,3105137,2,region5_312948047
2023-03-19 07:13,4050649312,0,1056379,2,region5_312948047
2023-03-19 07:13,4050014472,0,8388608,2,region5_312948041
2023-03-19 07:13,4050255538,0,3965428,2,region5_312948046
2023-03-19 07:13,4050791178,0,7902135,1,region5_312948042
2023-03-19 07:13,4049950808,3145728,1048576,5,region5_312948039
2023-03-19 07:13,4050436411,0,8388608,2,region5_312948044
2023-03-19 07:13,4049950808,4194304,1048576,5,region5_312948039
2023-03-19 07:13,4048706698,4935834,1048576,1,region5_312948042
2023-03-19 07:13,4050165789,0,41075,5,region5_312948039
2023-03-19 07:13,4047752465,0,105600,2,region5_312948047
2023-03-19 07:13,4050113378,0,1893173,2,region5_312948046
2023-03-19 07:13,4049132571,6968943,1419665,2,region5_312948046
2023-03-19 07:13,4049132571,3785134,1195635,2,region5_312948046
2023-03-19 07:13,4049132571,0,1137552,2,region5_312948046
2023-03-19 07:13,4051134439,0,1077248,2,region5_312948050
2023-03-19 07:13,4050291975,0,5693054,5,region5_312948039
2023-03-19 07:13,4047869011,6886203,63574,2,region5_312948041
2023-03-19 07:13,4050653749,0,8481568,5,region5_312948039
2023-03-19 07:13,4051134439,1077248,2146304,2,region5_312948050
2023-03-19 07:13,4051269556,0,8388608,2,region5_312948046
2023-03-19 07:13,4048525407,0,10298,2,region5_312948043
2023-03-19 07:13,4051134439,3223552,2105344,2,region5_312948050
2023-03-19 07:13,4050319119,0,4529675,4,region5_312948044
2023-03-19 07:13,4048232177,0,194848,2,region5_312948047
2023-03-19 07:13,4049067292,0,5030441,2,region5_312948047
2023-03-19 07:13,4048122062,0,8388608,2,region5_312948051
2023-03-19 07:13,4048683728,2863132,1048576,2,region5_312948047
2023-03-19 07:13,4048683728,3744033,36072,2,region5_312948047
2023-03-19 07:13,4048492075,6402212,1342804,2,region5_312948041
2023-03-19 07:13,4048143127,2823610,1048576,1,region5_312948042
2023-03-19 07:13,4051028259,4563968,3917600,2,region5_312948043
2023-03-19 07:13,4051028259,0,4563968,2,region5_312948043
2023-03-19 07:13,4051028259,0,4556544,2,region5_312948043
2023-03-19 07:13,4051134439,5328896,2109440,2,region5_312948050
2023-03-19 07:13,4048683728,0,1880121,2,region5_312948047
2023-03-19 07:13,4051028259,4564016,3917552,2,region5_312948043
2023-03-19 07:13,4051051842,4468640,48,2,region5_312948043
2023-03-19 07:13,4051134439,7438336,950272,2,region5_312948050
2023-03-19 07:13,4047722784,0,902962,2,region5_312948047
2023-03-19 07:13,4050413337,0,1679542,2,region5_312948051
2023-03-19 07:13,4050726898,0,8388608,4,region5_312948054
2023-03-19 07:13,4050751911,0,256096,2,region5_312948043
2023-03-19 07:13,4050045228,5843794,2544814,2,region5_312948041
2023-03-19 07:13,4050045228,0,3533638,2,region5_312948041
2023-03-19 07:13,4050896053,0,8388608,4,region5_312948044
2023-03-19 07:13,4050771448,0,4845895,2,region5_312948046
2023-03-19 07:13,4049067292,5030441,3358167,2,region5_312948047
2023-03-19 07:13,4047787217,15435,1840374,2,region5_312948047
2023-03-19 07:13,4050520343,2249966,578,2,region5_312948045
2023-03-19 07:13,4049902079,2258713,4953550,2,region5_312948041
2023-03-19 07:13,4047824517,7564838,824804,2,region5_312948045
2023-03-19 07:13,4047824517,7564838,824804,2,region5_312948045
2023-03-19 07:13,4049081889,5695316,3045,2,region5_312948041
2023-03-19 07:13,4049081889,1032672,840939,2,region5_312948041
2023-03-19 07:13,4049081889,3812816,2055,2,region5_312948041
2023-03-19 07:13,4048580248,2512128,48,2,region5_312948043
2023-03-19 07:13,4047712131,0,10817,1,region5_312948042
2023-03-19 07:13,4050411291,0,1048576,5,region5_312948039
2023-03-19 07:13,4049389934,0,8076527,2,region5_312948041
2023-03-19 07:13,4050835533,0,6615360,2,region5_312948049
2023-03-19 07:13,4050411291,1048576,1048576,5,region5_312948039
2023-03-19 07:13,4050577767,0,8388608,5,region5_312948039
2023-03-19 07:13,4047872881,0,5292333,2,region5_312948041
2023-03-19 07:13,4051152188,0,344,3,region5_312948042
2023-03-19 07:13,4050411291,2097152,1048576,5,region5_312948039
2023-03-19 07:13,4050936549,101701,1820657,2,region5_312948041
2023-03-19 07:13,4051051051,0,8388608,5,region5_312948039
2023-03-19 07:13,4051220422,859024,97535,2,region5_312948041
2023-03-19 07:13,4051344487,0,8388608,2,region5_312948044
2023-03-19 07:13,4050411291,3145728,1048576,5,region5_312948039
2023-03-19 07:13,4050436907,0,8481568,5,region5_312948039
2023-03-19 07:13,4050618248,0,60585,2,region5_312948050
2023-03-19 07:13,4050780921,0,1280720,2,region5_312948043
2023-03-19 07:13,4050780921,1204624,7276944,2,region5_312948043
2023-03-19 07:13,4050411291,4194304,1048576,5,region5_312948039
2023-03-19 07:13,4050918871,0,8481568,5,region5_312948039
2023-03-19 07:13,4050411291,5242880,453843,5,region5_312948039
2023-03-19 07:13,4050967315,0,8388608,4,region5_312948044
2023-03-19 07:13,4049067292,5030441,3358167,2,region5_312948047
2023-03-19 07:13,4051332039,7650746,6077,2,region5_312948047
2023-03-19 07:13,4047751507,0,688684,2,region5_312948047
2023-03-19 07:13,4048661406,0,4668929,2,region5_312948047
2023-03-19 07:13,4048683728,1880121,1863912,2,region5_312948047
2023-03-19 07:13,4050702896,0,7408783,4,region5_312948044
2023-03-19 07:13,4049630598,105061,842273,2,region5_312948041
2023-03-19 07:13,4050850409,0,1048576,5,region5_312948039
2023-03-19 07:13,4050850409,1048576,1048576,5,region5_312948039
2023-03-19 07:13,4048630263,544807,7233,2,region5_312948047
2023-03-19 07:13,4050850409,2097152,1048576,5,region5_312948039
2023-03-19 07:13,4048568787,4924408,2622440,2,region5_312948041
2023-03-19 07:13,4048568787,6498272,1048576,2,region5_312948041
2023-03-19 07:13,4047712131,10817,8366973,1,region5_312948042
2023-03-19 07:13,4050808232,0,409180,4,region5_312948044
2023-03-19 07:13,4051090851,0,3371191,3,region5_312948042
2023-03-19 07:13,4047751507,0,688684,2,region5_312948047
2023-03-19 07:13,4050850409,3145728,1048576,5,region5_312948039
2023-03-19 07:13,4051009117,0,1044480,2,region5_312948050
2023-03-19 07:13,4051009117,1044480,2101248,2,region5_312948050
2023-03-19 07:13,4051051229,0,346299,4,region5_312948047
2023-03-19 07:13,4048608484,0,1910539,2,region5_312948041
2023-03-19 07:13,4050850409,4194304,1048576,5,region5_312948039
2023-03-19 07:13,4050551112,0,956911,2,region5_312948041
2023-03-19 07:13,4050741101,7580156,4322,2,region5_312948041
2023-03-19 07:13,4050741101,1983865,3266,2,region5_312948041
2023-03-19 07:13,4050850409,5242880,3687,5,region5_312948039
2023-03-19 07:13,4050935593,4846557,1048576,2,region5_312948047
2023-03-19 07:13,4050935593,4846557,1048576,2,region5_312948047
2023-03-19 07:13,4050935593,4846557,1048576,2,region5_312948047
2023-03-19 07:13,4050741909,0,8388608,5,region5_312948039
2023-03-19 07:13,4050817151,0,8388608,2,region5_312948041
2023-03-19 07:13,4050866949,0,3903096,2,region5_312948041
2023-03-19 07:13,4050866949,6285929,2102679,2,region5_312948041
2023-03-19 07:13,4051368713,3414907,192786,2,region5_312948041
2023-03-19 07:13,4051368713,0,1084335,2,region5_312948041
2023-03-19 07:13,4051368713,8238786,149822,2,region5_312948041
2023-03-19 07:13,4047751507,0,688684,2,region5_312948047
2023-03-19 07:13,4050993484,0,6407,1,region5_312948047
2023-03-19 07:13,4048568787,0,4728095,2,region5_312948041
2023-03-19 07:13,4050993484,6407,8381616,1,region5_312948047
2023-03-19 07:13,4051347857,1966656,153344,2,region5_312948043
2023-03-19 07:13,4050658842,781813,1580457,2,region5_312948046
2023-03-19 07:13,4050658842,6970176,17697,2,region5_312948046
2023-03-19 07:13,4047751507,0,688684,2,region5_312948047
2023-03-19 07:13,4050879425,7628894,759714,2,region5_312948041
2023-03-19 07:13,4051009117,3145728,2121728,2,region5_312948050
2023-03-19 07:13,4051135464,0,9102605,5,region5_312948039
2023-03-19 07:13,4051295105,0,8056830,3,region5_312948042
2023-03-19 07:13,4050633584,0,4184395,3,region5_312948042
2023-03-19 07:13,4050932061,0,8014145,3,region5_312948042
2023-03-19 07:13,4047893058,2499552,230144,2,region5_312948043
2023-03-19 07:13,4050879425,6590907,822590,2,region5_312948041
2023-03-19 07:13,4050879425,0,3184010,2,region5_312948041
2023-03-19 07:14,4047722880,0,214674,4,region5_312948044
2023-03-19 07:14,4048347658,254811,741378,2,region5_312948041
2023-03-19 07:14,4050511007,0,2061121,2,region5_312948041
2023-03-19 07:14,4048347658,0,33063,2,region5_312948041
2023-03-19 07:14,4050554199,4479710,327910,2,region5_312948043
2023-03-19 07:14,4051009117,7368704,1019904,2,region5_312948050
2023-03-19 07:14,4051009117,5267456,2101248,2,region5_312948050
2023-03-19 07:14,4050554199,4807620,459074,2,region5_312948043
2023-03-19 07:14,4051450126,0,718469,2,region5_312948046
2023-03-19 07:14,4050515208,2010049,6378559,2,region5_312948046
2023-03-19 07:14,4050515208,0,520780,2,region5_312948046
2023-03-19 07:14,4049229309,6966915,1347976,2,region5_312948041
2023-03-19 07:14,4049229309,0,1510944,2,region5_312948041
2023-03-19 07:14,4049229309,3272885,37,2,region5_312948041
2023-03-19 07:14,4048802372,5604427,780843,2,region5_312948041
2023-03-19 07:14,4048802372,0,4058504,2,region5_312948041
2023-03-19 07:14,4051184582,888133,1048576,2,region5_312948041
2023-03-19 07:14,4051184582,0,804465,2,region5_312948041
2023-03-19 07:14,4050528498,0,8353640,3,region5_312948042
2023-03-19 07:14,4047876381,0,3815379,2,region5_312948041
2023-03-19 07:14,4050881261,0,8481568,2,region5_312948049
2023-03-19 07:14,4051442755,0,4929022,2,region5_312948041
2023-03-19 07:14,4047754572,3354886,1048576,1,region5_312948042
2023-03-19 07:14,4049730129,1838784,87488,2,region5_312948043
2023-03-19 07:14,4048459297,1002842,1048576,2,region5_312948045
2023-03-19 07:14,4048459297,1002842,1048576,2,region5_312948045
2023-03-19 07:14,4049950808,4194304,1048576,5,region5_312948039
2023-03-19 07:14,4049043700,6219643,1048576,2,region5_312948041
2023-03-19 07:14,4049043700,4686308,2581911,2,region5_312948041
2023-03-19 07:14,4048378398,0,953662,2,region5_312948041
2023-03-19 07:14,4048678984,2012995,86990,2,region5_312948047
2023-03-19 07:14,4047800750,830488,1048576,2,region5_312948047
2023-03-19 07:14,4050679036,0,25165824,3,region5_312948051
2023-03-19 07:14,4048361445,5439744,103104,2,region5_312948043
2023-03-19 07:14,4048688248,313391,1104520,2,region5_312948047
2023-03-19 07:14,4049043700,0,4505139,2,region5_312948041
2023-03-19 07:14,4048085793,1286073,4584597,2,region5_312948046
2023-03-19 07:14,4050612293,0,221184,2,region5_312948052
2023-03-19 07:14,4048008796,0,4054405,2,region5_312948046
2023-03-19 07:14,4050612293,221184,2117632,2,region5_312948052
2023-03-19 07:14,4051103376,0,8388608,2,region5_312948041
2023-03-19 07:14,4047761367,0,2884854,2,region5_312948041
2023-03-19 07:14,4047761367,1836278,1048576,2,region5_312948041
2023-03-19 07:14,4047840037,3547882,329199,2,region5_312948047
2023-03-19 07:14,4050612293,2338816,2105344,2,region5_312948052
2023-03-19 07:14,4048299853,3907762,4480846,2,region5_312948041
2023-03-19 07:14,4051294236,0,4129,2,region5_312948056
2023-03-19 07:14,4051294236,730,4428,2,region5_312948056
2023-03-19 07:14,4050612293,6549504,1839104,2,region5_312948052
2023-03-19 07:14,4050612293,4444160,2105344,2,region5_312948052
2023-03-19 07:14,4050949174,2564581,90654,2,region5_312948047
2023-03-19 07:14,4050949174,1194019,88882,2,region5_312948047
2023-03-19 07:14,4050949174,47267,71045,2,region5_312948047
2023-03-19 07:14,4050209213,7320243,1048576,2,region5_312948046
2023-03-19 07:14,4050209213,5685175,2683644,2,region5_312948046
2023-03-19 07:14,4051214069,5581441,2807167,2,region5_312948046
2023-03-19 07:14,4051214069,0,3918155,2,region5_312948046
2023-03-19 07:14,4047800750,830488,1048576,2,region5_312948047
2023-03-19 07:14,4050159983,0,2738301,2,region5_312948047
2023-03-19 07:14,4050159983,8204778,183830,2,region5_312948047
2023-03-19 07:14,4047851372,0,176,2,region5_312948043
2023-03-19 07:14,4048015090,5624450,2764158,2,region5_312948041
2023-03-19 07:14,4048115037,8383424,48,2,region5_312948043
2023-03-19 07:14,4050857005,0,8388608,2,region5_312948046
2023-03-19 07:14,4048232177,0,194848,2,region5_312948047
2023-03-19 07:14,4047970328,0,16205,2,region5_312948043
2023-03-19 07:14,4050651965,1420688,642612,2,region5_312948041
2023-03-19 07:14,4050209213,0,5470094,2,region5_312948046
2023-03-19 07:14,4050651965,0,1202643,2,region5_312948041
2023-03-19 07:14,4048107533,0,8388608,4,region5_312948044
2023-03-19 07:14,4049442773,2963639,38246,2,region5_312948047
2023-03-19 07:14,4049442773,94974,1634813,2,region5_312948047
2023-03-19 07:14,4047970781,667648,2129920,2,region5_312948050
2023-03-19 07:14,4047970781,0,667648,2,region5_312948050
2023-03-19 07:14,4050651965,1420688,642612,2,region5_312948041
2023-03-19 07:14,4048324663,605545,123587,2,region5_312948045
2023-03-19 07:14,4048324663,605545,123587,2,region5_312948045
2023-03-19 07:14,4051398110,1273247,6086725,2,region5_312948041
2023-03-19 07:14,4047691271,247840,92416,2,region5_312948043
2023-03-19 07:14,4047691271,0,247840,2,region5_312948043
2023-03-19 07:14,4047724622,0,983101,1,region5_312948042
2023-03-19 07:14,4050651965,1196390,3377,2,region5_312948041
2023-03-19 07:14,4048821628,5890151,335708,2,region5_312948047
2023-03-19 07:14,4051280671,0,8388608,4,region5_312948044
2023-03-19 07:14,4051389480,0,7127987,5,region5_312948039
2023-03-19 07:14,4047774834,0,11802,1,region5_312948042
2023-03-19 07:14,4047970781,2797568,2105344,2,region5_312948050
2023-03-19 07:14,4048031764,0,128,2,region5_312948043
2023-03-19 07:14,4048033988,5630132,44742,2,region5_312948046
2023-03-19 07:14,4048033988,0,2163672,2,region5_312948046
2023-03-19 07:14,4051411584,0,8481568,5,region5_312948039
2023-03-19 07:14,4047889308,7178989,566861,2,region5_312948048
2023-03-19 07:14,4047970781,4902912,2134016,2,region5_312948050
2023-03-19 07:14,4048015043,0,11802,2,region5_312948043
2023-03-19 07:14,4048821628,3281354,1259280,2,region5_312948047
2023-03-19 07:14,4050276746,0,561593,2,region5_312948046
2023-03-19 07:14,4051167450,0,1048576,5,region5_312948039
2023-03-19 07:14,4051260778,0,1048576,5,region5_312948039
2023-03-19 07:14,4047970781,7036928,1351680,2,region5_312948050
2023-03-19 07:14,4050276746,7455541,895388,2,region5_312948046
2023-03-19 07:14,4050276746,1737487,1370775,2,region5_312948046
2023-03-19 07:14,4051167450,1048576,1048576,5,region5_312948039
2023-03-19 07:14,4051260778,1048576,1048576,5,region5_312948039
2023-03-19 07:14,4051260778,2097152,1048576,5,region5_312948039
2023-03-19 07:14,4047734024,0,7672740,4,region5_312948044
2023-03-19 07:14,4050703812,0,1264609,4,region5_312948047
2023-03-19 07:14,4048143127,3872186,1048576,1,region5_312948042
2023-03-19 07:14,4051445574,0,188318,5,region5_312948039
2023-03-19 07:14,4050901539,0,8388608,4,region5_312948044
2023-03-19 07:14,4051167450,2097152,1048576,5,region5_312948039
2023-03-19 07:14,4048037352,5515317,41347,2,region5_312948041
2023-03-19 07:14,4050973488,0,6097724,5,region5_312948039
2023-03-19 07:14,4047893859,0,29057,2,region5_312948053
2023-03-19 07:14,4048042810,0,8364782,3,region5_312948042
2023-03-19 07:14,4048044598,0,947375,2,region5_312948047
2023-03-19 07:14,4048865684,3902941,2173951,2,region5_312948041
2023-03-19 07:14,4048865684,2502347,25187,2,region5_312948041
2023-03-19 07:14,4051167450,3145728,1048576,5,region5_312948039
2023-03-19 07:14,4051345998,0,565688,4,region5_312948047
2023-03-19 07:14,4047974133,3541917,1145,2,region5_312948041
2023-03-19 07:14,4047974133,1502814,323,2,region5_312948041
2023-03-19 07:14,4049950808,4194304,1048576,5,region5_312948039
2023-03-19 07:14,4047970336,7254580,1134028,2,region5_312948048
2023-03-19 07:14,4048459297,1002842,1048576,2,region5_312948045
2023-03-19 07:14,4047722784,899640,788830,2,region5_312948047
2023-03-19 07:14,4047761367,1836278,1048576,2,region5_312948041
2023-03-19 07:14,4047761367,0,2884854,2,region5_312948041
2023-03-19 07:14,4047774834,11802,8365003,1,region5_312948042
2023-03-19 07:14,4047819247,0,8388608,2,region5_312948041
2023-03-19 07:14,4051167450,4194304,1048576,5,region5_312948039
2023-03-19 07:14,4051260778,3145728,1048576,5,region5_312948039
2023-03-19 07:14,4051440250,0,8388608,2,region5_312948041
2023-03-19 07:14,4047724622,983101,6422406,1,region5_312948042
2023-03-19 07:14,4051441513,0,300603,2,region5_312948041
2023-03-19 07:14,4047722890,0,2906736,2,region5_312948043
2023-03-19 07:14,4047762498,0,7357681,2,region5_312948041
2023-03-19 07:14,4048849829,449167,224042,2,region5_312948047
2023-03-19 07:14,4051226224,0,1204224,2,region5_312948053
2023-03-19 07:14,4051441513,2780722,5607886,2,region5_312948041
2023-03-19 07:14,4047722890,2796400,3671204,2,region5_312948043
2023-03-19 07:14,4051206133,0,8066060,2,region5_312948046
2023-03-19 07:14,4051226224,1204224,2109440,2,region5_312948053
2023-03-19 07:14,4051226224,5414912,2117632,2,region5_312948053
2023-03-19 07:14,4051226224,7532544,856064,2,region5_312948053
2023-03-19 07:14,4051226224,3313664,2101248,2,region5_312948053
2023-03-19 07:14,4051167450,5242880,1048576,5,region5_312948039
2023-03-19 07:14,4051260778,4194304,1048576,5,region5_312948039
2023-03-19 07:14,4047800750,830488,1048576,2,region5_312948047
2023-03-19 07:14,4047800750,0,1822972,2,region5_312948047
2023-03-19 07:14,4051435154,5643906,504952,2,region5_312948046
2023-03-19 07:14,4051435154,218275,471217,2,region5_312948046
2023-03-19 07:14,4047788508,6506461,1882147,2,region5_312948051
2023-03-19 07:14,4047723087,0,8388608,2,region5_312948046
2023-03-19 07:14,4048426042,0,8367057,3,region5_312948042
2023-03-19 07:14,4051260778,5242880,1048576,5,region5_312948039
2023-03-19 07:14,4047850118,0,1788630,1,region5_312948042
2023-03-19 07:14,4051167450,6291456,1048576,5,region5_312948039
2023-03-19 07:14,4051344487,0,8388608,2,region5_312948044
2023-03-19 07:14,4047850118,1788630,6003768,1,region5_312948042
2023-03-19 07:14,4048164272,1319184,109104,2,region5_312948047
2023-03-19 07:14,4051260778,6291456,1048576,5,region5_312948039
2023-03-19 07:14,4048821628,5890151,335708,2,region5_312948047
2023-03-19 07:14,4051167450,7340032,1048576,5,region5_312948039
2023-03-19 07:14,4048951608,195154,6313789,2,region5_312948041
2023-03-19 07:14,4051260778,7340032,1048576,5,region5_312948039
2023-03-19 07:14,4051270454,0,8376350,3,region5_312948042
2023-03-19 07:14,4048413543,0,5274,2,region5_312948043
2023-03-19 07:14,4051403698,0,1048576,5,region5_312948039
2023-03-19 07:14,4048317316,0,9242,2,region5_312948043
2023-03-19 07:14,4050893308,2687921,1942706,2,region5_312948041
2023-03-19 07:14,4050893308,0,1836586,2,region5_312948041
2023-03-19 07:14,4050893308,6844416,1165159,2,region5_312948041
2023-03-19 07:14,4048324663,605545,123587,2,region5_312948045
2023-03-19 07:14,4048682580,0,6763362,2,region5_312948041
2023-03-19 07:14,4051186928,0,140954,2,region5_312948043
2023-03-19 07:14,4050054372,1019751,1776579,2,region5_312948041
2023-03-19 07:14,4050054372,7428612,959996,2,region5_312948041
2023-03-19 07:14,4051403698,1048576,1048576,5,region5_312948039
2023-03-19 07:14,4048212334,0,2824624,2,region5_312948043
2023-03-19 07:14,4049866427,4615162,160449,2,region5_312948041
2023-03-19 07:14,4051311161,8119484,6081,2,region5_312948047
2023-03-19 07:14,4047937027,413698,39860,2,region5_312948051
2023-03-19 07:14,4048212334,0,8481568,2,region5_312948043
2023-03-19 07:14,4048541039,0,3065243,2,region5_312948048
2023-03-19 07:14,4048074568,7532593,856015,2,region5_312948048
2023-03-19 07:14,4051063554,0,7272294,2,region5_312948044
2023-03-19 07:14,4051401438,5464322,2924286,2,region5_312948046
2023-03-19 07:14,4051401438,0,745257,2,region5_312948046
2023-03-19 07:14,4051403698,2097152,1048576,5,region5_312948039
2023-03-19 07:14,4048263695,849697,951152,2,region5_312948046
2023-03-19 07:14,4048541039,0,3065243,2,region5_312948048
2023-03-19 07:14,4048774337,0,8388608,2,region5_312948041
2023-03-19 07:14,4051186928,0,140954,2,region5_312948043
2023-03-19 07:14,4051403698,3145728,1048576,5,region5_312948039
2023-03-19 07:14,4051447434,0,8372991,3,region5_312948042
2023-03-19 07:14,4048311548,8314880,73728,2,region5_312948050
2023-03-19 07:14,4048344440,0,5246567,2,region5_312948043
2023-03-19 07:14,4048541039,0,3065243,2,region5_312948048
2023-03-19 07:14,4048541039,0,3065243,2,region5_312948048
2023-03-19 07:14,4048650455,8200676,187932,2,region5_312948041
2023-03-19 07:14,4047757709,0,8409662,2,region5_312948044
2023-03-19 07:14,4051194022,422884,180864,2,region5_312948043
2023-03-19 07:14,4048657115,2777563,348081,2,region5_312948051
2023-03-19 07:14,4048657115,139286,1115043,2,region5_312948051
2023-03-19 07:14,4051241044,0,6672385,3,region5_312948042
2023-03-19 07:14,4051275558,0,8388608,5,region5_312948039
2023-03-19 07:14,4047980371,0,128,2,region5_312948043
2023-03-19 07:14,4048387638,3257824,47104,2,region5_312948043
2023-03-19 07:14,4051403698,4194304,1048576,5,region5_312948039
2023-03-19 07:14,4048650455,1139653,2290333,2,region5_312948041
2023-03-19 07:14,4050977307,0,7162718,3,region5_312948047
2023-03-19 07:14,4048996252,5415676,1127389,2,region5_312948041
2023-03-19 07:14,4048996252,1190158,2037944,2,region5_312948041
2023-03-19 07:14,4048996252,7777882,610726,2,region5_312948041
2023-03-19 07:14,4048302299,0,8388608,5,region5_312948039
2023-03-19 07:14,4048541039,0,3065243,2,region5_312948048
2023-03-19 07:14,4048598506,957556,5562565,2,region5_312948046
2023-03-19 07:14,4051403698,5242880,1048576,5,region5_312948039
2023-03-19 07:14,4047751507,0,688684,2,region5_312948047
2023-03-19 07:14,4047937027,1643049,6745559,2,region5_312948051
2023-03-19 07:14,4049194772,0,8388608,2,region5_312948046
2023-03-19 07:14,4051388108,0,8341964,3,region5_312948042
2023-03-19 07:14,4051403698,6291456,1048576,5,region5_312948039
2023-03-19 07:14,4048674676,4919836,2031659,2,region5_312948041
2023-03-19 07:14,4051069371,2453782,30367,2,region5_312948047
2023-03-19 07:14,4051069371,68060,1179334,2,region5_312948047
2023-03-19 07:14,4051070296,0,5279453,6,region5_312948039
2023-03-19 07:14,4051280724,0,3232,2,region5_312948043
2023-03-19 07:14,4048161166,2769105,270243,2,region5_312948041
2023-03-19 07:14,4049591860,0,12756,2,region5_312948043
2023-03-19 07:14,4051403698,7340032,1048576,5,region5_312948039
2023-03-19 07:14,4047964373,0,8371849,1,region5_312948042
2023-03-19 07:14,4049827235,0,1514658,2,region5_312948047
2023-03-19 07:14,4048256728,0,1048576,5,region5_312948039
2023-03-19 07:14,4048378398,0,953662,2,region5_312948041
2023-03-19 07:14,4051040188,0,7403325,3,region5_312948042
2023-03-19 07:14,4051359063,3344769,648400,2,region5_312948046
2023-03-19 07:14,4048898292,12388,423120,2,region5_312948043
2023-03-19 07:14,4048898292,0,12388,2,region5_312948043
2023-03-19 07:14,4048236064,817258,1048576,2,region5_312948047
2023-03-19 07:14,4048656873,6536704,272512,2,region5_312948043
2023-03-19 07:14,4051371249,1048576,1048576,5,region5_312948039
2023-03-19 07:14,4051371249,0,1048576,5,region5_312948039
2023-03-19 07:15,4051371249,2097152,1048576,5,region5_312948039
2023-03-19 07:15,4048256728,1048576,923150,5,region5_312948039
2023-03-19 07:15,4048556329,0,4783075,2,region5_312948046
2023-03-19 07:15,4051371249,3145728,1048576,5,region5_312948039
2023-03-19 07:15,4051371249,4194304,1048576,5,region5_312948039
2023-03-19 07:15,4048333196,0,176,2,region5_312948043
2023-03-19 07:15,4051184582,888133,1048576,2,region5_312948041
2023-03-19 07:15,4051184582,0,804465,2,region5_312948041
2023-03-19 07:15,4051371249,5242880,1048576,5,region5_312948039
2023-03-19 07:15,4048536153,3087737,1048576,2,region5_312948041
2023-03-19 07:15,4048536153,1169464,2966849,2,region5_312948041
2023-03-19 07:15,4051371249,8388608,92960,5,region5_312948039
2023-03-19 07:15,4051371249,7340032,1048576,5,region5_312948039
2023-03-19 07:15,4051371249,6291456,1048576,5,region5_312948039
2023-03-19 07:15,4051413195,0,1048576,5,region5_312948039
2023-03-19 07:15,4048253527,1625466,1470887,2,region5_312948041
2023-03-19 07:15,4048253527,7752424,636184,2,region5_312948041
2023-03-19 07:15,4047787884,188720,1310720,2,region5_312948043
2023-03-19 07:15,4047787884,0,188720,2,region5_312948043
2023-03-19 07:15,4048890789,0,8431260,2,region5_312948041
2023-03-19 07:15,4047787884,479280,1281834,2,region5_312948043
2023-03-19 07:15,4051413195,2097152,1048576,5,region5_312948039
2023-03-19 07:15,4051413195,1048576,1048576,5,region5_312948039
2023-03-19 07:15,4047954395,5740397,66731,2,region5_312948046
2023-03-19 07:15,4047954395,7593347,795261,2,region5_312948046
2023-03-19 07:15,4047954395,0,3643142,2,region5_312948046
2023-03-19 07:15,4048036815,0,7458133,5,region5_312948039
2023-03-19 07:15,4048036815,0,8390399,6,region5_312948039
2023-03-19 07:15,4051191286,4194304,2946733,1,region5_312948042
2023-03-19 07:15,4051191286,0,4194304,1,region5_312948042
2023-03-19 07:15,4051413195,3145728,942700,5,region5_312948039
2023-03-19 07:15,4047722784,641329,261633,2,region5_312948047
2023-03-19 07:15,4047957931,2475938,628282,2,region5_312948047
2023-03-19 07:15,4048084217,0,8481568,5,region5_312948039
2023-03-19 07:15,4047841935,0,14023,2,region5_312948043
2023-03-19 07:15,4048922659,0,8388608,2,region5_312948041
2023-03-19 07:15,4048088961,5999012,20342,2,region5_312948041
2023-03-19 07:15,4048849829,449167,224042,2,region5_312948047
2023-03-19 07:15,4047992505,0,323543,3,region5_312948042
2023-03-19 07:15,4050587427,0,7156998,2,region5_312948041
2023-03-19 07:15,4048463448,0,931927,2,region5_312948041
2023-03-19 07:15,4048521164,0,8388608,5,region5_312948039
2023-03-19 07:15,4048372714,3080003,1480377,2,region5_312948041
2023-03-19 07:15,4048372714,673177,1200239,2,region5_312948041
2023-03-19 07:15,4048047033,0,8388608,5,region5_312948039
2023-03-19 07:15,4048661406,0,4668929,2,region5_312948047
2023-03-19 07:15,4048674785,4298900,7984,2,region5_312948048
2023-03-19 07:15,4048143127,4920762,1048576,1,region5_312948042
2023-03-19 07:15,4048630263,395998,817701,2,region5_312948047
2023-03-19 07:15,4051349623,0,7798157,2,region5_312948046
2023-03-19 07:15,4051434979,0,907474,5,region5_312948039
2023-03-19 07:15,4051474117,0,8388608,5,region5_312948039
2023-03-19 07:15,4047980614,359904,275328,2,region5_312948043
2023-03-19 07:15,4048821628,2032174,1249180,2,region5_312948047
2023-03-19 07:15,4048851923,4955180,156090,2,region5_312948041
2023-03-19 07:15,4048985256,0,647168,2,region5_312948050
2023-03-19 07:15,4051432465,0,8388608,5,region5_312948039
2023-03-19 07:15,4048867210,692800,1088,2,region5_312948043
2023-03-19 07:15,4048985256,647168,2101248,2,region5_312948050
2023-03-19 07:15,4048146079,0,2024965,2,region5_312948044
2023-03-19 07:15,4048476379,0,417633,2,region5_312948043
2023-03-19 07:15,4048985256,2748416,2105344,2,region5_312948050
2023-03-19 07:15,4049000284,0,25165824,3,region5_312948051
2023-03-19 07:15,4051372095,0,8364306,3,region5_312948042
2023-03-19 07:15,4047722784,538612,817162,2,region5_312948047
2023-03-19 07:15,4047737300,0,8388608,2,region5_312948046
2023-03-19 07:15,4048165198,0,4331,5,region5_312948039
2023-03-19 07:15,4048311548,1212416,2105344,2,region5_312948050
2023-03-19 07:15,4048311548,0,1212416,2,region5_312948050
2023-03-19 07:15,4048311548,3317760,2105344,2,region5_312948050
2023-03-19 07:15,4048985256,4853760,2105344,2,region5_312948050
2023-03-19 07:15,4051359063,3344769,648400,2,region5_312948046
2023-03-19 07:15,4048311548,7532544,856064,2,region5_312948050
2023-03-19 07:15,4048311548,5423104,2109440,2,region5_312948050
2023-03-19 07:15,4048742843,0,1315107,2,region5_312948041
2023-03-19 07:15,4048742843,3497766,659038,2,region5_312948041
2023-03-19 07:15,4048418262,0,8388608,2,region5_312948041
2023-03-19 07:15,4048985256,6959104,1429504,2,region5_312948050
2023-03-19 07:15,4049089702,692552,1315988,2,region5_312948041
2023-03-19 07:15,4051303126,0,8481568,5,region5_312948039
2023-03-19 07:15,4047866691,1964301,1048576,2,region5_312948045
2023-03-19 07:15,4048476379,0,417633,2,region5_312948043
2023-03-19 07:15,4048703695,0,1206631,4,region5_312948051
2023-03-19 07:15,4048728870,0,8357095,3,region5_312948042
2023-03-19 07:15,4049067292,0,5030441,2,region5_312948047
2023-03-19 07:15,4047800750,0,1822972,2,region5_312948047
2023-03-19 07:15,4047800750,830488,1048576,2,region5_312948047
2023-03-19 07:15,4047754572,4403462,1048576,1,region5_312948042
2023-03-19 07:15,4048654705,0,8481568,5,region5_312948039
2023-03-19 07:15,4048678984,1937171,162814,2,region5_312948045
2023-03-19 07:15,4048689495,0,948308,1,region5_312948042
2023-03-19 07:15,4048114720,3948724,722707,2,region5_312948051
2023-03-19 07:15,4048678984,1937196,162789,2,region5_312948045
2023-03-19 07:15,4047893859,0,29057,2,region5_312948053
2023-03-19 07:15,4048688248,1378353,39558,2,region5_312948045
2023-03-19 07:15,4049046947,0,1904859,2,region5_312948041
2023-03-19 07:15,4049060240,0,10485760,5,region5_312948039
2023-03-19 07:15,4051359063,0,2983395,2,region5_312948046
2023-03-19 07:15,4051359063,3125505,219264,2,region5_312948046
2023-03-19 07:15,4051389445,0,8388608,4,region5_312948044
2023-03-19 07:15,4048434565,15559,1842018,2,region5_312948047
2023-03-19 07:15,4048480141,2184460,2881598,2,region5_312948046
2023-03-19 07:15,4048569939,1455565,224695,2,region5_312948045
2023-03-19 07:15,4048714216,0,7054378,3,region5_312948042
2023-03-19 07:15,4047866691,1964301,1048576,2,region5_312948045
2023-03-19 07:15,4048552226,739584,147904,2,region5_312948043
2023-03-19 07:15,4047807968,0,8388608,4,region5_312948052
2023-03-19 07:15,4048244528,596752,944006,2,region5_312948041
2023-03-19 07:15,4048292787,0,37831,1,region5_312948042
2023-03-19 07:15,4047945240,7457100,931508,2,region5_312948041
2023-03-19 07:15,4048569939,1455565,224695,2,region5_312948045
2023-03-19 07:15,4049125529,5929071,1239220,2,region5_312948041
2023-03-19 07:15,4051404620,3340704,48,2,region5_312948043
2023-03-19 07:15,4048234823,0,2910549,5,region5_312948039
2023-03-19 07:15,4048706698,5984410,1048576,1,region5_312948042
2023-03-19 07:15,4048333096,4747389,143997,2,region5_312948041
2023-03-19 07:15,4047694350,0,6293305,5,region5_312948039
2023-03-19 07:15,4048292787,37831,8312945,1,region5_312948042
2023-03-19 07:15,4049323798,5172641,1288011,2,region5_312948047
2023-03-19 07:15,4049327863,0,1048576,5,region5_312948039
2023-03-19 07:15,4047856273,0,1984379,2,region5_312948048
2023-03-19 07:15,4047856273,1984379,5906565,2,region5_312948048
2023-03-19 07:15,4048163002,4034111,162168,2,region5_312948041
2023-03-19 07:15,4048298430,1351250,7037358,2,region5_312948046
2023-03-19 07:15,4049119370,0,5036227,2,region5_312948041
2023-03-19 07:15,4049327863,1048576,1048576,5,region5_312948039
2023-03-19 07:15,4047732665,0,8360546,1,region5_312948042
2023-03-19 07:15,4047788813,0,1048576,5,region5_312948039
2023-03-19 07:15,4049213266,0,5494885,2,region5_312948046
2023-03-19 07:15,4048364159,0,8388608,2,region5_312948041
2023-03-19 07:15,4049327863,2097152,1048576,5,region5_312948039
2023-03-19 07:15,4047788813,1048576,1048576,5,region5_312948039
2023-03-19 07:15,4048536153,3087737,1048576,2,region5_312948041
2023-03-19 07:15,4048689495,948308,1588751,1,region5_312948042
2023-03-19 07:15,4049042047,0,8388608,2,region5_312948041
2023-03-19 07:15,4049060240,10485760,1412575,5,region5_312948039
2023-03-19 07:15,4047788813,2097152,1048576,5,region5_312948039
2023-03-19 07:15,4048661406,0,8205385,2,region5_312948044
2023-03-19 07:15,4048689495,4125810,1588751,1,region5_312948042
2023-03-19 07:15,4048689495,2537059,1588751,1,region5_312948042
2023-03-19 07:15,4049327863,3145728,1048576,5,region5_312948039
2023-03-19 07:15,4048299506,0,8481568,5,region5_312948039
2023-03-19 07:15,4048967660,0,3870322,5,region5_312948039
2023-03-19 07:15,4048809653,0,1048576,5,region5_312948039
2023-03-19 07:15,4049138453,0,6674549,2,region5_312948046
2023-03-19 07:15,4049327863,4194304,1048576,5,region5_312948039
2023-03-19 07:15,4047788813,3145728,1048576,5,region5_312948039
2023-03-19 07:15,4047961757,3016996,1048576,2,region5_312948047
2023-03-19 07:15,4048608503,1307937,1514106,2,region5_312948041
2023-03-19 07:15,4049227605,0,8360551,3,region5_312948042
2023-03-19 07:15,4047961148,2349348,6039260,2,region5_312948048
2023-03-19 07:15,4048464693,0,992588,5,region5_312948039
2023-03-19 07:15,4048608503,6088690,2299918,2,region5_312948041
2023-03-19 07:15,4048630977,3280652,88359,2,region5_312948041
2023-03-19 07:15,4048634498,2136144,6345424,2,region5_312948049
2023-03-19 07:15,4048634498,0,4266640,2,region5_312948049
2023-03-19 07:15,4047866691,1964301,1048576,2,region5_312948045
2023-03-19 07:15,4049067292,5030441,3358167,2,region5_312948047
2023-03-19 07:15,4049138344,5610050,806291,2,region5_312948047
2023-03-19 07:15,4049327863,6291456,1048576,5,region5_312948039
2023-03-19 07:15,4049327863,5242880,1048576,5,region5_312948039
2023-03-19 07:15,4047788813,5242880,1048576,5,region5_312948039
2023-03-19 07:15,4047788813,4194304,1048576,5,region5_312948039
2023-03-19 07:15,4048809653,1048576,1048576,5,region5_312948039
2023-03-19 07:15,4049327863,7340032,1048576,5,region5_312948039
2023-03-19 07:15,4047788813,6291456,1048576,5,region5_312948039
2023-03-19 07:15,4047959944,395492,553383,2,region5_312948047
2023-03-19 07:15,4047754235,0,475136,2,region5_312948050
2023-03-19 07:15,4048809653,2097152,1048576,5,region5_312948039
2023-03-19 07:15,4049317791,0,2097372,2,region5_312948041
2023-03-19 07:15,4047788813,8388608,150676,5,region5_312948039
2023-03-19 07:15,4047788813,7340032,1048576,5,region5_312948039
2023-03-19 07:15,4047754235,475136,2109440,2,region5_312948050
2023-03-19 07:15,4048246793,4683441,1090308,2,region5_312948046
2023-03-19 07:15,4048246793,7965472,423136,2,region5_312948046
2023-03-19 07:15,4048246793,1499273,1054633,2,region5_312948046
2023-03-19 07:15,4048809653,3145728,1048576,5,region5_312948039
2023-03-19 07:15,4047754235,2584576,2101248,2,region5_312948050
2023-03-19 07:15,4048368013,15466976,9728,2,region5_312948043
2023-03-19 07:15,4049076657,0,8388608,5,region5_312948039
2023-03-19 07:15,4048678984,1937196,162789,2,region5_312948045
2023-03-19 07:15,4048678984,1937171,162814,2,region5_312948045
2023-03-19 07:15,4047754235,4685824,2101248,2,region5_312948050
2023-03-19 07:15,4048642483,0,8387913,3,region5_312948047
2023-03-19 07:15,4048816231,1266584,222976,2,region5_312948043
2023-03-19 07:15,4048688248,1378353,39558,2,region5_312948045
2023-03-19 07:15,4049006477,0,8388608,5,region5_312948039
2023-03-19 07:15,4048809653,4194304,1048576,5,region5_312948039
2023-03-19 07:15,4047893839,0,176,2,region5_312948043
2023-03-19 07:15,4047754235,6787072,1601536,2,region5_312948050
2023-03-19 07:15,4048991961,0,8388608,4,region5_312948044
2023-03-19 07:15,4048809653,5242880,1048576,5,region5_312948039
2023-03-19 07:15,4047891811,0,1048576,5,region5_312948039
2023-03-19 07:15,4047980602,0,2088866,2,region5_312948047
2023-03-19 07:15,4047752465,0,105600,2,region5_312948047
2023-03-19 07:15,4047752465,4216961,124591,2,region5_312948047
2023-03-19 07:15,4048282166,6909,1488502,2,region5_312948047
2023-03-19 07:15,4048319991,0,8388608,4,region5_312948044
2023-03-19 07:15,4048114720,0,4671431,2,region5_312948044
2023-03-19 07:15,4049128201,0,8388608,2,region5_312948041
2023-03-19 07:15,4047891811,1048576,1048576,5,region5_312948039
2023-03-19 07:15,4048674676,4919836,2031659,2,region5_312948041
2023-03-19 07:15,4049031896,0,5775262,2,region5_312948041
2023-03-19 07:15,4048809653,6291456,1048576,5,region5_312948039
2023-03-19 07:15,4049192862,0,1048576,1,region5_312948042
2023-03-19 07:15,4049410863,0,61131,2,region5_312948050
2023-03-19 07:15,4048873021,0,5663127,2,region5_312948044
2023-03-19 07:15,4048486841,5366882,3021726,2,region5_312948041
2023-03-19 07:15,4048486841,0,545614,2,region5_312948041
2023-03-19 07:15,4049403505,847872,2105344,2,region5_312948050
2023-03-19 07:15,4049403505,0,847872,2,region5_312948050
2023-03-19 07:15,4048873021,5663127,2725481,2,region5_312948044
2023-03-19 07:15,4049192862,1048576,1048576,1,region5_312948042
2023-03-19 07:15,4049403505,7159808,1228800,2,region5_312948050
2023-03-19 07:15,4049403505,5058560,2101248,2,region5_312948050
2023-03-19 07:15,4049403505,2953216,2105344,2,region5_312948050
2023-03-19 07:15,4047891811,2097152,1048576,5,region5_312948039
2023-03-19 07:15,4048148908,621265,7654998,2,region5_312948041
2023-03-19 07:15,4048471198,0,1743855,3,region5_312948047
2023-03-19 07:15,4048496847,0,8388608,4,region5_312948047
2023-03-19 07:15,4048809653,7340032,1048576,5,region5_312948039
2023-03-19 07:15,4049192862,2097152,1048576,1,region5_312948042
2023-03-19 07:15,4049402492,0,8388608,2,region5_312948051
2023-03-19 07:15,4047891811,3145728,1048576,5,region5_312948039
2023-03-19 07:15,4048649299,0,3243395,2,region5_312948046
2023-03-19 07:15,4047800750,830488,1048576,2,region5_312948047
2023-03-19 07:15,4047891811,4194304,1048576,5,region5_312948039
2023-03-19 07:15,4049183200,0,8388608,5,region5_312948039
2023-03-19 07:15,4049192862,3145728,1048576,1,region5_312948042
2023-03-19 07:15,4049107267,0,3809620,2,region5_312948041
2023-03-19 07:15,4048114531,7337376,48,2,region5_312948043
2023-03-19 07:15,4048062860,0,2357038,2,region5_312948046
2023-03-19 07:15,4048062860,7262288,1126320,2,region5_312948046
2023-03-19 07:15,4048510204,0,3118500,2,region5_312948046
2023-03-19 07:15,4048779446,7110762,111030,2,region5_312948045
2023-03-19 07:15,4048779446,251382,2582392,2,region5_312948045
2023-03-19 07:15,4049192862,4194304,1048576,1,region5_312948042
2023-03-19 07:15,4049393622,725922,161327,2,region5_312948041
2023-03-19 07:15,4049393622,0,887249,2,region5_312948041
2023-03-19 07:15,4047891811,5242880,1048576,5,region5_312948039
2023-03-19 07:15,4048663466,3807729,1119624,2,region5_312948047
2023-03-19 07:15,4048251627,142752,133568,2,region5_312948043
2023-03-19 07:15,4048251627,0,142752,2,region5_312948043
2023-03-19 07:15,4048894403,0,9843418,6,region5_312948057
2023-03-19 07:15,4049192862,5242880,1048576,1,region5_312948042
2023-03-19 07:15,4047891811,6291456,1048576,5,region5_312948039
2023-03-19 07:15,4047957931,1577871,928015,2,region5_312948047
2023-03-19 07:15,4047957931,2475914,797683,2,region5_312948047
2023-03-19 07:15,4048236064,817258,1048576,2,region5_312948045
2023-03-19 07:15,4048236064,817258,1048576,2,region5_312948045
2023-03-19 07:15,4049192862,6291456,1048576,1,region5_312948042
2023-03-19 07:15,4049192862,7340032,1048576,1,region5_312948042
2023-03-19 07:15,4049270274,0,4841997,5,region5_312948057
2023-03-19 07:16,4049192862,8388608,1048576,1,region5_312948042
2023-03-19 07:16,4049394697,0,6449346,1,region5_312948042
2023-03-19 07:16,4047751507,0,688684,2,region5_312948048
2023-03-19 07:16,4047891811,7340032,1048576,5,region5_312948039
2023-03-19 07:16,4048281264,7020793,749477,2,region5_312948041
2023-03-19 07:16,4048281264,0,2386424,2,region5_312948041
2023-03-19 07:16,4049192862,10485760,1048576,1,region5_312948042
2023-03-19 07:16,4049192862,9437184,1048576,1,region5_312948042
2023-03-19 07:16,4048143127,5969338,1048576,1,region5_312948042
2023-03-19 07:16,4049192862,11534336,1048576,1,region5_312948042
2023-03-19 07:16,4048044598,0,947375,2,region5_312948047
2023-03-19 07:16,4048515158,0,1048576,5,region5_312948039
2023-03-19 07:16,4049192862,12582912,1048576,1,region5_312948042
2023-03-19 07:16,4047722784,508348,1551788,2,region5_312948047
2023-03-19 07:16,4048107611,0,176,2,region5_312948043
2023-03-19 07:16,4048515158,1048576,1048576,5,region5_312948039
2023-03-19 07:16,4049192862,14680064,1048576,1,region5_312948042
2023-03-19 07:16,4049192862,13631488,1048576,1,region5_312948042
2023-03-19 07:16,4049210901,4737173,364728,2,region5_312948051
2023-03-19 07:16,4048661589,2586671,5801937,2,region5_312948041
2023-03-19 07:16,4048515158,2097152,1048576,5,region5_312948039
2023-03-19 07:16,4049192862,15728640,1048576,1,region5_312948042
2023-03-19 07:16,4049090466,4422784,3652490,2,region5_312948046
2023-03-19 07:16,4049090466,811031,1801048,2,region5_312948046
2023-03-19 07:16,4049192862,17825792,1048576,1,region5_312948042
2023-03-19 07:16,4049192862,16777216,1048576,1,region5_312948042
2023-03-19 07:16,4048594729,0,2082956,2,region5_312948047
2023-03-19 07:16,4048428838,0,25165824,3,region5_312948051
2023-03-19 07:16,4048515158,3145728,1048576,5,region5_312948039
2023-03-19 07:16,4048709422,0,8388608,2,region5_312948046
2023-03-19 07:16,4048127824,0,6287846,2,region5_312948046
2023-03-19 07:16,4049051606,0,2583080,2,region5_312948047
2023-03-19 07:16,4049114872,0,9877613,6,region5_312948057
2023-03-19 07:16,4049192862,19922944,1048576,1,region5_312948042
2023-03-19 07:16,4049192862,18874368,1048576,1,region5_312948042
2023-03-19 07:16,4048729451,1288130,7100478,2,region5_312948041
2023-03-19 07:16,4049594062,0,5439572,5,region5_312948057
2023-03-19 07:16,4048461769,0,1048576,5,region5_312948039
2023-03-19 07:16,4048515158,4194304,1048576,5,region5_312948039
2023-03-19 07:16,4048805587,0,942897,2,region5_312948041
2023-03-19 07:16,4049192862,22020096,1048576,1,region5_312948042
2023-03-19 07:16,4049192862,20971520,1048576,1,region5_312948042
2023-03-19 07:16,4049317791,0,2097372,2,region5_312948041
2023-03-19 07:16,4048461769,1048576,1048576,5,region5_312948039
2023-03-19 07:16,4049192862,23068672,1048576,1,region5_312948042
2023-03-19 07:16,4048361445,5439744,103104,2,region5_312948043
2023-03-19 07:16,4047891639,1282069,6871,2,region5_312948047
2023-03-19 07:16,4048515158,5242880,1048576,5,region5_312948039
2023-03-19 07:16,4049192862,24117248,1048576,1,region5_312948042
2023-03-19 07:16,4048461769,2097152,1048576,5,region5_312948039
2023-03-19 07:16,4048515158,6291456,1048576,5,region5_312948039
2023-03-19 07:16,4048515158,7340032,1048576,5,region5_312948039
2023-03-19 07:16,4047752465,0,105600,2,region5_312948047
2023-03-19 07:16,4047752465,3843696,124252,2,region5_312948047
2023-03-19 07:16,4048461769,3145728,1048576,5,region5_312948039
2023-03-19 07:16,4049125529,5929071,1239220,2,region5_312948041
2023-03-19 07:16,4049805928,6988432,262328,2,region5_312948043
2023-03-19 07:16,4048346210,3704156,4684452,2,region5_312948041
2023-03-19 07:16,4048346210,0,1900606,2,region5_312948041
2023-03-19 07:16,4048461769,4194304,1048576,5,region5_312948039
2023-03-19 07:16,4047722784,899640,456134,2,region5_312948047
2023-03-19 07:16,4048369772,0,7691397,3,region5_312948042
2023-03-19 07:16,4048461769,5242880,1048576,5,region5_312948039
2023-03-19 07:16,4048614265,0,4874564,2,region5_312948041
2023-03-19 07:16,4048461769,6291456,1048576,5,region5_312948039
2023-03-19 07:16,4048630263,0,1525499,2,region5_312948047
2023-03-19 07:16,4048461769,7340032,1048576,5,region5_312948039
2023-03-19 07:16,4048127824,0,6287846,2,region5_312948046
2023-03-19 07:16,4048948801,4800410,151058,2,region5_312948041
2023-03-19 07:16,4048630263,0,1961355,2,region5_312948047
2023-03-19 07:16,4048974895,0,8388608,2,region5_312948041
2023-03-19 07:16,4048581726,0,8388608,2,region5_312948041
2023-03-19 07:16,4049025881,2849531,628622,2,region5_312948047
2023-03-19 07:16,4048356765,0,8388608,2,region5_312948044
2023-03-19 07:16,4048236064,817258,1048576,2,region5_312948045
2023-03-19 07:16,4048944224,1070892,54161,2,region5_312948041
2023-03-19 07:16,4048944224,6607538,11865,2,region5_312948041
2023-03-19 07:16,4049057793,8057634,330974,2,region5_312948041
2023-03-19 07:16,4049057793,0,6154157,2,region5_312948041
2023-03-19 07:16,4049534756,0,8388608,2,region5_312948046
2023-03-19 07:16,4049649248,4737892,208878,2,region5_312948047
2023-03-19 07:16,4048505481,0,1996752,6,region5_312948039
2023-03-19 07:16,4048505481,0,1109307,5,region5_312948039
2023-03-19 07:16,4049529342,0,8372000,3,region5_312948042
2023-03-19 07:16,4048506483,0,8373668,3,region5_312948042
2023-03-19 07:16,4049304504,0,4754017,2,region5_312948046
2023-03-19 07:16,4049446575,850976,289856,2,region5_312948043
2023-03-19 07:16,4048876313,0,940403,2,region5_312948047
2023-03-19 07:16,4049894558,0,1373704,2,region5_312948048
2023-03-19 07:16,4048624844,599196,24779,2,region5_312948048
2023-03-19 07:16,4048624844,623975,1031629,2,region5_312948048
2023-03-19 07:16,4049475394,0,6149073,2,region5_312948041
2023-03-19 07:16,4049626136,8099792,194,2,region5_312948048
2023-03-19 07:16,4049894558,1373704,2477174,2,region5_312948048
2023-03-19 07:16,4048697592,1318912,327680,2,region5_312948043
2023-03-19 07:16,4048697592,8192,1310720,2,region5_312948043
2023-03-19 07:16,4049810938,0,8388608,2,region5_312948046
2023-03-19 07:16,4049138407,0,11572,2,region5_312948043
2023-03-19 07:16,4049417781,0,8388608,5,region5_312948039
2023-03-19 07:16,4049570644,5398640,97920,2,region5_312948043
2023-03-19 07:16,4049805928,6988432,262328,2,region5_312948043
2023-03-19 07:16,4049928525,7686048,50688,2,region5_312948043
2023-03-19 07:16,4049933958,0,1048576,5,region5_312948039
2023-03-19 07:16,4048469828,0,1048576,5,region5_312948039
2023-03-19 07:16,4049359391,0,1048576,5,region5_312948039
2023-03-19 07:16,4049756091,1792589,1822986,2,region5_312948047
2023-03-19 07:16,4048538505,0,8150133,3,region5_312948042
2023-03-19 07:16,4048473126,0,1831,2,region5_312948043
2023-03-19 07:16,4049933958,1048576,1048576,5,region5_312948039
2023-03-19 07:16,4048046819,0,859004,6,region5_312948039
2023-03-19 07:16,4048900236,0,8481568,2,region5_312948049
2023-03-19 07:16,4049067292,0,5030441,2,region5_312948047
2023-03-19 07:16,4049359391,1048576,1048576,5,region5_312948039
2023-03-19 07:16,4049448107,4194304,4194304,2,region5_312948044
2023-03-19 07:16,4049448107,0,4194304,2,region5_312948044
2023-03-19 07:16,4048046819,0,477224,5,region5_312948039
2023-03-19 07:16,4049359590,0,4194304,1,region5_312948042
2023-03-19 07:16,4049359590,4194304,4168342,1,region5_312948042
2023-03-19 07:16,4049448107,0,4194304,2,region5_312948044
2023-03-19 07:16,4049664732,0,8388608,2,region5_312948041
2023-03-19 07:16,4049933958,2097152,1048576,5,region5_312948039
2023-03-19 07:16,4049359391,2097152,1048576,5,region5_312948039
2023-03-19 07:16,4048171292,0,1038897,5,region5_312948039
2023-03-19 07:16,4048232270,3992524,18564,2,region5_312948048
2023-03-19 07:16,4049366439,0,8388608,2,region5_312948041
2023-03-19 07:16,4049933958,3145728,1048576,5,region5_312948039
2023-03-19 07:16,4048469828,2097152,1048576,5,region5_312948039
2023-03-19 07:16,4048469828,1048576,1048576,5,region5_312948039
2023-03-19 07:16,4049025716,0,1048576,5,region5_312948039
2023-03-19 07:16,4049066236,0,398296,5,region5_312948039
2023-03-19 07:16,4049089769,0,1792,2,region5_312948043
2023-03-19 07:16,4049190717,0,59711,5,region5_312948039
2023-03-19 07:16,4049353514,0,8388608,5,region5_312948039
2023-03-19 07:16,4049359391,3145728,1048576,5,region5_312948039
2023-03-19 07:16,4049765025,39976544,732480,2,region5_312948043
2023-03-19 07:16,4049805928,7250760,327910,2,region5_312948043
2023-03-19 07:16,4049896598,0,689731,2,region5_312948051
2023-03-19 07:16,4049933958,4194304,1048576,5,region5_312948039
2023-03-19 07:16,4048469828,3145728,1048576,5,region5_312948039
2023-03-19 07:16,4048251627,0,142752,2,region5_312948043
2023-03-19 07:16,4048251627,142752,133568,2,region5_312948043
2023-03-19 07:16,4048737349,0,8388608,5,region5_312948039
2023-03-19 07:16,4048232270,4011088,769933,2,region5_312948048
2023-03-19 07:16,4049025716,1048576,1048576,5,region5_312948039
2023-03-19 07:16,4049400176,0,8370602,3,region5_312948042
2023-03-19 07:16,4049066236,0,896166,6,region5_312948039
2023-03-19 07:16,4049805928,7578670,271638,2,region5_312948043
2023-03-19 07:16,4049896598,2215062,832261,2,region5_312948051
2023-03-19 07:16,4048469828,4194304,1048576,5,region5_312948039
2023-03-19 07:16,4048683728,2863132,1048576,2,region5_312948058
2023-03-19 07:16,4049284036,0,4848184,5,region5_312948039
2023-03-19 07:16,4049359391,4194304,1048576,5,region5_312948039
2023-03-19 07:16,4049713746,0,23812,5,region5_312948039
2023-03-19 07:16,4048770833,0,8388608,2,region5_312948041
2023-03-19 07:16,4049025716,2097152,1048576,5,region5_312948039
2023-03-19 07:16,4048863209,0,8327511,2,region5_312948041
2023-03-19 07:16,4049857121,0,9690,2,region5_312948043
2023-03-19 07:16,4049933958,5242880,1048576,5,region5_312948039
2023-03-19 07:16,4048821139,4705455,1611757,2,region5_312948041
2023-03-19 07:16,4048821139,5268636,1048576,2,region5_312948041
2023-03-19 07:16,4048541039,0,3065243,2,region5_312948048
2023-03-19 07:16,4049025716,3145728,1048576,5,region5_312948039
2023-03-19 07:16,4049067292,5030441,3358167,2,region5_312948047
2023-03-19 07:16,4048469828,5242880,1048576,5,region5_312948039
2023-03-19 07:16,4048541039,0,3065243,2,region5_312948048
2023-03-19 07:16,4049359391,5242880,1048576,5,region5_312948039
2023-03-19 07:16,4047754572,5452038,1048576,1,region5_312948042
2023-03-19 07:16,4049927315,0,3466,3,region5_312948042
2023-03-19 07:16,4049933958,6291456,1048576,5,region5_312948039
2023-03-19 07:16,4048541039,0,3065243,2,region5_312948048
2023-03-19 07:16,4048841597,6561320,556573,2,region5_312948041
2023-03-19 07:16,4049101866,0,8344277,1,region5_312948042
2023-03-19 07:16,4049359391,6291456,1048576,5,region5_312948039
2023-03-19 07:16,4048541039,0,3065243,2,region5_312948048
2023-03-19 07:16,4048930385,0,8388608,5,region5_312948039
2023-03-19 07:16,4049025716,4194304,1048576,5,region5_312948039
2023-03-19 07:16,4049359391,7340032,1048576,5,region5_312948039
2023-03-19 07:16,4049475398,3960170,3348800,2,region5_312948046
2023-03-19 07:16,4049475398,818739,389618,2,region5_312948046
2023-03-19 07:16,4049933958,7340032,1048576,5,region5_312948039
2023-03-19 07:16,4048469828,6291456,1048576,5,region5_312948039
2023-03-19 07:16,4050046336,0,42,3,region5_312948042
2023-03-19 07:16,4048476379,0,417633,2,region5_312948043
2023-03-19 07:16,4049248556,2606728,1379597,2,region5_312948041
2023-03-19 07:16,4049248556,6765766,34985,2,region5_312948041
2023-03-19 07:16,4049403368,0,9516916,6,region5_312948057
2023-03-19 07:16,4048469828,7340032,1048576,5,region5_312948039
2023-03-19 07:16,4048476379,0,417633,2,region5_312948043
2023-03-19 07:16,4048926071,0,128,2,region5_312948043
2023-03-19 07:16,4049223860,6165607,2223001,2,region5_312948048
2023-03-19 07:16,4049223860,0,6165607,2,region5_312948048
2023-03-19 07:16,4048926071,0,128,2,region5_312948043
2023-03-19 07:16,4049025716,5242880,1048576,5,region5_312948039
2023-03-19 07:16,4049137031,0,8481568,5,region5_312948039
2023-03-19 07:16,4049951913,0,20324,1,region5_312948042
2023-03-19 07:16,4047757709,0,8409662,2,region5_312948044
2023-03-19 07:16,4049197676,0,569349,1,region5_312948042
2023-03-19 07:16,4049275140,7704670,314842,2,region5_312948041
2023-03-19 07:16,4049951913,20324,8347960,1,region5_312948042
2023-03-19 07:16,4049025716,6291456,1048576,5,region5_312948039
2023-03-19 07:16,4049609231,0,749567,2,region5_312948041
2023-03-19 07:16,4048006950,0,8388608,2,region5_312948046
2023-03-19 07:16,4049903207,1243104,7145504,2,region5_312948041
2023-03-19 07:16,4050110791,0,3682074,2,region5_312948048
2023-03-19 07:16,4050110791,3682074,1457912,2,region5_312948048
2023-03-19 07:16,4048865684,2502347,4423260,2,region5_312948041
2023-03-19 07:16,4049025716,7340032,1048576,5,region5_312948039
2023-03-19 07:16,4048832090,4504566,1048576,2,region5_312948047
2023-03-19 07:16,4048832090,4504566,1048576,2,region5_312948047
2023-03-19 07:16,4048832090,4504566,1048576,2,region5_312948047
2023-03-19 07:16,4047751507,0,688684,2,region5_312948047
2023-03-19 07:16,4049695080,0,8388608,2,region5_312948046
2023-03-19 07:16,4049984606,0,881301,2,region5_312948048
2023-03-19 07:16,4048295026,7266464,169216,2,region5_312948043
2023-03-19 07:16,4047761367,0,2884854,2,region5_312948041
2023-03-19 07:16,4047761367,1836278,1048576,2,region5_312948041
2023-03-19 07:16,4049025716,8388608,92960,5,region5_312948039
2023-03-19 07:16,4049222676,0,8388608,2,region5_312948041
2023-03-19 07:16,4050207424,0,1908573,2,region5_312948048
2023-03-19 07:16,4048630263,0,26945,2,region5_312948047
2023-03-19 07:16,4048630263,1203404,10295,2,region5_312948047
2023-03-19 07:16,4049421822,0,22211,5,region5_312948039
2023-03-19 07:16,4047705765,0,176,2,region5_312948043
2023-03-19 07:16,4049448107,0,8388608,2,region5_312948044
2023-03-19 07:16,4048143127,7017914,805971,1,region5_312948042
2023-03-19 07:16,4049765025,33865632,164160,2,region5_312948043
2023-03-19 07:16,4047846327,5974645,449683,2,region5_312948046
2023-03-19 07:16,4047846327,8256938,131670,2,region5_312948046
2023-03-19 07:16,4047846327,0,1127982,2,region5_312948046
2023-03-19 07:16,4048541039,0,3065243,2,region5_312948048
2023-03-19 07:16,4049054113,0,8388608,4,region5_312948047
2023-03-19 07:16,4049070947,1113229,1651136,2,region5_312948046
2023-03-19 07:16,4049070947,6078931,29067,2,region5_312948046
2023-03-19 07:16,4049070947,582792,445664,2,region5_312948046
2023-03-19 07:16,4049070947,2494708,177367,2,region5_312948046
2023-03-19 07:16,4049070994,2238074,267179,2,region5_312948041
2023-03-19 07:16,4049265380,5201248,174912,2,region5_312948043
2023-03-19 07:16,4049745345,0,1809645,5,region5_312948057
2023-03-19 07:16,4049409752,0,8299749,3,region5_312948042
2023-03-19 07:16,4048630263,1203404,757951,2,region5_312948047
2023-03-19 07:16,4049023449,0,3995444,5,region5_312948057
2023-03-19 07:16,4047960315,4017715,161180,2,region5_312948041
2023-03-19 07:17,4049387430,1888256,2093056,2,region5_312948054
2023-03-19 07:17,4049387430,0,1888256,2,region5_312948054
2023-03-19 07:17,4049014817,3690527,4698081,2,region5_312948041
2023-03-19 07:17,4049884630,0,2183,2,region5_312948043
2023-03-19 07:17,4049387430,6078464,2093056,2,region5_312948054
2023-03-19 07:17,4049387430,8171520,217088,2,region5_312948054
2023-03-19 07:17,4049387430,3981312,2097152,2,region5_312948054
2023-03-19 07:17,4049260431,0,380928,2,region5_312948053
2023-03-19 07:17,4048706698,7032986,758920,1,region5_312948042
2023-03-19 07:17,4049260431,4595712,2101248,2,region5_312948053
2023-03-19 07:17,4049260431,380928,2105344,2,region5_312948053
2023-03-19 07:17,4049260431,2486272,2109440,2,region5_312948053
2023-03-19 07:17,4049316004,0,7637352,3,region5_312948042
2023-03-19 07:17,4047800750,0,1822972,2,region5_312948047
2023-03-19 07:17,4047800750,830488,1048576,2,region5_312948047
2023-03-19 07:17,4049421985,0,6839138,2,region5_312948041
2023-03-19 07:17,4047752465,0,105600,2,region5_312948047
2023-03-19 07:17,4049904395,741598,1048576,2,region5_312948041
2023-03-19 07:17,4050035448,0,1048576,5,region5_312948039
2023-03-19 07:17,4047800750,0,1822972,2,region5_312948047
2023-03-19 07:17,4049772550,0,5246567,5,region5_312948039
2023-03-19 07:17,4049904395,0,663203,2,region5_312948041
2023-03-19 07:17,4050035448,1048576,1048576,5,region5_312948039
2023-03-19 07:17,4049260431,6696960,1691648,2,region5_312948053
2023-03-19 07:17,4049423927,8402880,48,2,region5_312948043
2023-03-19 07:17,4050035448,2097152,1048576,5,region5_312948039
2023-03-19 07:17,4050234754,0,8368450,3,region5_312948042
2023-03-19 07:17,4049225642,0,8481568,5,region5_312948039
2023-03-19 07:17,4047751507,0,688684,2,region5_312948047
2023-03-19 07:17,4049946101,0,14572503,4,region5_312948048
2023-03-19 07:17,4047963174,0,145825,2,region5_312948043
2023-03-19 07:17,4049405603,0,429566,3,region5_312948042
2023-03-19 07:17,4049887311,0,2760203,2,region5_312948041
2023-03-19 07:17,4050035448,3145728,1048576,5,region5_312948039
2023-03-19 07:17,4050127601,0,2005551,2,region5_312948051
2023-03-19 07:17,4050139936,0,8388608,4,region5_312948051
2023-03-19 07:17,4049364586,0,4194304,2,region5_312948044
2023-03-19 07:17,4049364586,4194304,4194304,2,region5_312948044
2023-03-19 07:17,4047751507,0,688684,2,region5_312948047
2023-03-19 07:17,4049887311,4654247,3392632,2,region5_312948041
2023-03-19 07:17,4048328971,0,176,2,region5_312948043
2023-03-19 07:17,4048926071,0,128,2,region5_312948043
2023-03-19 07:17,4047800750,830488,1048576,2,region5_312948047
2023-03-19 07:17,4047800750,0,1822972,2,region5_312948047
2023-03-19 07:17,4050035448,4194304,1048576,5,region5_312948039
2023-03-19 07:17,4050141887,0,8388608,5,region5_312948039
2023-03-19 07:17,4050178675,0,8388608,2,region5_312948041
2023-03-19 07:17,4050289429,0,8388608,2,region5_312948041
2023-03-19 07:17,4050327625,0,8388608,5,region5_312948039
2023-03-19 07:17,4049158961,0,8356222,3,region5_312948042
2023-03-19 07:17,4050270655,5115063,3273545,2,region5_312948048
2023-03-19 07:17,4049451607,1524004,1541141,2,region5_312948041
2023-03-19 07:17,4050349257,0,911874,5,region5_312948039
2023-03-19 07:17,4049196632,2762412,641062,2,region5_312948041
2023-03-19 07:17,4049222671,0,401,2,region5_312948053
2023-03-19 07:17,4049222671,0,401,2,region5_312948053
2023-03-19 07:17,4047800750,830488,1048576,2,region5_312948047
2023-03-19 07:17,4049397775,2899968,2121728,2,region5_312948052
2023-03-19 07:17,4049397775,757760,2142208,2,region5_312948052
2023-03-19 07:17,4049397775,0,757760,2,region5_312948052
2023-03-19 07:17,4047722784,0,902962,2,region5_312948047
2023-03-19 07:17,4049766707,0,5328832,5,region5_312948057
2023-03-19 07:17,4050035448,5242880,1048576,5,region5_312948039
2023-03-19 07:17,4050288480,0,1048576,5,region5_312948039
2023-03-19 07:17,4049397775,7139328,1249280,2,region5_312948052
2023-03-19 07:17,4049397775,5021696,2117632,2,region5_312948052
2023-03-19 07:17,4049576494,7450432,64832,2,region5_312948043
2023-03-19 07:17,4049602450,0,1048576,5,region5_312948039
2023-03-19 07:17,4050035448,6291456,1048576,5,region5_312948039
2023-03-19 07:17,4050288480,1048576,1048576,5,region5_312948039
2023-03-19 07:17,4047722784,0,902962,2,region5_312948047
2023-03-19 07:17,4049951832,0,1270581,2,region5_312948041
2023-03-19 07:17,4049951832,2775458,2127525,2,region5_312948041
2023-03-19 07:17,4050288480,2097152,1048576,5,region5_312948039
2023-03-19 07:17,4049602450,1048576,1048576,5,region5_312948039
2023-03-19 07:17,4050288480,3145728,1048576,5,region5_312948039
2023-03-19 07:17,4050021074,0,1054871,2,region5_312948046
2023-03-19 07:17,4050167110,5631197,2757411,2,region5_312948041
2023-03-19 07:17,4050167110,0,2271331,2,region5_312948041
2023-03-19 07:17,4049219931,0,16809749,3,region5_312948042
2023-03-19 07:17,4050035448,7340032,1048576,5,region5_312948039
2023-03-19 07:17,4049602450,2097152,1048576,5,region5_312948039
2023-03-19 07:17,4049380865,0,8371040,3,region5_312948042
2023-03-19 07:17,4049410812,0,4946113,1,region5_312948042
2023-03-19 07:17,4050035448,8388608,92960,5,region5_312948039
2023-03-19 07:17,4049397775,8105984,282624,2,region5_312948052
2023-03-19 07:17,4049602450,3145728,1048576,5,region5_312948039
2023-03-19 07:17,4049818975,0,8481568,5,region5_312948039
2023-03-19 07:17,4050288480,4194304,1048576,5,region5_312948039
2023-03-19 07:17,4050495104,0,1048576,5,region5_312948039
2023-03-19 07:17,4050552582,818048,48,2,region5_312948043
2023-03-19 07:17,4047754572,6500614,630260,1,region5_312948042
2023-03-19 07:17,4048122062,0,8388608,2,region5_312948051
2023-03-19 07:17,4049602450,4194304,1048576,5,region5_312948039
2023-03-19 07:17,4049733457,995712,48,2,region5_312948043
2023-03-19 07:17,4049770834,0,1048576,5,region5_312948039
2023-03-19 07:17,4050288480,6291456,1048576,5,region5_312948039
2023-03-19 07:17,4050288480,5242880,1048576,5,region5_312948039
2023-03-19 07:17,4050495104,1048576,1048576,5,region5_312948039
2023-03-19 07:17,4050591994,0,1048576,5,region5_312948039
2023-03-19 07:17,4050100610,0,6239697,5,region5_312948039
2023-03-19 07:17,4048044598,0,947375,2,region5_312948047
2023-03-19 07:17,4049488523,0,8370229,1,region5_312948042
2023-03-19 07:17,4049742378,0,8388608,2,region5_312948051
2023-03-19 07:17,4050288480,7340032,1048576,5,region5_312948039
2023-03-19 07:17,4050293510,0,8388608,5,region5_312948039
2023-03-19 07:17,4050209336,0,8371726,3,region5_312948042
2023-03-19 07:17,4050288480,8388608,1048576,5,region5_312948039
2023-03-19 07:17,4050591994,1048576,1048576,5,region5_312948039
2023-03-19 07:17,4049602450,5242880,1048576,5,region5_312948039
2023-03-19 07:17,4049770834,1048576,1048576,5,region5_312948039
2023-03-19 07:17,4050216311,0,8371102,3,region5_312948042
2023-03-19 07:17,4050219297,0,6109584,3,region5_312948042
2023-03-19 07:17,4048197060,8019921,5961,2,region5_312948047
2023-03-19 07:17,4050288480,9437184,1048576,5,region5_312948039
2023-03-19 07:17,4048630263,58778,11368,2,region5_312948047
2023-03-19 07:17,4050495104,2097152,1048576,5,region5_312948039
2023-03-19 07:17,4050591994,3145728,1048576,5,region5_312948039
2023-03-19 07:17,4050591994,2097152,1048576,5,region5_312948039
2023-03-19 07:17,4049382037,6856672,377856,2,region5_312948043
2023-03-19 07:17,4050262332,0,8212121,3,region5_312948042
2023-03-19 07:17,4050288480,10485760,754330,5,region5_312948039
2023-03-19 07:17,4050666925,2108512,73728,2,region5_312948043
2023-03-19 07:17,4049602450,6291456,1048576,5,region5_312948039
2023-03-19 07:17,4049770834,2097152,1048576,5,region5_312948039
2023-03-19 07:17,4047954597,0,8388608,2,region5_312948046
2023-03-19 07:17,4050495104,3145728,1048576,5,region5_312948039
2023-03-19 07:17,4050582700,0,7380015,2,region5_312948041
2023-03-19 07:17,4050591994,5242880,1048576,5,region5_312948039
2023-03-19 07:17,4050591994,4194304,1048576,5,region5_312948039
2023-03-19 07:17,4050597783,8302585,86023,2,region5_312948041
2023-03-19 07:17,4050597783,4231150,2474935,2,region5_312948041
2023-03-19 07:17,4050614181,0,7962917,3,region5_312948042
2023-03-19 07:17,4049524435,18937920,71424,2,region5_312948043
2023-03-19 07:17,4049770698,813275,117651,2,region5_312948041
2023-03-19 07:17,4049770698,574110,356816,2,region5_312948041
2023-03-19 07:17,4049441369,0,15378,2,region5_312948047
2023-03-19 07:17,4049917291,0,10485760,5,region5_312948039
2023-03-19 07:17,4049983618,0,8388608,5,region5_312948039
2023-03-19 07:17,4048305856,0,1302152,2,region5_312948048
2023-03-19 07:17,4050495104,4194304,1048576,5,region5_312948039
2023-03-19 07:17,4050591994,6291456,1048576,5,region5_312948039
2023-03-19 07:17,4049391363,0,8388608,2,region5_312948044
2023-03-19 07:17,4049602450,7340032,1048576,5,region5_312948039
2023-03-19 07:17,4049770698,354097,11221,2,region5_312948041
2023-03-19 07:17,4049057793,8057634,330974,2,region5_312948041
2023-03-19 07:17,4049057793,0,6154157,2,region5_312948041
2023-03-19 07:17,4050591994,7340032,1048576,5,region5_312948039
2023-03-19 07:17,4049770834,3145728,1048576,5,region5_312948039
2023-03-19 07:17,4049899583,0,3197304,3,region5_312948042
2023-03-19 07:17,4049943131,0,8388608,2,region5_312948041
2023-03-19 07:17,4050229822,0,1402185,2,region5_312948041
2023-03-19 07:17,4050279976,1060811,48,2,region5_312948043
2023-03-19 07:17,4050495104,5242880,1048576,5,region5_312948039
2023-03-19 07:17,4049770834,4194304,1048576,5,region5_312948039
2023-03-19 07:17,4047800750,830488,1048576,2,region5_312948047
2023-03-19 07:17,4050495104,6291456,1048576,5,region5_312948039
2023-03-19 07:17,4050642981,0,6174231,2,region5_312948051
2023-03-19 07:17,4050054372,1019751,1776579,2,region5_312948041
2023-03-19 07:17,4050054372,7428612,959996,2,region5_312948041
2023-03-19 07:17,4050132861,2556082,5832526,2,region5_312948041
2023-03-19 07:17,4048492075,6402212,1342804,2,region5_312948041
2023-03-19 07:17,4048492075,1080575,769915,2,region5_312948041
2023-03-19 07:17,4049538922,0,8184035,5,region5_312948039
2023-03-19 07:17,4049609206,0,14673707,4,region5_312948048
2023-03-19 07:17,4049862060,0,4451297,3,region5_312948042
2023-03-19 07:17,4050433335,0,3760288,3,region5_312948042
2023-03-19 07:17,4050456618,1642496,2125824,2,region5_312948050
2023-03-19 07:17,4050456618,0,1642496,2,region5_312948050
2023-03-19 07:17,4049770834,5242880,1048576,5,region5_312948039
2023-03-19 07:17,4050029682,2331414,1835087,2,region5_312948047
2023-03-19 07:17,4050456618,3768320,2138112,2,region5_312948050
2023-03-19 07:17,4050495104,7340032,1048576,5,region5_312948039
2023-03-19 07:17,4049770834,6291456,929005,5,region5_312948039
2023-03-19 07:17,4050005619,0,8481568,5,region5_312948039
2023-03-19 07:17,4050456618,5906432,2129920,2,region5_312948050
2023-03-19 07:17,4048880990,49190,5978,2,region5_312948047
2023-03-19 07:17,4049684289,0,8481568,2,region5_312948049
2023-03-19 07:17,4050338829,0,716042,2,region5_312948043
2023-03-19 07:17,4049626203,3182270,942818,2,region5_312948041
2023-03-19 07:17,4047722784,0,902962,2,region5_312948047
2023-03-19 07:17,4047866691,1964301,1048576,2,region5_312948045
2023-03-19 07:17,4049702565,0,820754,1,region5_312948042
2023-03-19 07:17,4049197676,569349,1048576,1,region5_312948042
2023-03-19 07:17,4050697524,1379233,676170,2,region5_312948041
2023-03-19 07:17,4049917291,10485760,2171584,5,region5_312948039
2023-03-19 07:17,4050073835,0,6420361,1,region5_312948042
2023-03-19 07:17,4050456618,8036352,352256,2,region5_312948050
2023-03-19 07:17,4048159610,0,176,2,region5_312948043
2023-03-19 07:17,4048084577,0,583496,1,region5_312948042
2023-03-19 07:17,4050830334,0,25165824,3,region5_312948051
2023-03-19 07:17,4049603587,7072129,457369,2,region5_312948046
2023-03-19 07:17,4049765025,22317536,335872,2,region5_312948043
2023-03-19 07:17,4050136784,0,4008869,2,region5_312948041
2023-03-19 07:17,4050596999,0,846698,5,region5_312948039
2023-03-19 07:17,4047722784,899640,456134,2,region5_312948047
2023-03-19 07:17,4050800943,0,2928784,2,region5_312948041
2023-03-19 07:17,4050800943,4946952,165005,2,region5_312948041
2023-03-19 07:17,4050148088,0,4758,5,region5_312948039
2023-03-19 07:17,4047751507,0,688684,2,region5_312948047
2023-03-19 07:17,4050173614,5932704,48,2,region5_312948043
2023-03-19 07:17,4050403510,0,8377613,3,region5_312948042
2023-03-19 07:17,4048569939,1455565,224695,2,region5_312948045
2023-03-19 07:17,4049753289,0,8388608,2,region5_312948041
2023-03-19 07:17,4050764891,5464960,324096,2,region5_312948043
2023-03-19 07:17,4050812638,0,8388608,2,region5_312948041
2023-03-19 07:17,4049747286,0,8388608,2,region5_312948044
2023-03-19 07:17,4048162835,4432520,3304768,2,region5_312948046
2023-03-19 07:17,4050642981,0,6174231,2,region5_312948051
2023-03-19 07:17,4050750732,0,8388608,5,region5_312948039
2023-03-19 07:17,4047919826,0,15220,2,region5_312948043
2023-03-19 07:17,4050143983,1048576,1048576,5,region5_312948039
2023-03-19 07:17,4050143983,0,1048576,5,region5_312948039
2023-03-19 07:17,4050609710,0,8388608,2,region5_312948041
2023-03-19 07:17,4049695167,0,5175489,2,region5_312948041
2023-03-19 07:17,4049982664,2163799,2459789,2,region5_312948041
2023-03-19 07:17,4050140988,1754,934295,2,region5_312948041
2023-03-19 07:17,4050140988,1014454,1048576,2,region5_312948041
2023-03-19 07:17,4050143983,2097152,1048576,5,region5_312948039
2023-03-19 07:17,4048193224,3160134,338260,2,region5_312948047
2023-03-19 07:17,4050010612,0,3318251,3,region5_312948042
2023-03-19 07:17,4050143983,3145728,1048576,5,region5_312948039
2023-03-19 07:17,4049901535,0,6247041,2,region5_312948041
2023-03-19 07:17,4050417074,0,8388608,2,region5_312948051
2023-03-19 07:17,4050642981,0,6174231,2,region5_312948051
2023-03-19 07:17,4050665624,6451110,1466523,2,region5_312948041
2023-03-19 07:17,4050665624,1706769,194152,2,region5_312948041
2023-03-19 07:17,4049612148,0,7770718,5,region5_312948039
2023-03-19 07:17,4047945011,0,8388608,2,region5_312948041
2023-03-19 07:17,4050436411,4194304,4194304,2,region5_312948044
2023-03-19 07:17,4050436411,0,4194304,2,region5_312948044
2023-03-19 07:17,4050585381,0,470925,4,region5_312948044
2023-03-19 07:17,4050143983,4194304,1048576,5,region5_312948039
2023-03-19 07:17,4050556280,0,1242,2,region5_312948043
2023-03-19 07:17,4050629585,0,8388608,5,region5_312948039
2023-03-19 07:17,4049905244,0,5247540,2,region5_312948046
2023-03-19 07:17,4049936239,3456800,48,2,region5_312948043
2023-03-19 07:17,4050225971,0,7366888,2,region5_312948041
2023-03-19 07:17,4050776853,0,8388608,2,region5_312948041
2023-03-19 07:17,4049765025,26454850,1311640,2,region5_312948043
2023-03-19 07:17,4050143983,5242880,1048576,5,region5_312948039
2023-03-19 07:17,4050662734,0,3758126,4,region5_312948056
2023-03-19 07:17,4049920313,0,8372954,3,region5_312948042
2023-03-19 07:17,4050050917,0,8114486,5,region5_312948039
2023-03-19 07:17,4050143983,6291456,1048576,5,region5_312948039
2023-03-19 07:17,4048084577,583496,6834873,1,region5_312948042
2023-03-19 07:17,4048962463,0,2037799,2,region5_312948041
2023-03-19 07:17,4050697524,1149106,4131,2,region5_312948041
2023-03-19 07:17,4047691271,247840,92416,2,region5_312948043
2023-03-19 07:17,4047691271,0,247840,2,region5_312948043
2023-03-19 07:18,4050143983,7340032,1048576,5,region5_312948039
2023-03-19 07:18,4048851923,4955180,156090,2,region5_312948041
2023-03-19 07:18,4048483995,6399265,82400,2,region5_312948047
2023-03-19 07:18,4048483995,5092406,215377,2,region5_312948047
2023-03-19 07:18,4050094793,0,56928,2,region5_312948043
2023-03-19 07:18,4050102498,0,10951,2,region5_312948043
2023-03-19 07:18,4048620064,4620691,269818,2,region5_312948041
2023-03-19 07:18,4050995380,4659417,1601022,2,region5_312948041
2023-03-19 07:18,4050995380,5211863,1048576,2,region5_312948041
2023-03-19 07:18,4049739217,0,3065513,2,region5_312948041
2023-03-19 07:18,4049739217,5038449,241919,2,region5_312948041
2023-03-19 07:18,4050003661,0,7031342,3,region5_312948042
2023-03-19 07:18,4050075583,0,148896,2,region5_312948047
2023-03-19 07:18,4050094793,56928,100820,2,region5_312948043
2023-03-19 07:18,4049410812,4946113,2462585,1,region5_312948042
2023-03-19 07:18,4050830334,0,2097152,1,region5_312948051
2023-03-19 07:18,4049752057,0,5950028,2,region5_312948046
2023-03-19 07:18,4050830334,4194304,2097152,1,region5_312948051
2023-03-19 07:18,4050830334,2097152,2097152,1,region5_312948051
2023-03-19 07:18,4049996740,7337495,1051113,2,region5_312948048
2023-03-19 07:18,4049996740,0,7337495,2,region5_312948048
2023-03-19 07:18,4049702565,820754,1048576,1,region5_312948042
2023-03-19 07:18,4048000818,0,6474837,4,region5_312948047
2023-03-19 07:18,4048906333,266176,733056,2,region5_312948043
2023-03-19 07:18,4050830334,8388608,2097152,1,region5_312948051
2023-03-19 07:18,4050830334,6291456,2097152,1,region5_312948051
2023-03-19 07:18,4050830334,12582912,2097152,1,region5_312948051
2023-03-19 07:18,4050830334,10485760,2097152,1,region5_312948051
2023-03-19 07:18,4050722364,0,405504,2,region5_312948050
2023-03-19 07:18,4050815015,0,8388608,2,region5_312948046
2023-03-19 07:18,4050815017,0,8388608,4,region5_312948054
2023-03-19 07:18,4050941437,0,1048576,5,region5_312948039
2023-03-19 07:18,4049543256,0,744223,2,region5_312948041
2023-03-19 07:18,4050774251,0,3963,1,region5_312948047
2023-03-19 07:18,4050014577,0,8388608,2,region5_312948046
2023-03-19 07:18,4049022906,2506410,90266,2,region5_312948041
2023-03-19 07:18,4050453408,0,9536186,5,region5_312948039
2023-03-19 07:18,4050774251,3963,8384311,1,region5_312948047
2023-03-19 07:18,4050830334,16777216,2097152,1,region5_312948051
2023-03-19 07:18,4050830334,14680064,2097152,1,region5_312948051
2023-03-19 07:18,4050866241,0,5972824,2,region5_312948041
2023-03-19 07:18,4050941437,1048576,1048576,5,region5_312948039
2023-03-19 07:18,4050941437,2097152,1048576,5,region5_312948039
2023-03-19 07:18,4050524863,728015,1048576,2,region5_312948041
2023-03-19 07:18,4047800750,0,1822972,2,region5_312948051
2023-03-19 07:18,4047800750,830488,1048576,2,region5_312948051
2023-03-19 07:18,4050830334,20971520,2097152,1,region5_312948051
2023-03-19 07:18,4050830334,18874368,2097152,1,region5_312948051
2023-03-19 07:18,4050941437,4194304,1048576,5,region5_312948039
2023-03-19 07:18,4050941437,3145728,1048576,5,region5_312948039
2023-03-19 07:18,4050560169,0,26091,4,region5_312948054
2023-03-19 07:18,4050830334,23068672,2097152,1,region5_312948051
2023-03-19 07:18,4050941437,5242880,1048576,5,region5_312948039
2023-03-19 07:18,4050941437,6291456,1048576,5,region5_312948039
2023-03-19 07:18,4050722364,405504,2117632,2,region5_312948050
2023-03-19 07:18,4050941437,7340032,1048576,5,region5_312948039
2023-03-19 07:18,4047866691,1964301,1048576,2,region5_312948045
2023-03-19 07:18,4048500542,0,33677,2,region5_312948045
2023-03-19 07:18,4050366300,0,879377,1,region5_312948042
2023-03-19 07:18,4048346248,1766,1447,2,region5_312948043
2023-03-19 07:18,4049821680,0,8318178,2,region5_312948044
2023-03-19 07:18,4049043713,0,462095,2,region5_312948041
2023-03-19 07:18,4049319559,2068961,2764504,2,region5_312948041
2023-03-19 07:18,4049319559,3784889,1048576,2,region5_312948041
2023-03-19 07:18,4048569939,1455565,224695,2,region5_312948045
2023-03-19 07:18,4048902261,0,1562441,2,region5_312948041
2023-03-19 07:18,4049043713,6918536,1107293,2,region5_312948041
2023-03-19 07:18,4050560169,0,26091,2,region5_312948054
2023-03-19 07:18,4050581136,0,8388608,5,region5_312948039
2023-03-19 07:18,4050915392,0,479232,2,region5_312948053
2023-03-19 07:18,4049319559,0,1596447,2,region5_312948041
2023-03-19 07:18,4050243639,1447983,511577,2,region5_312948047
2023-03-19 07:18,4050252870,0,1048576,5,region5_312948039
2023-03-19 07:18,4050325695,0,8388608,4,region5_312948047
2023-03-19 07:18,4050639160,0,7222681,6,region5_312948039
2023-03-19 07:18,4050639160,0,6420161,5,region5_312948039
2023-03-19 07:18,4047722784,899640,3322,2,region5_312948047
2023-03-19 07:18,4050915392,479232,2105344,2,region5_312948053
2023-03-19 07:18,4050915392,4689920,2101248,2,region5_312948053
2023-03-19 07:18,4050915392,2584576,2105344,2,region5_312948053
2023-03-19 07:18,4050252870,1048576,1048576,5,region5_312948039
2023-03-19 07:18,4049702565,1869330,455644,1,region5_312948042
2023-03-19 07:18,4050556320,0,7130172,2,region5_312948041
2023-03-19 07:18,4050556320,6084802,1048576,2,region5_312948041
2023-03-19 07:18,4050722364,2523136,2117632,2,region5_312948050
2023-03-19 07:18,4050915392,6791168,1597440,2,region5_312948053
2023-03-19 07:18,4049996692,6913474,300527,2,region5_312948048
2023-03-19 07:18,4049996692,7214001,16384,2,region5_312948048
2023-03-19 07:18,4050238871,4171076,48,2,region5_312948043
2023-03-19 07:18,4050252870,2097152,1048576,5,region5_312948039
2023-03-19 07:18,4047751507,0,688684,2,region5_312948047
2023-03-19 07:18,4050252870,3145728,1048576,5,region5_312948039
2023-03-19 07:18,4049852826,1937962,6450646,2,region5_312948041
2023-03-19 07:18,4050252870,4194304,1048576,5,region5_312948039
2023-03-19 07:18,4051005438,15394,2026148,2,region5_312948047
2023-03-19 07:18,4050252870,5242880,1048576,5,region5_312948039
2023-03-19 07:18,4048668186,1869861,83894,2,region5_312948041
2023-03-19 07:18,4050874038,147789,2927997,2,region5_312948041
2023-03-19 07:18,4049757498,0,2105508,2,region5_312948047
2023-03-19 07:18,4050337872,67626,926743,2,region5_312948041
2023-03-19 07:18,4050337872,3395736,3506483,2,region5_312948041
2023-03-19 07:18,4050874038,4876077,3512531,2,region5_312948041
2023-03-19 07:18,4051157274,0,8388608,4,region5_312948054
2023-03-19 07:18,4050166309,0,2025144,2,region5_312948051
2023-03-19 07:18,4050252870,6291456,1048576,5,region5_312948039
2023-03-19 07:18,4050692681,0,8388608,5,region5_312948039
2023-03-19 07:18,4050722364,4640768,2105344,2,region5_312948050
2023-03-19 07:18,4048697592,0,176,2,region5_312948043
2023-03-19 07:18,4050252870,7340032,1048576,5,region5_312948039
2023-03-19 07:18,4048630263,1203404,10295,2,region5_312948047
2023-03-19 07:18,4049970687,655527,331898,2,region5_312948041
2023-03-19 07:18,4048697592,0,176,2,region5_312948043
2023-03-19 07:18,4050446123,0,8388608,2,region5_312948041
2023-03-19 07:18,4050842557,0,450090,2,region5_312948047
2023-03-19 07:18,4050453259,0,8388608,5,region5_312948039
2023-03-19 07:18,4050838475,0,4192688,5,region5_312948039
2023-03-19 07:18,4047751507,0,688684,2,region5_312948047
2023-03-19 07:18,4050953916,0,3136408,3,region5_312948042
2023-03-19 07:18,4050374701,1067876,953243,2,region5_312948051
2023-03-19 07:18,4050112082,0,8388608,2,region5_312948041
2023-03-19 07:18,4050903608,0,1048576,5,region5_312948039
2023-03-19 07:18,4049701044,0,1998043,2,region5_312948047
2023-03-19 07:18,4050722364,6746112,1642496,2,region5_312948050
2023-03-19 07:18,4050224048,0,8481568,5,region5_312948039
2023-03-19 07:18,4048283015,0,1049586,2,region5_312948044
2023-03-19 07:18,4050903608,2097152,1048576,5,region5_312948039
2023-03-19 07:18,4050903608,1048576,1048576,5,region5_312948039
2023-03-19 07:18,4051215635,858647,94965,2,region5_312948041
2023-03-19 07:18,4051215635,0,953612,2,region5_312948041
2023-03-19 07:18,4050334859,4124672,2134016,2,region5_312948050
2023-03-19 07:18,4050334859,0,1978368,2,region5_312948050
2023-03-19 07:18,4050334859,1978368,2146304,2,region5_312948050
2023-03-19 07:18,4050479452,5285088,308992,2,region5_312948043
2023-03-19 07:18,4051215635,0,953612,2,region5_312948041
2023-03-19 07:18,4050334859,6258688,2129920,2,region5_312948050
2023-03-19 07:18,4050550423,0,1002830,5,region5_312948039
2023-03-19 07:18,4050602964,0,5691398,3,region5_312948047
2023-03-19 07:18,4050903608,3145728,1048576,5,region5_312948039
2023-03-19 07:18,4051244932,0,1048576,5,region5_312948039
2023-03-19 07:18,4047963174,0,145825,2,region5_312948043
2023-03-19 07:18,4047800750,830488,1048576,2,region5_312948047
2023-03-19 07:18,4050903608,4194304,1048576,5,region5_312948039
2023-03-19 07:18,4051297477,0,9795,3,region5_312948042
2023-03-19 07:18,4051244932,1048576,1048576,5,region5_312948039
2023-03-19 07:18,4050175546,0,1048576,5,region5_312948039
2023-03-19 07:18,4050175546,1048576,1048576,5,region5_312948039
2023-03-19 07:18,4050569083,0,8388608,2,region5_312948046
2023-03-19 07:18,4047800750,0,1822972,2,region5_312948047
2023-03-19 07:18,4047800750,830488,1048576,2,region5_312948047
2023-03-19 07:18,4050903608,5242880,1048576,5,region5_312948039
2023-03-19 07:18,4051244932,2097152,1048576,5,region5_312948039
2023-03-19 07:18,4048890789,0,8431260,2,region5_312948041
2023-03-19 07:18,4050903608,6291456,1048576,5,region5_312948039
2023-03-19 07:18,4050919959,5141807,24,2,region5_312948047
2023-03-19 07:18,4051244932,3145728,1048576,5,region5_312948039
2023-03-19 07:18,4051283853,6972085,1416523,2,region5_312948041
2023-03-19 07:18,4051283853,1022149,1462881,2,region5_312948041
2023-03-19 07:18,4050142951,3129984,80276,2,region5_312948041
2023-03-19 07:18,4050142951,7153916,90418,2,region5_312948041
2023-03-19 07:18,4050175546,2097152,1048576,5,region5_312948039
2023-03-19 07:18,4050903608,7340032,1048576,5,region5_312948039
2023-03-19 07:18,4051244932,4194304,1048576,5,region5_312948039
2023-03-19 07:18,4050135822,2584,2521006,2,region5_312948047
2023-03-19 07:18,4050175546,3145728,1048576,5,region5_312948039
2023-03-19 07:18,4047757709,3847441,4562221,2,region5_312948047
2023-03-19 07:18,4047757709,0,3847441,2,region5_312948047
2023-03-19 07:18,4050479212,0,1925757,2,region5_312948041
2023-03-19 07:18,4048044598,0,947375,2,region5_312948047
2023-03-19 07:18,4051095823,3767136,101504,2,region5_312948043
2023-03-19 07:18,4051244932,5242880,1048576,5,region5_312948039
2023-03-19 07:18,4048541039,0,3065243,2,region5_312948048
2023-03-19 07:18,4050135822,4565193,3716528,2,region5_312948047
2023-03-19 07:18,4049866427,4615162,160449,2,region5_312948041
2023-03-19 07:18,4049951742,0,6071186,2,region5_312948041
2023-03-19 07:18,4050458519,0,7006251,3,region5_312948042
2023-03-19 07:18,4051244932,6291456,330390,5,region5_312948039
2023-03-19 07:18,4050175546,5242880,1048576,5,region5_312948039
2023-03-19 07:18,4050175546,4194304,1048576,5,region5_312948039
2023-03-19 07:18,4050209236,0,176,2,region5_312948043
2023-03-19 07:18,4050946739,2605056,2146304,2,region5_312948050
2023-03-19 07:18,4050946739,462848,2142208,2,region5_312948050
2023-03-19 07:18,4050946739,0,462848,2,region5_312948050
2023-03-19 07:18,4049765025,7242768,10485760,2,region5_312948043
2023-03-19 07:18,4049513766,0,1186095,1,region5_312948042
2023-03-19 07:18,4050373576,5097664,48,2,region5_312948043
2023-03-19 07:18,4048876110,0,8388608,2,region5_312948046
2023-03-19 07:18,4050697599,0,8375008,3,region5_312948042
2023-03-19 07:18,4050946739,6889472,1499136,2,region5_312948050
2023-03-19 07:18,4050946739,4751360,2138112,2,region5_312948050
2023-03-19 07:18,4050963034,0,25965,2,region5_312948047
2023-03-19 07:18,4049765025,33865632,8542208,2,region5_312948043
2023-03-19 07:18,4049765025,16043728,10485760,2,region5_312948043
2023-03-19 07:18,4051178018,0,5085215,2,region5_312948044
2023-03-19 07:18,4048541039,0,3065243,2,region5_312948048
2023-03-19 07:18,4051170734,0,12303,1,region5_312948042
2023-03-19 07:18,4049970687,6991516,755609,2,region5_312948041
2023-03-19 07:18,4049970687,2156478,3289822,2,region5_312948041
2023-03-19 07:18,4051361670,0,25612486,3,region5_312948048
2023-03-19 07:18,4050175546,6291456,1048576,5,region5_312948039
2023-03-19 07:18,4050808734,0,510960,4,region5_312948040
2023-03-19 07:18,4050170315,0,8388608,5,region5_312948039
2023-03-19 07:18,4050175546,7340032,1048576,5,region5_312948039
2023-03-19 07:18,4050570401,1212416,2109440,2,region5_312948052
2023-03-19 07:18,4050665722,0,8087630,3,region5_312948042
2023-03-19 07:18,4051170734,12303,8364002,1,region5_312948042
2023-03-19 07:18,4051257182,0,8388608,2,region5_312948046
2023-03-19 07:18,4048541039,0,3065243,2,region5_312948048
2023-03-19 07:18,4050175546,8388608,92960,5,region5_312948039
2023-03-19 07:18,4050342746,0,7409117,2,region5_312948041
2023-03-19 07:18,4050369387,0,8113854,3,region5_312948042
2023-03-19 07:18,4050570401,5427200,2101248,2,region5_312948052
2023-03-19 07:18,4050570401,3321856,2105344,2,region5_312948052
2023-03-19 07:18,4051272815,0,62,3,region5_312948042
2023-03-19 07:18,4050570401,7528448,860160,2,region5_312948052
2023-03-19 07:18,4050178153,0,365927,1,region5_312948042
2023-03-19 07:18,4050806191,8177408,304160,2,region5_312948043
2023-03-19 07:18,4051213837,5340300,1132867,2,region5_312948041
2023-03-19 07:18,4051213837,3910844,10339,2,region5_312948041
2023-03-19 07:18,4048541039,0,3065243,2,region5_312948048
2023-03-19 07:18,4050623560,0,1430432,5,region5_312948057
2023-03-19 07:18,4049513766,1186095,6807148,1,region5_312948042
2023-03-19 07:18,4048251627,142752,133568,2,region5_312948043
2023-03-19 07:18,4048251627,0,142752,2,region5_312948043
2023-03-19 07:18,4047800750,830488,1048576,2,region5_312948047
2023-03-19 07:18,4049391363,0,8388608,2,region5_312948067
2023-03-19 07:18,4051027846,0,4901120,2,region5_312948051
2023-03-19 07:18,4051053155,0,4075294,2,region5_312948041
2023-03-19 07:18,4051081527,0,8370484,3,region5_312948042
2023-03-19 07:18,4050584727,0,14687,2,region5_312948041
2023-03-19 07:18,4050644561,0,8118266,3,region5_312948042
2023-03-19 07:18,4050687218,0,25165824,3,region5_312948051
2023-03-19 07:18,4050885156,0,11139,1,region5_312948042
2023-03-19 07:18,4049229309,6966915,1347976,2,region5_312948041
2023-03-19 07:18,4049229309,0,1510944,2,region5_312948041
2023-03-19 07:18,4048541039,0,3065243,2,region5_312948048
2023-03-19 07:18,4048944224,5380097,1236973,2,region5_312948041
2023-03-19 07:18,4048944224,1070892,2114121,2,region5_312948041
2023-03-19 07:18,4051055826,0,8388608,5,region5_312948039
2023-03-19 07:18,4051203717,770314,1048576,2,region5_312948041
2023-03-19 07:18,4048944224,7797953,93605,2,region5_312948041
2023-03-19 07:18,4050813438,2684425,510485,2,region5_312948051
2023-03-19 07:18,4048088528,182228,4543338,2,region5_312948046
2023-03-19 07:18,4048088528,6410857,1977751,2,region5_312948046
2023-03-19 07:18,4050885156,11139,8366330,1,region5_312948042
2023-03-19 07:18,4051001403,5414476,65582,2,region5_312948043
2023-03-19 07:18,4050490640,0,8481568,2,region5_312948043
2023-03-19 07:18,4050698853,4415856,4065712,2,region5_312948043
2023-03-19 07:18,4050698853,0,4432624,2,region5_312948043
2023-03-19 07:18,4050813438,875129,403791,2,region5_312948051
2023-03-19 07:18,4050916218,0,8481568,2,region5_312948043
2023-03-19 07:18,4048475747,0,8388608,2,region5_312948041
2023-03-19 07:18,4050506035,0,8388608,2,region5_312948046
2023-03-19 07:18,4050813438,5106567,740059,2,region5_312948051
2023-03-19 07:18,4049626136,8099792,194,2,region5_312948048
2023-03-19 07:18,4050366300,879377,1583951,1,region5_312948042
2023-03-19 07:18,4050970371,4442464,98688,2,region5_312948043
2023-03-19 07:18,4051001403,5480058,65582,2,region5_312948043
2023-03-19 07:19,4050366300,2463328,1583951,1,region5_312948042
2023-03-19 07:19,4050744606,0,55981,2,region5_312948043
2023-03-19 07:19,4050178153,365927,7656754,1,region5_312948042
2023-03-19 07:19,4050847691,8245086,143522,2,region5_312948047
2023-03-19 07:19,4050847691,1133292,43444,2,region5_312948047
2023-03-19 07:19,4050847691,3731086,1747031,2,region5_312948047
2023-03-19 07:19,4051001403,5545640,65582,2,region5_312948043
2023-03-19 07:19,4051205728,0,8481568,5,region5_312948039
2023-03-19 07:19,4050694826,0,16780473,3,region5_312948042
2023-03-19 07:19,4050823811,0,8031905,3,region5_312948042
2023-03-19 07:19,4051001403,5611222,65582,2,region5_312948043
2023-03-19 07:19,4048419450,5765719,2622889,2,region5_312948046
2023-03-19 07:19,4048419450,0,3889059,2,region5_312948046
2023-03-19 07:19,4051001403,5676804,65582,2,region5_312948043
2023-03-19 07:19,4051357043,0,1336785,2,region5_312948047
2023-03-19 07:19,4050366300,7215181,939432,1,region5_312948042
2023-03-19 07:19,4050366300,5631230,1583951,1,region5_312948042
2023-03-19 07:19,4050366300,4047279,1583951,1,region5_312948042
2023-03-19 07:19,4047871498,0,278816,2,region5_312948043
2023-03-19 07:19,4049094765,0,176,2,region5_312948043
2023-03-19 07:19,4051273632,0,8030458,3,region5_312948042
2023-03-19 07:19,4050457623,0,4983430,4,region5_312948047
2023-03-19 07:19,4051001403,5742386,65582,2,region5_312948043
2023-03-19 07:19,4048253527,7752424,636184,2,region5_312948041
2023-03-19 07:19,4048253527,1625466,1470887,2,region5_312948041
2023-03-19 07:19,4051338891,0,17884377,3,region5_312948042
2023-03-19 07:19,4050779710,3147627,3992484,2,region5_312948041
2023-03-19 07:19,4050561906,0,106412,2,region5_312948043
2023-03-19 07:19,4050507916,0,8107429,3,region5_312948042
2023-03-19 07:19,4051004171,0,7314837,3,region5_312948042
2023-03-19 07:19,4050794546,0,6693728,4,region5_312948044
2023-03-19 07:19,4049384142,4380384,48,2,region5_312948043
2023-03-19 07:19,4051345121,0,4873272,6,region5_312948039
2023-03-19 07:19,4050753517,0,8388608,5,region5_312948039
2023-03-19 07:19,4050970260,298135,1037943,2,region5_312948041
2023-03-19 07:19,4050970260,3444889,3339679,2,region5_312948041
2023-03-19 07:19,4051352710,0,16036,5,region5_312948039
2023-03-19 07:19,4050748060,0,8388608,4,region5_312948044
2023-03-19 07:19,4050870147,0,7103036,3,region5_312948042
2023-03-19 07:19,4050937693,0,8388608,2,region5_312948041
2023-03-19 07:19,4051266067,7883442,155957,2,region5_312948041
2023-03-19 07:19,4051266067,5199148,130663,2,region5_312948041
2023-03-19 07:19,4050597917,0,1958207,2,region5_312948051
2023-03-19 07:19,4050709065,0,1048576,5,region5_312948039
2023-03-19 07:19,4051045886,0,8144642,4,region5_312948047
2023-03-19 07:19,4051225921,0,1828,3,region5_312948042
2023-03-19 07:19,4049197676,1617925,1048576,1,region5_312948042
2023-03-19 07:19,4050048894,0,3995680,2,region5_312948044
2023-03-19 07:19,4047945240,7457100,931508,2,region5_312948041
2023-03-19 07:19,4050745270,0,8388608,2,region5_312948044
2023-03-19 07:19,4050816655,0,8388608,5,region5_312948039
2023-03-19 07:19,4051205691,0,8388608,2,region5_312948044
2023-03-19 07:19,4050641319,0,8388608,5,region5_312948039
2023-03-19 07:19,4050709065,1048576,1048576,5,region5_312948039
2023-03-19 07:19,4048243176,0,8388608,2,region5_312948041
2023-03-19 07:19,4050884875,0,8156917,2,region5_312948041
2023-03-19 07:19,4050861091,0,8388608,4,region5_312948054
2023-03-19 07:19,4050995667,0,2028286,2,region5_312948041
2023-03-19 07:19,4050995667,979710,1048576,2,region5_312948041
2023-03-19 07:19,4050709065,2097152,1048576,5,region5_312948039
2023-03-19 07:19,4051055841,0,688274,2,region5_312948052
2023-03-19 07:19,4050674232,0,8388608,5,region5_312948039
2023-03-19 07:19,4049391363,0,8388608,2,region5_312948044
2023-03-19 07:19,4050806191,0,8481568,5,region5_312948039
2023-03-19 07:19,4047722784,544166,358796,2,region5_312948047
2023-03-19 07:19,4051055841,688274,2129920,2,region5_312948052
2023-03-19 07:19,4047963174,0,145825,2,region5_312948043
2023-03-19 07:19,4050709065,3145728,714583,5,region5_312948039
2023-03-19 07:19,4047800750,0,1822972,2,region5_312948047
2023-03-19 07:19,4051055841,2818194,2134016,2,region5_312948052
2023-03-19 07:19,4051182473,726,431829,2,region5_312948045
2023-03-19 07:19,4051018764,0,3012850,3,region5_312948042
2023-03-19 07:19,4051055841,4952210,2121728,2,region5_312948052
2023-03-19 07:19,4047893729,0,1447417,2,region5_312948046
2023-03-19 07:19,4049984606,0,881301,2,region5_312948048
2023-03-19 07:19,4048661406,0,4668929,2,region5_312948047
2023-03-19 07:19,4048292478,0,3884,2,region5_312948043
2023-03-19 07:19,4050894493,0,8388608,4,region5_312948044
2023-03-19 07:19,4051055841,7073938,676484,2,region5_312948052
2023-03-19 07:19,4051087527,0,8388608,4,region5_312948056
2023-03-19 07:19,4051114963,7778206,610402,2,region5_312948048
2023-03-19 07:19,4051114963,5309058,297085,2,region5_312948048
2023-03-19 07:19,4051114963,3547782,288762,2,region5_312948048
2023-03-19 07:19,4051248456,0,2036574,2,region5_312948051
2023-03-19 07:19,4048876262,437125,4407448,2,region5_312948046
2023-03-19 07:19,4050737973,0,1048576,5,region5_312948039
2023-03-19 07:19,4049014817,3689349,4699259,2,region5_312948041
2023-03-19 07:19,4051025945,0,8388608,5,region5_312948039
2023-03-19 07:19,4051035799,0,8374071,3,region5_312948042
2023-03-19 07:19,4051114963,0,383390,2,region5_312948048
2023-03-19 07:19,4051241628,0,8388608,2,region5_312948041
2023-03-19 07:19,4051358125,1329239,1921880,2,region5_312948047
2023-03-19 07:19,4050800943,4946952,165005,2,region5_312948041
2023-03-19 07:19,4050800943,0,2928784,2,region5_312948041
2023-03-19 07:19,4051279561,0,1048576,5,region5_312948039
2023-03-19 07:19,4049364586,0,8388608,2,region5_312948044
2023-03-19 07:19,4050347637,0,1494,2,region5_312948043
2023-03-19 07:19,4050737973,1048576,826151,5,region5_312948039
2023-03-19 07:19,4051279561,1048576,1048576,5,region5_312948039
2023-03-19 07:19,4050936279,0,1048576,5,region5_312948039
2023-03-19 07:19,4051216157,0,2773002,2,region5_312948041
2023-03-19 07:19,4049541670,3644076,1207,2,region5_312948041
2023-03-19 07:19,4049541670,1438159,347,2,region5_312948041
2023-03-19 07:19,4050043236,0,8388608,2,region5_312948041
2023-03-19 07:19,4051279561,2097152,1048576,5,region5_312948039
2023-03-19 07:19,4047921980,2869227,5519381,2,region5_312948046
2023-03-19 07:19,4050762231,0,5749190,3,region5_312948042
2023-03-19 07:19,4050808648,0,2925992,2,region5_312948041
2023-03-19 07:19,4050905610,0,8388608,5,region5_312948039
2023-03-19 07:19,4051279561,3145728,1048576,5,region5_312948039
2023-03-19 07:19,4048450449,0,11585,2,region5_312948047
2023-03-19 07:19,4050754066,0,6200959,3,region5_312948042
2023-03-19 07:19,4051051419,0,6188331,3,region5_312948042
2023-03-19 07:19,4051279561,4194304,1048576,5,region5_312948039
2023-03-19 07:19,4050779926,0,1003520,2,region5_312948053
2023-03-19 07:19,4048232270,0,4781021,2,region5_312948044
2023-03-19 07:19,4051209281,8192,1024,2,region5_312948043
2023-03-19 07:19,4051209281,0,176,2,region5_312948043
2023-03-19 07:19,4051279561,5242880,1048576,5,region5_312948039
2023-03-19 07:19,4050779926,1003520,2121728,2,region5_312948053
2023-03-19 07:19,4050779926,5238784,2113536,2,region5_312948053
2023-03-19 07:19,4050779926,3125248,2113536,2,region5_312948053
2023-03-19 07:19,4051279561,7340032,1048576,5,region5_312948039
2023-03-19 07:19,4051279561,6291456,1048576,5,region5_312948039
2023-03-19 07:19,4050779926,7352320,1036288,2,region5_312948053
2023-03-19 07:19,4050952386,566985,1213977,2,region5_312948041
2023-03-19 07:19,4051311554,1158898,4918150,2,region5_312948041
2023-03-19 07:19,4050887425,0,2523288,2,region5_312948041
2023-03-19 07:19,4050887425,4484796,2614108,2,region5_312948041
2023-03-19 07:19,4050907639,0,8353372,3,region5_312948042
2023-03-19 07:19,4049841261,1003540,6752937,2,region5_312948041
2023-03-19 07:19,4050999101,0,1602477,5,region5_312948057
2023-03-19 07:19,4047722784,0,902962,2,region5_312948047
2023-03-19 07:19,4048729451,1286817,7101791,2,region5_312948041
2023-03-19 07:19,4051342393,384358,3015858,2,region5_312948047
2023-03-19 07:19,4050765133,0,6259819,2,region5_312948041
2023-03-19 07:19,4051245522,0,8388608,2,region5_312948041
2023-03-19 07:19,4050944135,2215936,2105344,2,region5_312948050
2023-03-19 07:19,4050944135,110592,2105344,2,region5_312948050
2023-03-19 07:19,4050944135,0,110592,2,region5_312948050
2023-03-19 07:19,4050587427,0,7156998,2,region5_312948041
2023-03-19 07:19,4050944135,6430720,1957888,2,region5_312948050
2023-03-19 07:19,4050944135,4321280,2109440,2,region5_312948050
2023-03-19 07:19,4050285119,0,170852,2,region5_312948043
2023-03-19 07:19,4047800750,830488,1048576,2,region5_312948047
2023-03-19 07:19,4050285119,170852,116163,2,region5_312948043
2023-03-19 07:19,4051053128,0,8388608,5,region5_312948039
2023-03-19 07:19,4051069993,0,10485760,5,region5_312948039
2023-03-19 07:19,4051270288,3288376,1610555,2,region5_312948041
2023-03-19 07:19,4051270288,3850355,1048576,2,region5_312948041
2023-03-19 07:19,4047800750,830488,1048576,2,region5_312948047
2023-03-19 07:19,4051379570,448504,2393,2,region5_312948047
2023-03-19 07:19,4051135309,0,8388608,5,region5_312948039
2023-03-19 07:19,4051276291,0,1613824,2,region5_312948050
2023-03-19 07:19,4051379570,1023187,235003,2,region5_312948047
2023-03-19 07:19,4050704378,0,1048576,5,region5_312948039
2023-03-19 07:19,4048821628,5890151,335708,2,region5_312948047
2023-03-19 07:19,4048821628,0,311493,2,region5_312948047
2023-03-19 07:19,4051276291,1613824,2146304,2,region5_312948050
2023-03-19 07:19,4051276291,3760128,2105344,2,region5_312948050
2023-03-19 07:19,4047866691,1964301,1048576,2,region5_312948045
2023-03-19 07:19,4050919270,727900,5607532,2,region5_312948041
2023-03-19 07:19,4050920121,0,6445432,5,region5_312948039
2023-03-19 07:19,4051276291,5865472,2105344,2,region5_312948050
2023-03-19 07:19,4050920121,0,7251111,6,region5_312948039
2023-03-19 07:19,4049599398,0,8388608,2,region5_312948041
2023-03-19 07:19,4050704378,1048576,1048576,5,region5_312948039
2023-03-19 07:19,4050853470,0,6743507,3,region5_312948042
2023-03-19 07:19,4051276291,7970816,417792,2,region5_312948050
2023-03-19 07:19,4051361507,2999604,1601168,2,region5_312948047
2023-03-19 07:19,4051361670,8388608,8388608,1,region5_312948048
2023-03-19 07:19,4047722784,899640,3322,2,region5_312948047
2023-03-19 07:19,4050708338,0,8388608,2,region5_312948046
2023-03-19 07:19,4051105625,80857,1297687,2,region5_312948047
2023-03-19 07:19,4051105625,2670217,32949,2,region5_312948047
2023-03-19 07:19,4051244211,0,8388608,2,region5_312948041
2023-03-19 07:19,4050704378,2097152,1048576,5,region5_312948039
2023-03-19 07:19,4048569939,1455565,224695,2,region5_312948045
2023-03-19 07:19,4050704378,3145728,1048576,5,region5_312948039
2023-03-19 07:19,4050936279,1048576,1048576,5,region5_312948039
2023-03-19 07:19,4050966731,0,8388608,5,region5_312948039
2023-03-19 07:19,4051151232,0,2046590,2,region5_312948047
2023-03-19 07:19,4050642981,0,6174231,2,region5_312948051
2023-03-19 07:19,4051069993,10485760,4103487,5,region5_312948039
2023-03-19 07:19,4051109541,509881,109589,2,region5_312948047
2023-03-19 07:19,4051249954,0,8388608,2,region5_312948041
2023-03-19 07:19,4051254368,0,13520205,6,region5_312948057
2023-03-19 07:19,4050662246,3909432,1380568,2,region5_312948047
2023-03-19 07:19,4050704378,4194304,1048576,5,region5_312948039
2023-03-19 07:19,4050721721,923809,3131966,2,region5_312948041
2023-03-19 07:19,4051070842,8192,1088909,2,region5_312948043
2023-03-19 07:19,4051070842,0,176,2,region5_312948043
2023-03-19 07:19,4049635271,5758969,285247,2,region5_312948047
2023-03-19 07:19,4050704378,5242880,1048576,5,region5_312948039
2023-03-19 07:19,4051208268,75761,3150532,2,region5_312948051
2023-03-19 07:19,4051321119,0,8388608,2,region5_312948041
2023-03-19 07:19,4051070842,0,176,2,region5_312948043
2023-03-19 07:19,4047787884,479280,1281834,2,region5_312948043
2023-03-19 07:19,4047787884,188720,1310720,2,region5_312948043
2023-03-19 07:19,4047787884,0,188720,2,region5_312948043
2023-03-19 07:19,4051208268,7693377,90600,2,region5_312948051
2023-03-19 07:19,4051208268,4332756,46086,2,region5_312948051
2023-03-19 07:19,4050704378,6291456,1048576,5,region5_312948039
2023-03-19 07:19,4050936279,2097152,1048576,5,region5_312948039
2023-03-19 07:19,4051350237,3036921,1048576,2,region5_312948046
2023-03-19 07:19,4051350237,2466159,1619338,2,region5_312948046
2023-03-19 07:20,4047869011,6886203,1502405,2,region5_312948041
2023-03-19 07:20,4051070842,0,176,2,region5_312948043
2023-03-19 07:20,4051130840,2517431,269078,2,region5_312948041
2023-03-19 07:20,4051197366,0,6716769,3,region5_312948042
2023-03-19 07:20,4051350237,0,2181573,2,region5_312948046
2023-03-19 07:20,4051389790,0,9677,2,region5_312948043
2023-03-19 07:20,4051495154,4951451,274635,2,region5_312948041
2023-03-19 07:20,4051495154,1022813,839756,2,region5_312948041
2023-03-19 07:20,4051495154,8087949,4520,2,region5_312948041
2023-03-19 07:20,4051495154,3442955,1773,2,region5_312948041
2023-03-19 07:20,4050704378,7340032,1048576,5,region5_312948039
2023-03-19 07:20,4051070842,0,176,2,region5_312948043
2023-03-19 07:20,4051347590,0,3332815,3,region5_312948042
2023-03-19 07:20,4050768432,0,25165824,3,region5_312948051
2023-03-19 07:20,4051051795,0,8388608,4,region5_312948056
2023-03-19 07:20,4048044598,0,947375,2,region5_312948047
2023-03-19 07:20,4051261403,2339056,2463342,2,region5_312948041
2023-03-19 07:20,4051261403,0,270943,2,region5_312948041
2023-03-19 07:20,4047878454,0,1018156,2,region5_312948047
2023-03-19 07:20,4049160425,1037227,5287240,2,region5_312948046
2023-03-19 07:20,4050936279,3145728,1048576,5,region5_312948039
2023-03-19 07:20,4050115046,0,11591,2,region5_312948043
2023-03-19 07:20,4048821628,0,4540634,2,region5_312948047
2023-03-19 07:20,4051097607,4822148,475667,2,region5_312948041
2023-03-19 07:20,4051097607,2124309,209280,2,region5_312948041
2023-03-19 07:20,4051097607,423384,144947,2,region5_312948041
2023-03-19 07:20,4049210901,0,5101901,2,region5_312948044
2023-03-19 07:20,4051203717,0,690740,2,region5_312948041
2023-03-19 07:20,4051264229,0,8481568,2,region5_312948049
2023-03-19 07:20,4050109329,75733,1620561,2,region5_312948047
2023-03-19 07:20,4050943281,0,8388608,2,region5_312948041
2023-03-19 07:20,4051189058,0,2061313,2,region5_312948041
2023-03-19 07:20,4050109329,5135965,28491,2,region5_312948047
2023-03-19 07:20,4050936279,4194304,1048576,5,region5_312948039
2023-03-19 07:20,4051126103,0,1721536,5,region5_312948057
2023-03-19 07:20,4050942476,0,1048576,5,region5_312948039
2023-03-19 07:20,4050333444,0,8388608,2,region5_312948041
2023-03-19 07:20,4051473751,0,1048576,5,region5_312948039
2023-03-19 07:20,4048451132,0,176,2,region5_312948043
2023-03-19 07:20,4049783168,4094026,120165,2,region5_312948047
2023-03-19 07:20,4051473751,1048576,1048576,5,region5_312948039
2023-03-19 07:20,4051446847,0,176,2,region5_312948043
2023-03-19 07:20,4051446847,8192,39860,2,region5_312948043
2023-03-19 07:20,4050942476,1048576,1048576,5,region5_312948039
2023-03-19 07:20,4048657115,139286,363717,2,region5_312948051
2023-03-19 07:20,4048657115,2176182,949462,2,region5_312948051
2023-03-19 07:20,4051473751,2097152,1048576,5,region5_312948039
2023-03-19 07:20,4050942476,2097152,1048576,5,region5_312948039
2023-03-19 07:20,4051280188,0,8153,1,region5_312948042
2023-03-19 07:20,4051312314,0,8388608,2,region5_312948041
2023-03-19 07:20,4047751507,0,688684,2,region5_312948047
2023-03-19 07:20,4051413278,2831867,5556741,2,region5_312948048
2023-03-19 07:20,4051413278,0,2831867,2,region5_312948048
2023-03-19 07:20,4050779763,0,11653,1,region5_312948042
2023-03-19 07:20,4050936279,5242880,1048576,5,region5_312948039
2023-03-19 07:20,4051473751,3145728,942380,5,region5_312948039
2023-03-19 07:20,4051097451,0,456109,2,region5_312948043
2023-03-19 07:20,4049765025,0,42407840,5,region5_312948057
2023-03-19 07:20,4050872707,0,951166,2,region5_312948047
2023-03-19 07:20,4050573718,102,664933,2,region5_312948048
2023-03-19 07:20,4051212848,0,7608958,4,region5_312948040
2023-03-19 07:20,4051280188,8153,8372302,1,region5_312948042
2023-03-19 07:20,4050687753,8436380,339381,2,region5_312948047
2023-03-19 07:20,4050942476,3145728,1048576,5,region5_312948039
2023-03-19 07:20,4050995667,979710,1048576,2,region5_312948041
2023-03-19 07:20,4051070140,0,7779333,2,region5_312948041
2023-03-19 07:20,4050913069,0,8388608,5,region5_312948039
2023-03-19 07:20,4051107492,0,8375464,1,region5_312948042
2023-03-19 07:20,4047800750,830488,1048576,2,region5_312948051
2023-03-19 07:20,4050942476,4194304,1048576,5,region5_312948039
2023-03-19 07:20,4051542909,0,8374246,3,region5_312948042
2023-03-19 07:20,4050936279,6291456,1048576,5,region5_312948039
2023-03-19 07:20,4050950495,0,8388608,2,region5_312948046
2023-03-19 07:20,4049765143,4174027,123163,2,region5_312948047
2023-03-19 07:20,4051015987,0,384,2,region5_312948043
2023-03-19 07:20,4051070026,0,4797733,2,region5_312948046
2023-03-19 07:20,4051292997,0,8388608,2,region5_312948041
2023-03-19 07:20,4050942476,5242880,1048576,5,region5_312948039
2023-03-19 07:20,4049765143,4174027,123163,2,region5_312948047
2023-03-19 07:20,4051121486,0,8388608,5,region5_312948039
2023-03-19 07:20,4048282166,3909423,316279,2,region5_312948047
2023-03-19 07:20,4048282166,9875,107690,2,region5_312948047
2023-03-19 07:20,4051166853,5160627,3227981,2,region5_312948046
2023-03-19 07:20,4051419166,3962123,4426485,2,region5_312948048
2023-03-19 07:20,4047840037,3547882,329199,2,region5_312948047
2023-03-19 07:20,4051125899,0,1048576,5,region5_312948039
2023-03-19 07:20,4051166853,0,3862393,2,region5_312948046
2023-03-19 07:20,4051125899,1048576,1048576,5,region5_312948039
2023-03-19 07:20,4051347368,0,1598271,2,region5_312948041
2023-03-19 07:20,4050942476,6291456,1048576,5,region5_312948039
2023-03-19 07:20,4051125899,2097152,1048576,5,region5_312948039
2023-03-19 07:20,4050642981,0,6174231,2,region5_312948051
2023-03-19 07:20,4050822487,1310103,4937112,2,region5_312948048
2023-03-19 07:20,4051419166,0,3962123,2,region5_312948048
2023-03-19 07:20,4051508884,3020848,3513028,2,region5_312948043
2023-03-19 07:20,4051508884,0,3357296,2,region5_312948043
2023-03-19 07:20,4050779763,11653,8365301,1,region5_312948042
2023-03-19 07:20,4051125899,3145728,1048576,5,region5_312948039
2023-03-19 07:20,4051125899,4194304,1048576,5,region5_312948039
2023-03-19 07:20,4050942476,7340032,1048576,5,region5_312948039
2023-03-19 07:20,4051125899,5242880,1048576,5,region5_312948039
2023-03-19 07:20,4051286394,0,442357,4,region5_312948047
2023-03-19 07:20,4049878801,0,8388608,2,region5_312948046
2023-03-19 07:20,4048645825,0,2919,2,region5_312948043
2023-03-19 07:20,4051125899,6291456,1048576,5,region5_312948039
2023-03-19 07:20,4050043236,0,4474107,2,region5_312948041
2023-03-19 07:20,4047752465,0,105600,2,region5_312948047
2023-03-19 07:20,4050791956,1617296,6864272,2,region5_312948043
2023-03-19 07:20,4050791956,0,6590496,2,region5_312948043
2023-03-19 07:20,4051508693,0,8388608,2,region5_312948046
2023-03-19 07:20,4051521550,0,1285,3,region5_312948042
2023-03-19 07:20,4051581787,0,1048576,5,region5_312948039
2023-03-19 07:20,4051125899,7340032,1048576,5,region5_312948039
2023-03-19 07:20,4051311339,0,8126109,3,region5_312948042
2023-03-19 07:20,4051299036,0,8388608,5,region5_312948039
2023-03-19 07:20,4051581787,1048576,1048576,5,region5_312948039
2023-03-19 07:20,4051583621,0,176,2,region5_312948043
2023-03-19 07:20,4051581787,2097152,1048576,5,region5_312948039
2023-03-19 07:20,4051585511,0,25272,2,region5_312948053
2023-03-19 07:20,4047722784,641329,261633,2,region5_312948047
2023-03-19 07:20,4049233332,0,8388608,2,region5_312948044
2023-03-19 07:20,4051581787,3145728,1048576,5,region5_312948039
2023-03-19 07:20,4047800750,830488,1048576,2,region5_312948047
2023-03-19 07:20,4051581787,4194304,1048576,5,region5_312948039
2023-03-19 07:20,4051617306,969056,176384,2,region5_312948043
2023-03-19 07:20,4049030415,0,1005167,2,region5_312948041
2023-03-19 07:20,4051357857,1152,512,2,region5_312948043
2023-03-19 07:20,4051581787,5242880,1048576,5,region5_312948039
2023-03-19 07:20,4051552061,0,8388608,2,region5_312948041
2023-03-19 07:20,4050687753,0,309190,2,region5_312948047
2023-03-19 07:20,4050687218,4194304,2097152,1,region5_312948051
2023-03-19 07:20,4050687218,0,2097152,1,region5_312948051
2023-03-19 07:20,4050687218,2097152,2097152,1,region5_312948051
2023-03-19 07:20,4050936279,7340032,1048576,5,region5_312948039
2023-03-19 07:20,4051014254,0,8381216,3,region5_312948047
2023-03-19 07:20,4050687218,8388608,2097152,1,region5_312948051
2023-03-19 07:20,4050687218,6291456,2097152,1,region5_312948051
2023-03-19 07:20,4050687218,14680064,2097152,1,region5_312948051
2023-03-19 07:20,4050687218,12582912,2097152,1,region5_312948051
2023-03-19 07:20,4050687218,10485760,2097152,1,region5_312948051
2023-03-19 07:20,4051525450,0,835584,2,region5_312948050
2023-03-19 07:20,4050687218,16777216,2097152,1,region5_312948051
2023-03-19 07:20,4051525450,7221248,1167360,2,region5_312948050
2023-03-19 07:20,4051525450,5083136,2138112,2,region5_312948050
2023-03-19 07:20,4051525450,2973696,2109440,2,region5_312948050
2023-03-19 07:20,4051525450,835584,2138112,2,region5_312948050
2023-03-19 07:20,4051581787,6291456,1048576,5,region5_312948039
2023-03-19 07:20,4050943272,0,8388608,2,region5_312948051
2023-03-19 07:20,4051581787,7340032,1048576,5,region5_312948039
2023-03-19 07:20,4047823268,1467002,3931787,2,region5_312948041
2023-03-19 07:20,4050687218,20971520,2097152,1,region5_312948051
2023-03-19 07:20,4050687218,23068672,2097152,1,region5_312948051
2023-03-19 07:20,4050687218,18874368,2097152,1,region5_312948051
2023-03-19 07:20,4049946736,0,8388608,2,region5_312948041
2023-03-19 07:20,4051028087,0,262144,2,region5_312948054
2023-03-19 07:20,4050833384,0,739656,2,region5_312948041
2023-03-19 07:20,4051028087,262144,2084864,2,region5_312948054
2023-03-19 07:20,4051183178,0,8371619,3,region5_312948042
2023-03-19 07:20,4048541039,0,3065243,2,region5_312948048
2023-03-19 07:20,4051028087,2347008,2072576,2,region5_312948054
2023-03-19 07:20,4049197676,2666501,1048576,1,region5_312948042
2023-03-19 07:20,4049210901,4737173,364728,2,region5_312948051
2023-03-19 07:20,4049210901,4053322,1048576,2,region5_312948051
2023-03-19 07:20,4051217096,0,2100,3,region5_312948042
2023-03-19 07:20,4050880112,0,6504891,5,region5_312948039
2023-03-19 07:20,4051028087,4419584,1990656,2,region5_312948054
2023-03-19 07:20,4047751507,0,688684,2,region5_312948047
2023-03-19 07:20,4051546223,0,639056,3,region5_312948042
2023-03-19 07:20,4048122062,0,8388608,2,region5_312948051
2023-03-19 07:20,4051028087,6410240,1978368,2,region5_312948054
2023-03-19 07:20,4051298190,0,7326308,2,region5_312948041
2023-03-19 07:20,4050880112,0,7318002,6,region5_312948039
2023-03-19 07:20,4051509860,0,878437,2,region5_312948041
2023-03-19 07:20,4051522289,0,7219026,5,region5_312948039
2023-03-19 07:20,4051565081,0,1048576,5,region5_312948039
2023-03-19 07:20,4050894794,6109660,25123,2,region5_312948048
2023-03-19 07:20,4050894794,6134783,691106,2,region5_312948048
2023-03-19 07:20,4050946999,0,8388608,2,region5_312948041
2023-03-19 07:20,4051142358,0,8481568,2,region5_312948049
2023-03-19 07:20,4047800750,830488,1048576,2,region5_312948047
2023-03-19 07:20,4049411195,3486699,3856785,2,region5_312948041
2023-03-19 07:20,4051565081,1048576,1048576,5,region5_312948039
2023-03-19 07:20,4050959611,0,27682,3,region5_312948042
2023-03-19 07:20,4051021556,0,432765,2,region5_312948041
2023-03-19 07:20,4050436411,0,524908,2,region5_312948047
2023-03-19 07:20,4051021556,1425585,6963023,2,region5_312948041
2023-03-19 07:20,4050778027,0,942612,2,region5_312948041
2023-03-19 07:20,4050778027,836647,105965,2,region5_312948041
2023-03-19 07:20,4050822315,0,7740795,3,region5_312948042
2023-03-19 07:20,4050436411,524908,7863700,2,region5_312948047
2023-03-19 07:20,4049821680,0,8318178,2,region5_312948044
2023-03-19 07:20,4049432455,1123259,955490,2,region5_312948051
2023-03-19 07:20,4050924473,3648277,2186346,2,region5_312948047
2023-03-19 07:20,4051776750,0,8352718,3,region5_312948042
2023-03-19 07:20,4048630263,1203404,757951,2,region5_312948047
2023-03-19 07:20,4050515208,7036223,91401,2,region5_312948046
2023-03-19 07:20,4050515208,4740105,158987,2,region5_312948046
2023-03-19 07:20,4050515208,2010049,1168502,2,region5_312948046
2023-03-19 07:20,4051251742,0,4915981,5,region5_312948057
2023-03-19 07:20,4050872543,0,8374012,3,region5_312948042
2023-03-19 07:20,4048844954,1489991,1194534,2,region5_312948041
2023-03-19 07:20,4051404740,0,981371,2,region5_312948045
2023-03-19 07:20,4047983056,7344680,372251,2,region5_312948041
2023-03-19 07:20,4047983056,4162135,311937,2,region5_312948041
2023-03-19 07:20,4047757709,0,8409662,2,region5_312948044
2023-03-19 07:20,4050975991,0,8009793,3,region5_312948042
2023-03-19 07:20,4051080976,0,1048576,5,region5_312948039
2023-03-19 07:20,4048844954,3876326,1226882,2,region5_312948041
2023-03-19 07:20,4051271686,0,1048576,5,region5_312948039
2023-03-19 07:20,4051613995,921600,2138112,2,region5_312948050
2023-03-19 07:20,4051613995,0,921600,2,region5_312948050
2023-03-19 07:20,4051620389,0,3191067,2,region5_312948047
2023-03-19 07:20,4048328762,4524979,48237,2,region5_312948051
2023-03-19 07:20,4048328762,74700,3260518,2,region5_312948051
2023-03-19 07:20,4048328762,8044145,95829,2,region5_312948051
2023-03-19 07:20,4048541039,0,3065243,2,region5_312948048
2023-03-19 07:20,4051778691,0,8388608,5,region5_312948039
2023-03-19 07:20,4051613995,7319552,1069056,2,region5_312948050
2023-03-19 07:20,4051613995,3059712,2113536,2,region5_312948050
2023-03-19 07:20,4051613995,5173248,2146304,2,region5_312948050
2023-03-19 07:20,4047954597,3993834,1196136,2,region5_312948046
2023-03-19 07:20,4047954597,7532245,726580,2,region5_312948046
2023-03-19 07:20,4051080976,1048576,1048576,5,region5_312948039
2023-03-19 07:20,4050048894,0,3995680,2,region5_312948044
2023-03-19 07:20,4051271686,1048576,1048576,5,region5_312948039
2023-03-19 07:20,4047752465,3843696,124252,2,region5_312948047
2023-03-19 07:20,4051080976,2097152,1048576,5,region5_312948039
2023-03-19 07:20,4051140714,0,7066902,4,region5_312948044
2023-03-19 07:20,4049160425,1037227,5287240,2,region5_312948046
2023-03-19 07:20,4050616488,0,5661776,2,region5_312948046
2023-03-19 07:21,4051271686,2097152,1048576,5,region5_312948039
2023-03-19 07:21,4051513808,0,8388608,2,region5_312948041
2023-03-19 07:21,4051872230,3120416,48,2,region5_312948043
2023-03-19 07:21,4050903962,0,8388608,2,region5_312948046
2023-03-19 07:21,4048232270,4019610,761411,2,region5_312948048
2023-03-19 07:21,4048232270,3992524,18564,2,region5_312948048
2023-03-19 07:21,4051080976,3145728,1048576,5,region5_312948039
2023-03-19 07:21,4051549638,0,737995,4,region5_312948051
2023-03-19 07:21,4048503585,5531317,799678,2,region5_312948047
2023-03-19 07:21,4048503585,0,5531317,2,region5_312948047
2023-03-19 07:21,4051080976,4194304,1048576,5,region5_312948039
2023-03-19 07:21,4051271686,3145728,1048576,5,region5_312948039
2023-03-19 07:21,4049984606,0,881301,2,region5_312948048
2023-03-19 07:21,4051641482,2451501,1677441,2,region5_312948046
2023-03-19 07:21,4051641482,3080366,1048576,2,region5_312948046
2023-03-19 07:21,4048541039,0,3065243,2,region5_312948048
2023-03-19 07:21,4049783168,616077,66549,2,region5_312948047
2023-03-19 07:21,4048705984,1343122,7018,2,region5_312948047
2023-03-19 07:21,4051314907,8377395,11213,2,region5_312948047
2023-03-19 07:21,4047684174,6160649,1206525,2,region5_312948041
2023-03-19 07:21,4051264905,8192,562279,2,region5_312948043
2023-03-19 07:21,4051264905,0,176,2,region5_312948043
2023-03-19 07:21,4051080976,5242880,1048576,5,region5_312948039
2023-03-19 07:21,4051676395,81679,1641665,2,region5_312948047
2023-03-19 07:21,4051264905,0,176,2,region5_312948043
2023-03-19 07:21,4051271686,4194304,1048576,5,region5_312948039
2023-03-19 07:21,4048122062,0,8388608,2,region5_312948051
2023-03-19 07:21,4049765143,662790,66895,2,region5_312948047
2023-03-19 07:21,4051080976,6291456,1048576,5,region5_312948039
2023-03-19 07:21,4051101838,0,5875395,2,region5_312948046
2023-03-19 07:21,4051271686,5242880,1048576,5,region5_312948039
2023-03-19 07:21,4051703265,0,12288,2,region5_312948052
2023-03-19 07:21,4051487843,4456976,4024592,2,region5_312948049
2023-03-19 07:21,4051487843,0,4759376,2,region5_312948049
2023-03-19 07:21,4051642956,0,8388608,4,region5_312948044
2023-03-19 07:21,4048948801,4800410,151058,2,region5_312948041
2023-03-19 07:21,4049765143,662790,66895,2,region5_312948047
2023-03-19 07:21,4051269146,0,10485760,5,region5_312948039
2023-03-19 07:21,4050808648,4617917,1128960,2,region5_312948041
2023-03-19 07:21,4047722784,899640,3322,2,region5_312948047
2023-03-19 07:21,4051332993,0,8388608,2,region5_312948046
2023-03-19 07:21,4051677462,0,1226398,2,region5_312948046
2023-03-19 07:21,4051080976,7340032,1048576,5,region5_312948039
2023-03-19 07:21,4051271686,6291456,1048576,5,region5_312948039
2023-03-19 07:21,4051532531,0,4985995,4,region5_312948040
2023-03-19 07:21,4048487642,7185204,1203404,2,region5_312948046
2023-03-19 07:21,4048487642,0,535625,2,region5_312948046
2023-03-19 07:21,4051271686,7340032,1048576,5,region5_312948039
2023-03-19 07:21,4049391363,0,8388608,2,region5_312948044
2023-03-19 07:21,4051528249,0,1859095,4,region5_312948044
2023-03-19 07:21,4051559263,811750,7576858,2,region5_312948041
2023-03-19 07:21,4051286394,0,442357,2,region5_312948047
2023-03-19 07:21,4048476379,0,417633,2,region5_312948043
2023-03-19 07:21,4051271686,8388608,92960,5,region5_312948039
2023-03-19 07:21,4047722784,899640,707113,2,region5_312948051
2023-03-19 07:21,4047797124,0,8388608,2,region5_312948041
2023-03-19 07:21,4051797344,0,176,2,region5_312948043
2023-03-19 07:21,4048476379,0,417633,2,region5_312948043
2023-03-19 07:21,4051879569,0,3423372,2,region5_312948041
2023-03-19 07:21,4050642981,0,6174231,2,region5_312948051
2023-03-19 07:21,4051907477,0,1832951,5,region5_312948039
2023-03-19 07:21,4051039883,0,1048576,5,region5_312948039
2023-03-19 07:21,4051039883,1048576,1048576,5,region5_312948039
2023-03-19 07:21,4051562022,0,8388608,2,region5_312948041
2023-03-19 07:21,4051566507,0,7809316,1,region5_312948042
2023-03-19 07:21,4051399765,2925643,2696430,2,region5_312948041
2023-03-19 07:21,4051488888,0,8388608,2,region5_312948046
2023-03-19 07:21,4048541039,0,3065243,2,region5_312948048
2023-03-19 07:21,4051039883,2097152,1048576,5,region5_312948039
2023-03-19 07:21,4047751507,0,688684,2,region5_312948047
2023-03-19 07:21,4050886261,0,8388608,2,region5_312948041
2023-03-19 07:21,4047665123,4108271,1048576,2,region5_312948047
2023-03-19 07:21,4051039883,3145728,1048576,5,region5_312948039
2023-03-19 07:21,4048554462,4876231,1048576,2,region5_312948047
2023-03-19 07:21,4051957008,0,6407,2,region5_312948043
2023-03-19 07:21,4051039883,4194304,1048576,5,region5_312948039
2023-03-19 07:21,4051421934,520409,5221780,2,region5_312948041
2023-03-19 07:21,4051436162,2252944,693268,2,region5_312948041
2023-03-19 07:21,4048505058,0,7999727,2,region5_312948041
2023-03-19 07:21,4051039883,5242880,1048576,5,region5_312948039
2023-03-19 07:21,4048554462,4876231,1048576,2,region5_312948047
2023-03-19 07:21,4051269146,10485760,6276007,5,region5_312948039
2023-03-19 07:21,4051414786,0,1887250,5,region5_312948039
2023-03-19 07:21,4051039883,6291456,490932,5,region5_312948039
2023-03-19 07:21,4051218757,0,8388608,2,region5_312948041
2023-03-19 07:21,4050188426,0,994702,2,region5_312948041
2023-03-19 07:21,4051778170,0,8388608,2,region5_312948041
2023-03-19 07:21,4051521445,0,88766,2,region5_312948051
2023-03-19 07:21,4051759699,0,5726978,3,region5_312948042
2023-03-19 07:21,4051765790,5550080,2138112,2,region5_312948050
2023-03-19 07:21,4051765790,1290240,2121728,2,region5_312948050
2023-03-19 07:21,4051765790,7688192,700416,2,region5_312948050
2023-03-19 07:21,4051765790,3411968,2138112,2,region5_312948050
2023-03-19 07:21,4051765790,0,1290240,2,region5_312948050
2023-03-19 07:21,4050984587,3041831,1048576,2,region5_312948047
2023-03-19 07:21,4048246793,7965472,423136,2,region5_312948046
2023-03-19 07:21,4048246793,1499273,1054633,2,region5_312948046
2023-03-19 07:21,4048246793,4683441,1090308,2,region5_312948046
2023-03-19 07:21,4051975813,0,8481568,2,region5_312948049
2023-03-19 07:21,4048375125,2729814,1935392,2,region5_312948041
2023-03-19 07:21,4048912716,2456549,149952,2,region5_312948041
2023-03-19 07:21,4049418397,8192,24698,2,region5_312948043
2023-03-19 07:21,4049418397,0,176,2,region5_312948043
2023-03-19 07:21,4051651763,0,1461552,2,region5_312948049
2023-03-19 07:21,4051246438,2154496,2146304,2,region5_312948050
2023-03-19 07:21,4051246438,0,2154496,2,region5_312948050
2023-03-19 07:21,4051489581,0,226,2,region5_312948048
2023-03-19 07:21,4049796875,3870262,1066667,2,region5_312948041
2023-03-19 07:21,4049796875,0,1723398,2,region5_312948041
2023-03-19 07:21,4051651763,1454128,7027440,2,region5_312948049
2023-03-19 07:21,4051651763,3088240,5393328,2,region5_312948049
2023-03-19 07:21,4051778170,0,4083484,2,region5_312948041
2023-03-19 07:21,4051246438,6402048,1986560,2,region5_312948050
2023-03-19 07:21,4051246438,4300800,2101248,2,region5_312948050
2023-03-19 07:21,4051314035,0,4812059,2,region5_312948041
2023-03-19 07:21,4051489581,226,8383259,2,region5_312948048
2023-03-19 07:21,4051489581,8383485,5123,2,region5_312948048
2023-03-19 07:21,4051285408,0,7675,3,region5_312948042
2023-03-19 07:21,4049661925,0,1055677,2,region5_312948047
2023-03-19 07:21,4048630550,2642761,3965478,2,region5_312948046
2023-03-19 07:21,4050580553,0,5014994,2,region5_312948041
2023-03-19 07:21,4052045775,3706880,2129920,2,region5_312948050
2023-03-19 07:21,4052045775,1605632,2101248,2,region5_312948050
2023-03-19 07:21,4052045775,0,1605632,2,region5_312948050
2023-03-19 07:21,4050642981,0,6174231,2,region5_312948051
2023-03-19 07:21,4051288596,0,5020974,2,region5_312948041
2023-03-19 07:21,4051522043,0,542590,4,region5_312948044
2023-03-19 07:21,4048461928,2724365,65933,2,region5_312948041
2023-03-19 07:21,4048461928,0,1396507,2,region5_312948041
2023-03-19 07:21,4052045775,7950336,438272,2,region5_312948050
2023-03-19 07:21,4052045775,5836800,2113536,2,region5_312948050
2023-03-19 07:21,4051508580,5537718,2850890,2,region5_312948041
2023-03-19 07:21,4051703265,12288,2113536,2,region5_312948052
2023-03-19 07:21,4051565081,2097152,1048576,5,region5_312948039
2023-03-19 07:21,4050768432,0,2097152,1,region5_312948051
2023-03-19 07:21,4048044598,0,947375,2,region5_312948047
2023-03-19 07:21,4051873214,0,8388608,2,region5_312948041
2023-03-19 07:21,4051949915,0,8481568,5,region5_312948039
2023-03-19 07:21,4051285458,0,8388608,4,region5_312948044
2023-03-19 07:21,4051354108,0,4415244,3,region5_312948042
2023-03-19 07:21,4047764145,907853,7943,2,region5_312948041
2023-03-19 07:21,4051641642,0,3852330,4,region5_312948047
2023-03-19 07:21,4051756690,1455874,1736720,2,region5_312948041
2023-03-19 07:21,4051810597,0,20941,2,region5_312948043
2023-03-19 07:21,4051692092,0,939387,2,region5_312948041
2023-03-19 07:21,4051565105,0,1048576,5,region5_312948039
2023-03-19 07:21,4047764145,0,684104,2,region5_312948041
2023-03-19 07:21,4050943272,0,8388608,2,region5_312948051
2023-03-19 07:21,4048483995,77716,463749,2,region5_312948047
2023-03-19 07:21,4048285915,0,5952,2,region5_312948043
2023-03-19 07:21,4051581768,0,5246567,5,region5_312948039
2023-03-19 07:21,4052128551,0,8388608,4,region5_312948050
2023-03-19 07:21,4052311553,0,35226,2,region5_312948053
2023-03-19 07:21,4049233332,6368588,2020020,2,region5_312948047
2023-03-19 07:21,4052249109,2857387,17507,2,region5_312948047
2023-03-19 07:21,4051502124,3773067,4615541,2,region5_312948047
2023-03-19 07:21,4051502124,0,3773067,2,region5_312948047
2023-03-19 07:21,4051527472,0,1048576,5,region5_312948039
2023-03-19 07:21,4050551112,0,956911,2,region5_312948041
2023-03-19 07:21,4049483170,3834122,1048576,2,region5_312948041
2023-03-19 07:21,4049483170,3240255,1642443,2,region5_312948041
2023-03-19 07:21,4051589903,0,8388608,4,region5_312948044
2023-03-19 07:21,4050873463,1890999,1048576,2,region5_312948047
2023-03-19 07:21,4051091308,0,14170,2,region5_312948043
2023-03-19 07:21,4049483170,0,181159,2,region5_312948041
2023-03-19 07:21,4051589942,0,5196042,3,region5_312948042
2023-03-19 07:21,4050873463,1890999,1048576,2,region5_312948047
2023-03-19 07:21,4048025515,0,1048576,5,region5_312948039
2023-03-19 07:21,4051421797,2067830,17129,2,region5_312948041
2023-03-19 07:21,4049747717,0,1157315,2,region5_312948041
2023-03-19 07:21,4049747717,3399008,1246070,2,region5_312948041
2023-03-19 07:21,4051527472,1048576,1048576,5,region5_312948039
2023-03-19 07:21,4049379675,0,8388608,2,region5_312948046
2023-03-19 07:21,4051971582,0,8388608,5,region5_312948039
2023-03-19 07:21,4048025515,1048576,1048576,5,region5_312948039
2023-03-19 07:21,4052301036,0,8388608,4,region5_312948044
2023-03-19 07:21,4049747717,5758767,1373639,2,region5_312948041
2023-03-19 07:21,4048062860,7262288,501925,2,region5_312948046
2023-03-19 07:21,4048062860,0,13692,2,region5_312948046
2023-03-19 07:21,4051366031,1366595,10599,2,region5_312948041
2023-03-19 07:21,4051856843,0,8015360,3,region5_312948042
2023-03-19 07:21,4049821680,0,4722422,2,region5_312948047
2023-03-19 07:21,4049821680,4722422,3595756,2,region5_312948047
2023-03-19 07:21,4052323485,0,8119356,3,region5_312948042
2023-03-19 07:21,4047695119,0,2279,2,region5_312948043
2023-03-19 07:21,4049765025,22317536,335872,2,region5_312948043
2023-03-19 07:21,4051527472,2097152,1048576,5,region5_312948039
2023-03-19 07:21,4051653600,875201,7513407,2,region5_312948041
2023-03-19 07:21,4051826711,0,3436378,5,region5_312948057
2023-03-19 07:21,4048624110,0,7299483,2,region5_312948041
2023-03-19 07:21,4048025515,2097152,1048576,5,region5_312948039
2023-03-19 07:21,4047800750,830488,1048576,2,region5_312948047
2023-03-19 07:21,4052265372,0,2139351,2,region5_312948044
2023-03-19 07:21,4052265372,2139351,2947701,2,region5_312948044
2023-03-19 07:21,4052327926,0,8388608,2,region5_312948046
2023-03-19 07:21,4051527472,3145728,1048576,5,region5_312948039
2023-03-19 07:21,4050682097,79756,1719461,2,region5_312948047
2023-03-19 07:21,4048630263,0,1961355,2,region5_312948047
2023-03-19 07:21,4052450973,0,2807218,2,region5_312948044
2023-03-19 07:21,4051447202,0,1414,5,region5_312948039
2023-03-19 07:21,4052247941,0,8388608,2,region5_312948046
2023-03-19 07:21,4047751507,0,688684,2,region5_312948047
2023-03-19 07:21,4051515318,0,595315,4,region5_312948054
2023-03-19 07:21,4051833718,4365,1339496,2,region5_312948047
2023-03-19 07:21,4048025515,3145728,1048576,5,region5_312948039
2023-03-19 07:21,4051527472,4194304,1048576,5,region5_312948039
2023-03-19 07:21,4051606748,0,8372578,3,region5_312948042
2023-03-19 07:21,4051703265,2125824,2105344,2,region5_312948052
2023-03-19 07:21,4051794504,1213837,12560,2,region5_312948041
2023-03-19 07:21,4048025515,4194304,1048576,5,region5_312948039
2023-03-19 07:21,4051520331,2363246,1376977,2,region5_312948047
2023-03-19 07:21,4051527472,5242880,1048576,5,region5_312948039
2023-03-19 07:21,4051528885,0,5780,2,region5_312948043
2023-03-19 07:21,4051907403,0,8388608,5,region5_312948039
2023-03-19 07:21,4052028910,0,2775697,2,region5_312948047
2023-03-19 07:21,4052072448,1392562,155913,2,region5_312948041
2023-03-19 07:21,4051790803,3054635,155345,2,region5_312948041
2023-03-19 07:21,4047722784,899640,3322,2,region5_312948047
2023-03-19 07:21,4052039364,0,1052306,2,region5_312948041
2023-03-19 07:21,4049635271,5758969,285247,2,region5_312948047
2023-03-19 07:21,4051875198,4287667,3454196,2,region5_312948051
2023-03-19 07:21,4052072448,5306858,3081750,2,region5_312948041
2023-03-19 07:21,4052087996,0,8382562,1,region5_312948042
2023-03-19 07:21,4051520331,0,987169,2,region5_312948047
2023-03-19 07:21,4051527472,6291456,1048576,5,region5_312948039
2023-03-19 07:21,4047933131,3900140,138650,2,region5_312948047
2023-03-19 07:21,4051653576,0,4042897,5,region5_312948039
2023-03-19 07:21,4049138344,0,564857,2,region5_312948047
2023-03-19 07:21,4048025515,5242880,1048576,5,region5_312948039
2023-03-19 07:21,4051565105,0,1048576,5,region5_312948039
2023-03-19 07:21,4051634896,3534956,4853652,2,region5_312948046
2023-03-19 07:21,4049021133,0,8388608,2,region5_312948046
2023-03-19 07:21,4052127134,0,8380345,1,region5_312948042
2023-03-19 07:21,4048025515,6291456,1048576,5,region5_312948039
2023-03-19 07:21,4052271838,7382090,1006518,2,region5_312948046
2023-03-19 07:21,4052271838,3623479,1022455,2,region5_312948046
2023-03-19 07:21,4051502124,0,8388608,2,region5_312948044
2023-03-19 07:21,4051527472,7340032,1048576,5,region5_312948039
2023-03-19 07:21,4048025515,7340032,1048576,5,region5_312948039
2023-03-19 07:21,4051559170,0,484660,1,region5_312948042
2023-03-19 07:21,4052385441,0,8388608,5,region5_312948039
2023-03-19 07:21,4047933131,0,3900140,2,region5_312948047
2023-03-19 07:21,4052077511,0,3821123,5,region5_312948039
2023-03-19 07:21,4052176590,4215415,1048576,2,region5_312948047
2023-03-19 07:21,4050995380,4659417,1601022,2,region5_312948041
2023-03-19 07:21,4050995380,5211863,1048576,2,region5_312948041
2023-03-19 07:21,4047934156,0,9684,2,region5_312948043
2023-03-19 07:21,4049197676,3715077,1048576,1,region5_312948042
2023-03-19 07:21,4047751507,0,688684,2,region5_312948047
2023-03-19 07:21,4048630263,0,1961355,2,region5_312948047
2023-03-19 07:21,4048902261,0,6295324,2,region5_312948044
2023-03-19 07:21,4048592632,4118362,47685,2,region5_312948041
2023-03-19 07:21,4048592632,789123,1585898,2,region5_312948041
2023-03-19 07:21,4049391363,0,4876418,2,region5_312948047
2023-03-19 07:21,4051485494,0,946128,2,region5_312948041
2023-03-19 07:22,4051512850,0,8481568,5,region5_312948039
2023-03-19 07:22,4048642483,0,8387913,1,region5_312948047
2023-03-19 07:22,4052432208,0,8388608,5,region5_312948039
2023-03-19 07:22,4051514767,15520,1996433,2,region5_312948047
2023-03-19 07:22,4047933131,4052244,957058,2,region5_312948047
2023-03-19 07:22,4051556482,675689,186444,2,region5_312948046
2023-03-19 07:22,4051603885,6267538,2188167,2,region5_312948041
2023-03-19 07:22,4051603885,0,1599939,2,region5_312948041
2023-03-19 07:22,4048387638,1452384,45184,2,region5_312948043
2023-03-19 07:22,4052397861,911332,1048576,2,region5_312948047
2023-03-19 07:22,4051521966,0,8481568,5,region5_312948039
2023-03-19 07:22,4051556482,210332,651801,2,region5_312948046
2023-03-19 07:22,4052037669,0,8388608,2,region5_312948046
2023-03-19 07:22,4052359806,0,8388608,4,region5_312948044
2023-03-19 07:22,4049391363,4876418,3512190,2,region5_312948047
2023-03-19 07:22,4047999316,0,58010,2,region5_312948043
2023-03-19 07:22,4052525872,0,7014476,3,region5_312948042
2023-03-19 07:22,4051532111,5106834,1650470,2,region5_312948047
2023-03-19 07:22,4051532111,6757304,1048576,2,region5_312948047
2023-03-19 07:22,4051532111,4785709,112185,2,region5_312948047
2023-03-19 07:22,4051532111,6757304,1048576,2,region5_312948047
2023-03-19 07:22,4051532111,5106834,1650470,2,region5_312948047
2023-03-19 07:22,4047846327,8256938,131670,2,region5_312948046
2023-03-19 07:22,4047846327,701320,426662,2,region5_312948046
2023-03-19 07:22,4051662878,0,8388608,2,region5_312948041
2023-03-19 07:22,4051690111,5913995,2474613,2,region5_312948047
2023-03-19 07:22,4051690111,0,5913995,2,region5_312948047
2023-03-19 07:22,4051875483,4839902,1895711,2,region5_312948041
2023-03-19 07:22,4051875483,0,2980688,2,region5_312948041
2023-03-19 07:22,4052034756,1187840,2125824,2,region5_312948050
2023-03-19 07:22,4052034756,0,1187840,2,region5_312948050
2023-03-19 07:22,4050188426,0,994702,2,region5_312948041
2023-03-19 07:22,4050429662,0,1038024,2,region5_312948041
2023-03-19 07:22,4051559263,811750,7576858,2,region5_312948041
2023-03-19 07:22,4051915192,1976656,1049312,2,region5_312948043
2023-03-19 07:22,4051915192,4075280,1049312,2,region5_312948043
2023-03-19 07:22,4051915192,5124592,1049312,2,region5_312948043
2023-03-19 07:22,4051915192,927344,1049312,2,region5_312948043
2023-03-19 07:22,4052034756,7561216,827392,2,region5_312948050
2023-03-19 07:22,4052034756,5427200,2134016,2,region5_312948050
2023-03-19 07:22,4052034756,3313664,2113536,2,region5_312948050
2023-03-19 07:22,4052506156,0,6413136,2,region5_312948049
2023-03-19 07:22,4051565081,2097152,1048576,5,region5_312948039
2023-03-19 07:22,4051597915,0,8372189,3,region5_312948042
2023-03-19 07:22,4052506156,0,8481568,2,region5_312948049
2023-03-19 07:22,4052506156,6296720,2184848,2,region5_312948049
2023-03-19 07:22,4052506156,7708496,773072,2,region5_312948049
2023-03-19 07:22,4051836844,0,2458,6,region5_312948057
2023-03-19 07:22,4051901304,0,21069,2,region5_312948043
2023-03-19 07:22,4052311553,0,35226,2,region5_312948053
2023-03-19 07:22,4051761586,4100000,290752,2,region5_312948043
2023-03-19 07:22,4048232177,0,194848,2,region5_312948047
2023-03-19 07:22,4049750291,0,176,2,region5_312948043
2023-03-19 07:22,4052076829,2501879,143362,2,region5_312948051
2023-03-19 07:22,4052076829,8253150,135458,2,region5_312948051
2023-03-19 07:22,4052076829,3916172,707473,2,region5_312948051
2023-03-19 07:22,4052076829,6070256,948336,2,region5_312948051
2023-03-19 07:22,4052623971,0,8370968,3,region5_312948042
2023-03-19 07:22,4051579842,0,8388608,2,region5_312948041
2023-03-19 07:22,4051656255,0,741385,2,region5_312948041
2023-03-19 07:22,4051656255,822192,113194,2,region5_312948041
2023-03-19 07:22,4052042044,0,3098,2,region5_312948043
2023-03-19 07:22,4051612026,0,842171,2,region5_312948041
2023-03-19 07:22,4051958616,0,1947187,5,region5_312948039
2023-03-19 07:22,4052042044,0,3098,2,region5_312948043
2023-03-19 07:22,4048643135,5826848,24704,2,region5_312948043
2023-03-19 07:22,4048541039,0,3065243,2,region5_312948048
2023-03-19 07:22,4051703265,4231168,2109440,2,region5_312948052
2023-03-19 07:22,4051776780,0,8388608,2,region5_312948051
2023-03-19 07:22,4051027846,0,4901120,2,region5_312948051
2023-03-19 07:22,4052627781,0,3057894,4,region5_312948054
2023-03-19 07:22,4052655857,0,8388608,2,region5_312948041
2023-03-19 07:22,4051789378,0,2242,5,region5_312948039
2023-03-19 07:22,4050813579,0,621335,2,region5_312948047
2023-03-19 07:22,4052014196,0,5873887,2,region5_312948041
2023-03-19 07:22,4052014196,0,3825171,2,region5_312948041
2023-03-19 07:22,4049034705,0,1546135,2,region5_312948051
2023-03-19 07:22,4049034705,4212756,4175852,2,region5_312948051
2023-03-19 07:22,4049866427,4615162,160449,2,region5_312948041
2023-03-19 07:22,4051776780,0,8388608,2,region5_312948051
2023-03-19 07:22,4048913638,2285629,943892,2,region5_312948041
2023-03-19 07:22,4048913638,6420537,38267,2,region5_312948041
2023-03-19 07:22,4052627781,3047862,10031,2,region5_312948054
2023-03-19 07:22,4052627781,3056054,1839,2,region5_312948054
2023-03-19 07:22,4048328762,84,14327,2,region5_312948048
2023-03-19 07:22,4048328762,1568848,13865,2,region5_312948048
2023-03-19 07:22,4052429936,0,8481568,5,region5_312948039
2023-03-19 07:22,4051575353,1020029,28,2,region5_312948047
2023-03-19 07:22,4051575353,2250386,923,2,region5_312948047
2023-03-19 07:22,4047709470,2535511,1607038,2,region5_312948047
2023-03-19 07:22,4051687305,0,4170212,2,region5_312948044
2023-03-19 07:22,4051844722,0,8481568,5,region5_312948039
2023-03-19 07:22,4047997886,8192,268135,2,region5_312948043
2023-03-19 07:22,4047997886,0,176,2,region5_312948043
2023-03-19 07:22,4052337823,0,1372926,3,region5_312948042
2023-03-19 07:22,4052630017,3661725,688688,2,region5_312948041
2023-03-19 07:22,4051799208,6758252,1048576,2,region5_312948041
2023-03-19 07:22,4050642981,0,6174231,2,region5_312948051
2023-03-19 07:22,4050659439,6283563,832,2,region5_312948041
2023-03-19 07:22,4050659439,5074101,12459,2,region5_312948041
2023-03-19 07:22,4051642875,7264574,459074,2,region5_312948043
2023-03-19 07:22,4051642875,7198992,65582,2,region5_312948043
2023-03-19 07:22,4049014817,3689349,4699259,2,region5_312948041
2023-03-19 07:22,4052712344,2308842,1048576,2,region5_312948058
2023-03-19 07:22,4051601525,0,1844,2,region5_312948043
2023-03-19 07:22,4050367443,0,7201521,2,region5_312948041
2023-03-19 07:22,4048943203,562386,7423262,2,region5_312948051
2023-03-19 07:22,4051520331,0,987169,2,region5_312948047
2023-03-19 07:22,4052603034,0,8380152,3,region5_312948042
2023-03-19 07:22,4052015040,0,3278356,4,region5_312948047
2023-03-19 07:22,4052322821,0,376832,2,region5_312948050
2023-03-19 07:22,4052322821,2514944,2129920,2,region5_312948050
2023-03-19 07:22,4052322821,6766592,1622016,2,region5_312948050
2023-03-19 07:22,4052322821,4644864,2121728,2,region5_312948050
2023-03-19 07:22,4052322821,376832,2138112,2,region5_312948050
2023-03-19 07:22,4052454841,0,7064,5,region5_312948039
2023-03-19 07:22,4051774305,0,813090,2,region5_312948047
2023-03-19 07:22,4048580642,0,2132230,2,region5_312948041
2023-03-19 07:22,4051901593,0,8388608,2,region5_312948041
2023-03-19 07:22,4052136133,0,620,5,region5_312948039
2023-03-19 07:22,4049365280,0,1763098,2,region5_312948041
2023-03-19 07:22,4051731325,0,18640765,3,region5_312948051
2023-03-19 07:22,4050708338,0,7134865,2,region5_312948046
2023-03-19 07:22,4048476379,0,417633,2,region5_312948043
2023-03-19 07:22,4051660898,7643333,745275,2,region5_312948047
2023-03-19 07:22,4052284009,3322585,1853309,2,region5_312948047
2023-03-19 07:22,4052361850,7835656,552952,2,region5_312948041
2023-03-19 07:22,4052361850,1875334,1403324,2,region5_312948041
2023-03-19 07:22,4047722784,0,902962,2,region5_312948047
2023-03-19 07:22,4052457608,0,5925401,4,region5_312948047
2023-03-19 07:22,4051937387,0,8388608,2,region5_312948046
2023-03-19 07:22,4052325453,3343388,1575454,2,region5_312948041
2023-03-19 07:22,4052325453,3870266,1048576,2,region5_312948041
2023-03-19 07:22,4052410487,3144514,1048576,2,region5_312948047
2023-03-19 07:22,4052410487,3144514,1048576,2,region5_312948047
2023-03-19 07:22,4051440059,0,27,2,region5_312948047
2023-03-19 07:22,4050597917,1958207,14944,2,region5_312948048
2023-03-19 07:22,4052318782,4963246,31294,2,region5_312948043
2023-03-19 07:22,4052318782,4373008,621532,2,region5_312948043
2023-03-19 07:22,4052318782,4963246,31294,2,region5_312948043
2023-03-19 07:22,4052318782,3323696,1049312,2,region5_312948043
2023-03-19 07:22,4052318782,175760,1049312,2,region5_312948043
2023-03-19 07:22,4052318782,2274384,1049312,2,region5_312948043
2023-03-19 07:22,4052318782,1225072,1049312,2,region5_312948043
2023-03-19 07:22,4052318782,0,175760,2,region5_312948043
2023-03-19 07:22,4051776780,0,8388608,2,region5_312948051
2023-03-19 07:22,4049401046,0,1216,2,region5_312948043
2023-03-19 07:22,4051722182,0,4194304,1,region5_312948042
2023-03-19 07:22,4052207550,0,61780,2,region5_312948047
2023-03-19 07:22,4052602143,0,8388608,2,region5_312948046
2023-03-19 07:22,4052605225,0,19961422,3,region5_312948051
2023-03-19 07:22,4052215408,0,8380626,1,region5_312948042
2023-03-19 07:22,4052083075,2656740,2304441,2,region5_312948041
2023-03-19 07:22,4051642875,7723648,524656,2,region5_312948043
2023-03-19 07:22,4052361914,1468177,514590,2,region5_312948047
2023-03-19 07:22,4049221494,0,8388608,2,region5_312948041
2023-03-19 07:22,4051715932,0,4076493,4,region5_312948047
2023-03-19 07:22,4051722182,4194304,4174358,1,region5_312948042
2023-03-19 07:22,4048898292,0,12388,2,region5_312948043
2023-03-19 07:22,4048898292,12388,423120,2,region5_312948043
2023-03-19 07:22,4047722784,0,902962,2,region5_312948047
2023-03-19 07:22,4050172007,0,8388608,2,region5_312948041
2023-03-19 07:22,4049432455,1123259,955490,2,region5_312948051
2023-03-19 07:22,4048541039,0,3065243,2,region5_312948048
2023-03-19 07:22,4048541039,0,3065243,2,region5_312948048
2023-03-19 07:22,4047757709,3847441,1361535,2,region5_312948047
2023-03-19 07:22,4052495022,0,8369976,3,region5_312948042
2023-03-19 07:22,4051703265,6340608,2048000,2,region5_312948052
2023-03-19 07:22,4051882782,0,512,2,region5_312948043
2023-03-19 07:22,4051915893,1654662,6733946,2,region5_312948041
2023-03-19 07:22,4052590903,0,1296832,5,region5_312948057
2023-03-19 07:22,4052412460,0,1914877,5,region5_312948039
2023-03-19 07:22,4052300579,0,4947965,2,region5_312948041
2023-03-19 07:22,4052300579,0,5062948,2,region5_312948041
2023-03-19 07:22,4052818833,5266896,3214672,2,region5_312948049
2023-03-19 07:22,4052818833,0,5276512,2,region5_312948049
2023-03-19 07:22,4050436411,0,8388608,2,region5_312948044
2023-03-19 07:22,4050433335,0,3760288,1,region5_312948042
2023-03-19 07:22,4051580940,0,1269580,2,region5_312948048
2023-03-19 07:22,4048323023,0,1049212,2,region5_312948041
2023-03-19 07:22,4048541039,0,3065243,2,region5_312948048
2023-03-19 07:22,4049821680,0,8318178,2,region5_312948044
2023-03-19 07:22,4049827825,0,8388608,2,region5_312948041
2023-03-19 07:22,4051502124,0,8388608,2,region5_312948044
2023-03-19 07:22,4052937611,7485918,238654,2,region5_312948041
2023-03-19 07:22,4052937611,0,1184469,2,region5_312948041
2023-03-19 07:22,4052937611,7913059,475549,2,region5_312948041
2023-03-19 07:22,4052937611,2671863,312543,2,region5_312948041
2023-03-19 07:22,4048630263,1203404,757951,2,region5_312948047
2023-03-19 07:22,4052165917,0,12230080,6,region5_312948057
2023-03-19 07:22,4052450330,0,160,3,region5_312948047
2023-03-19 07:22,4047874914,2060911,86943,2,region5_312948047
2023-03-19 07:22,4048232177,0,194848,2,region5_312948047
2023-03-19 07:22,4051913175,0,195963,2,region5_312948051
2023-03-19 07:22,4048044598,0,947375,2,region5_312948047
2023-03-19 07:22,4051929779,0,8388608,2,region5_312948041
2023-03-19 07:22,4052192808,7603121,785487,2,region5_312948041
2023-03-19 07:22,4052192808,0,851282,2,region5_312948041
2023-03-19 07:22,4052739964,211601,765520,2,region5_312948041
2023-03-19 07:22,4048122444,0,8388608,2,region5_312948046
2023-03-19 07:22,4048232177,0,194848,2,region5_312948047
2023-03-19 07:22,4052438029,0,1048576,5,region5_312948039
2023-03-19 07:22,4048102623,0,5049498,2,region5_312948041
2023-03-19 07:22,4049982664,2163799,2459789,2,region5_312948041
2023-03-19 07:22,4048295959,0,16167,2,region5_312948043
2023-03-19 07:22,4052438029,1048576,1048576,5,region5_312948039
2023-03-19 07:22,4052102888,0,8388608,2,region5_312948044
2023-03-19 07:22,4049391363,0,8388608,2,region5_312948051
2023-03-19 07:22,4052438029,2097152,1048576,5,region5_312948039
2023-03-19 07:22,4052646221,0,8388608,2,region5_312948041
2023-03-19 07:22,4047824517,8191630,198012,2,region5_312948047
2023-03-19 07:22,4051913175,5229496,436842,2,region5_312948051
2023-03-19 07:22,4051913175,566104,3585130,2,region5_312948051
2023-03-19 07:22,4048541039,0,3065243,2,region5_312948048
2023-03-19 07:22,4052410487,3144514,1048576,2,region5_312948047
2023-03-19 07:22,4052576561,0,8481568,5,region5_312948039
2023-03-19 07:22,4051876567,0,8371697,3,region5_312948042
2023-03-19 07:22,4052070502,1561820,6809698,2,region5_312948046
2023-03-19 07:22,4048283015,0,1049586,2,region5_312948044
2023-03-19 07:22,4052438029,3145728,1048576,5,region5_312948039
2023-03-19 07:22,4049138344,0,564857,2,region5_312948047
2023-03-19 07:22,4047800750,830488,1048576,2,region5_312948047
2023-03-19 07:22,4050234754,0,20158,1,region5_312948042
2023-03-19 07:22,4052410487,3144514,1048576,2,region5_312948047
2023-03-19 07:22,4051691683,0,1960125,2,region5_312948047
2023-03-19 07:22,4052501290,0,7245076,5,region5_312948039
2023-03-19 07:22,4049287911,0,176,2,region5_312948043
2023-03-19 07:22,4052955020,0,8388608,5,region5_312948039
2023-03-19 07:23,4052909248,0,11306004,6,region5_312948057
2023-03-19 07:23,4048657115,139286,363717,2,region5_312948051
2023-03-19 07:23,4048657115,2176182,949462,2,region5_312948051
2023-03-19 07:23,4052266766,8192,135245,2,region5_312948043
2023-03-19 07:23,4052266766,0,176,2,region5_312948043
2023-03-19 07:23,4052438029,4194304,1048576,5,region5_312948039
2023-03-19 07:23,4048476379,0,417633,2,region5_312948043
2023-03-19 07:23,4052003758,6103230,741,2,region5_312948048
2023-03-19 07:23,4047800750,830488,1048576,2,region5_312948047
2023-03-19 07:23,4051421820,0,1478656,2,region5_312948050
2023-03-19 07:23,4052438029,5242880,1048576,5,region5_312948039
2023-03-19 07:23,4052614515,3343045,5045563,2,region5_312948046
2023-03-19 07:23,4052614515,1363330,679,2,region5_312948046
2023-03-19 07:23,4052708450,0,8373384,3,region5_312948042
2023-03-19 07:23,4052012890,3716798,4671810,2,region5_312948041
2023-03-19 07:23,4052016848,7233988,1154620,2,region5_312948048
2023-03-19 07:23,4052016848,3,4121847,2,region5_312948048
2023-03-19 07:23,4052016848,6670774,563214,2,region5_312948048
2023-03-19 07:23,4052026940,0,8388608,5,region5_312948039
2023-03-19 07:23,4051421820,1478656,2109440,2,region5_312948050
2023-03-19 07:23,4051421820,3588096,2146304,2,region5_312948050
2023-03-19 07:23,4048541039,0,3065243,2,region5_312948048
2023-03-19 07:23,4051421820,7876608,512000,2,region5_312948050
2023-03-19 07:23,4051421820,5734400,2142208,2,region5_312948050
2023-03-19 07:23,4053049164,0,8388608,5,region5_312948039
2023-03-19 07:23,4052321885,0,8371209,3,region5_312948042
2023-03-19 07:23,4052322484,3137048,2271292,2,region5_312948047
2023-03-19 07:23,4052438029,6291456,1048576,5,region5_312948039
2023-03-19 07:23,4051998657,4917906,1048576,2,region5_312948046
2023-03-19 07:23,4051998657,1859863,4106619,2,region5_312948046
2023-03-19 07:23,4052362138,0,8388608,2,region5_312948046
2023-03-19 07:23,4052438029,7340032,1048576,5,region5_312948039
2023-03-19 07:23,4050234754,20158,8348292,1,region5_312948042
2023-03-19 07:23,4051998657,0,522255,2,region5_312948046
2023-03-19 07:23,4052429122,76000,42944,2,region5_312948043
2023-03-19 07:23,4051998657,0,5966489,2,region5_312948046
2023-03-19 07:23,4053089718,3830331,1048576,2,region5_312948041
2023-03-19 07:23,4053089718,3232736,1646171,2,region5_312948041
2023-03-19 07:23,4048232177,0,194848,2,region5_312948047
2023-03-19 07:23,4050103927,1081746,841697,2,region5_312948046
2023-03-19 07:23,4053026515,5620128,215296,2,region5_312948043
2023-03-19 07:23,4048476379,0,417633,2,region5_312948043
2023-03-19 07:23,4048904722,0,22209,2,region5_312948043
2023-03-19 07:23,4052214980,1169264,459074,2,region5_312948043
2023-03-19 07:23,4052508382,0,8388608,2,region5_312948041
2023-03-19 07:23,4052602137,0,982622,2,region5_312948041
2023-03-19 07:23,4050103927,0,852796,2,region5_312948046
2023-03-19 07:23,4052194462,1027795,1639593,2,region5_312948041
2023-03-19 07:23,4052194462,7194972,1193636,2,region5_312948041
2023-03-19 07:23,4048868907,79464,8309144,2,region5_312948041
2023-03-19 07:23,4049756091,3561764,53811,2,region5_312948047
2023-03-19 07:23,4047921520,6032178,2356430,2,region5_312948046
2023-03-19 07:23,4047921520,0,3011219,2,region5_312948046
2023-03-19 07:23,4052823346,4317184,2117632,2,region5_312948050
2023-03-19 07:23,4052823346,2183168,2134016,2,region5_312948050
2023-03-19 07:23,4052823346,49152,2134016,2,region5_312948050
2023-03-19 07:23,4052823346,0,49152,2,region5_312948050
2023-03-19 07:23,4053092058,0,592720,4,region5_312948047
2023-03-19 07:23,4050943272,0,8388608,2,region5_312948051
2023-03-19 07:23,4050436411,0,524908,2,region5_312948047
2023-03-19 07:23,4052823346,6434816,1953792,2,region5_312948050
2023-03-19 07:23,4049943492,0,176,2,region5_312948043
2023-03-19 07:23,4050436411,524908,7863700,2,region5_312948047
2023-03-19 07:23,4049067292,0,5030441,2,region5_312948047
2023-03-19 07:23,4047800750,830488,1048576,2,region5_312948047
2023-03-19 07:23,4052436176,0,1048576,5,region5_312948039
2023-03-19 07:23,4049105081,0,254631,2,region5_312948043
2023-03-19 07:23,4047761890,0,7502124,2,region5_312948044
2023-03-19 07:23,4052865032,7331008,72448,2,region5_312948043
2023-03-19 07:23,4047866691,1964301,1048576,2,region5_312948047
2023-03-19 07:23,4049168301,3696138,1048576,2,region5_312948047
2023-03-19 07:23,4052436176,1048576,1048576,5,region5_312948039
2023-03-19 07:23,4052436176,2097152,1048576,5,region5_312948039
2023-03-19 07:23,4052589815,4631635,150747,2,region5_312948046
2023-03-19 07:23,4052589815,0,2546576,2,region5_312948046
2023-03-19 07:23,4052872666,3005006,833321,2,region5_312948051
2023-03-19 07:23,4052872666,718730,743440,2,region5_312948051
2023-03-19 07:23,4049067292,5030441,3358167,2,region5_312948047
2023-03-19 07:23,4052275493,0,1048576,5,region5_312948039
2023-03-19 07:23,4050430629,1592584,981935,2,region5_312948046
2023-03-19 07:23,4052682630,7921248,85888,2,region5_312948043
2023-03-19 07:23,4052436176,3145728,1048576,5,region5_312948039
2023-03-19 07:23,4052275493,1048576,1048576,5,region5_312948039
2023-03-19 07:23,4052305165,0,8481568,5,region5_312948039
2023-03-19 07:23,4047722784,50991,1380639,2,region5_312948047
2023-03-19 07:23,4053092058,0,592720,2,region5_312948047
2023-03-19 07:23,4052275493,2097152,1048576,5,region5_312948039
2023-03-19 07:23,4052854593,0,25165824,3,region5_312948051
2023-03-19 07:23,4052275493,3145728,1048576,5,region5_312948039
2023-03-19 07:23,4052436176,4194304,1048576,5,region5_312948039
2023-03-19 07:23,4049756091,3561764,327386,2,region5_312948047
2023-03-19 07:23,4052966204,0,985191,2,region5_312948041
2023-03-19 07:23,4052275493,4194304,1048576,5,region5_312948039
2023-03-19 07:23,4049104858,0,256,2,region5_312948043
2023-03-19 07:23,4049756091,2002987,23149,2,region5_312948047
2023-03-19 07:23,4049756091,5151929,69997,2,region5_312948047
2023-03-19 07:23,4052937611,2671863,312543,2,region5_312948041
2023-03-19 07:23,4052937611,0,1184469,2,region5_312948041
2023-03-19 07:23,4052937611,7913059,475549,2,region5_312948041
2023-03-19 07:23,4052937611,7485918,238682,2,region5_312948041
2023-03-19 07:23,4048345188,6387526,6245,2,region5_312948047
2023-03-19 07:23,4053302867,0,927112,2,region5_312948041
2023-03-19 07:23,4053302867,2376069,6012539,2,region5_312948041
2023-03-19 07:23,4052275493,5242880,3687,5,region5_312948039
2023-03-19 07:23,4052436176,5242880,1048576,5,region5_312948039
2023-03-19 07:23,4051559263,811750,7576858,2,region5_312948041
2023-03-19 07:23,4052702342,636319,6407129,2,region5_312948046
2023-03-19 07:23,4049984606,0,881301,2,region5_312948048
2023-03-19 07:23,4049990211,0,384,2,region5_312948043
2023-03-19 07:23,4052436176,6291456,1048576,5,region5_312948039
2023-03-19 07:23,4053335815,843550,102513,2,region5_312948041
2023-03-19 07:23,4052436176,7340032,1048576,5,region5_312948039
2023-03-19 07:23,4052966206,0,8024054,3,region5_312948042
2023-03-19 07:23,4053084976,0,8481568,5,region5_312948039
2023-03-19 07:23,4053335815,0,761929,2,region5_312948041
2023-03-19 07:23,4052386379,0,8388608,5,region5_312948039
2023-03-19 07:23,4052436176,8388608,92960,5,region5_312948039
2023-03-19 07:23,4052894633,0,6908651,3,region5_312948042
2023-03-19 07:23,4053127222,6651769,1736839,2,region5_312948041
2023-03-19 07:23,4051559170,484660,1048576,1,region5_312948042
2023-03-19 07:23,4047819247,0,8388608,2,region5_312948041
2023-03-19 07:23,4052776947,0,4964570,5,region5_312948057
2023-03-19 07:23,4049543256,0,744223,2,region5_312948041
2023-03-19 07:23,4053090028,0,351703,5,region5_312948039
2023-03-19 07:23,4050929461,2885432,256804,2,region5_312948041
2023-03-19 07:23,4047722784,755835,599939,2,region5_312948047
2023-03-19 07:23,4049639908,0,4736,2,region5_312948043
2023-03-19 07:23,4050929461,0,2660273,2,region5_312948041
2023-03-19 07:23,4053197898,0,5218957,4,region5_312948047
2023-03-19 07:23,4053212570,0,1048576,5,region5_312948039
2023-03-19 07:23,4049026158,7634391,786051,2,region5_312948041
2023-03-19 07:23,4053212570,1048576,835215,5,region5_312948039
2023-03-19 07:23,4049197676,4763653,1048576,1,region5_312948042
2023-03-19 07:23,4052344631,7963973,424635,2,region5_312948041
2023-03-19 07:23,4052344631,1034974,1897358,2,region5_312948041
2023-03-19 07:23,4052482511,0,286720,2,region5_312948050
2023-03-19 07:23,4050238200,0,8388608,2,region5_312948041
2023-03-19 07:23,4049132571,0,8388608,2,region5_312948046
2023-03-19 07:23,4052482511,6688768,1699840,2,region5_312948050
2023-03-19 07:23,4052482511,2428928,2142208,2,region5_312948050
2023-03-19 07:23,4052482511,286720,2142208,2,region5_312948050
2023-03-19 07:23,4052482511,4571136,2117632,2,region5_312948050
2023-03-19 07:23,4049034705,4212756,4175852,2,region5_312948047
2023-03-19 07:23,4049639908,0,4736,2,region5_312948043
2023-03-19 07:23,4050020453,0,8388608,2,region5_312948041
2023-03-19 07:23,4052966224,0,15764615,6,region5_312948057
2023-03-19 07:23,4050642981,0,6174231,2,region5_312948051
2023-03-19 07:23,4052485135,0,8388608,2,region5_312948046
2023-03-19 07:23,4052768995,0,1951456,2,region5_312948047
2023-03-19 07:23,4053199002,0,8481568,5,region5_312948039
2023-03-19 07:23,4048387638,6800224,20800,2,region5_312948043
2023-03-19 07:23,4049605550,1131873,1048576,2,region5_312948045
2023-03-19 07:23,4052421415,0,8349472,3,region5_312948042
2023-03-19 07:23,4052489480,976730,1004569,2,region5_312948051
2023-03-19 07:23,4048643859,0,176,2,region5_312948043
2023-03-19 07:23,4053197639,0,26663,2,region5_312948043
2023-03-19 07:23,4049605550,529249,602624,2,region5_312948045
2023-03-19 07:23,4049605550,4277601,1048576,2,region5_312948045
2023-03-19 07:23,4049605550,0,529249,2,region5_312948045
2023-03-19 07:23,4049605550,5326177,867484,2,region5_312948045
2023-03-19 07:23,4049605550,3229025,1048576,2,region5_312948045
2023-03-19 07:23,4049605550,2180449,1048576,2,region5_312948045
2023-03-19 07:23,4052453203,0,8388608,4,region5_312948044
2023-03-19 07:23,4052635596,0,7770577,2,region5_312948047
2023-03-19 07:23,4050436411,0,524908,2,region5_312948047
2023-03-19 07:23,4050436411,524908,7863700,2,region5_312948047
2023-03-19 07:23,4052448631,5917142,194303,2,region5_312948047
2023-03-19 07:23,4047691271,0,247840,2,region5_312948043
2023-03-19 07:23,4047691271,247840,92416,2,region5_312948043
2023-03-19 07:23,4052635596,7770577,618031,2,region5_312948047
2023-03-19 07:23,4052660568,0,8481568,5,region5_312948039
2023-03-19 07:23,4048541039,3086032,16384,2,region5_312948048
2023-03-19 07:23,4048630263,0,26945,2,region5_312948047
2023-03-19 07:23,4048630263,1203404,757951,2,region5_312948047
2023-03-19 07:23,4051610454,0,8388608,2,region5_312948041
2023-03-19 07:23,4052927798,0,3284915,3,region5_312948042
2023-03-19 07:23,4053197541,0,1048576,5,region5_312948039
2023-03-19 07:23,4051545602,0,8388608,5,region5_312948039
2023-03-19 07:23,4052406042,7474389,914219,2,region5_312948046
2023-03-19 07:23,4052406042,0,5929749,2,region5_312948046
2023-03-19 07:23,4050771448,0,4845895,2,region5_312948046
2023-03-19 07:23,4052774063,471457,1564022,2,region5_312948048
2023-03-19 07:23,4052547158,0,8117635,3,region5_312948042
2023-03-19 07:23,4053197541,1048576,1048576,5,region5_312948039
2023-03-19 07:23,4051562842,1207471,6252595,2,region5_312948046
2023-03-19 07:23,4052649135,90648,5606767,2,region5_312948041
2023-03-19 07:23,4048657115,59690,310861,2,region5_312948047
2023-03-19 07:23,4048657115,2176182,281989,2,region5_312948047
2023-03-19 07:23,4051130460,0,176,2,region5_312948043
2023-03-19 07:23,4051130460,8192,62912,2,region5_312948043
2023-03-19 07:23,4050554814,1012834,2716991,2,region5_312948047
2023-03-19 07:23,4053245356,0,1048576,5,region5_312948039
2023-03-19 07:23,4051130460,0,176,2,region5_312948043
2023-03-19 07:23,4050117583,3899598,1566200,2,region5_312948041
2023-03-19 07:23,4051130460,8192,62912,2,region5_312948043
2023-03-19 07:23,4050560320,0,6944477,2,region5_312948051
2023-03-19 07:23,4053197541,2097152,1048576,5,region5_312948039
2023-03-19 07:23,4053245356,1048576,1048576,5,region5_312948039
2023-03-19 07:23,4051130460,0,176,2,region5_312948043
2023-03-19 07:23,4053016237,0,2940331,6,region5_312948039
2023-03-19 07:23,4053245356,2097152,1048576,5,region5_312948039
2023-03-19 07:23,4053367150,0,1048576,5,region5_312948039
2023-03-19 07:23,4052663916,0,810306,2,region5_312948041
2023-03-19 07:23,4053197541,3145728,1048576,5,region5_312948039
2023-03-19 07:23,4050117583,3899598,1566200,2,region5_312948041
2023-03-19 07:23,4052656730,0,6295235,2,region5_312948041
2023-03-19 07:23,4048476379,0,417633,2,region5_312948043
2023-03-19 07:23,4053197541,4194304,1048576,5,region5_312948039
2023-03-19 07:23,4053245356,3145728,1048576,5,region5_312948039
2023-03-19 07:23,4053367150,1048576,1048576,5,region5_312948039
2023-03-19 07:23,4051680734,0,7119180,2,region5_312948046
2023-03-19 07:23,4051680734,7348375,1040233,2,region5_312948046
2023-03-19 07:23,4051680734,7909875,478733,2,region5_312948046
2023-03-19 07:23,4048821628,1062860,5162999,2,region5_312948051
2023-03-19 07:23,4053166886,0,8388608,5,region5_312948039
2023-03-19 07:23,4053245356,4194304,1048576,5,region5_312948039
2023-03-19 07:23,4053197541,5242880,1048576,5,region5_312948039
2023-03-19 07:23,4050568831,0,4833636,2,region5_312948046
2023-03-19 07:23,4050568831,5141987,2186201,2,region5_312948046
2023-03-19 07:23,4050568831,6279612,1048576,2,region5_312948046
2023-03-19 07:23,4051991659,0,5980249,4,region5_312948047
2023-03-19 07:23,4048805587,0,942897,2,region5_312948041
2023-03-19 07:23,4053245356,5242880,1048576,5,region5_312948039
2023-03-19 07:23,4053273399,0,1048576,5,region5_312948039
2023-03-19 07:23,4051591598,0,8388608,2,region5_312948041
2023-03-19 07:23,4051667547,6802876,1585732,2,region5_312948046
2023-03-19 07:23,4051667547,0,3256261,2,region5_312948046
2023-03-19 07:23,4053197541,6291456,1048576,5,region5_312948039
2023-03-19 07:23,4053245356,6291456,1048576,5,region5_312948039
2023-03-19 07:23,4053273399,1048576,1048576,5,region5_312948039
2023-03-19 07:23,4053367150,2097152,1048576,5,region5_312948039
2023-03-19 07:23,4050954675,0,2350411,2,region5_312948046
2023-03-19 07:23,4052700160,0,4878382,2,region5_312948041
2023-03-19 07:23,4052842255,0,1048576,5,region5_312948039
2023-03-19 07:23,4053079421,0,5057692,2,region5_312948047
2023-03-19 07:23,4053197541,7340032,1048576,5,region5_312948039
2023-03-19 07:23,4053273399,2097152,1048576,5,region5_312948039
2023-03-19 07:23,4053367150,4194304,1048576,5,region5_312948039
2023-03-19 07:23,4053367150,3145728,1048576,5,region5_312948039
2023-03-19 07:23,4051700460,0,6118520,2,region5_312948041
2023-03-19 07:23,4051732765,0,4828216,2,region5_312948041
2023-03-19 07:23,4053197541,8388608,92960,5,region5_312948039
2023-03-19 07:23,4053367150,5242880,1048576,5,region5_312948039
2023-03-19 07:23,4052842255,1048576,1048576,5,region5_312948039
2023-03-19 07:23,4050160091,5605722,277688,2,region5_312948047
2023-03-19 07:23,4053273399,3145728,1048576,5,region5_312948039
2023-03-19 07:24,4051539682,0,8388608,4,region5_312948044
2023-03-19 07:24,4052842255,2097152,1048576,5,region5_312948039
2023-03-19 07:24,4048171402,0,4151485,5,region5_312948039
2023-03-19 07:24,4053367150,6291456,1048576,5,region5_312948039
2023-03-19 07:24,4051776780,0,8388608,2,region5_312948051
2023-03-19 07:24,4053245356,7340032,1048576,5,region5_312948039
2023-03-19 07:24,4053273399,4194304,1048576,5,region5_312948039
2023-03-19 07:24,4052842255,3145728,643927,5,region5_312948039
2023-03-19 07:24,4053189097,0,8481568,5,region5_312948039
2023-03-19 07:24,4053207401,0,343703,2,region5_312948054
2023-03-19 07:24,4053273399,5242880,1048576,5,region5_312948039
2023-03-19 07:24,4051703949,996102,114749,2,region5_312948047
2023-03-19 07:24,4052636437,8143726,244882,2,region5_312948041
2023-03-19 07:24,4052636437,2366861,22469,2,region5_312948041
2023-03-19 07:24,4052636437,4033488,2091689,2,region5_312948041
2023-03-19 07:24,4053056431,0,8369215,3,region5_312948042
2023-03-19 07:24,4051819759,0,2523251,4,region5_312948044
2023-03-19 07:24,4048044598,0,947375,2,region5_312948047
2023-03-19 07:24,4053273399,6291456,1048576,5,region5_312948039
2023-03-19 07:24,4052194462,1027795,1639593,2,region5_312948041
2023-03-19 07:24,4052194462,7194972,1193636,2,region5_312948041
2023-03-19 07:24,4053367150,7340032,1048576,5,region5_312948039
2023-03-19 07:24,4050475037,0,3268084,2,region5_312948047
2023-03-19 07:24,4048415529,1573711,6814897,2,region5_312948046
2023-03-19 07:24,4049904872,2764027,1478307,2,region5_312948041
2023-03-19 07:24,4049898129,0,128,2,region5_312948043
2023-03-19 07:24,4053273399,7340032,1048576,5,region5_312948039
2023-03-19 07:24,4053303369,1031164,238120,2,region5_312948047
2023-03-19 07:24,4053074570,0,8388608,2,region5_312948046
2023-03-19 07:24,4053367150,8388608,918970,5,region5_312948039
2023-03-19 07:24,4050188426,0,994702,2,region5_312948041
2023-03-19 07:24,4052720202,8247626,140982,2,region5_312948041
2023-03-19 07:24,4052781781,3002368,2146304,2,region5_312948050
2023-03-19 07:24,4052781781,880640,2121728,2,region5_312948050
2023-03-19 07:24,4052781781,5148672,2109440,2,region5_312948050
2023-03-19 07:24,4052781781,0,880640,2,region5_312948050
2023-03-19 07:24,4052927971,0,8295,2,region5_312948043
2023-03-19 07:24,4053021312,956768,86144,2,region5_312948043
2023-03-19 07:24,4051673111,0,5025443,2,region5_312948041
2023-03-19 07:24,4052701735,1164373,1399739,2,region5_312948046
2023-03-19 07:24,4052781781,7258112,1130496,2,region5_312948050
2023-03-19 07:24,4053316581,0,5000959,2,region5_312948041
2023-03-19 07:24,4053157372,0,2097152,1,region5_312948051
2023-03-19 07:24,4050333568,0,996674,2,region5_312948042
2023-03-19 07:24,4051776780,0,8388608,2,region5_312948051
2023-03-19 07:24,4048163002,4034111,162168,2,region5_312948041
2023-03-19 07:24,4052368586,7918272,48,2,region5_312948043
2023-03-19 07:24,4047866691,1964301,1048576,2,region5_312948045
2023-03-19 07:24,4053115471,0,7982863,3,region5_312948042
2023-03-19 07:24,4053157372,4194304,2097152,1,region5_312948051
2023-03-19 07:24,4053157372,2097152,2097152,1,region5_312948051
2023-03-19 07:24,4052639597,0,8003787,3,region5_312948042
2023-03-19 07:24,4047866691,1964301,1048576,2,region5_312948045
2023-03-19 07:24,4047800750,830488,1048576,2,region5_312948047
2023-03-19 07:24,4048851923,4955180,156090,2,region5_312948041
2023-03-19 07:24,4050337872,3395736,3506483,2,region5_312948041
2023-03-19 07:24,4050337872,67626,926743,2,region5_312948041
2023-03-19 07:24,4053157372,6291456,2097152,1,region5_312948051
2023-03-19 07:24,4049138344,5610050,806291,2,region5_312948048
2023-03-19 07:24,4051581931,0,329578,3,region5_312948042
2023-03-19 07:24,4052729135,0,8382426,3,region5_312948042
2023-03-19 07:24,4053157372,8388608,2097152,1,region5_312948051
2023-03-19 07:24,4053157372,10485760,2097152,1,region5_312948051
2023-03-19 07:24,4053360555,0,8343552,2,region5_312948054
2023-03-19 07:24,4053360555,8343552,45056,2,region5_312948054
2023-03-19 07:24,4051728217,0,5246567,5,region5_312948057
2023-03-19 07:24,4053157372,12582912,2097152,1,region5_312948051
2023-03-19 07:24,4053157372,14680064,2097152,1,region5_312948051
2023-03-19 07:24,4053349110,4971540,1546297,2,region5_312948047
2023-03-19 07:24,4053349110,6517837,1048576,2,region5_312948047
2023-03-19 07:24,4051551608,1889700,6498908,2,region5_312948046
2023-03-19 07:24,4051702182,0,8481568,5,region5_312948039
2023-03-19 07:24,4053157372,16777216,2097152,1,region5_312948051
2023-03-19 07:24,4053157372,18874368,2097152,1,region5_312948051
2023-03-19 07:24,4053349110,6517837,1048576,2,region5_312948047
2023-03-19 07:24,4053349110,0,4971540,2,region5_312948047
2023-03-19 07:24,4052985787,0,5312990,2,region5_312948041
2023-03-19 07:24,4053157372,20971520,2097152,1,region5_312948051
2023-03-19 07:24,4053157372,23068672,2097152,1,region5_312948051
2023-03-19 07:24,4053197717,0,282749,2,region5_312948041
2023-03-19 07:24,4048668069,5130937,194877,2,region5_312948041
2023-03-19 07:24,4048668069,0,2809659,2,region5_312948041
2023-03-19 07:24,4049359283,0,6062491,2,region5_312948041
2023-03-19 07:24,4048569939,1455565,224695,2,region5_312948045
2023-03-19 07:24,4048569939,1455565,224695,2,region5_312948045
2023-03-19 07:24,4053158038,0,8369072,3,region5_312948042
2023-03-19 07:24,4052883125,0,2621679,2,region5_312948041
2023-03-19 07:24,4048476379,0,417633,2,region5_312948043
2023-03-19 07:24,4049432455,0,2078749,2,region5_312948047
2023-03-19 07:24,4053148712,0,8388608,4,region5_312948054
2023-03-19 07:24,4050916218,0,8481568,2,region5_312948043
2023-03-19 07:24,4051801197,0,28007,2,region5_312948043
2023-03-19 07:24,4051732445,6127244,36331,2,region5_312948041
2023-03-19 07:24,4051732445,2727679,8374,2,region5_312948041
2023-03-19 07:24,4051801197,0,28007,2,region5_312948043
2023-03-19 07:24,4053246270,12988894,2638554,2,region5_312948047
2023-03-19 07:24,4052372029,104500,296488,2,region5_312948050
2023-03-19 07:24,4052372029,0,104500,2,region5_312948050
2023-03-19 07:24,4049181411,0,7469568,2,region5_312948047
2023-03-19 07:24,4049181411,7469568,919040,2,region5_312948047
2023-03-19 07:24,4053338721,0,10921191,6,region5_312948057
2023-03-19 07:24,4051097607,4822148,475667,2,region5_312948041
2023-03-19 07:24,4051097607,2124309,209280,2,region5_312948041
2023-03-19 07:24,4051097607,423384,144947,2,region5_312948041
2023-03-19 07:24,4051976060,0,10485760,5,region5_312948039
2023-03-19 07:24,4052796973,4310402,210652,2,region5_312948041
2023-03-19 07:24,4052796973,1448396,866959,2,region5_312948041
2023-03-19 07:24,4052796973,8024003,276597,2,region5_312948041
2023-03-19 07:24,4047866691,1964301,1048576,2,region5_312948045
2023-03-19 07:24,4048232270,3992524,18564,2,region5_312948048
2023-03-19 07:24,4051793079,0,7940361,2,region5_312948041
2023-03-19 07:24,4051665123,0,739077,4,region5_312948044
2023-03-19 07:24,4051873025,0,8373853,3,region5_312948042
2023-03-19 07:24,4049253958,0,950,2,region5_312948043
2023-03-19 07:24,4047866691,1964301,1048576,2,region5_312948047
2023-03-19 07:24,4048232270,4019610,761411,2,region5_312948048
2023-03-19 07:24,4052025582,0,1048576,5,region5_312948039
2023-03-19 07:24,4047800750,0,1822972,2,region5_312948051
2023-03-19 07:24,4047800750,830488,1048576,2,region5_312948051
2023-03-19 07:24,4048043777,8192,195860,2,region5_312948043
2023-03-19 07:24,4048043777,0,176,2,region5_312948043
2023-03-19 07:24,4050333568,996674,1048576,2,region5_312948042
2023-03-19 07:24,4052369416,0,7152519,2,region5_312948047
2023-03-19 07:24,4052214748,0,8388608,1,region5_312948042
2023-03-19 07:24,4053109059,0,188670,2,region5_312948052
2023-03-19 07:24,4048244528,1538023,9064,2,region5_312948047
2023-03-19 07:24,4052025582,1048576,1048576,5,region5_312948039
2023-03-19 07:24,4052369416,7152519,621828,2,region5_312948047
2023-03-19 07:24,4053082843,1236719,3490318,2,region5_312948041
2023-03-19 07:24,4051773379,655603,613580,2,region5_312948041
2023-03-19 07:24,4048689495,5714561,1588751,1,region5_312948042
2023-03-19 07:24,4051580940,0,1269580,2,region5_312948048
2023-03-19 07:24,4049066166,0,8388608,2,region5_312948046
2023-03-19 07:24,4051868023,0,1413961,2,region5_312948041
2023-03-19 07:24,4052025582,2097152,1048576,5,region5_312948039
2023-03-19 07:24,4048689495,7303312,853924,1,region5_312948042
2023-03-19 07:24,4051776780,0,8388608,2,region5_312948051
2023-03-19 07:24,4048666831,5923412,1048576,2,region5_312948046
2023-03-19 07:24,4048666831,2933595,4038393,2,region5_312948046
2023-03-19 07:24,4052025582,3145728,1048576,5,region5_312948039
2023-03-19 07:24,4048232177,0,194848,2,region5_312948047
2023-03-19 07:24,4052025582,4194304,1048576,5,region5_312948039
2023-03-19 07:24,4050436411,0,524908,2,region5_312948047
2023-03-19 07:24,4052853939,0,25760,2,region5_312948043
2023-03-19 07:24,4051976060,10485760,3235799,5,region5_312948039
2023-03-19 07:24,4052025582,5242880,1048576,5,region5_312948039
2023-03-19 07:24,4051358147,0,5345253,2,region5_312948041
2023-03-19 07:24,4049952133,0,799638,2,region5_312948045
2023-03-19 07:24,4049952133,2896790,476090,2,region5_312948045
2023-03-19 07:24,4049952133,1848214,1048576,2,region5_312948045
2023-03-19 07:24,4049952133,799638,1048576,2,region5_312948045
2023-03-19 07:24,4050333568,2045250,1048576,2,region5_312948042
2023-03-19 07:24,4047722784,641329,261633,2,region5_312948047
2023-03-19 07:24,4051744331,0,4101409,5,region5_312948039
2023-03-19 07:24,4052025582,6291456,1048576,5,region5_312948039
2023-03-19 07:24,4047761890,0,7502124,2,region5_312948051
2023-03-19 07:24,4051543597,0,8117235,3,region5_312948042
2023-03-19 07:24,4049939825,3554413,4834195,2,region5_312948047
2023-03-19 07:24,4051928126,0,8481568,2,region5_312948049
2023-03-19 07:24,4051691683,0,1960125,2,region5_312948047
2023-03-19 07:24,4052025582,7340032,1048576,5,region5_312948039
2023-03-19 07:24,4051604964,0,1048576,5,region5_312948039
2023-03-19 07:24,4051879676,0,8388608,2,region5_312948041
2023-03-19 07:24,4050723916,0,576706,2,region5_312948047
2023-03-19 07:24,4051555856,0,21333,2,region5_312948048
2023-03-19 07:24,4051604964,1048576,1048576,5,region5_312948039
2023-03-19 07:24,4050723916,576706,7724046,2,region5_312948047
2023-03-19 07:24,4052721606,0,5026748,2,region5_312948051
2023-03-19 07:24,4053313896,0,6226794,2,region5_312948046
2023-03-19 07:24,4051584887,0,520192,2,region5_312948053
2023-03-19 07:24,4051611750,0,414049,2,region5_312948047
2023-03-19 07:24,4051614839,6339440,65582,2,region5_312948043
2023-03-19 07:24,4051614839,6405022,262328,2,region5_312948043
2023-03-19 07:24,4051876432,0,8388608,4,region5_312948054
2023-03-19 07:24,4051969348,1407659,6980949,2,region5_312948047
2023-03-19 07:24,4052966204,0,985191,2,region5_312948041
2023-03-19 07:24,4051584887,520192,2117632,2,region5_312948053
2023-03-19 07:24,4051584887,6885376,1503232,2,region5_312948053
2023-03-19 07:24,4051584887,4759552,2125824,2,region5_312948053
2023-03-19 07:24,4051584887,2637824,2121728,2,region5_312948053
2023-03-19 07:24,4051604964,2097152,1048576,5,region5_312948039
2023-03-19 07:24,4048541039,0,3065243,2,region5_312948048
2023-03-19 07:24,4053127226,0,2074,2,region5_312948043
2023-03-19 07:24,4051547880,0,59386,2,region5_312948043
2023-03-19 07:24,4051797326,342822,8045786,2,region5_312948046
2023-03-19 07:24,4052102888,0,8388608,2,region5_312948044
2023-03-19 07:24,4049070947,5563696,26138,2,region5_312948041
2023-03-19 07:24,4049070947,6983721,34543,2,region5_312948041
2023-03-19 07:24,4048459297,1002842,1048576,2,region5_312948047
2023-03-19 07:24,4051930881,0,8388608,4,region5_312948044
2023-03-19 07:24,4048541039,0,3065243,2,region5_312948048
2023-03-19 07:24,4051604964,3145728,1048576,5,region5_312948039
2023-03-19 07:24,4050251761,4389429,1434648,2,region5_312948041
2023-03-19 07:24,4052214748,8388608,8388608,1,region5_312948042
2023-03-19 07:24,4048580642,7731052,63898,2,region5_312948041
2023-03-19 07:24,4048580642,0,3029553,2,region5_312948041
2023-03-19 07:24,4051638670,1064869,36697,2,region5_312948047
2023-03-19 07:24,4051638670,2665643,85904,2,region5_312948047
2023-03-19 07:24,4051638670,5721241,125246,2,region5_312948047
2023-03-19 07:24,4052197141,0,8388608,2,region5_312948041
2023-03-19 07:24,4048668186,1869861,83894,2,region5_312948041
2023-03-19 07:24,4051604964,4194304,1048576,5,region5_312948039
2023-03-19 07:24,4048541039,0,3065243,2,region5_312948048
2023-03-19 07:24,4051604964,5242880,1048576,5,region5_312948039
2023-03-19 07:24,4050333568,3093826,1048576,2,region5_312948042
2023-03-19 07:24,4051660674,0,8388608,5,region5_312948039
2023-03-19 07:24,4049342476,1365344,189504,2,region5_312948043
2023-03-19 07:24,4049342476,1074784,480064,2,region5_312948043
2023-03-19 07:24,4049342476,0,1074784,2,region5_312948043
2023-03-19 07:24,4052049362,0,25165824,3,region5_312948051
2023-03-19 07:24,4051656255,0,741385,2,region5_312948041
2023-03-19 07:24,4051656255,822192,113194,2,region5_312948041
2023-03-19 07:24,4053074115,0,8481568,5,region5_312948039
2023-03-19 07:24,4051604964,6291456,1048576,5,region5_312948039
2023-03-19 07:24,4051915893,1654662,6733946,2,region5_312948041
2023-03-19 07:24,4053118663,0,1048576,5,region5_312948039
2023-03-19 07:24,4051777635,1256102,787423,2,region5_312948047
2023-03-19 07:24,4051895255,0,7943006,3,region5_312948042
2023-03-19 07:24,4049233332,0,8388608,2,region5_312948051
2023-03-19 07:24,4052028764,0,7501,2,region5_312948043
2023-03-19 07:24,4052106103,0,13808152,2,region5_312948044
2023-03-19 07:24,4052987111,0,7762096,2,region5_312948043
2023-03-19 07:24,4052987111,7727984,753584,2,region5_312948043
2023-03-19 07:24,4051604964,7340032,1048576,5,region5_312948039
2023-03-19 07:24,4051884803,0,8388608,4,region5_312948044
2023-03-19 07:24,4048051550,0,322998,2,region5_312948041
2023-03-19 07:24,4052102935,1243714,74760,2,region5_312948041
2023-03-19 07:24,4048541039,0,3065243,2,region5_312948048
2023-03-19 07:24,4048339801,4934433,2620571,2,region5_312948041
2023-03-19 07:24,4048339801,0,4736861,2,region5_312948041
2023-03-19 07:24,4048339801,6506428,1048576,2,region5_312948041
2023-03-19 07:24,4053118663,1048576,1048576,5,region5_312948039
2023-03-19 07:24,4051604964,8388608,92960,5,region5_312948039
2023-03-19 07:24,4051957251,13580,8361447,1,region5_312948042
2023-03-19 07:24,4053116657,0,8388608,4,region5_312948054
2023-03-19 07:24,4051660046,0,5394215,5,region5_312948057
2023-03-19 07:24,4052246618,1839104,2113536,2,region5_312948050
2023-03-19 07:24,4052246618,0,1839104,2,region5_312948050
2023-03-19 07:24,4053118663,2097152,1048576,5,region5_312948039
2023-03-19 07:24,4053243687,0,3984783,5,region5_312948039
2023-03-19 07:24,4051559170,1533236,1048576,1,region5_312948042
2023-03-19 07:24,4051830120,0,8388608,2,region5_312948041
2023-03-19 07:24,4052246618,6090752,2121728,2,region5_312948050
2023-03-19 07:24,4052246618,3952640,2138112,2,region5_312948050
2023-03-19 07:24,4052003758,6103230,741,2,region5_312948048
2023-03-19 07:24,4051578804,0,8388608,5,region5_312948039
2023-03-19 07:24,4051315558,1250587,7138021,2,region5_312948047
2023-03-19 07:24,4048122062,0,8388608,2,region5_312948051
2023-03-19 07:24,4050646173,4723922,40804,2,region5_312948041
2023-03-19 07:24,4050646173,0,3030828,2,region5_312948041
2023-03-19 07:24,4052246618,8212480,176128,2,region5_312948050
2023-03-19 07:24,4053118663,3145728,1048576,5,region5_312948039
2023-03-19 07:24,4051315558,0,1250587,2,region5_312948047
2023-03-19 07:24,4053118663,4194304,1048576,5,region5_312948039
2023-03-19 07:24,4047757709,5208976,3200686,2,region5_312948041
2023-03-19 07:24,4047757709,720352,178238,2,region5_312948041
2023-03-19 07:24,4053109059,188670,484995,2,region5_312948052
2023-03-19 07:24,4053118663,5242880,1048576,5,region5_312948039
2023-03-19 07:24,4051536541,0,3013528,5,region5_312948039
2023-03-19 07:24,4050333568,4142402,1048576,2,region5_312948042
2023-03-19 07:24,4048878232,0,8388608,2,region5_312948041
2023-03-19 07:24,4051720984,0,2063426,5,region5_312948039
2023-03-19 07:24,4048476379,0,417633,2,region5_312948043
2023-03-19 07:24,4053118663,6291456,1048576,5,region5_312948039
2023-03-19 07:25,4051690871,7020256,37248,2,region5_312948043
2023-03-19 07:25,4051975096,0,8388608,2,region5_312948041
2023-03-19 07:25,4053118663,7340032,1048576,5,region5_312948039
2023-03-19 07:25,4052214748,16777216,8388608,1,region5_312948042
2023-03-19 07:25,4048232177,0,194848,2,region5_312948047
2023-03-19 07:25,4053335083,0,81939,5,region5_312948039
2023-03-19 07:25,4051543187,0,1844,2,region5_312948043
2023-03-19 07:25,4052162231,0,7917600,2,region5_312948049
2023-03-19 07:25,4052162231,7917600,563968,2,region5_312948049
2023-03-19 07:25,4052162231,0,409424,2,region5_312948049
2023-03-19 07:25,4050768432,2097152,2097152,1,region5_312948051
2023-03-19 07:25,4050768432,4194304,2097152,1,region5_312948051
2023-03-19 07:25,4050768432,8388608,2097152,1,region5_312948051
2023-03-19 07:25,4050768432,6291456,2097152,1,region5_312948051
2023-03-19 07:25,4048232177,0,194848,2,region5_312948047
2023-03-19 07:25,4053308049,0,8388608,2,region5_312948041
2023-03-19 07:25,4048938816,5590151,2654512,2,region5_312948041
2023-03-19 07:25,4048938816,7196087,1048576,2,region5_312948041
2023-03-19 07:25,4052159950,0,675840,2,region5_312948050
2023-03-19 07:25,4052159950,2797568,2105344,2,region5_312948050
2023-03-19 07:25,4052159950,675840,2121728,2,region5_312948050
2023-03-19 07:25,4052238629,0,8388608,5,region5_312948039
2023-03-19 07:25,4050768432,10485760,2097152,1,region5_312948051
2023-03-19 07:25,4048232177,0,194848,2,region5_312948047
2023-03-19 07:25,4048232177,0,194848,2,region5_312948047
2023-03-19 07:25,4053148250,0,6289383,2,region5_312948046
2023-03-19 07:25,4051790803,3054635,155345,2,region5_312948041
2023-03-19 07:25,4047752465,0,105600,2,region5_312948047
2023-03-19 07:25,4052159950,4902912,2113536,2,region5_312948050
2023-03-19 07:25,4052159950,7016448,1372160,2,region5_312948050
2023-03-19 07:25,4050768432,14680064,2097152,1,region5_312948051
2023-03-19 07:25,4050768432,12582912,2097152,1,region5_312948051
2023-03-19 07:25,4051998657,1859863,4106619,2,region5_312948046
2023-03-19 07:25,4051998657,4917906,1048576,2,region5_312948046
2023-03-19 07:25,4048938816,0,3546357,2,region5_312948041
2023-03-19 07:25,4048938816,4919479,473906,2,region5_312948041
2023-03-19 07:25,4051773216,0,800012,2,region5_312948041
2023-03-19 07:25,4051870566,0,532,3,region5_312948042
2023-03-19 07:25,4052018462,0,8151450,3,region5_312948042
2023-03-19 07:25,4050768432,16777216,2097152,1,region5_312948051
2023-03-19 07:25,4052003758,6103230,741,2,region5_312948048
2023-03-19 07:25,4051545007,0,1573566,1,region5_312948042
2023-03-19 07:25,4050476851,0,8388608,2,region5_312948041
2023-03-19 07:25,4050768432,18874368,2097152,1,region5_312948051
2023-03-19 07:25,4051700385,0,8388608,4,region5_312948044
2023-03-19 07:25,4050768432,23068672,2097152,1,region5_312948051
2023-03-19 07:25,4050768432,20971520,2097152,1,region5_312948051
2023-03-19 07:25,4051545007,1573566,4681142,1,region5_312948042
2023-03-19 07:25,4053197655,0,24333534,3,region5_312948051
2023-03-19 07:25,4052075031,0,2142208,2,region5_312948052
2023-03-19 07:25,4051749160,4357535,163042,2,region5_312948041
2023-03-19 07:25,4052337455,3414511,1114466,2,region5_312948051
2023-03-19 07:25,4052337455,1719137,233766,2,region5_312948051
2023-03-19 07:25,4053297181,0,2257471,2,region5_312948041
2023-03-19 07:25,4051545007,6254708,1543899,1,region5_312948042
2023-03-19 07:25,4048476379,0,417633,2,region5_312948043
2023-03-19 07:25,4050333568,5190978,77853,2,region5_312948042
2023-03-19 07:25,4051825784,6669856,204124,2,region5_312948047
2023-03-19 07:25,4051830098,0,8388608,5,region5_312948039
2023-03-19 07:25,4052344467,0,185,2,region5_312948050
2023-03-19 07:25,4050187825,0,31904,2,region5_312948043
2023-03-19 07:25,4050364140,5561124,788986,2,region5_312948041
2023-03-19 07:25,4052133358,0,1293,2,region5_312948043
2023-03-19 07:25,4051093971,0,1033512,2,region5_312948041
2023-03-19 07:25,4051093971,7151171,489744,2,region5_312948041
2023-03-19 07:25,4051591088,0,8388608,2,region5_312948046
2023-03-19 07:25,4052529141,0,1048576,5,region5_312948039
2023-03-19 07:25,4050236700,0,7803129,2,region5_312948041
2023-03-19 07:25,4051624839,0,1617746,3,region5_312948042
2023-03-19 07:25,4052258591,0,430708,2,region5_312948046
2023-03-19 07:25,4052529141,1048576,1048576,5,region5_312948039
2023-03-19 07:25,4049318120,0,7590538,2,region5_312948041
2023-03-19 07:25,4047722784,899640,962629,2,region5_312948047
2023-03-19 07:25,4051895882,0,25165824,3,region5_312948051
2023-03-19 07:25,4052258591,8285109,103499,2,region5_312948046
2023-03-19 07:25,4052258591,3113601,3834151,2,region5_312948046
2023-03-19 07:25,4052408853,0,6658758,5,region5_312948039
2023-03-19 07:25,4051457672,0,1630208,2,region5_312948054
2023-03-19 07:25,4051804404,0,8381466,2,region5_312948048
2023-03-19 07:25,4051804404,8381466,7142,2,region5_312948048
2023-03-19 07:25,4048044598,0,947375,2,region5_312948047
2023-03-19 07:25,4052465123,925696,2129920,2,region5_312948050
2023-03-19 07:25,4052465123,0,925696,2,region5_312948050
2023-03-19 07:25,4052465123,5165056,2134016,2,region5_312948050
2023-03-19 07:25,4052465123,3055616,2109440,2,region5_312948050
2023-03-19 07:25,4053335083,0,81939,5,region5_312948039
2023-03-19 07:25,4051457672,3719168,2084864,2,region5_312948054
2023-03-19 07:25,4051457672,1630208,2088960,2,region5_312948054
2023-03-19 07:25,4052465123,7299072,1089536,2,region5_312948050
2023-03-19 07:25,4050587427,0,7156998,2,region5_312948041
2023-03-19 07:25,4047722784,538612,797501,2,region5_312948047
2023-03-19 07:25,4051457672,5804032,2093056,2,region5_312948054
2023-03-19 07:25,4052465051,0,8374346,3,region5_312948042
2023-03-19 07:25,4051457672,7897088,491520,2,region5_312948054
2023-03-19 07:25,4052016403,0,8388608,4,region5_312948044
2023-03-19 07:25,4052075031,2142208,2117632,2,region5_312948052
2023-03-19 07:25,4052089275,0,7197759,2,region5_312948041
2023-03-19 07:25,4052403915,0,280162,3,region5_312948042
2023-03-19 07:25,4049197676,5812229,1048576,1,region5_312948042
2023-03-19 07:25,4051537783,0,5150256,2,region5_312948041
2023-03-19 07:25,4048054602,1960804,270288,2,region5_312948041
2023-03-19 07:25,4048054602,2996587,2687571,2,region5_312948041
2023-03-19 07:25,4051926892,0,7068498,2,region5_312948041
2023-03-19 07:25,4048476379,0,417633,2,region5_312948043
2023-03-19 07:25,4048948801,4800410,151058,2,region5_312948041
2023-03-19 07:25,4051631677,0,643172,1,region5_312948042
2023-03-19 07:25,4052542914,2224832,796537,2,region5_312948047
2023-03-19 07:25,4052534300,0,2906824,2,region5_312948041
2023-03-19 07:25,4047722784,0,902962,2,region5_312948047
2023-03-19 07:25,4047752465,3843696,124252,2,region5_312948047
2023-03-19 07:25,4047752465,0,105600,2,region5_312948047
2023-03-19 07:25,4048541039,0,3065243,2,region5_312948048
2023-03-19 07:25,4051597778,7323029,1065579,2,region5_312948046
2023-03-19 07:25,4051597778,0,4069767,2,region5_312948046
2023-03-19 07:25,4051602726,0,8388608,4,region5_312948054
2023-03-19 07:25,4048630263,0,1961355,2,region5_312948047
2023-03-19 07:25,4052666107,0,29643,1,region5_312948042
2023-03-19 07:25,4048244528,596752,944140,2,region5_312948041
2023-03-19 07:25,4051981222,0,8388608,5,region5_312948039
2023-03-19 07:25,4050905772,2368651,275764,2,region5_312948041
2023-03-19 07:25,4051597735,1360979,497808,2,region5_312948041
2023-03-19 07:25,4048033988,5630132,44742,2,region5_312948046
2023-03-19 07:25,4048033988,2131432,32240,2,region5_312948046
2023-03-19 07:25,4048033988,35403,754310,2,region5_312948046
2023-03-19 07:25,4047960315,4017715,161180,2,region5_312948041
2023-03-19 07:25,4052529141,1048576,1048576,5,region5_312948039
2023-03-19 07:25,4051776346,0,414648,1,region5_312948042
2023-03-19 07:25,4051874745,1022633,7365975,2,region5_312948047
2023-03-19 07:25,4051874745,0,1022633,2,region5_312948047
2023-03-19 07:25,4049626136,8099792,194,2,region5_312948048
2023-03-19 07:25,4049034705,4212756,4175852,2,region5_312948047
2023-03-19 07:25,4052075031,4259840,2113536,2,region5_312948052
2023-03-19 07:25,4048459297,1002842,1048576,2,region5_312948047
2023-03-19 07:25,4047800750,830488,1048576,2,region5_312948047
2023-03-19 07:25,4051782580,0,68466,3,region5_312948042
2023-03-19 07:25,4051889588,0,3321014,3,region5_312948042
2023-03-19 07:25,4051907068,0,8388608,2,region5_312948041
2023-03-19 07:25,4051634206,3421920,48,2,region5_312948043
2023-03-19 07:25,4047974133,1502814,323,2,region5_312948041
2023-03-19 07:25,4047974133,3541917,1145,2,region5_312948041
2023-03-19 07:25,4051872996,0,3204919,2,region5_312948046
2023-03-19 07:25,4050417074,0,8388608,2,region5_312948051
2023-03-19 07:25,4052529141,2097152,1048576,5,region5_312948039
2023-03-19 07:25,4051717463,0,8141258,3,region5_312948042
2023-03-19 07:25,4049057793,8057634,330974,2,region5_312948041
2023-03-19 07:25,4049057793,0,6154157,2,region5_312948041
2023-03-19 07:25,4052616527,2008539,20394,2,region5_312948046
2023-03-19 07:25,4052616527,0,184644,2,region5_312948046
2023-03-19 07:25,4052616527,6333462,79828,2,region5_312948046
2023-03-19 07:25,4048882023,9127,4817,2,region5_312948041
2023-03-19 07:25,4051872996,5925415,1403911,2,region5_312948046
2023-03-19 07:25,4048492075,1080672,839847,2,region5_312948047
2023-03-19 07:25,4051613790,0,1888446,2,region5_312948047
2023-03-19 07:25,4051996031,818832,7662736,2,region5_312948049
2023-03-19 07:25,4051996031,0,3509392,2,region5_312948049
2023-03-19 07:25,4048805587,0,942897,2,region5_312948041
2023-03-19 07:25,4049067292,0,5030441,2,region5_312948051
2023-03-19 07:25,4052666107,29643,8329321,1,region5_312948042
2023-03-19 07:25,4052636835,0,176,2,region5_312948043
2023-03-19 07:25,4052300022,0,8388608,2,region5_312948041
2023-03-19 07:25,4052309579,0,891070,5,region5_312948039
2023-03-19 07:25,4052551051,0,8388608,4,region5_312948054
2023-03-19 07:25,4049331542,0,8388608,2,region5_312948041
2023-03-19 07:25,4051789425,0,2674928,2,region5_312948049
2023-03-19 07:25,4052529141,3145728,1048576,5,region5_312948039
2023-03-19 07:25,4047709470,2535511,1607038,2,region5_312948047
2023-03-19 07:25,4051620389,0,8388608,2,region5_312948044
2023-03-19 07:25,4052128947,128,128,2,region5_312948043
2023-03-19 07:25,4052344329,671328,48,2,region5_312948043
2023-03-19 07:25,4052552428,0,3892288,5,region5_312948057
2023-03-19 07:25,4052804463,3826709,1048576,2,region5_312948047
2023-03-19 07:25,4052804463,3825060,1649,2,region5_312948047
2023-03-19 07:25,4051685357,0,8439760,2,region5_312948049
2023-03-19 07:25,4051685357,0,1849040,2,region5_312948049
2023-03-19 07:25,4051789425,2651056,5830512,2,region5_312948049
2023-03-19 07:25,4049067292,5030441,3358167,2,region5_312948051
2023-03-19 07:25,4052748495,6773291,204719,2,region5_312948047
2023-03-19 07:25,4052804463,0,1680772,2,region5_312948047
2023-03-19 07:25,4052344460,0,3026289,2,region5_312948041
2023-03-19 07:25,4050088005,0,3373,2,region5_312948043
2023-03-19 07:25,4052804463,3825060,1649,2,region5_312948047
2023-03-19 07:25,4052029877,0,837101,5,region5_312948039
2023-03-19 07:25,4052029877,0,941738,6,region5_312948039
2023-03-19 07:25,4049090466,4422784,3652490,2,region5_312948046
2023-03-19 07:25,4049090466,811031,1801048,2,region5_312948046
2023-03-19 07:25,4052830412,0,7108026,2,region5_312948041
2023-03-19 07:25,4052075031,6373376,2015232,2,region5_312948052
2023-03-19 07:25,4052295807,2166480,6315088,2,region5_312948049
2023-03-19 07:25,4052295807,0,3009744,2,region5_312948049
2023-03-19 07:25,4052213853,0,8388608,5,region5_312948039
2023-03-19 07:25,4048558660,378573,7931707,2,region5_312948041
2023-03-19 07:25,4052521283,0,1855488,2,region5_312948052
2023-03-19 07:25,4052529141,4194304,1048576,5,region5_312948039
2023-03-19 07:25,4051313168,0,1680464,2,region5_312948047
2023-03-19 07:25,4051020062,3392559,3958239,2,region5_312948041
2023-03-19 07:25,4051549638,0,737995,2,region5_312948051
2023-03-19 07:25,4052026514,0,12504698,6,region5_312948057
2023-03-19 07:25,4052368817,0,6151623,2,region5_312948048
2023-03-19 07:25,4052872488,0,4373766,3,region5_312948051
2023-03-19 07:25,4052086848,0,6123,3,region5_312948042
2023-03-19 07:25,4049821680,0,8318178,2,region5_312948044
2023-03-19 07:25,4052521283,1855488,2117632,2,region5_312948052
2023-03-19 07:25,4052529141,5242880,1048576,5,region5_312948039
2023-03-19 07:25,4052716228,0,2371168,2,region5_312948043
2023-03-19 07:25,4051827022,0,4098384,4,region5_312948044
2023-03-19 07:25,4052129304,0,3107735,3,region5_312948042
2023-03-19 07:25,4051858674,0,7486936,2,region5_312948047
2023-03-19 07:25,4051858674,7486936,901672,2,region5_312948047
2023-03-19 07:25,4052331095,0,8388608,2,region5_312948041
2023-03-19 07:25,4052603169,0,8142148,3,region5_312948042
2023-03-19 07:25,4052630182,0,1048576,5,region5_312948039
2023-03-19 07:25,4052891630,0,8388608,5,region5_312948039
2023-03-19 07:25,4052536549,0,637670,2,region5_312948047
2023-03-19 07:25,4052630182,1048576,1048576,5,region5_312948039
2023-03-19 07:25,4052813606,3114150,4681142,1,region5_312948042
2023-03-19 07:25,4049134184,5106952,1048576,2,region5_312948046
2023-03-19 07:25,4049134184,0,4597305,2,region5_312948046
2023-03-19 07:25,4049134184,4788551,1366977,2,region5_312948046
2023-03-19 07:25,4051825832,5714295,97599,2,region5_312948046
2023-03-19 07:25,4051825832,1208404,1860628,2,region5_312948046
2023-03-19 07:25,4052521283,3973120,2134016,2,region5_312948052
2023-03-19 07:25,4052892595,0,8388608,4,region5_312948044
2023-03-19 07:25,4051904171,0,8388608,2,region5_312948041
2023-03-19 07:25,4050743913,7729678,658930,2,region5_312948048
2023-03-19 07:25,4050282491,0,4839063,2,region5_312948046
2023-03-19 07:25,4052630182,2097152,1048576,5,region5_312948039
2023-03-19 07:25,4047800750,830488,1048576,2,region5_312948047
2023-03-19 07:25,4047800750,0,1822972,2,region5_312948047
2023-03-19 07:26,4050743913,0,7729678,2,region5_312948048
2023-03-19 07:26,4049533683,0,8388608,2,region5_312948041
2023-03-19 07:26,4052466107,0,8388608,5,region5_312948039
2023-03-19 07:26,4052521283,6107136,2142208,2,region5_312948052
2023-03-19 07:26,4052630182,3145728,1048576,5,region5_312948039
2023-03-19 07:26,4051389801,4546464,1354729,2,region5_312948046
2023-03-19 07:26,4052437497,0,8388608,5,region5_312948039
2023-03-19 07:26,4052521283,8249344,139264,2,region5_312948052
2023-03-19 07:26,4051912376,1301868,708510,2,region5_312948041
2023-03-19 07:26,4051912376,3440945,4947663,2,region5_312948041
2023-03-19 07:26,4048376744,0,8388608,2,region5_312948046
2023-03-19 07:26,4052536741,0,1558,2,region5_312948043
2023-03-19 07:26,4049932985,0,8388608,2,region5_312948041
2023-03-19 07:26,4052630182,4194304,1048576,5,region5_312948039
2023-03-19 07:26,4048193224,3160134,338260,2,region5_312948047
2023-03-19 07:26,4051776780,0,8388608,2,region5_312948051
2023-03-19 07:26,4051749160,4357535,163042,2,region5_312948041
2023-03-19 07:26,4052630182,5242880,1048576,5,region5_312948039
2023-03-19 07:26,4052638992,0,8481568,5,region5_312948039
2023-03-19 07:26,4052887292,0,8388608,2,region5_312948041
2023-03-19 07:26,4049673209,3092749,3960748,2,region5_312948046
2023-03-19 07:26,4049673209,6004921,1048576,2,region5_312948046
2023-03-19 07:26,4052175986,1146641,238693,2,region5_312948047
2023-03-19 07:26,4052216512,0,765703,2,region5_312948046
2023-03-19 07:26,4052505696,0,8388608,4,region5_312948054
2023-03-19 07:26,4052630182,6291456,1048576,5,region5_312948039
2023-03-19 07:26,4052435613,0,6684561,2,region5_312948041
2023-03-19 07:26,4049730129,9789056,100480,2,region5_312948043
2023-03-19 07:26,4052496193,0,2053059,2,region5_312948046
2023-03-19 07:26,4052630182,7340032,1048576,5,region5_312948039
2023-03-19 07:26,4052529141,5242880,1048576,5,region5_312948039
2023-03-19 07:26,4052630182,8388608,92960,5,region5_312948039
2023-03-19 07:26,4052696864,0,1995851,2,region5_312948051
2023-03-19 07:26,4052147137,5851712,48,2,region5_312948043
2023-03-19 07:26,4047722784,0,902962,2,region5_312948047
2023-03-19 07:26,4051900045,8192,32512,2,region5_312948043
2023-03-19 07:26,4049138344,3751269,534466,2,region5_312948047
2023-03-19 07:26,4047957931,2475914,797683,2,region5_312948047
2023-03-19 07:26,4051906544,1544556,525524,2,region5_312948047
2023-03-19 07:26,4051970328,0,9391828,5,region5_312948039
2023-03-19 07:26,4052026135,0,5247373,5,region5_312948039
2023-03-19 07:26,4052332721,0,1048576,5,region5_312948039
2023-03-19 07:26,4052332721,1048576,1048576,5,region5_312948039
2023-03-19 07:26,4052529141,6291456,455703,5,region5_312948039
2023-03-19 07:26,4052961205,0,1048576,5,region5_312948039
2023-03-19 07:26,4052034250,0,4882317,5,region5_312948039
2023-03-19 07:26,4052813606,0,3104233,1,region5_312948042
2023-03-19 07:26,4052332721,2097152,1048576,5,region5_312948039
2023-03-19 07:26,4052611284,0,1964540,5,region5_312948039
2023-03-19 07:26,4052961205,1048576,1048576,5,region5_312948039
2023-03-19 07:26,4052332721,3145728,1048576,5,region5_312948039
2023-03-19 07:26,4052961205,2097152,1048576,5,region5_312948039
2023-03-19 07:26,4053088106,0,8388608,5,region5_312948039
2023-03-19 07:26,4052137042,0,8388608,2,region5_312948041
2023-03-19 07:26,4049709551,0,5652857,2,region5_312948041
2023-03-19 07:26,4048492539,1042219,1821741,2,region5_312948041
2023-03-19 07:26,4052813606,3104233,4681142,1,region5_312948042
2023-03-19 07:26,4052962043,0,2104953,3,region5_312948042
2023-03-19 07:26,4053117232,0,2661151,2,region5_312948047
2023-03-19 07:26,4051690111,3932604,4151467,2,region5_312948041
2023-03-19 07:26,4047824517,8191630,198012,2,region5_312948047
2023-03-19 07:26,4052332721,4194304,1048576,5,region5_312948039
2023-03-19 07:26,4047866691,1964301,1048576,2,region5_312948047
2023-03-19 07:26,4049709551,7724880,170737,2,region5_312948041
2023-03-19 07:26,4048492539,7930191,458417,2,region5_312948041
2023-03-19 07:26,4051794504,1213837,12560,2,region5_312948041
2023-03-19 07:26,4052787279,0,1048576,5,region5_312948039
2023-03-19 07:26,4052813606,7785375,19829,1,region5_312948042
2023-03-19 07:26,4052961205,3145728,1048576,5,region5_312948039
2023-03-19 07:26,4052504836,0,324,2,region5_312948053
2023-03-19 07:26,4052504836,0,324,2,region5_312948053
2023-03-19 07:26,4052787279,1048576,1048576,5,region5_312948039
2023-03-19 07:26,4052961205,4194304,1048576,5,region5_312948039
2023-03-19 07:26,4052030320,0,1048576,5,region5_312948039
2023-03-19 07:26,4052273659,0,1048576,5,region5_312948039
2023-03-19 07:26,4052332721,5242880,1048576,5,region5_312948039
2023-03-19 07:26,4052787279,2097152,1048576,5,region5_312948039
2023-03-19 07:26,4052961205,5242880,1048576,5,region5_312948039
2023-03-19 07:26,4048228289,0,2228,2,region5_312948043
2023-03-19 07:26,4052127715,7101222,1287386,2,region5_312948046
2023-03-19 07:26,4052253236,0,8388608,2,region5_312948041
2023-03-19 07:26,4052273659,1048576,1048576,5,region5_312948039
2023-03-19 07:26,4052273659,2097152,1048576,5,region5_312948039
2023-03-19 07:26,4052311045,1812064,48,2,region5_312948043
2023-03-19 07:26,4052332721,6291456,1048576,5,region5_312948039
2023-03-19 07:26,4052787279,3145728,1048576,5,region5_312948039
2023-03-19 07:26,4052030320,1048576,1048576,5,region5_312948039
2023-03-19 07:26,4052273659,3145728,1048576,5,region5_312948039
2023-03-19 07:26,4047757709,0,3847441,2,region5_312948047
2023-03-19 07:26,4047757709,3847441,4562221,2,region5_312948047
2023-03-19 07:26,4052530524,3602798,574257,2,region5_312948045
2023-03-19 07:26,4052639883,0,2323331,2,region5_312948041
2023-03-19 07:26,4052787279,4194304,822566,5,region5_312948039
2023-03-19 07:26,4049391363,0,4803646,2,region5_312948047
2023-03-19 07:26,4052961205,6291456,1048576,5,region5_312948039
2023-03-19 07:26,4051906544,1392340,677740,2,region5_312948047
2023-03-19 07:26,4052273659,4194304,1048576,5,region5_312948039
2023-03-19 07:26,4052332721,7340032,1048576,5,region5_312948039
2023-03-19 07:26,4052194462,7194972,1193636,2,region5_312948041
2023-03-19 07:26,4052194462,1027795,1639593,2,region5_312948041
2023-03-19 07:26,4052961205,7340032,1048576,5,region5_312948039
2023-03-19 07:26,4052030320,2097152,1048576,5,region5_312948039
2023-03-19 07:26,4052173868,0,8388608,2,region5_312948046
2023-03-19 07:26,4052670171,0,4209506,2,region5_312948041
2023-03-19 07:26,4048742191,0,176,2,region5_312948043
2023-03-19 07:26,4051559170,2581812,1048576,1,region5_312948042
2023-03-19 07:26,4052777223,0,1266565,3,region5_312948042
2023-03-19 07:26,4052030320,3145728,1048576,5,region5_312948039
2023-03-19 07:26,4052273659,5242880,1048576,5,region5_312948039
2023-03-19 07:26,4051776780,0,8388608,2,region5_312948051
2023-03-19 07:26,4052149181,0,8388608,5,region5_312948039
2023-03-19 07:26,4052968556,0,7851558,4,region5_312948056
2023-03-19 07:26,4049233332,0,8295588,2,region5_312948047
2023-03-19 07:26,4052229830,0,13594,2,region5_312948043
2023-03-19 07:26,4052363339,7890472,498136,2,region5_312948047
2023-03-19 07:26,4052076829,8253150,135458,2,region5_312948048
2023-03-19 07:26,4048044598,0,947375,2,region5_312948047
2023-03-19 07:26,4049233332,8295588,93020,2,region5_312948047
2023-03-19 07:26,4053147483,0,2861239,2,region5_312948047
2023-03-19 07:26,4052030320,4194304,1048576,5,region5_312948039
2023-03-19 07:26,4052273659,6291456,1048576,5,region5_312948039
2023-03-19 07:26,4052307836,2688616,5699992,2,region5_312948041
2023-03-19 07:26,4052307836,0,836902,2,region5_312948041
2023-03-19 07:26,4048688248,1084691,333220,2,region5_312948047
2023-03-19 07:26,4048944224,5380097,1249755,2,region5_312948041
2023-03-19 07:26,4048944224,1070892,2114121,2,region5_312948041
2023-03-19 07:26,4052664476,0,2862601,5,region5_312948039
2023-03-19 07:26,4048777189,4046414,1048576,2,region5_312948047
2023-03-19 07:26,4053139883,6963762,1048576,2,region5_312948041
2023-03-19 07:26,4053139883,5345822,2666516,2,region5_312948041
2023-03-19 07:26,4049970687,0,987425,2,region5_312948041
2023-03-19 07:26,4050160091,5605722,277688,2,region5_312948047
2023-03-19 07:26,4052135771,2183263,4491765,2,region5_312948048
2023-03-19 07:26,4048944224,7797953,93605,2,region5_312948041
2023-03-19 07:26,4052546225,0,2339,3,region5_312948042
2023-03-19 07:26,4048777189,4046414,1048576,2,region5_312948047
2023-03-19 07:26,4053029148,0,7262349,6,region5_312948039
2023-03-19 07:26,4051114044,2116707,728514,2,region5_312948041
2023-03-19 07:26,4053121197,0,8481568,5,region5_312948057
2023-03-19 07:26,4048378398,0,953662,2,region5_312948041
2023-03-19 07:26,4052030320,5242880,1048576,5,region5_312948039
2023-03-19 07:26,4052135771,0,2183263,2,region5_312948048
2023-03-19 07:26,4052568823,0,3312638,2,region5_312948048
2023-03-19 07:26,4053139883,0,5139476,2,region5_312948041
2023-03-19 07:26,4052215130,0,8481568,5,region5_312948039
2023-03-19 07:26,4052273659,7340032,1048576,5,region5_312948039
2023-03-19 07:26,4048476379,0,417633,2,region5_312948043
2023-03-19 07:26,4048630263,0,26945,2,region5_312948047
2023-03-19 07:26,4048630263,1203404,757951,2,region5_312948047
2023-03-19 07:26,4052030320,6291456,1048576,5,region5_312948039
2023-03-19 07:26,4048114720,2285796,2385635,2,region5_312948044
2023-03-19 07:26,4048114720,0,2285796,2,region5_312948044
2023-03-19 07:26,4052451960,0,5913725,5,region5_312948039
2023-03-19 07:26,4051143883,0,5291083,2,region5_312948041
2023-03-19 07:26,4050738823,1465277,4590590,2,region5_312948046
2023-03-19 07:26,4052030320,7340032,810307,5,region5_312948039
2023-03-19 07:26,4049750291,0,176,2,region5_312948043
2023-03-19 07:26,4052459345,0,8377943,3,region5_312948042
2023-03-19 07:26,4052503368,0,8001433,2,region5_312948047
2023-03-19 07:26,4052553529,0,915750,5,region5_312948039
2023-03-19 07:26,4047893646,0,8103,2,region5_312948043
2023-03-19 07:26,4048777189,4046414,1048576,2,region5_312948047
2023-03-19 07:26,4049409116,0,8388608,2,region5_312948041
2023-03-19 07:26,4047950605,8153946,234662,2,region5_312948041
2023-03-19 07:26,4053191457,0,143360,2,region5_312948053
2023-03-19 07:26,4053191457,2248704,2109440,2,region5_312948053
2023-03-19 07:26,4053191457,143360,2105344,2,region5_312948053
2023-03-19 07:26,4053242826,0,5278752,2,region5_312948049
2023-03-19 07:26,4052617350,0,3013525,2,region5_312948051
2023-03-19 07:26,4053191457,6467584,1921024,2,region5_312948053
2023-03-19 07:26,4053191457,4358144,2109440,2,region5_312948053
2023-03-19 07:26,4053242826,0,8481568,2,region5_312948049
2023-03-19 07:26,4051999577,66117,757608,2,region5_312948043
2023-03-19 07:26,4051999577,0,823725,2,region5_312948043
2023-03-19 07:26,4053242010,0,1008601,2,region5_312948047
2023-03-19 07:26,4048541039,0,3065243,2,region5_312948048
2023-03-19 07:26,4051262917,0,214574,2,region5_312948046
2023-03-19 07:26,4052616167,0,8388608,2,region5_312948041
2023-03-19 07:26,4052748353,0,8481568,6,region5_312948057
2023-03-19 07:26,4053099101,0,8481568,2,region5_312948049
2023-03-19 07:26,4048541039,0,3065243,2,region5_312948048
2023-03-19 07:26,4052549408,0,1048576,5,region5_312948039
2023-03-19 07:26,4052647667,0,5915860,3,region5_312948047
2023-03-19 07:26,4052655320,0,16926,1,region5_312948042
2023-03-19 07:26,4052874474,0,8388608,2,region5_312948044
2023-03-19 07:26,4050551112,0,956911,2,region5_312948041
2023-03-19 07:26,4053243789,0,3072,2,region5_312948043
2023-03-19 07:26,4048541039,0,3065243,2,region5_312948048
2023-03-19 07:26,4052549408,1048576,1048576,5,region5_312948039
2023-03-19 07:26,4047761890,0,7502124,2,region5_312948044
2023-03-19 07:26,4052549408,2097152,1048576,5,region5_312948039
2023-03-19 07:26,4052594718,0,8181895,3,region5_312948042
2023-03-19 07:26,4052655320,16926,8354756,1,region5_312948042
2023-03-19 07:26,4048541039,0,3065243,2,region5_312948048
2023-03-19 07:26,4052317585,1419422,6969186,2,region5_312948047
2023-03-19 07:26,4052317585,0,1419422,2,region5_312948047
2023-03-19 07:26,4049021133,0,8388608,2,region5_312948046
2023-03-19 07:26,4051196833,0,1988581,2,region5_312948046
2023-03-19 07:26,4052549408,3145728,1048576,5,region5_312948039
2023-03-19 07:26,4052404637,413590,1418373,2,region5_312948041
2023-03-19 07:26,4052843803,0,9955862,2,region5_312948044
2023-03-19 07:26,4053123750,0,6676735,3,region5_312948042
2023-03-19 07:26,4049970687,6991516,755609,2,region5_312948041
2023-03-19 07:26,4049970687,2156478,2659596,2,region5_312948041
2023-03-19 07:26,4053332019,3483054,1512747,2,region5_312948041
2023-03-19 07:26,4052549408,4194304,1048576,5,region5_312948039
2023-03-19 07:26,4052777223,0,1266565,1,region5_312948042
2023-03-19 07:26,4052977865,0,1825482,2,region5_312948041
2023-03-19 07:26,4053123002,0,8388608,4,region5_312948051
2023-03-19 07:26,4052504840,0,8388608,4,region5_312948051
2023-03-19 07:26,4051671965,0,902690,2,region5_312948041
2023-03-19 07:26,4052549408,5242880,1048576,5,region5_312948039
2023-03-19 07:26,4052977865,3762977,4625631,2,region5_312948041
2023-03-19 07:26,4047906538,5118467,3270141,2,region5_312948041
2023-03-19 07:26,4050337872,3395736,3506483,2,region5_312948041
2023-03-19 07:26,4050337872,67626,926743,2,region5_312948041
2023-03-19 07:26,4048473568,0,8388608,2,region5_312948041
2023-03-19 07:26,4053386630,0,8257646,2,region5_312948051
2023-03-19 07:26,4050337872,3395736,3506483,2,region5_312948041
2023-03-19 07:26,4050337872,67626,926743,2,region5_312948041
2023-03-19 07:26,4052549408,6291456,1048576,5,region5_312948039
2023-03-19 07:26,4048917770,485,616,2,region5_312948043
2023-03-19 07:26,4052618193,0,1032192,2,region5_312948052
2023-03-19 07:26,4053029764,0,4566868,2,region5_312948046
2023-03-19 07:26,4053029764,6012574,2376034,2,region5_312948046
2023-03-19 07:26,4053205774,1074944,76160,2,region5_312948043
2023-03-19 07:26,4048339801,4934433,2620571,2,region5_312948041
2023-03-19 07:26,4048339801,6506428,1048576,2,region5_312948041
2023-03-19 07:26,4052524480,2138775,855345,2,region5_312948047
2023-03-19 07:26,4052549408,7340032,646088,5,region5_312948039
2023-03-19 07:26,4052618193,1032192,2150400,2,region5_312948052
2023-03-19 07:26,4048339801,0,4737107,2,region5_312948041
2023-03-19 07:26,4052599927,0,384,2,region5_312948043
2023-03-19 07:26,4052838033,0,19494666,3,region5_312948051
2023-03-19 07:26,4049067292,0,5030441,2,region5_312948051
2023-03-19 07:27,4049067292,5030441,3358167,2,region5_312948051
2023-03-19 07:27,4052618193,3182592,2117632,2,region5_312948052
2023-03-19 07:27,4048729451,1286817,7101791,2,region5_312948041
2023-03-19 07:27,4052618193,5300224,2142208,2,region5_312948052
2023-03-19 07:27,4052661666,0,1048576,5,region5_312948039
2023-03-19 07:27,4050995380,5211863,1048576,2,region5_312948041
2023-03-19 07:27,4050995380,4659417,1601022,2,region5_312948041
2023-03-19 07:27,4053295759,0,8481568,5,region5_312948039
2023-03-19 07:27,4052955258,0,1576110,4,region5_312948044
2023-03-19 07:27,4049756091,1661428,1954147,2,region5_312948047
2023-03-19 07:27,4048541039,0,3065243,2,region5_312948048
2023-03-19 07:27,4048282166,92757,10297,2,region5_312948051
2023-03-19 07:27,4053437524,0,7982563,3,region5_312948042
2023-03-19 07:27,4048832090,0,5553142,2,region5_312948044
2023-03-19 07:27,4052618193,7442432,946176,2,region5_312948052
2023-03-19 07:27,4052647667,5914859,1000,1,region5_312948047
2023-03-19 07:27,4048616018,0,3877749,2,region5_312948041
2023-03-19 07:27,4047831874,0,2082650,2,region5_312948041
2023-03-19 07:27,4052647667,4945496,970363,1,region5_312948047
2023-03-19 07:27,4052647667,0,4945496,1,region5_312948047
2023-03-19 07:27,4051724358,6966087,1048576,2,region5_312948051
2023-03-19 07:27,4053417707,0,3209551,3,region5_312948042
2023-03-19 07:27,4051631677,643172,1048576,1,region5_312948042
2023-03-19 07:27,4052022742,0,4974513,2,region5_312948051
2023-03-19 07:27,4052491677,289663,8604,2,region5_312948047
2023-03-19 07:27,4053472663,3666944,225344,2,region5_312948043
2023-03-19 07:27,4052706339,1910979,3741874,2,region5_312948041
2023-03-19 07:27,4052721664,5172622,58782,2,region5_312948045
2023-03-19 07:27,4053000383,0,7916318,3,region5_312948042
2023-03-19 07:27,4049717190,1874840,2447417,2,region5_312948041
2023-03-19 07:27,4052554456,0,8296231,3,region5_312948042
2023-03-19 07:27,4049197676,6860805,289444,1,region5_312948042
2023-03-19 07:27,4048476379,0,417633,2,region5_312948043
2023-03-19 07:27,4052524489,0,512,2,region5_312948043
2023-03-19 07:27,4049485082,0,976637,2,region5_312948041
2023-03-19 07:27,4047823268,1467002,6921606,2,region5_312948041
2023-03-19 07:27,4053350129,7553996,740193,2,region5_312948046
2023-03-19 07:27,4053350129,0,4792304,2,region5_312948046
2023-03-19 07:27,4051895882,0,2097152,1,region5_312948051
2023-03-19 07:27,4048236064,0,310352,2,region5_312948047
2023-03-19 07:27,4048236064,817258,1048576,2,region5_312948047
2023-03-19 07:27,4053550307,0,1048576,5,region5_312948039
2023-03-19 07:27,4053550307,1048576,1048576,5,region5_312948039
2023-03-19 07:27,4048668186,1869861,83894,2,region5_312948041
2023-03-19 07:27,4052712809,0,68756,4,region5_312948061
2023-03-19 07:27,4051895882,2097152,2097152,1,region5_312948051
2023-03-19 07:27,4053488115,841984,438272,2,region5_312948043
2023-03-19 07:27,4047800750,830488,1048576,2,region5_312948047
2023-03-19 07:27,4053040496,0,8388608,2,region5_312948046
2023-03-19 07:27,4052649135,90648,5606767,2,region5_312948041
2023-03-19 07:27,4051895882,4194304,2097152,1,region5_312948051
2023-03-19 07:27,4053590525,0,8388608,2,region5_312948041
2023-03-19 07:27,4052599995,0,8388608,2,region5_312948046
2023-03-19 07:27,4051895882,6291456,2097152,1,region5_312948051
2023-03-19 07:27,4053550307,2097152,1048576,5,region5_312948039
2023-03-19 07:27,4053550307,3145728,1048576,5,region5_312948039
2023-03-19 07:27,4049781205,2299525,328344,2,region5_312948047
2023-03-19 07:27,4053113173,5833154,10943,2,region5_312948041
2023-03-19 07:27,4053113173,0,334122,2,region5_312948041
2023-03-19 07:27,4053113173,1654557,14070,2,region5_312948041
2023-03-19 07:27,4050135822,13703,211949,2,region5_312948047
2023-03-19 07:27,4053550307,4194304,1048576,5,region5_312948039
2023-03-19 07:27,4049781205,2630349,5758259,2,region5_312948047
2023-03-19 07:27,4049781205,0,2299525,2,region5_312948047
2023-03-19 07:27,4047800750,830488,1048576,2,region5_312948047
2023-03-19 07:27,4051895882,8388608,2097152,1,region5_312948051
2023-03-19 07:27,4053103168,4246351,5012958,2,region5_312948043
2023-03-19 07:27,4053103168,0,4337503,2,region5_312948043
2023-03-19 07:27,4053550307,5242880,1048576,5,region5_312948039
2023-03-19 07:27,4051915893,1654662,6733946,2,region5_312948041
2023-03-19 07:27,4053596559,0,6295178,2,region5_312948041
2023-03-19 07:27,4051904260,0,8388608,2,region5_312948041
2023-03-19 07:27,4051895882,10485760,2097152,1,region5_312948051
2023-03-19 07:27,4053550307,6291456,1048576,5,region5_312948039
2023-03-19 07:27,4053061968,6146910,58260,2,region5_312948045
2023-03-19 07:27,4051895882,12582912,2097152,1,region5_312948051
2023-03-19 07:27,4053142221,0,12544,2,region5_312948043
2023-03-19 07:27,4053550307,7340032,1048576,5,region5_312948039
2023-03-19 07:27,4053550307,8388608,92960,5,region5_312948039
2023-03-19 07:27,4053306197,0,7418378,2,region5_312948046
2023-03-19 07:27,4052042044,0,3098,2,region5_312948043
2023-03-19 07:27,4052727096,0,8120316,3,region5_312948042
2023-03-19 07:27,4049031361,0,7751511,2,region5_312948041
2023-03-19 07:27,4053142221,0,12544,2,region5_312948043
2023-03-19 07:27,4053562093,1070572,48,2,region5_312948043
2023-03-19 07:27,4048459297,1002842,1048576,2,region5_312948047
2023-03-19 07:27,4051895882,14680064,2097152,1,region5_312948051
2023-03-19 07:27,4050551112,0,956911,2,region5_312948041
2023-03-19 07:27,4051895882,16777216,2097152,1,region5_312948051
2023-03-19 07:27,4053086325,0,8388608,5,region5_312948039
2023-03-19 07:27,4049239311,0,8388608,2,region5_312948041
2023-03-19 07:27,4053132009,836552,1048576,2,region5_312948047
2023-03-19 07:27,4050984587,3041831,1048576,2,region5_312948058
2023-03-19 07:27,4048497267,5782500,162368,2,region5_312948041
2023-03-19 07:27,4050847691,8016899,228187,2,region5_312948048
2023-03-19 07:27,4050847691,38775,683835,2,region5_312948048
2023-03-19 07:27,4050847691,2713332,1118669,2,region5_312948048
2023-03-19 07:27,4049472415,0,176,2,region5_312948043
2023-03-19 07:27,4051895882,18874368,2097152,1,region5_312948051
2023-03-19 07:27,4052599995,0,8388608,2,region5_312948046
2023-03-19 07:27,4051895882,20971520,2097152,1,region5_312948051
2023-03-19 07:27,4048770833,0,8388608,2,region5_312948041
2023-03-19 07:27,4052046916,7537920,65359,2,region5_312948048
2023-03-19 07:27,4048860357,4693280,48,2,region5_312948043
2023-03-19 07:27,4052046916,7533743,3858,2,region5_312948048
2023-03-19 07:27,4047722784,0,961052,2,region5_312948047
2023-03-19 07:27,4051895882,23068672,2097152,1,region5_312948051
2023-03-19 07:27,4052599995,6993757,1394851,2,region5_312948046
2023-03-19 07:27,4052599995,2880117,1221979,2,region5_312948046
2023-03-19 07:27,4051776346,414648,1048576,1,region5_312948042
2023-03-19 07:27,4051575353,1011734,7376874,2,region5_312948047
2023-03-19 07:27,4051138581,1847791,3209401,2,region5_312948047
2023-03-19 07:27,4051138581,0,1847791,2,region5_312948047
2023-03-19 07:27,4049138344,7643661,744947,2,region5_312948048
2023-03-19 07:27,4049138344,5610050,806291,2,region5_312948048
2023-03-19 07:27,4053709251,0,7039762,3,region5_312948042
2023-03-19 07:27,4053790173,0,8388608,2,region5_312948041
2023-03-19 07:27,4052921514,0,1961519,2,region5_312948044
2023-03-19 07:27,4053227908,0,1392640,2,region5_312948050
2023-03-19 07:27,4053227908,3506176,2125824,2,region5_312948050
2023-03-19 07:27,4053227908,1392640,2113536,2,region5_312948050
2023-03-19 07:27,4053299439,0,7304510,2,region5_312948041
2023-03-19 07:27,4053658462,0,2926782,2,region5_312948047
2023-03-19 07:27,4052758034,843522,5252032,2,region5_312948047
2023-03-19 07:27,4053227908,7770112,618496,2,region5_312948050
2023-03-19 07:27,4053227908,5632000,2138112,2,region5_312948050
2023-03-19 07:27,4053237554,2797063,274553,2,region5_312948041
2023-03-19 07:27,4053741639,0,2930456,3,region5_312948042
2023-03-19 07:27,4052797606,0,8481568,5,region5_312948039
2023-03-19 07:27,4047945240,7457100,931508,2,region5_312948041
2023-03-19 07:27,4047759329,7976108,412500,2,region5_312948041
2023-03-19 07:27,4047759329,1931517,1407103,2,region5_312948041
2023-03-19 07:27,4053814614,0,1048576,5,region5_312948039
2023-03-19 07:27,4052797576,0,2292,5,region5_312948057
2023-03-19 07:27,4053029743,0,17689,3,region5_312948042
2023-03-19 07:27,4051759699,0,5726978,1,region5_312948042
2023-03-19 07:27,4048630263,1203404,757951,2,region5_312948047
2023-03-19 07:27,4053333451,0,8482388,5,region5_312948039
2023-03-19 07:27,4053587350,0,8370155,3,region5_312948042
2023-03-19 07:27,4053814614,1048576,1048576,5,region5_312948039
2023-03-19 07:27,4053814614,2097152,1048576,5,region5_312948039
2023-03-19 07:27,4052923870,0,2265850,2,region5_312948041
2023-03-19 07:27,4053252198,6091584,220160,2,region5_312948043
2023-03-19 07:27,4048476379,0,417633,2,region5_312948043
2023-03-19 07:27,4053550603,0,3293,2,region5_312948041
2023-03-19 07:27,4053814614,3145728,1048576,5,region5_312948039
2023-03-19 07:27,4052852569,0,4935956,2,region5_312948041
2023-03-19 07:27,4047976139,0,962571,2,region5_312948044
2023-03-19 07:27,4053550562,2486272,2142208,2,region5_312948050
2023-03-19 07:27,4053550562,372736,2113536,2,region5_312948050
2023-03-19 07:27,4053550562,0,372736,2,region5_312948050
2023-03-19 07:27,4047757709,0,8409662,2,region5_312948044
2023-03-19 07:27,4049219931,0,2851051,1,region5_312948042
2023-03-19 07:27,4051097451,0,456109,5,region5_312948039
2023-03-19 07:27,4053052735,0,2275027,2,region5_312948041
2023-03-19 07:27,4053052735,7021949,733811,2,region5_312948041
2023-03-19 07:27,4053550562,4628480,2105344,2,region5_312948050
2023-03-19 07:27,4053550562,6733824,1654784,2,region5_312948050
2023-03-19 07:27,4053814614,4194304,755791,5,region5_312948039
2023-03-19 07:27,4047722784,1970589,96885,2,region5_312948048
2023-03-19 07:27,4047722784,2067474,16384,2,region5_312948048
2023-03-19 07:27,4049770698,813275,117651,2,region5_312948041
2023-03-19 07:27,4049770698,574110,356816,2,region5_312948041
2023-03-19 07:27,4049770698,354097,11221,2,region5_312948041
2023-03-19 07:27,4053097840,153432,8566,2,region5_312948047
2023-03-19 07:27,4048599458,0,7330110,2,region5_312948041
2023-03-19 07:27,4047722784,0,2083865,2,region5_312948048
2023-03-19 07:27,4048950393,1646050,23004,2,region5_312948041
2023-03-19 07:27,4052984718,0,3895231,5,region5_312948039
2023-03-19 07:27,4047830402,0,7117861,2,region5_312948047
2023-03-19 07:27,4053661038,0,1048576,5,region5_312948039
2023-03-19 07:27,4048767237,0,810817,2,region5_312948046
2023-03-19 07:27,4048657115,59690,443313,2,region5_312948047
2023-03-19 07:27,4051097607,4822148,475667,2,region5_312948041
2023-03-19 07:27,4051097607,423384,144947,2,region5_312948041
2023-03-19 07:27,4051097607,2124309,209280,2,region5_312948041
2023-03-19 07:27,4048767237,2189818,5659700,2,region5_312948046
2023-03-19 07:27,4052661666,0,1048576,5,region5_312948039
2023-03-19 07:27,4049533683,0,8388608,2,region5_312948041
2023-03-19 07:27,4047757709,5208976,3200686,2,region5_312948041
2023-03-19 07:27,4047757709,720352,178238,2,region5_312948041
2023-03-19 07:27,4049850434,1819461,666766,2,region5_312948047
2023-03-19 07:27,4053661038,1048576,1048576,5,region5_312948039
2023-03-19 07:27,4049138344,0,564857,2,region5_312948047
2023-03-19 07:27,4050101916,0,8383442,2,region5_312948046
2023-03-19 07:27,4050047169,3462238,484318,2,region5_312948047
2023-03-19 07:27,4050047169,3946556,1048576,2,region5_312948047
2023-03-19 07:27,4050047169,3462238,484318,2,region5_312948047
2023-03-19 07:27,4050047169,3946556,1048576,2,region5_312948047
2023-03-19 07:27,4050047169,3462238,484318,2,region5_312948047
2023-03-19 07:27,4050047169,3946556,1048576,2,region5_312948047
2023-03-19 07:27,4050047169,3462238,484318,2,region5_312948047
2023-03-19 07:27,4050047169,3946556,1048576,2,region5_312948047
2023-03-19 07:27,4050047169,3946556,1048576,2,region5_312948047
2023-03-19 07:27,4050188426,0,994702,2,region5_312948041
2023-03-19 07:27,4050047169,3462238,484318,2,region5_312948047
2023-03-19 07:27,4053452082,0,2917452,2,region5_312948041
2023-03-19 07:27,4051148701,7148171,81369,2,region5_312948047
2023-03-19 07:27,4051148701,5271602,26998,2,region5_312948047
2023-03-19 07:27,4053661038,2097152,1048576,5,region5_312948039
2023-03-19 07:27,4053661038,3145728,1048576,5,region5_312948039
2023-03-19 07:27,4053859557,0,8372357,1,region5_312948042
2023-03-19 07:27,4053899468,0,8388608,5,region5_312948039
2023-03-19 07:27,4050139936,0,8388608,2,region5_312948044
2023-03-19 07:27,4053386826,0,8388608,2,region5_312948051
2023-03-19 07:27,4053495896,0,2032758,5,region5_312948039
2023-03-19 07:27,4053661038,4194304,690170,5,region5_312948039
2023-03-19 07:27,4050741794,0,8388608,2,region5_312948046
2023-03-19 07:27,4052960218,0,8388608,5,region5_312948039
2023-03-19 07:27,4049320119,0,4799834,2,region5_312948046
2023-03-19 07:27,4053496540,0,8481568,2,region5_312948043
2023-03-19 07:27,4052881537,0,8481568,5,region5_312948039
2023-03-19 07:27,4053458201,2083608,1048576,2,region5_312948047
2023-03-19 07:27,4053484077,7567816,747574,2,region5_312948041
2023-03-19 07:27,4049852826,1937962,6450646,2,region5_312948041
2023-03-19 07:27,4051312529,0,3949,2,region5_312948043
2023-03-19 07:27,4052965081,2726580,3896720,2,region5_312948041
2023-03-19 07:27,4052965081,8102444,28854,2,region5_312948041
2023-03-19 07:27,4053147550,0,8388608,5,region5_312948039
2023-03-19 07:27,4053458201,2083608,1048576,2,region5_312948047
2023-03-19 07:27,4053724887,0,29904,2,region5_312948053
2023-03-19 07:27,4053360785,0,8481568,5,region5_312948057
2023-03-19 07:27,4053872017,0,8388608,5,region5_312948039
2023-03-19 07:27,4053068445,0,7600676,2,region5_312948046
2023-03-19 07:27,4053458201,2083608,1048576,2,region5_312948047
2023-03-19 07:27,4053590940,7475694,912914,2,region5_312948046
2023-03-19 07:27,4053886269,0,1048576,5,region5_312948039
2023-03-19 07:27,4052933292,0,1015817,2,region5_312948041
2023-03-19 07:27,4053551052,0,6425748,2,region5_312948043
2023-03-19 07:27,4048476382,2376011,1479742,2,region5_312948041
2023-03-19 07:27,4053004777,0,5073048,2,region5_312948048
2023-03-19 07:27,4053004777,5073048,3315560,2,region5_312948048
2023-03-19 07:27,4053015506,0,8270,3,region5_312948047
2023-03-19 07:27,4053257720,0,19524,1,region5_312948042
2023-03-19 07:27,4053334845,6781424,1700144,2,region5_312948043
2023-03-19 07:27,4053334845,0,6802288,2,region5_312948043
2023-03-19 07:27,4053551052,5615060,10485760,2,region5_312948043
2023-03-19 07:27,4053551052,16057108,476115,2,region5_312948043
2023-03-19 07:27,4053886269,1048576,1048576,5,region5_312948039
2023-03-19 07:27,4053871659,0,8367656,1,region5_312948042
2023-03-19 07:27,4053886269,2097152,1048576,5,region5_312948039
2023-03-19 07:27,4053889917,0,1524,2,region5_312948043
2023-03-19 07:27,4053590937,0,8388608,2,region5_312948041
2023-03-19 07:27,4053775917,0,8481568,5,region5_312948039
2023-03-19 07:27,4051939570,8549,1311130,2,region5_312948048
2023-03-19 07:27,4053351088,1991412,806238,2,region5_312948047
2023-03-19 07:27,4053351088,488828,79281,2,region5_312948047
2023-03-19 07:27,4047866691,1964301,1048576,2,region5_312948045
2023-03-19 07:27,4048459297,1002842,1048576,2,region5_312948047
2023-03-19 07:27,4053886269,3145728,1048576,5,region5_312948039
2023-03-19 07:27,4048044598,0,947375,2,region5_312948047
2023-03-19 07:27,4053886269,4194304,1048576,5,region5_312948039
2023-03-19 07:27,4053351083,0,8381638,3,region5_312948042
2023-03-19 07:27,4053803357,0,1048576,5,region5_312948039
2023-03-19 07:27,4053886269,5242880,1048576,5,region5_312948039
2023-03-19 07:27,4053053373,0,8388608,5,region5_312948039
2023-03-19 07:27,4053803357,1048576,1048576,5,region5_312948039
2023-03-19 07:27,4053886269,6291456,1048576,5,region5_312948039
2023-03-19 07:28,4048569939,1455565,224695,2,region5_312948045
2023-03-19 07:28,4053803357,2097152,1048576,5,region5_312948039
2023-03-19 07:28,4053884140,0,8388608,2,region5_312948046
2023-03-19 07:28,4053483290,0,8481568,5,region5_312948039
2023-03-19 07:28,4053803357,3145728,1048576,5,region5_312948039
2023-03-19 07:28,4053886269,7340032,1048576,5,region5_312948039
2023-03-19 07:28,4050763727,7761948,626660,2,region5_312948041
2023-03-19 07:28,4050763727,3509832,2039922,2,region5_312948041
2023-03-19 07:28,4053346726,0,3245232,3,region5_312948042
2023-03-19 07:28,4053472665,0,18688,2,region5_312948043
2023-03-19 07:28,4051253355,8388608,8388608,1,region5_312948048
2023-03-19 07:28,4053886269,8388608,92960,5,region5_312948039
2023-03-19 07:28,4054051980,0,785,5,region5_312948039
2023-03-19 07:28,4053011198,0,8196096,2,region5_312948054
2023-03-19 07:28,4048476379,0,417633,2,region5_312948043
2023-03-19 07:28,4053788284,0,1010374,2,region5_312948041
2023-03-19 07:28,4053803357,4194304,1048576,5,region5_312948039
2023-03-19 07:28,4053803357,6291456,1048576,5,region5_312948039
2023-03-19 07:28,4053803357,7340032,1048576,5,region5_312948039
2023-03-19 07:28,4053803357,5242880,1048576,5,region5_312948039
2023-03-19 07:28,4053883934,0,313279,3,region5_312948042
2023-03-19 07:28,4047830402,6128459,1821771,2,region5_312948041
2023-03-19 07:28,4047830402,0,3960502,2,region5_312948041
2023-03-19 07:28,4047809551,1783911,136160,2,region5_312948041
2023-03-19 07:28,4053747042,0,8388608,5,region5_312948039
2023-03-19 07:28,4051208268,84,14429,2,region5_312948048
2023-03-19 07:28,4051208268,1468959,13182,2,region5_312948048
2023-03-19 07:28,4048632428,0,8388608,2,region5_312948041
2023-03-19 07:28,4051559170,3630388,1048576,1,region5_312948042
2023-03-19 07:28,4049575238,0,3904468,2,region5_312948041
2023-03-19 07:28,4050923635,0,4849916,2,region5_312948041
2023-03-19 07:28,4049306374,0,5109947,2,region5_312948041
2023-03-19 07:28,4053454465,0,8388608,4,region5_312948051
2023-03-19 07:28,4050603599,0,998890,2,region5_312948041
2023-03-19 07:28,4053257720,19524,8349560,1,region5_312948042
2023-03-19 07:28,4052367729,0,817152,1,region5_312948042
2023-03-19 07:28,4053616962,0,8388608,5,region5_312948039
2023-03-19 07:28,4053441567,0,11884720,6,region5_312948057
2023-03-19 07:28,4051790803,3054635,155345,2,region5_312948041
2023-03-19 07:28,4054061643,0,7374184,2,region5_312948041
2023-03-19 07:28,4053551064,0,7702480,2,region5_312948048
2023-03-19 07:28,4053551064,7702480,686128,2,region5_312948048
2023-03-19 07:28,4048563472,0,176,2,region5_312948043
2023-03-19 07:28,4051349623,0,7005711,2,region5_312948046
2023-03-19 07:28,4054018445,0,488009,5,region5_312948039
2023-03-19 07:28,4050003661,0,1357266,1,region5_312948042
2023-03-19 07:28,4053903334,0,8481568,5,region5_312948039
2023-03-19 07:28,4051549638,0,737995,2,region5_312948044
2023-03-19 07:28,4049266070,0,750189,2,region5_312948047
2023-03-19 07:28,4049266070,6780777,1318084,2,region5_312948047
2023-03-19 07:28,4049266070,6664748,116029,2,region5_312948047
2023-03-19 07:28,4049764787,0,10522,2,region5_312948043
2023-03-19 07:28,4053581565,2232320,2113536,2,region5_312948053
2023-03-19 07:28,4053581565,122880,2109440,2,region5_312948053
2023-03-19 07:28,4053581565,0,122880,2,region5_312948053
2023-03-19 07:28,4051184582,888133,1048576,2,region5_312948041
2023-03-19 07:28,4051184582,0,804465,2,region5_312948041
2023-03-19 07:28,4050661704,0,176,2,region5_312948043
2023-03-19 07:28,4049233332,8295588,93020,2,region5_312948047
2023-03-19 07:28,4053581565,6447104,1941504,2,region5_312948053
2023-03-19 07:28,4053581565,4345856,2101248,2,region5_312948053
2023-03-19 07:28,4049266070,0,7360271,2,region5_312948047
2023-03-19 07:28,4053334046,0,1048576,5,region5_312948039
2023-03-19 07:28,4047959154,5671931,2474725,2,region5_312948041
2023-03-19 07:28,4051875198,7741863,646745,2,region5_312948048
2023-03-19 07:28,4051320674,1617315,1048576,2,region5_312948041
2023-03-19 07:28,4053262712,0,27,2,region5_312948047
2023-03-19 07:28,4049266070,750189,5914559,2,region5_312948047
2023-03-19 07:28,4053488762,0,1048576,5,region5_312948039
2023-03-19 07:28,4047752465,3843696,124252,2,region5_312948047
2023-03-19 07:28,4047752465,0,105600,2,region5_312948047
2023-03-19 07:28,4053482583,0,581632,2,region5_312948052
2023-03-19 07:28,4051631677,1691748,1048576,1,region5_312948042
2023-03-19 07:28,4048886835,2952836,1496664,2,region5_312948041
2023-03-19 07:28,4049393622,0,887249,2,region5_312948041
2023-03-19 07:28,4049393622,725922,161327,2,region5_312948041
2023-03-19 07:28,4053334046,1048576,1048576,5,region5_312948039
2023-03-19 07:28,4053482583,581632,2154496,2,region5_312948052
2023-03-19 07:28,4053488762,1048576,1048576,5,region5_312948039
2023-03-19 07:28,4053850920,0,16926,1,region5_312948042
2023-03-19 07:28,4053408111,0,8388608,4,region5_312948050
2023-03-19 07:28,4054149589,5544025,242679,2,region5_312948046
2023-03-19 07:28,4054149589,0,3402389,2,region5_312948046
2023-03-19 07:28,4051549638,0,737995,2,region5_312948044
2023-03-19 07:28,4053334046,2097152,1048576,5,region5_312948039
2023-03-19 07:28,4053347258,7212601,1176007,2,region5_312948041
2023-03-19 07:28,4053347258,1993007,1311043,2,region5_312948041
2023-03-19 07:28,4053482583,2736128,2129920,2,region5_312948052
2023-03-19 07:28,4053488762,2097152,1048576,5,region5_312948039
2023-03-19 07:28,4053494900,8368608,72192,2,region5_312948043
2023-03-19 07:28,4053498043,0,132,3,region5_312948042
2023-03-19 07:28,4053985339,0,10640,1,region5_312948042
2023-03-19 07:28,4054070883,0,8388608,5,region5_312948039
2023-03-19 07:28,4050658842,841698,1520572,2,region5_312948046
2023-03-19 07:28,4053334046,3145728,1048576,5,region5_312948039
2023-03-19 07:28,4048709422,0,8388608,2,region5_312948046
2023-03-19 07:28,4053432958,0,1939137,5,region5_312948039
2023-03-19 07:28,4053482583,4866048,2113536,2,region5_312948052
2023-03-19 07:28,4047757709,720352,178238,2,region5_312948041
2023-03-19 07:28,4047757709,5208976,3200686,2,region5_312948041
2023-03-19 07:28,4053859297,0,3100317,3,region5_312948042
2023-03-19 07:28,4053124787,0,8376014,3,region5_312948042
2023-03-19 07:28,4053357685,0,8388608,2,region5_312948046
2023-03-19 07:28,4053334046,4194304,1048576,5,region5_312948039
2023-03-19 07:28,4053488762,3145728,1048576,5,region5_312948039
2023-03-19 07:28,4047722784,899640,788830,2,region5_312948047
2023-03-19 07:28,4053237549,6080064,63360,2,region5_312948043
2023-03-19 07:28,4053237549,6080064,63360,2,region5_312948043
2023-03-19 07:28,4048369873,4501157,3887451,2,region5_312948041
2023-03-19 07:28,4050139936,0,8388608,2,region5_312948044
2023-03-19 07:28,4053482583,6979584,1409024,2,region5_312948052
2023-03-19 07:28,4053488762,4194304,1048576,5,region5_312948039
2023-03-19 07:28,4053658462,2926782,1183828,2,region5_312948047
2023-03-19 07:28,4053742743,0,8376576,3,region5_312948042
2023-03-19 07:28,4051817764,5082688,24761,2,region5_312948048
2023-03-19 07:28,4054156680,2194509,266294,2,region5_312948041
2023-03-19 07:28,4053334046,5242880,1048576,5,region5_312948039
2023-03-19 07:28,4053807386,0,8388608,5,region5_312948039
2023-03-19 07:28,4053918062,0,8481568,5,region5_312948039
2023-03-19 07:28,4053313406,0,1048576,5,region5_312948039
2023-03-19 07:28,4053334046,6291456,1048576,5,region5_312948039
2023-03-19 07:28,4053488762,5242880,829444,5,region5_312948039
2023-03-19 07:28,4053788265,0,8388608,2,region5_312948046
2023-03-19 07:28,4052947723,0,8388608,4,region5_312948051
2023-03-19 07:28,4054155195,3742684,4645924,2,region5_312948041
2023-03-19 07:28,4053837787,8346824,41784,2,region5_312948048
2023-03-19 07:28,4054233273,445733,1164146,2,region5_312948041
2023-03-19 07:28,4053334046,7340032,1048576,5,region5_312948039
2023-03-19 07:28,4053431117,0,1048576,5,region5_312948039
2023-03-19 07:28,4048542653,754304,43584,2,region5_312948043
2023-03-19 07:28,4048542653,0,754304,2,region5_312948043
2023-03-19 07:28,4053550970,0,8367744,3,region5_312948042
2023-03-19 07:28,4048630263,1203404,757951,2,region5_312948047
2023-03-19 07:28,4053639710,0,6126026,2,region5_312948051
2023-03-19 07:28,4053724887,0,29904,2,region5_312948053
2023-03-19 07:28,4050003661,1357266,5674076,1,region5_312948042
2023-03-19 07:28,4053431117,2097152,806435,5,region5_312948039
2023-03-19 07:28,4053431117,1048576,1048576,5,region5_312948039
2023-03-19 07:28,4053450151,0,8366542,3,region5_312948042
2023-03-19 07:28,4053519034,0,8388608,2,region5_312948041
2023-03-19 07:28,4050495228,2767482,1048576,2,region5_312948047
2023-03-19 07:28,4052659559,0,1705258,2,region5_312948051
2023-03-19 07:28,4051296692,3462,1268,2,region5_312948043
2023-03-19 07:28,4053837787,0,8346824,2,region5_312948048
2023-03-19 07:28,4051774305,0,8388608,2,region5_312948051
2023-03-19 07:28,4053410175,0,176,2,region5_312948043
2023-03-19 07:28,4054183905,0,8388608,2,region5_312948041
2023-03-19 07:28,4054116444,0,8388608,5,region5_312948039
2023-03-19 07:28,4051937387,0,8388608,2,region5_312948046
2023-03-19 07:28,4050495228,2767482,1048576,2,region5_312948047
2023-03-19 07:28,4053837787,8346824,41784,2,region5_312948048
2023-03-19 07:28,4053597931,0,6192951,5,region5_312948039
2023-03-19 07:28,4047800750,830488,1048576,2,region5_312948047
2023-03-19 07:28,4053850920,16926,8354755,1,region5_312948042
2023-03-19 07:28,4053011198,8196096,192512,2,region5_312948054
2023-03-19 07:28,4048630550,5720520,1335483,2,region5_312948046
2023-03-19 07:28,4053985339,10640,8367328,1,region5_312948042
2023-03-19 07:28,4048044598,0,947375,2,region5_312948047
2023-03-19 07:28,4053951690,0,8388608,5,region5_312948039
2023-03-19 07:28,4052200012,0,868352,2,region5_312948052
2023-03-19 07:28,4054107823,0,8381135,5,region5_312948039
2023-03-19 07:28,4047800750,830488,1048576,2,region5_312948047
2023-03-19 07:28,4047800750,0,1822972,2,region5_312948047
2023-03-19 07:28,4053855773,0,8165677,3,region5_312948042
2023-03-19 07:28,4054202992,0,8388608,2,region5_312948041
2023-03-19 07:28,4052690135,6877074,1511534,2,region5_312948046
2023-03-19 07:28,4054101826,0,8378875,1,region5_312948042
2023-03-19 07:28,4047709470,2535511,1607038,2,region5_312948047
2023-03-19 07:28,4053378931,0,1048576,5,region5_312948039
2023-03-19 07:28,4051497770,2571394,84962,2,region5_312948041
2023-03-19 07:28,4053658462,2926782,1183828,2,region5_312948047
2023-03-19 07:28,4053970304,0,14539,1,region5_312948042
2023-03-19 07:28,4052200012,868352,2134016,2,region5_312948052
2023-03-19 07:28,4047767787,0,5109539,2,region5_312948041
2023-03-19 07:28,4049070947,5563696,26138,2,region5_312948041
2023-03-19 07:28,4049070947,6983721,34543,2,region5_312948041
2023-03-19 07:28,4053931783,0,3280065,3,region5_312948042
2023-03-19 07:28,4053970831,1534162,6854446,2,region5_312948048
2023-03-19 07:28,4053970831,565887,968275,2,region5_312948048
2023-03-19 07:28,4053378931,1048576,1048576,5,region5_312948039
2023-03-19 07:28,4053454450,0,4733552,2,region5_312948043
2023-03-19 07:28,4050745270,0,8388608,2,region5_312948044
2023-03-19 07:28,4048784123,0,2919539,2,region5_312948044
2023-03-19 07:28,4054059007,0,7021620,5,region5_312948039
2023-03-19 07:28,4049491852,1852808,86255,2,region5_312948041
2023-03-19 07:28,4049491852,3663836,95382,2,region5_312948041
2023-03-19 07:28,4053408110,0,3096325,2,region5_312948051
2023-03-19 07:28,4053486966,0,8380775,3,region5_312948047
2023-03-19 07:28,4048569939,1455565,224695,2,region5_312948045
2023-03-19 07:28,4048447603,4108568,153147,2,region5_312948041
2023-03-19 07:28,4048664907,0,8388608,2,region5_312948041
2023-03-19 07:28,4054043183,4466400,4015168,2,region5_312948049
2023-03-19 07:28,4054043183,0,4466400,2,region5_312948049
2023-03-19 07:28,4054262523,0,6203952,5,region5_312948039
2023-03-19 07:28,4053483080,0,2947735,5,region5_312948039
2023-03-19 07:28,4053498492,0,8366511,3,region5_312948042
2023-03-19 07:28,4053814603,0,1535992,2,region5_312948047
2023-03-19 07:28,4052200012,7245824,1142784,2,region5_312948052
2023-03-19 07:28,4052200012,5115904,2129920,2,region5_312948052
2023-03-19 07:28,4052200012,3002368,2113536,2,region5_312948052
2023-03-19 07:28,4054276496,5027994,2709861,2,region5_312948046
2023-03-19 07:28,4054293062,0,864304,5,region5_312948039
2023-03-19 07:28,4053378931,2097152,1048576,5,region5_312948039
2023-03-19 07:28,4049845429,0,818686,2,region5_312948047
2023-03-19 07:28,4053454450,4733552,3748016,2,region5_312948043
2023-03-19 07:28,4053773605,0,8055065,3,region5_312948042
2023-03-19 07:28,4053814603,1535992,1569929,2,region5_312948047
2023-03-19 07:28,4054317252,6771342,243048,2,region5_312948041
2023-03-19 07:28,4049845429,835857,126761,2,region5_312948047
2023-03-19 07:28,4053481797,0,4707899,2,region5_312948046
2023-03-19 07:28,4053481797,6856593,1532015,2,region5_312948046
2023-03-19 07:28,4049845429,0,818686,2,region5_312948047
2023-03-19 07:28,4052694986,1491798,522623,2,region5_312948047
2023-03-19 07:28,4052694986,0,384878,2,region5_312948047
2023-03-19 07:28,4054188613,0,5246567,5,region5_312948039
2023-03-19 07:28,4053147483,0,2861239,2,region5_312948044
2023-03-19 07:28,4048541039,0,3065243,2,region5_312948048
2023-03-19 07:28,4048007918,6971338,3854,2,region5_312948048
2023-03-19 07:28,4048007918,6975492,63009,2,region5_312948048
2023-03-19 07:28,4053378931,3145728,1048576,5,region5_312948039
2023-03-19 07:28,4053591572,0,4327,2,region5_312948043
2023-03-19 07:28,4053378931,4194304,1048576,5,region5_312948039
2023-03-19 07:28,4049533683,0,8388608,2,region5_312948041
2023-03-19 07:28,4050436411,0,524908,2,region5_312948047
2023-03-19 07:28,4053685400,0,5122744,2,region5_312948041
2023-03-19 07:28,4053970304,14539,8359530,1,region5_312948042
2023-03-19 07:28,4047759582,0,4055019,2,region5_312948046
2023-03-19 07:28,4047950835,0,2763023,2,region5_312948047
2023-03-19 07:28,4047757709,3847441,4562221,2,region5_312948047
2023-03-19 07:28,4050436411,524908,7863700,2,region5_312948047
2023-03-19 07:28,4048661589,2586671,5801937,2,region5_312948041
2023-03-19 07:28,4051502124,0,8388608,2,region5_312948051
2023-03-19 07:28,4054078891,0,8481568,5,region5_312948039
2023-03-19 07:28,4054314784,0,176,2,region5_312948043
2023-03-19 07:28,4053566407,0,8481568,6,region5_312948057
2023-03-19 07:28,4053335815,843550,102513,2,region5_312948041
2023-03-19 07:28,4049905244,0,5247540,2,region5_312948046
2023-03-19 07:28,4053378931,5242880,1048576,5,region5_312948039
2023-03-19 07:28,4051671965,0,902690,2,region5_312948041
2023-03-19 07:28,4049219931,2851051,6553600,1,region5_312948042
2023-03-19 07:28,4050742538,0,6771417,2,region5_312948046
2023-03-19 07:28,4053335815,0,761929,2,region5_312948041
2023-03-19 07:28,4053881935,0,7199599,2,region5_312948041
2023-03-19 07:28,4053313406,1048576,1048576,5,region5_312948039
2023-03-19 07:28,4053378931,6291456,1048576,5,region5_312948039
2023-03-19 07:28,4047757709,0,3847441,2,region5_312948047
2023-03-19 07:28,4050412977,0,176,2,region5_312948043
2023-03-19 07:28,4049946695,0,32065,2,region5_312948043
2023-03-19 07:28,4054139784,0,37531,4,region5_312948054
2023-03-19 07:28,4054315764,0,3698996,4,region5_312948044
2023-03-19 07:28,4053512738,0,7988425,3,region5_312948042
2023-03-19 07:28,4053725133,0,1418454,2,region5_312948043
2023-03-19 07:28,4054300440,0,8355020,3,region5_312948042
2023-03-19 07:28,4053378931,7340032,1048576,5,region5_312948039
2023-03-19 07:28,4053725133,2803990,6466769,2,region5_312948043
2023-03-19 07:28,4053487215,0,980676,5,region5_312948039
2023-03-19 07:28,4051285408,0,7675,1,region5_312948042
2023-03-19 07:28,4054304001,0,3721767,5,region5_312948039
2023-03-19 07:28,4048170905,7936760,451848,2,region5_312948041
2023-03-19 07:28,4048170905,1585538,1473364,2,region5_312948041
2023-03-19 07:28,4050721721,923809,3131966,2,region5_312948041
2023-03-19 07:28,4053189240,1024176,1048576,2,region5_312948047
2023-03-19 07:28,4053313406,2097152,1048576,5,region5_312948039
2023-03-19 07:28,4048541039,0,3065243,2,region5_312948048
2023-03-19 07:28,4052086546,0,1249280,2,region5_312948050
2023-03-19 07:28,4053335815,843550,102513,2,region5_312948041
2023-03-19 07:28,4053955543,0,8298826,3,region5_312948042
2023-03-19 07:28,4054423715,0,8317653,3,region5_312948042
2023-03-19 07:29,4051844890,0,6725909,2,region5_312948041
2023-03-19 07:29,4052455263,0,1375219,2,region5_312948047
2023-03-19 07:29,4049838215,0,916773,2,region5_312948041
2023-03-19 07:29,4053972653,0,8388608,4,region5_312948044
2023-03-19 07:29,4051446847,8192,39860,2,region5_312948043
2023-03-19 07:29,4051446847,0,176,2,region5_312948043
2023-03-19 07:29,4054474078,0,2978073,5,region5_312948039
2023-03-19 07:29,4048668069,5130937,194877,2,region5_312948041
2023-03-19 07:29,4048668069,0,2809659,2,region5_312948041
2023-03-19 07:29,4050420790,2462921,708952,2,region5_312948041
2023-03-19 07:29,4050420790,4669719,762357,2,region5_312948041
2023-03-19 07:29,4048298430,1351250,7037358,2,region5_312948046
2023-03-19 07:29,4054045234,0,716800,2,region5_312948050
2023-03-19 07:29,4053313406,3145728,1048576,5,region5_312948039
2023-03-19 07:29,4047722784,0,961052,2,region5_312948047
2023-03-19 07:29,4054045234,716800,2109440,2,region5_312948050
2023-03-19 07:29,4048282166,9875,107690,2,region5_312948047
2023-03-19 07:29,4048282166,3909423,316279,2,region5_312948047
2023-03-19 07:29,4053313406,4194304,1048576,5,region5_312948039
2023-03-19 07:29,4048541039,0,3065243,2,region5_312948048
2023-03-19 07:29,4054399446,0,2230954,2,region5_312948041
2023-03-19 07:29,4050813579,0,621335,2,region5_312948047
2023-03-19 07:29,4054045234,2826240,2101248,2,region5_312948050
2023-03-19 07:29,4054150350,0,8388608,2,region5_312948041
2023-03-19 07:29,4054167473,0,8388608,5,region5_312948039
2023-03-19 07:29,4054045234,4927488,2105344,2,region5_312948050
2023-03-19 07:29,4052937611,7913059,475549,2,region5_312948041
2023-03-19 07:29,4053972771,0,3105355,3,region5_312948042
2023-03-19 07:29,4054045234,7032832,1355776,2,region5_312948050
2023-03-19 07:29,4052937611,7485918,238967,2,region5_312948041
2023-03-19 07:29,4052937611,2671863,312543,2,region5_312948041
2023-03-19 07:29,4052937611,0,1184469,2,region5_312948041
2023-03-19 07:29,4048683728,0,3911708,2,region5_312948044
2023-03-19 07:29,4054489383,4127341,1048576,2,region5_312948045
2023-03-19 07:29,4048476379,0,417633,2,region5_312948043
2023-03-19 07:29,4050813579,621335,7767273,2,region5_312948047
2023-03-19 07:29,4049138344,0,564857,2,region5_312948047
2023-03-19 07:29,4050214981,0,8388608,2,region5_312948041
2023-03-19 07:29,4051936149,0,35529,2,region5_312948053
2023-03-19 07:29,4054314576,5839694,2548914,2,region5_312948041
2023-03-19 07:29,4054314576,0,4039566,2,region5_312948041
2023-03-19 07:29,4052086546,856064,2150400,2,region5_312948050
2023-03-19 07:29,4054532492,0,8388608,2,region5_312948044
2023-03-19 07:29,4054556699,0,8388608,5,region5_312948039
2023-03-19 07:29,4053872030,0,10096212,6,region5_312948057
2023-03-19 07:29,4051620389,0,8388608,2,region5_312948044
2023-03-19 07:29,4054515624,0,7828457,3,region5_312948042
2023-03-19 07:29,4047800750,830488,1048576,2,region5_312948047
2023-03-19 07:29,4053992368,0,2806283,2,region5_312948041
2023-03-19 07:29,4053992368,4736362,2317720,2,region5_312948041
2023-03-19 07:29,4048419450,0,3889059,2,region5_312948046
2023-03-19 07:29,4048419450,5765719,2622889,2,region5_312948046
2023-03-19 07:29,4051577259,6354464,1048576,2,region5_312948047
2023-03-19 07:29,4048047018,4684338,1048576,2,region5_312948047
2023-03-19 07:29,4048047018,4684338,1048576,2,region5_312948047
2023-03-19 07:29,4048630263,0,26945,2,region5_312948047
2023-03-19 07:29,4048630263,1203404,757951,2,region5_312948047
2023-03-19 07:29,4048580248,1306496,48,2,region5_312948043
2023-03-19 07:29,4049852826,1937962,6450646,2,region5_312948041
2023-03-19 07:29,4051577259,6354464,1048576,2,region5_312948047
2023-03-19 07:29,4051577259,6354464,1048576,2,region5_312948047
2023-03-19 07:29,4054139244,0,8388608,4,region5_312948047
2023-03-19 07:29,4053944494,0,7139737,5,region5_312948039
2023-03-19 07:29,4054017761,0,7926774,3,region5_312948042
2023-03-19 07:29,4052495022,0,18632,1,region5_312948042
2023-03-19 07:29,4052495022,18632,4194304,1,region5_312948042
2023-03-19 07:29,4047949539,5238976,238016,2,region5_312948043
2023-03-19 07:29,4054366527,358528,110016,2,region5_312948043
2023-03-19 07:29,4054610383,5269052,48364,2,region5_312948041
2023-03-19 07:29,4052495022,4212936,4157040,1,region5_312948042
2023-03-19 07:29,4053351088,102776,2857988,2,region5_312948047
2023-03-19 07:29,4052678730,601155,1268832,2,region5_312948047
2023-03-19 07:29,4051776346,1463224,1048576,1,region5_312948042
2023-03-19 07:29,4051632538,0,6170976,2,region5_312948049
2023-03-19 07:29,4050085618,1026906,7361702,2,region5_312948041
2023-03-19 07:29,4049098370,4620109,52131,2,region5_312948041
2023-03-19 07:29,4053313406,4194304,1048576,5,region5_312948039
2023-03-19 07:29,4052681652,0,7989032,2,region5_312948048
2023-03-19 07:29,4047824517,7564838,824804,2,region5_312948047
2023-03-19 07:29,4051632538,4618576,3862992,2,region5_312948049
2023-03-19 07:29,4051632538,7837776,643792,2,region5_312948049
2023-03-19 07:29,4054178100,0,5133050,2,region5_312948041
2023-03-19 07:29,4051559170,4678964,1048576,1,region5_312948042
2023-03-19 07:29,4048044598,0,947375,2,region5_312948047
2023-03-19 07:29,4054178100,7321981,180967,2,region5_312948041
2023-03-19 07:29,4054209056,0,454656,2,region5_312948052
2023-03-19 07:29,4052681652,7989032,399576,2,region5_312948048
2023-03-19 07:29,4054373807,0,3095443,3,region5_312948042
2023-03-19 07:29,4048476379,0,417633,2,region5_312948043
2023-03-19 07:29,4051756392,6124864,375680,2,region5_312948043
2023-03-19 07:29,4052894866,0,8312985,3,region5_312948042
2023-03-19 07:29,4050438312,0,8388608,2,region5_312948046
2023-03-19 07:29,4054135125,0,7709777,3,region5_312948042
2023-03-19 07:29,4054556201,3759808,162432,2,region5_312948043
2023-03-19 07:29,4048678984,1976078,123907,2,region5_312948047
2023-03-19 07:29,4047672832,896949,7491659,2,region5_312948046
2023-03-19 07:29,4052077240,2802199,3299971,2,region5_312948051
2023-03-19 07:29,4052077170,2005139,2353690,2,region5_312948047
2023-03-19 07:29,4053313406,5242880,1048576,5,region5_312948039
2023-03-19 07:29,4050417074,0,8388608,2,region5_312948044
2023-03-19 07:29,4053831319,0,5522588,2,region5_312948041
2023-03-19 07:29,4054101863,0,15361,1,region5_312948042
2023-03-19 07:29,4052367729,817152,1048576,1,region5_312948042
2023-03-19 07:29,4048688248,252756,934045,2,region5_312948047
2023-03-19 07:29,4053801396,0,8388608,5,region5_312948039
2023-03-19 07:29,4053909265,0,384,2,region5_312948043
2023-03-19 07:29,4048541039,0,3065243,2,region5_312948048
2023-03-19 07:29,4049233332,8295588,93020,2,region5_312948047
2023-03-19 07:29,4049233332,0,8295588,2,region5_312948047
2023-03-19 07:29,4054442035,0,1121053,4,region5_312948056
2023-03-19 07:29,4054442035,1114677,6372,2,region5_312948056
2023-03-19 07:29,4053909265,0,384,2,region5_312948043
2023-03-19 07:29,4054101863,15361,8357885,1,region5_312948042
2023-03-19 07:29,4051195238,0,8388608,2,region5_312948041
2023-03-19 07:29,4054255361,0,5581170,3,region5_312948042
2023-03-19 07:29,4048541039,0,3065243,2,region5_312948048
2023-03-19 07:29,4048326086,7465662,417717,2,region5_312948047
2023-03-19 07:29,4048326086,3747716,1350359,2,region5_312948047
2023-03-19 07:29,4048326086,111310,2228095,2,region5_312948047
2023-03-19 07:29,4053946203,0,8388608,2,region5_312948046
2023-03-19 07:29,4054029023,0,8388608,2,region5_312948041
2023-03-19 07:29,4050560320,0,5529390,2,region5_312948041
2023-03-19 07:29,4052678730,601155,1268832,2,region5_312948047
2023-03-19 07:29,4050599874,90433,1107182,2,region5_312948047
2023-03-19 07:29,4050599874,3902045,852249,2,region5_312948047
2023-03-19 07:29,4053909265,0,384,2,region5_312948043
2023-03-19 07:29,4054238013,0,8388608,2,region5_312948041
2023-03-19 07:29,4053313406,6291456,902220,5,region5_312948039
2023-03-19 07:29,4054426826,0,8388608,2,region5_312948041
2023-03-19 07:29,4052678730,601155,1268832,2,region5_312948047
2023-03-19 07:29,4054108557,0,8388608,2,region5_312948041
2023-03-19 07:29,4048683728,2863132,1048576,2,region5_312948047
2023-03-19 07:29,4054598933,0,965379,5,region5_312948039
2023-03-19 07:29,4049894558,0,1373704,2,region5_312948047
2023-03-19 07:29,4049894558,1373704,2477174,2,region5_312948047
2023-03-19 07:29,4049662704,0,8388608,2,region5_312948041
2023-03-19 07:29,4051036251,0,856924,2,region5_312948041
2023-03-19 07:29,4051036251,3056656,1712942,2,region5_312948041
2023-03-19 07:29,4049432455,1123259,955490,2,region5_312948047
2023-03-19 07:29,4054209056,454656,2101248,2,region5_312948052
2023-03-19 07:29,4054291063,0,598678,2,region5_312948043
2023-03-19 07:29,4049533683,0,8388608,2,region5_312948041
2023-03-19 07:29,4049233332,0,8295588,2,region5_312948047
2023-03-19 07:29,4054429069,0,176,2,region5_312948043
2023-03-19 07:29,4054291063,0,598678,2,region5_312948043
2023-03-19 07:29,4048630263,0,1961355,2,region5_312948047
2023-03-19 07:29,4053924369,0,1106485,2,region5_312948046
2023-03-19 07:29,4050043022,0,7998065,2,region5_312948041
2023-03-19 07:29,4048476379,0,417633,2,region5_312948043
2023-03-19 07:29,4050484554,0,6530345,2,region5_312948041
2023-03-19 07:29,4054118467,0,8481568,5,region5_312948039
2023-03-19 07:29,4051620389,0,8388608,2,region5_312948044
2023-03-19 07:29,4050532391,146489,557196,2,region5_312948047
2023-03-19 07:29,4050532391,1791326,597194,2,region5_312948047
2023-03-19 07:29,4054609649,0,128,2,region5_312948043
2023-03-19 07:29,4051648454,0,3860,2,region5_312948043
2023-03-19 07:29,4051901100,0,1048576,5,region5_312948039
2023-03-19 07:29,4051901100,1048576,66437,5,region5_312948039
2023-03-19 07:29,4054172125,0,1048576,5,region5_312948039
2023-03-19 07:29,4050560320,0,5529390,2,region5_312948041
2023-03-19 07:29,4049545384,1566194,707030,2,region5_312948041
2023-03-19 07:29,4054596155,323550,714841,2,region5_312948041
2023-03-19 07:29,4051651231,0,10485760,5,region5_312948039
2023-03-19 07:29,4051802163,0,8388608,2,region5_312948041
2023-03-19 07:29,4054290345,3937533,1328350,2,region5_312948046
2023-03-19 07:29,4053422352,0,5986798,2,region5_312948047
2023-03-19 07:29,4054172125,1048576,1048576,5,region5_312948039
2023-03-19 07:29,4054209056,2555904,2101248,2,region5_312948052
2023-03-19 07:29,4050065287,0,8388608,2,region5_312948041
2023-03-19 07:29,4051936149,0,35529,2,region5_312948053
2023-03-19 07:29,4054172125,2097152,1048576,5,region5_312948039
2023-03-19 07:29,4054270577,1652774,402112,2,region5_312948041
2023-03-19 07:29,4054347257,0,7186617,3,region5_312948042
2023-03-19 07:29,4054172125,3145728,883578,5,region5_312948039
2023-03-19 07:29,4048738277,0,8388608,5,region5_312948039
2023-03-19 07:29,4050616998,873416,887582,2,region5_312948047
2023-03-19 07:29,4051825404,8192,26285,2,region5_312948053
2023-03-19 07:29,4052077170,2005139,2353690,2,region5_312948047
2023-03-19 07:29,4050495228,2767482,1048576,2,region5_312948047
2023-03-19 07:29,4051692092,0,939387,2,region5_312948041
2023-03-19 07:29,4051706175,0,761049,2,region5_312948047
2023-03-19 07:29,4051769102,0,8376801,1,region5_312948042
2023-03-19 07:29,4054186152,0,8380845,1,region5_312948042
2023-03-19 07:29,4054608189,0,1189929,4,region5_312948054
2023-03-19 07:29,4051910350,6842376,981470,2,region5_312948041
2023-03-19 07:29,4054247328,0,8388608,5,region5_312948039
2023-03-19 07:29,4054265033,662718,7725890,2,region5_312948047
2023-03-19 07:29,4049291424,0,176,2,region5_312948043
2023-03-19 07:29,4051960389,1289372,852723,2,region5_312948048
2023-03-19 07:29,4054095724,0,2176,2,region5_312948043
2023-03-19 07:29,4047937871,0,912519,2,region5_312948041
2023-03-19 07:29,4048326086,1314825,6810,2,region5_312948047
2023-03-19 07:29,4054233998,0,8388608,2,region5_312948041
2023-03-19 07:29,4054465465,3170018,7128,2,region5_312948041
2023-03-19 07:29,4048770833,0,8388608,2,region5_312948041
2023-03-19 07:29,4048890789,0,3736740,2,region5_312948041
2023-03-19 07:29,4051651231,10485760,4333441,5,region5_312948039
2023-03-19 07:29,4051991659,0,5980249,2,region5_312948044
2023-03-19 07:29,4054209056,4657152,2109440,2,region5_312948052
2023-03-19 07:29,4051631677,2740324,1048576,1,region5_312948042
2023-03-19 07:29,4050484554,0,4405627,2,region5_312948047
2023-03-19 07:29,4051797714,0,8388608,4,region5_312948044
2023-03-19 07:29,4050003661,0,1357266,1,region5_312948042
2023-03-19 07:29,4054533136,0,8388608,4,region5_312948044
2023-03-19 07:29,4051642499,0,820,6,region5_312948057
2023-03-19 07:29,4052124879,7511959,876649,2,region5_312948041
2023-03-19 07:29,4052134830,0,8388608,5,region5_312948039
2023-03-19 07:29,4054152894,0,8388608,5,region5_312948039
2023-03-19 07:29,4054188285,265188,658814,2,region5_312948041
2023-03-19 07:29,4048630263,0,1961355,2,region5_312948047
2023-03-19 07:30,4052372432,6699418,1689190,2,region5_312948047
2023-03-19 07:30,4047918822,6365492,2023116,2,region5_312948041
2023-03-19 07:30,4054353986,0,5950708,2,region5_312948048
2023-03-19 07:30,4048712612,980409,12291,2,region5_312948041
2023-03-19 07:30,4054152901,1698718,6689890,2,region5_312948041
2023-03-19 07:30,4050721721,923809,3131966,2,region5_312948041
2023-03-19 07:30,4051796501,0,8388608,4,region5_312948044
2023-03-19 07:30,4052049645,0,7221470,5,region5_312948039
2023-03-19 07:30,4054151015,0,8388608,2,region5_312948041
2023-03-19 07:30,4054374050,6869376,48,2,region5_312948043
2023-03-19 07:30,4047800750,830488,1048576,2,region5_312948047
2023-03-19 07:30,4054135107,0,8388608,2,region5_312948041
2023-03-19 07:30,4054507356,0,8388608,2,region5_312948041
2023-03-19 07:30,4052595291,0,8388608,4,region5_312948051
2023-03-19 07:30,4054125493,7330394,57616,2,region5_312948041
2023-03-19 07:30,4054125493,854407,60,2,region5_312948041
2023-03-19 07:30,4054209056,6766592,1622016,2,region5_312948052
2023-03-19 07:30,4048236064,817258,1048576,2,region5_312948047
2023-03-19 07:30,4048971686,0,1229,2,region5_312948043
2023-03-19 07:30,4050322437,1650833,1571080,2,region5_312948046
2023-03-19 07:30,4047722784,0,902962,2,region5_312948047
2023-03-19 07:30,4054149340,0,8388608,2,region5_312948046
2023-03-19 07:30,4054150875,0,496401,2,region5_312948047
2023-03-19 07:30,4049484846,0,8770,2,region5_312948047
2023-03-19 07:30,4052282144,0,8388608,4,region5_312948044
2023-03-19 07:30,4049756091,0,1266536,2,region5_312948047
2023-03-19 07:30,4054339135,0,7965122,2,region5_312948041
2023-03-19 07:30,4050923755,0,5590310,2,region5_312948041
2023-03-19 07:30,4051866279,0,4063692,2,region5_312948041
2023-03-19 07:30,4049391363,0,4876418,2,region5_312948045
2023-03-19 07:30,4049756091,1792589,1822986,2,region5_312948047
2023-03-19 07:30,4049756091,4877289,948282,2,region5_312948047
2023-03-19 07:30,4054339135,2224493,53807,2,region5_312948041
2023-03-19 07:30,4054171329,0,8939060,5,region5_312948039
2023-03-19 07:30,4054366873,0,8388608,4,region5_312948044
2023-03-19 07:30,4048305856,0,1302152,2,region5_312948047
2023-03-19 07:30,4051857766,0,5550658,2,region5_312948041
2023-03-19 07:30,4047800750,830488,1048576,2,region5_312948047
2023-03-19 07:30,4047734958,1292,5608,2,region5_312948043
2023-03-19 07:30,4054196816,0,6939707,2,region5_312948046
2023-03-19 07:30,4047757709,720352,178238,2,region5_312948041
2023-03-19 07:30,4047757709,5208976,3200686,2,region5_312948041
2023-03-19 07:30,4047701534,0,8388608,2,region5_312948046
2023-03-19 07:30,4049432455,1123259,955490,2,region5_312948047
2023-03-19 07:30,4049432455,1030170,1048576,2,region5_312948047
2023-03-19 07:30,4054298701,14981,8373627,2,region5_312948041
2023-03-19 07:30,4047757709,3847441,4562221,2,region5_312948047
2023-03-19 07:30,4052086546,3006464,2105344,2,region5_312948050
2023-03-19 07:30,4048938816,5590151,2654512,2,region5_312948041
2023-03-19 07:30,4048938816,7196087,1048576,2,region5_312948041
2023-03-19 07:30,4050554199,3686912,60608,2,region5_312948043
2023-03-19 07:30,4054323211,0,8385102,3,region5_312948042
2023-03-19 07:30,4051876483,0,5375894,2,region5_312948046
2023-03-19 07:30,4047757709,0,3847441,2,region5_312948047
2023-03-19 07:30,4051939570,8549,1311130,2,region5_312948048
2023-03-19 07:30,4048938816,4919479,474085,2,region5_312948041
2023-03-19 07:30,4048938816,0,3527441,2,region5_312948041
2023-03-19 07:30,4054441690,0,10485760,5,region5_312948039
2023-03-19 07:30,4051866343,0,8481568,5,region5_312948039
2023-03-19 07:30,4047898833,0,5419898,2,region5_312948041
2023-03-19 07:30,4047898833,7700684,687924,2,region5_312948041
2023-03-19 07:30,4048476379,0,417633,2,region5_312948043
2023-03-19 07:30,4051542909,0,14362,1,region5_312948042
2023-03-19 07:30,4048821628,5890151,335708,2,region5_312948051
2023-03-19 07:30,4052272314,0,6324371,2,region5_312948041
2023-03-19 07:30,4049233332,8295588,93020,2,region5_312948047
2023-03-19 07:30,4049233332,0,8295588,2,region5_312948047
2023-03-19 07:30,4048682580,0,6763362,2,region5_312948041
2023-03-19 07:30,4054338567,0,72446,5,region5_312948039
2023-03-19 07:30,4047983429,1881020,95382,2,region5_312948041
2023-03-19 07:30,4049533683,0,8388608,2,region5_312948041
2023-03-19 07:30,4052132373,0,3895604,5,region5_312948039
2023-03-19 07:30,4048630263,1203404,757951,2,region5_312948047
2023-03-19 07:30,4051629735,1589485,2098804,2,region5_312948041
2023-03-19 07:30,4051629735,5740378,1634842,2,region5_312948041
2023-03-19 07:30,4051793079,0,7940361,2,region5_312948041
2023-03-19 07:30,4051825404,0,32768,2,region5_312948053
2023-03-19 07:30,4054297491,0,8332109,3,region5_312948042
2023-03-19 07:30,4051794179,0,8388608,5,region5_312948039
2023-03-19 07:30,4054287361,0,3069010,3,region5_312948042
2023-03-19 07:30,4054402326,0,1048576,5,region5_312948039
2023-03-19 07:30,4054441690,10485760,4308831,5,region5_312948039
2023-03-19 07:30,4052327719,0,7736014,5,region5_312948039
2023-03-19 07:30,4050029682,0,3020127,2,region5_312948047
2023-03-19 07:30,4050029682,3020127,1146374,2,region5_312948047
2023-03-19 07:30,4054402326,1048576,1048576,5,region5_312948039
2023-03-19 07:30,4051901820,0,8388608,2,region5_312948041
2023-03-19 07:30,4047921520,7655841,732767,2,region5_312948046
2023-03-19 07:30,4047921520,0,4502326,2,region5_312948046
2023-03-19 07:30,4054282932,0,5246567,5,region5_312948039
2023-03-19 07:30,4050029682,3020127,1146374,2,region5_312948047
2023-03-19 07:30,4050029682,0,3020127,2,region5_312948047
2023-03-19 07:30,4054433363,0,875383,5,region5_312948039
2023-03-19 07:30,4051873107,7046024,48,2,region5_312948043
2023-03-19 07:30,4051989810,0,3926056,2,region5_312948048
2023-03-19 07:30,4052180252,0,4110742,5,region5_312948039
2023-03-19 07:30,4054402326,2097152,1048576,5,region5_312948039
2023-03-19 07:30,4049138344,3751269,534466,2,region5_312948047
2023-03-19 07:30,4048657115,304592,65959,2,region5_312948047
2023-03-19 07:30,4051989810,8031696,356912,2,region5_312948048
2023-03-19 07:30,4051989810,3947306,2886733,2,region5_312948048
2023-03-19 07:30,4052086546,4976640,2154496,2,region5_312948050
2023-03-19 07:30,4054375997,0,8381884,1,region5_312948042
2023-03-19 07:30,4052017083,0,6487140,4,region5_312948047
2023-03-19 07:30,4050320682,605257,1819957,2,region5_312948041
2023-03-19 07:30,4054402326,3145728,1048576,5,region5_312948039
2023-03-19 07:30,4051671965,0,902690,2,region5_312948041
2023-03-19 07:30,4052121357,5878484,478949,2,region5_312948041
2023-03-19 07:30,4052121357,3580470,1948,2,region5_312948041
2023-03-19 07:30,4052121357,1021132,884832,2,region5_312948041
2023-03-19 07:30,4050320682,5412371,101199,2,region5_312948041
2023-03-19 07:30,4050320682,3854228,81748,2,region5_312948041
2023-03-19 07:30,4054348806,3708401,92316,2,region5_312948041
2023-03-19 07:30,4049219931,9404651,6553600,1,region5_312948042
2023-03-19 07:30,4051380969,0,4640443,2,region5_312948046
2023-03-19 07:30,4052201816,244814,8143794,2,region5_312948041
2023-03-19 07:30,4048692322,0,8388608,2,region5_312948041
2023-03-19 07:30,4052534702,4676453,329661,2,region5_312948047
2023-03-19 07:30,4052534702,67874,2144802,2,region5_312948047
2023-03-19 07:30,4054402326,4194304,1048576,5,region5_312948039
2023-03-19 07:30,4048536910,3742235,4451004,2,region5_312948041
2023-03-19 07:30,4048476379,0,417633,2,region5_312948043
2023-03-19 07:30,4054402326,5242880,1048576,5,region5_312948039
2023-03-19 07:30,4051786275,0,15188,1,region5_312948042
2023-03-19 07:30,4051946848,0,4989339,2,region5_312948051
2023-03-19 07:30,4051910381,7789358,91353,2,region5_312948051
2023-03-19 07:30,4051910381,75400,4299249,2,region5_312948051
2023-03-19 07:30,4052185628,0,8373688,3,region5_312948042
2023-03-19 07:30,4051542909,14362,8359884,1,region5_312948042
2023-03-19 07:30,4054402326,6291456,1048576,5,region5_312948039
2023-03-19 07:30,4049709551,0,5652857,2,region5_312948041
2023-03-19 07:30,4049709551,0,8388608,2,region5_312948051
2023-03-19 07:30,4049709551,7724880,170737,2,region5_312948041
2023-03-19 07:30,4051790803,3054635,155345,2,region5_312948041
2023-03-19 07:30,4049451607,1524004,1541141,2,region5_312948041
2023-03-19 07:30,4047722784,0,2083865,2,region5_312948048
2023-03-19 07:30,4052497932,0,483328,2,region5_312948050
2023-03-19 07:30,4050029682,0,3020127,2,region5_312948047
2023-03-19 07:30,4054402326,7340032,1048576,5,region5_312948039
2023-03-19 07:30,4051824005,0,1048576,5,region5_312948039
2023-03-19 07:30,4048282166,6909,1488502,2,region5_312948047
2023-03-19 07:30,4052497932,483328,2105344,2,region5_312948050
2023-03-19 07:30,4050029682,3020127,1146374,2,region5_312948047
2023-03-19 07:30,4054484538,0,1048576,5,region5_312948039
2023-03-19 07:30,4048797686,4567245,3821363,2,region5_312948041
2023-03-19 07:30,4048797686,0,791873,2,region5_312948041
2023-03-19 07:30,4049540378,3254050,2822842,2,region5_312948046
2023-03-19 07:30,4049540378,586060,1022555,2,region5_312948046
2023-03-19 07:30,4052497932,2588672,2109440,2,region5_312948050
2023-03-19 07:30,4050029682,0,3020127,2,region5_312948047
2023-03-19 07:30,4051641756,0,763506,2,region5_312948047
2023-03-19 07:30,4052033841,3734144,420736,2,region5_312948043
2023-03-19 07:30,4054484538,1048576,1048576,5,region5_312948039
2023-03-19 07:30,4049138344,5610050,806291,2,region5_312948048
2023-03-19 07:30,4049138344,7643661,744947,2,region5_312948048
2023-03-19 07:30,4049952995,2728326,5660282,2,region5_312948047
2023-03-19 07:30,4051993609,0,8388608,4,region5_312948044
2023-03-19 07:30,4052299933,0,61509,2,region5_312948050
2023-03-19 07:30,4052414090,4614494,3774114,2,region5_312948041
2023-03-19 07:30,4049853694,1737010,267450,2,region5_312948041
2023-03-19 07:30,4052497932,4698112,2101248,2,region5_312948050
2023-03-19 07:30,4048541039,0,3065243,2,region5_312948048
2023-03-19 07:30,4054484538,2097152,1048576,5,region5_312948039
2023-03-19 07:30,4052086546,7131136,1257472,2,region5_312948050
2023-03-19 07:30,4052497932,6799360,1589248,2,region5_312948050
2023-03-19 07:30,4052562759,0,1048576,5,region5_312948039
2023-03-19 07:30,4052600244,0,18228,4,region5_312948044
2023-03-19 07:30,4054418397,0,8385222,3,region5_312948047
2023-03-19 07:30,4054484538,3145728,24904,5,region5_312948039
2023-03-19 07:30,4051184582,888133,1048576,2,region5_312948041
2023-03-19 07:30,4051184582,0,804465,2,region5_312948041
2023-03-19 07:30,4051824005,1048576,1048576,5,region5_312948039
2023-03-19 07:30,4052093625,0,42,3,region5_312948042
2023-03-19 07:30,4052048857,0,5214486,2,region5_312948047
2023-03-19 07:30,4052476193,0,9979030,2,region5_312948044
2023-03-19 07:30,4051708894,0,128,2,region5_312948043
2023-03-19 07:30,4051786275,15188,8358232,1,region5_312948042
2023-03-19 07:30,4051886624,0,8388608,4,region5_312948044
2023-03-19 07:30,4049049581,6290528,2098080,2,region5_312948046
2023-03-19 07:30,4049049581,0,867646,2,region5_312948046
2023-03-19 07:30,4052562759,1048576,1048576,5,region5_312948039
2023-03-19 07:30,4052484157,0,4005841,2,region5_312948046
2023-03-19 07:30,4052562759,2097152,1048576,5,region5_312948039
2023-03-19 07:30,4052562759,3145728,1048576,5,region5_312948039
2023-03-19 07:30,4051670110,0,40,3,region5_312948042
2023-03-19 07:30,4047681505,4109840,4278768,2,region5_312948041
2023-03-19 07:30,4047681505,442922,53330,2,region5_312948041
2023-03-19 07:30,4048497267,5782500,162368,2,region5_312948041
2023-03-19 07:30,4051559170,5727540,1048576,1,region5_312948042
2023-03-19 07:30,4048044598,0,947375,2,region5_312948047
2023-03-19 07:30,4051620389,3191067,5197541,2,region5_312948047
2023-03-19 07:30,4052562759,4194304,1048576,5,region5_312948039
2023-03-19 07:30,4051824005,2097152,1048576,5,region5_312948039
2023-03-19 07:30,4051824005,3145728,1048576,5,region5_312948039
2023-03-19 07:30,4051641699,0,1024,2,region5_312948043
2023-03-19 07:30,4051938309,0,8364986,3,region5_312948042
2023-03-19 07:30,4052526473,0,8388608,2,region5_312948041
2023-03-19 07:30,4052562759,5242880,1048576,5,region5_312948039
2023-03-19 07:30,4054484547,0,3075503,1,region5_312948042
2023-03-19 07:30,4051641699,0,1024,2,region5_312948043
2023-03-19 07:30,4051869468,921472,263680,2,region5_312948043
2023-03-19 07:30,4051904260,0,8388608,2,region5_312948041
2023-03-19 07:30,4051913664,0,8309107,2,region5_312948051
2023-03-19 07:30,4052243276,0,4135121,5,region5_312948039
2023-03-19 07:30,4048215132,6941452,1048576,2,region5_312948041
2023-03-19 07:30,4048215132,5373429,2616599,2,region5_312948041
2023-03-19 07:30,4052541804,0,25165824,3,region5_312948051
2023-03-19 07:30,4051641699,0,1024,2,region5_312948043
2023-03-19 07:30,4051675825,0,8865,1,region5_312948042
2023-03-19 07:30,4051698215,0,8364714,1,region5_312948042
2023-03-19 07:30,4049756091,2072634,1542941,2,region5_312948047
2023-03-19 07:30,4052562759,6291456,1048576,5,region5_312948039
2023-03-19 07:30,4051675825,8865,4194304,1,region5_312948042
2023-03-19 07:30,4048215132,0,5177798,2,region5_312948041
2023-03-19 07:30,4052367729,1865728,1048576,1,region5_312948042
2023-03-19 07:30,4047954785,5227620,2668293,2,region5_312948041
2023-03-19 07:30,4047954785,6847337,1048576,2,region5_312948041
2023-03-19 07:30,4048585923,0,8388608,2,region5_312948041
2023-03-19 07:30,4048890789,0,7394793,2,region5_312948041
2023-03-19 07:30,4051631677,3788900,1048576,1,region5_312948042
2023-03-19 07:30,4051675825,4203169,4176573,1,region5_312948042
2023-03-19 07:30,4047976139,0,962571,2,region5_312948047
2023-03-19 07:30,4049905244,0,5247540,2,region5_312948046
2023-03-19 07:30,4052535557,1222315,4940456,2,region5_312948047
2023-03-19 07:30,4052562759,7340032,1048576,5,region5_312948039
2023-03-19 07:30,4052661623,2313152,731983,2,region5_312948047
2023-03-19 07:30,4047800750,830488,1048576,2,region5_312948047
2023-03-19 07:30,4047722784,0,902962,2,region5_312948047
2023-03-19 07:30,4047954785,0,5031980,2,region5_312948041
2023-03-19 07:30,4048363332,1144717,1552925,2,region5_312948047
2023-03-19 07:30,4051671638,0,5568,2,region5_312948043
2023-03-19 07:30,4052038866,2968367,8999,2,region5_312948041
2023-03-19 07:30,4052038866,6423924,36382,2,region5_312948041
2023-03-19 07:30,4052330623,947339,7441269,2,region5_312948041
2023-03-19 07:30,4048541039,0,3065243,2,region5_312948048
2023-03-19 07:30,4051870173,0,7949,2,region5_312948043
2023-03-19 07:30,4052013313,0,2991683,5,region5_312948039
2023-03-19 07:30,4050523373,4197780,1048576,2,region5_312948041
2023-03-19 07:30,4050523373,1007889,4238467,2,region5_312948041
2023-03-19 07:31,4051665304,0,4408111,2,region5_312948041
2023-03-19 07:31,4052175886,0,1048576,5,region5_312948039
2023-03-19 07:31,4051991659,0,5980249,2,region5_312948044
2023-03-19 07:31,4047848774,4045132,46219,2,region5_312948047
2023-03-19 07:31,4051619370,0,8388608,2,region5_312948041
2023-03-19 07:31,4048476379,0,417633,2,region5_312948043
2023-03-19 07:31,4051794504,1213837,12560,2,region5_312948041
2023-03-19 07:31,4052175886,1048576,990,5,region5_312948039
2023-03-19 07:31,4049034705,4212756,4175852,2,region5_312948048
2023-03-19 07:31,4051824005,3145728,1048576,5,region5_312948039
2023-03-19 07:31,4051663874,0,8388608,5,region5_312948039
2023-03-19 07:31,4051675987,0,2103518,3,region5_312948042
2023-03-19 07:31,4052596023,0,8388608,4,region5_312948044
2023-03-19 07:31,4051746657,8279840,48,2,region5_312948043
2023-03-19 07:31,4052614802,0,1018868,2,region5_312948051
2023-03-19 07:31,4049493488,3957147,3419283,2,region5_312948041
2023-03-19 07:31,4049493488,1120131,866888,2,region5_312948041
2023-03-19 07:31,4047745114,344464,80739,2,region5_312948041
2023-03-19 07:31,4052423482,0,3179583,2,region5_312948047
2023-03-19 07:31,4052140185,5988999,417588,2,region5_312948047
2023-03-19 07:31,4052423482,3179583,3958524,2,region5_312948047
2023-03-19 07:31,4052423482,0,4389196,2,region5_312948047
2023-03-19 07:31,4048048843,0,5334616,2,region5_312948041
2023-03-19 07:31,4051824005,4194304,37207,5,region5_312948039
2023-03-19 07:31,4050523373,0,806414,2,region5_312948041
2023-03-19 07:31,4049266070,6780777,1318084,2,region5_312948051
2023-03-19 07:31,4048048843,3839400,4549208,2,region5_312948041
2023-03-19 07:31,4052694986,384878,225140,2,region5_312948047
2023-03-19 07:31,4052831299,0,806912,2,region5_312948052
2023-03-19 07:31,4052217929,0,1618458,4,region5_312948056
2023-03-19 07:31,4052423482,4389196,2748911,2,region5_312948047
2023-03-19 07:31,4052831299,806912,2109440,2,region5_312948052
2023-03-19 07:31,4052620131,0,135168,2,region5_312948053
2023-03-19 07:31,4049993028,3006016,48,2,region5_312948043
2023-03-19 07:31,4051960389,1289372,852723,2,region5_312948048
2023-03-19 07:31,4052620131,135168,2109440,2,region5_312948053
2023-03-19 07:31,4050520343,2249966,578,2,region5_312948045
2023-03-19 07:31,4052620131,2244608,2113536,2,region5_312948053
2023-03-19 07:31,4052416354,5242496,199680,2,region5_312948043
2023-03-19 07:31,4052620131,4358144,2105344,2,region5_312948053
2023-03-19 07:31,4052678730,601155,1268832,2,region5_312948047
2023-03-19 07:31,4051367894,1649728,720256,2,region5_312948043
2023-03-19 07:31,4047918780,0,176,2,region5_312948043
2023-03-19 07:31,4052077170,2005139,2353690,2,region5_312948047
2023-03-19 07:31,4051947498,0,2947153,2,region5_312948051
2023-03-19 07:31,4052620131,6463488,1925120,2,region5_312948053
2023-03-19 07:31,4051776346,2511800,1048576,1,region5_312948042
2023-03-19 07:31,4048003117,0,7026810,2,region5_312948041
2023-03-19 07:31,4051947498,2947153,559922,2,region5_312948051
2023-03-19 07:31,4048492075,1080575,769915,2,region5_312948041
2023-03-19 07:31,4048492075,6402212,1342804,2,region5_312948041
2023-03-19 07:31,4050463783,6743713,515351,2,region5_312948046
2023-03-19 07:31,4050463783,6108207,1037969,2,region5_312948046
2023-03-19 07:31,4050463783,1328288,1880000,2,region5_312948046
2023-03-19 07:31,4052282821,0,1023213,5,region5_312948039
2023-03-19 07:31,4052299933,0,61509,2,region5_312948050
2023-03-19 07:31,4052536122,0,24986,2,region5_312948043
2023-03-19 07:31,4048541039,0,3065243,2,region5_312948048
2023-03-19 07:31,4052628850,0,25165824,3,region5_312948051
2023-03-19 07:31,4049319559,2068961,2764504,2,region5_312948041
2023-03-19 07:31,4049319559,3784889,1048576,2,region5_312948041
2023-03-19 07:31,4049874873,0,55994,2,region5_312948043
2023-03-19 07:31,4052858166,0,8388608,2,region5_312948046
2023-03-19 07:31,4049318120,0,7590538,2,region5_312948041
2023-03-19 07:31,4052542110,1037934,1048576,2,region5_312948047
2023-03-19 07:31,4052425542,0,826215,2,region5_312948047
2023-03-19 07:31,4051832621,0,3917850,2,region5_312948046
2023-03-19 07:31,4052714137,0,8346358,3,region5_312948042
2023-03-19 07:31,4052301885,6386258,1403065,2,region5_312948047
2023-03-19 07:31,4052345234,0,14441,1,region5_312948042
2023-03-19 07:31,4048161166,2769105,270243,2,region5_312948041
2023-03-19 07:31,4048470762,0,2796364,2,region5_312948044
2023-03-19 07:31,4052194462,7194972,1193636,2,region5_312948041
2023-03-19 07:31,4052194462,1027795,1639593,2,region5_312948041
2023-03-19 07:31,4048898006,0,8388608,2,region5_312948041
2023-03-19 07:31,4049400176,0,5839192,1,region5_312948042
2023-03-19 07:31,4052202822,0,7057366,3,region5_312948042
2023-03-19 07:31,4048281937,1540093,357,2,region5_312948041
2023-03-19 07:31,4048281937,3998438,1320,2,region5_312948041
2023-03-19 07:31,4052915673,0,8305122,3,region5_312948042
2023-03-19 07:31,4051059518,0,6538904,2,region5_312948046
2023-03-19 07:31,4052543423,0,1048576,5,region5_312948039
2023-03-19 07:31,4049626136,8099792,194,2,region5_312948048
2023-03-19 07:31,4052543423,3145728,1048576,5,region5_312948039
2023-03-19 07:31,4052543423,2097152,1048576,5,region5_312948039
2023-03-19 07:31,4052543423,1048576,1048576,5,region5_312948039
2023-03-19 07:31,4048996252,7777882,610726,2,region5_312948041
2023-03-19 07:31,4048996252,5415676,1156185,2,region5_312948041
2023-03-19 07:31,4048996252,1190158,2037944,2,region5_312948041
2023-03-19 07:31,4052145970,8333908,54700,2,region5_312948046
2023-03-19 07:31,4052145970,4718224,1798320,2,region5_312948046
2023-03-19 07:31,4052145970,387273,2852145,2,region5_312948046
2023-03-19 07:31,4052345234,14441,8359725,1,region5_312948042
2023-03-19 07:31,4052543423,4194304,1048576,5,region5_312948039
2023-03-19 07:31,4052039364,0,1052306,2,region5_312948041
2023-03-19 07:31,4052260431,0,1022154,5,region5_312948039
2023-03-19 07:31,4052492354,0,8388608,2,region5_312948041
2023-03-19 07:31,4052543423,5242880,1048576,5,region5_312948039
2023-03-19 07:31,4052578186,0,2068147,2,region5_312948047
2023-03-19 07:31,4052786303,4525792,29888,2,region5_312948043
2023-03-19 07:31,4053088826,0,1048576,5,region5_312948039
2023-03-19 07:31,4052831299,2916352,2105344,2,region5_312948052
2023-03-19 07:31,4052124873,0,986,6,region5_312948057
2023-03-19 07:31,4052543423,6291456,1048576,5,region5_312948039
2023-03-19 07:31,4052871971,0,1462567,2,region5_312948041
2023-03-19 07:31,4053085832,0,8388608,5,region5_312948039
2023-03-19 07:31,4052084937,5495670,1465072,2,region5_312948041
2023-03-19 07:31,4053088826,1048576,1048576,5,region5_312948039
2023-03-19 07:31,4047761890,0,7502124,2,region5_312948051
2023-03-19 07:31,4052540744,0,6689685,3,region5_312948042
2023-03-19 07:31,4052543423,7340032,1048576,5,region5_312948039
2023-03-19 07:31,4052869054,0,8388608,4,region5_312948054
2023-03-19 07:31,4052912332,0,2040549,2,region5_312948047
2023-03-19 07:31,4049014817,3689349,4699259,2,region5_312948041
2023-03-19 07:31,4053035359,5044286,117650,2,region5_312948047
2023-03-19 07:31,4053035359,2684897,65711,2,region5_312948047
2023-03-19 07:31,4053035359,206721,853269,2,region5_312948047
2023-03-19 07:31,4052080468,0,1667191,2,region5_312948041
2023-03-19 07:31,4052080468,4804663,3583945,2,region5_312948041
2023-03-19 07:31,4049756091,3561764,53811,2,region5_312948051
2023-03-19 07:31,4052839585,0,1646138,5,region5_312948057
2023-03-19 07:31,4053088826,2097152,1048576,5,region5_312948039
2023-03-19 07:31,4052124291,0,7105133,3,region5_312948042
2023-03-19 07:31,4049319559,0,1573724,2,region5_312948041
2023-03-19 07:31,4052603261,8095218,293390,2,region5_312948047
2023-03-19 07:31,4052831299,5021696,2109440,2,region5_312948052
2023-03-19 07:31,4048459297,1002842,1048576,2,region5_312948047
2023-03-19 07:31,4052603261,0,8095218,2,region5_312948047
2023-03-19 07:31,4048585923,0,8388608,2,region5_312948051
2023-03-19 07:31,4051019681,1109653,5100188,2,region5_312948046
2023-03-19 07:31,4049993028,610304,48,2,region5_312948043
2023-03-19 07:31,4052044680,0,1048576,5,region5_312948039
2023-03-19 07:31,4052384802,0,3083280,3,region5_312948042
2023-03-19 07:31,4052426571,0,2872114,2,region5_312948044
2023-03-19 07:31,4052997611,0,8388608,2,region5_312948044
2023-03-19 07:31,4052044680,1048576,1009564,5,region5_312948039
2023-03-19 07:31,4052368586,4808576,48,2,region5_312948043
2023-03-19 07:31,4052372432,0,370116,2,region5_312948047
2023-03-19 07:31,4053088826,3145728,1048576,5,region5_312948039
2023-03-19 07:31,4052573566,822540,48,2,region5_312948043
2023-03-19 07:31,4051703949,1342109,119949,2,region5_312948047
2023-03-19 07:31,4051703949,2793048,2130015,2,region5_312948047
2023-03-19 07:31,4052144403,0,8481568,6,region5_312948057
2023-03-19 07:31,4048770833,0,8388608,2,region5_312948041
2023-03-19 07:31,4053139164,0,20602,5,region5_312948039
2023-03-19 07:31,4052275511,0,8388608,4,region5_312948044
2023-03-19 07:31,4052322956,0,7341924,2,region5_312948041
2023-03-19 07:31,4052372432,6699418,1689190,2,region5_312948047
2023-03-19 07:31,4052564748,0,8388608,4,region5_312948044
2023-03-19 07:31,4049442205,0,176,2,region5_312948043
2023-03-19 07:31,4048644268,0,3036547,2,region5_312948046
2023-03-19 07:31,4048644268,8333332,55276,2,region5_312948046
2023-03-19 07:31,4048644268,4775642,1777577,2,region5_312948046
2023-03-19 07:31,4050734954,1178794,4787266,2,region5_312948041
2023-03-19 07:31,4052372432,370116,6329302,2,region5_312948047
2023-03-19 07:31,4049533683,0,8388608,2,region5_312948051
2023-03-19 07:31,4052821797,0,1048576,5,region5_312948039
2023-03-19 07:31,4053088826,4194304,1048576,5,region5_312948039
2023-03-19 07:31,4052969533,0,8388608,2,region5_312948046
2023-03-19 07:31,4053097470,0,1917845,2,region5_312948046
2023-03-19 07:31,4051991659,0,5980249,2,region5_312948044
2023-03-19 07:31,4048333096,2274513,6076303,2,region5_312948047
2023-03-19 07:31,4048333096,0,2274513,2,region5_312948047
2023-03-19 07:31,4052629270,0,3948,2,region5_312948043
2023-03-19 07:31,4048476379,0,417633,2,region5_312948043
2023-03-19 07:31,4052821797,1048576,1048576,5,region5_312948039
2023-03-19 07:31,4052831299,7131136,1257472,2,region5_312948052
2023-03-19 07:31,4049709551,0,2648200,2,region5_312948047
2023-03-19 07:31,4053260302,0,7608450,5,region5_312948039
2023-03-19 07:31,4052821797,2097152,1048576,5,region5_312948039
2023-03-19 07:31,4052931805,3655204,692122,2,region5_312948051
2023-03-19 07:31,4052931805,2253297,141618,2,region5_312948051
2023-03-19 07:31,4052931805,5752215,1334193,2,region5_312948051
2023-03-19 07:31,4050260453,0,2246386,1,region5_312948042
2023-03-19 07:31,4053088826,5242880,1048576,5,region5_312948039
2023-03-19 07:31,4052821797,3145728,1048576,5,region5_312948039
2023-03-19 07:31,4052188830,2417231,641469,2,region5_312948047
2023-03-19 07:31,4052367660,2593211,2024566,2,region5_312948041
2023-03-19 07:31,4052367660,0,1005166,2,region5_312948041
2023-03-19 07:31,4052367660,7666559,722049,2,region5_312948041
2023-03-19 07:31,4052433649,0,8388608,5,region5_312948039
2023-03-19 07:31,4053104212,0,629469,3,region5_312948042
2023-03-19 07:31,4047921980,2869227,5519381,2,region5_312948046
2023-03-19 07:31,4052821797,4194304,1048576,5,region5_312948039
2023-03-19 07:31,4047745114,0,8388608,2,region5_312948051
2023-03-19 07:31,4050481383,0,8388608,2,region5_312948041
2023-03-19 07:31,4049219931,15958251,851498,1,region5_312948042
2023-03-19 07:31,4049273653,0,5053406,2,region5_312948041
2023-03-19 07:31,4052949511,0,8372450,1,region5_312948042
2023-03-19 07:31,4053088826,6291456,1048576,5,region5_312948039
2023-03-19 07:31,4052372432,6699418,1689190,2,region5_312948048
2023-03-19 07:31,4052595610,0,10485760,5,region5_312948039
2023-03-19 07:31,4052821797,5242880,1048576,5,region5_312948039
2023-03-19 07:31,4052372432,0,6699418,2,region5_312948048
2023-03-19 07:31,4052539515,5142880,44800,2,region5_312948043
2023-03-19 07:31,4052821797,6291456,1048576,5,region5_312948039
2023-03-19 07:31,4052925231,0,8352864,3,region5_312948042
2023-03-19 07:31,4053291070,8080104,149375,2,region5_312948047
2023-03-19 07:31,4053291070,5897621,84154,2,region5_312948047
2023-03-19 07:31,4048683728,3893357,1967,2,region5_312948048
2023-03-19 07:31,4048683728,3780105,16884,2,region5_312948048
2023-03-19 07:31,4048683728,3895324,16384,2,region5_312948048
2023-03-19 07:31,4047757709,5208976,3200686,2,region5_312948041
2023-03-19 07:31,4047757709,720352,178238,2,region5_312948041
2023-03-19 07:31,4052858275,0,3489473,4,region5_312948044
2023-03-19 07:31,4052641077,0,856064,2,region5_312948050
2023-03-19 07:31,4048683728,3744033,36072,2,region5_312948048
2023-03-19 07:31,4048683728,0,1880121,2,region5_312948048
2023-03-19 07:31,4052821797,7340032,1048576,5,region5_312948039
2023-03-19 07:31,4053088826,7340032,1048576,5,region5_312948039
2023-03-19 07:31,4052641077,7180288,1208320,2,region5_312948050
2023-03-19 07:31,4052641077,5070848,2109440,2,region5_312948050
2023-03-19 07:31,4052641077,2965504,2105344,2,region5_312948050
2023-03-19 07:31,4052641077,856064,2109440,2,region5_312948050
2023-03-19 07:31,4048585923,0,8388608,2,region5_312948041
2023-03-19 07:31,4052821797,8388608,92960,5,region5_312948039
2023-03-19 07:31,4050369987,7900512,33472,2,region5_312948043
2023-03-19 07:31,4053175336,0,2079432,4,region5_312948044
2023-03-19 07:31,4053327927,0,25165824,3,region5_312948051
2023-03-19 07:32,4053316095,0,1048576,5,region5_312948039
2023-03-19 07:32,4052666016,0,3283508,5,region5_312948057
2023-03-19 07:32,4051103376,0,8388608,2,region5_312948041
2023-03-19 07:32,4053313264,0,1680832,2,region5_312948043
2023-03-19 07:32,4050873802,5346112,45184,2,region5_312948043
2023-03-19 07:32,4047866691,1964301,1048576,2,region5_312948045
2023-03-19 07:32,4050436411,0,524908,2,region5_312948047
2023-03-19 07:32,4050436411,0,465479,2,region5_312948047
2023-03-19 07:32,4053312698,0,8377479,3,region5_312948042
2023-03-19 07:32,4053316095,1048576,1048576,5,region5_312948039
2023-03-19 07:32,4052383896,0,6966446,2,region5_312948041
2023-03-19 07:32,4050223259,5594964,1265367,2,region5_312948041
2023-03-19 07:32,4050223259,1275309,43401,2,region5_312948041
2023-03-19 07:32,4049137135,997141,1753217,2,region5_312948041
2023-03-19 07:32,4049137135,4954924,1384789,2,region5_312948041
2023-03-19 07:32,4050436411,524908,7863700,2,region5_312948047
2023-03-19 07:32,4053152309,0,1987745,2,region5_312948046
2023-03-19 07:32,4053152309,939169,1048576,2,region5_312948046
2023-03-19 07:32,4052945470,0,1846405,2,region5_312948041
2023-03-19 07:32,4052945470,3935999,2138147,2,region5_312948041
2023-03-19 07:32,4052955714,660814,654853,2,region5_312948041
2023-03-19 07:32,4052955714,3292367,1281537,2,region5_312948041
2023-03-19 07:32,4052046916,7533743,3858,2,region5_312948048
2023-03-19 07:32,4052530077,0,860,3,region5_312948042
2023-03-19 07:32,4049821680,0,4722422,2,region5_312948047
2023-03-19 07:32,4049821680,4722422,3595756,2,region5_312948047
2023-03-19 07:32,4053059490,0,8388608,4,region5_312948044
2023-03-19 07:32,4053316095,2097152,1048576,5,region5_312948039
2023-03-19 07:32,4052046916,7537920,65359,2,region5_312948048
2023-03-19 07:32,4053316095,3145728,1048576,5,region5_312948039
2023-03-19 07:32,4053431969,5249135,3139473,2,region5_312948041
2023-03-19 07:32,4052703893,1911598,1048576,2,region5_312948058
2023-03-19 07:32,4052595610,10485760,871277,5,region5_312948039
2023-03-19 07:32,4049619110,2344147,87887,2,region5_312948041
2023-03-19 07:32,4051019681,1109653,5100188,2,region5_312948046
2023-03-19 07:32,4048569939,1455565,224695,2,region5_312948045
2023-03-19 07:32,4053296026,0,1048576,5,region5_312948039
2023-03-19 07:32,4053316095,4194304,1048576,5,region5_312948039
2023-03-19 07:32,4053316095,5242880,1048576,5,region5_312948039
2023-03-19 07:32,4047709470,2535511,1607038,2,region5_312948047
2023-03-19 07:32,4053296026,1048576,1048576,5,region5_312948039
2023-03-19 07:32,4053316095,6291456,1048576,5,region5_312948039
2023-03-19 07:32,4050054372,1019751,1776579,2,region5_312948041
2023-03-19 07:32,4050054372,7428612,959996,2,region5_312948041
2023-03-19 07:32,4053296026,2097152,1048576,5,region5_312948039
2023-03-19 07:32,4053316095,7340032,1048576,5,region5_312948039
2023-03-19 07:32,4049432455,0,1123259,2,region5_312948047
2023-03-19 07:32,4048541039,0,3065243,2,region5_312948048
2023-03-19 07:32,4051166960,7181812,1206796,2,region5_312948041
2023-03-19 07:32,4052789816,8286638,101970,2,region5_312948047
2023-03-19 07:32,4052789816,0,8286638,2,region5_312948047
2023-03-19 07:32,4053080772,0,8360967,3,region5_312948042
2023-03-19 07:32,4053296026,3145728,1048576,5,region5_312948039
2023-03-19 07:32,4053316095,8388608,1048576,5,region5_312948039
2023-03-19 07:32,4048703695,0,1206631,2,region5_312948044
2023-03-19 07:32,4052704883,0,2063907,5,region5_312948039
2023-03-19 07:32,4051559170,6776116,967039,1,region5_312948042
2023-03-19 07:32,4053316095,9437184,1048576,5,region5_312948039
2023-03-19 07:32,4053316095,10485760,1048576,5,region5_312948039
2023-03-19 07:32,4047757709,0,3847441,2,region5_312948047
2023-03-19 07:32,4052524489,0,512,2,region5_312948043
2023-03-19 07:32,4053296026,4194304,1048576,5,region5_312948039
2023-03-19 07:32,4053313791,5135573,1048576,2,region5_312948047
2023-03-19 07:32,4053313791,1596836,408240,2,region5_312948047
2023-03-19 07:32,4053316095,11534336,1048576,5,region5_312948039
2023-03-19 07:32,4052367729,2914304,1048576,1,region5_312948042
2023-03-19 07:32,4047757709,3847441,4562221,2,region5_312948047
2023-03-19 07:32,4053316095,12582912,1048576,5,region5_312948039
2023-03-19 07:32,4052831936,0,8250717,3,region5_312948042
2023-03-19 07:32,4052877349,0,321307,3,region5_312948042
2023-03-19 07:32,4052784783,0,8388608,2,region5_312948046
2023-03-19 07:32,4049391363,6911,2071,2,region5_312948051
2023-03-19 07:32,4053296026,5242880,1048576,5,region5_312948039
2023-03-19 07:32,4052404777,0,1048576,5,region5_312948039
2023-03-19 07:32,4052628479,0,3865243,4,region5_312948051
2023-03-19 07:32,4051366031,1366595,10599,2,region5_312948041
2023-03-19 07:32,4053296026,6291456,1048576,5,region5_312948039
2023-03-19 07:32,4053316095,13631488,1048576,5,region5_312948039
2023-03-19 07:32,4050043236,0,8388608,2,region5_312948041
2023-03-19 07:32,4053296026,7340032,1048576,5,region5_312948039
2023-03-19 07:32,4053316095,14680064,1048576,5,region5_312948039
2023-03-19 07:32,4050560320,0,5529390,2,region5_312948041
2023-03-19 07:32,4053316095,15728640,1048576,5,region5_312948039
2023-03-19 07:32,4053316095,16777216,125100,5,region5_312948039
2023-03-19 07:32,4048683728,1880121,1863912,2,region5_312948048
2023-03-19 07:32,4050560320,0,5529390,2,region5_312948041
2023-03-19 07:32,4049716352,0,8388608,2,region5_312948041
2023-03-19 07:32,4048585923,0,8388608,2,region5_312948041
2023-03-19 07:32,4049709551,7724880,170737,2,region5_312948041
2023-03-19 07:32,4049709551,0,5652857,2,region5_312948041
2023-03-19 07:32,4053041267,0,8366431,3,region5_312948042
2023-03-19 07:32,4053104557,0,8349916,3,region5_312948042
2023-03-19 07:32,4051776780,0,8388608,2,region5_312948051
2023-03-19 07:32,4051003398,390583,1842706,2,region5_312948041
2023-03-19 07:32,4052525592,0,1048576,5,region5_312948039
2023-03-19 07:32,4048630263,1203404,757951,2,region5_312948047
2023-03-19 07:32,4053540332,0,8388608,2,region5_312948044
2023-03-19 07:32,4052525592,1048576,946791,5,region5_312948039
2023-03-19 07:32,4048630263,1203404,10295,2,region5_312948047
2023-03-19 07:32,4053003899,0,3181150,3,region5_312948042
2023-03-19 07:32,4053213111,0,2012060,3,region5_312948042
2023-03-19 07:32,4048044598,0,947375,2,region5_312948047
2023-03-19 07:32,4047705765,0,176,2,region5_312948043
2023-03-19 07:32,4048232177,0,194848,2,region5_312948047
2023-03-19 07:32,4053245915,0,8388608,2,region5_312948051
2023-03-19 07:32,4053480095,3623088,4765520,2,region5_312948046
2023-03-19 07:32,4047752465,0,105600,2,region5_312948047
2023-03-19 07:32,4047752465,3843696,124252,2,region5_312948047
2023-03-19 07:32,4049623091,0,953191,2,region5_312948047
2023-03-19 07:32,4052588184,0,8388608,5,region5_312948039
2023-03-19 07:32,4048455899,775893,1048576,2,region5_312948041
2023-03-19 07:32,4053021456,0,1048576,5,region5_312948039
2023-03-19 07:32,4053482731,0,8378432,3,region5_312948042
2023-03-19 07:32,4048455899,0,693223,2,region5_312948041
2023-03-19 07:32,4052530524,3602798,574257,2,region5_312948045
2023-03-19 07:32,4052451376,3857878,1048576,2,region5_312948041
2023-03-19 07:32,4052451376,3421885,1484569,2,region5_312948041
2023-03-19 07:32,4052614190,5088433,1036644,2,region5_312948046
2023-03-19 07:32,4053021456,1048576,1048576,5,region5_312948039
2023-03-19 07:32,4053074570,0,8388608,2,region5_312948046
2023-03-19 07:32,4053147483,0,2861239,2,region5_312948047
2023-03-19 07:32,4052451376,0,425431,2,region5_312948041
2023-03-19 07:32,4053212438,0,8388608,5,region5_312948039
2023-03-19 07:32,4053432492,0,176,2,region5_312948043
2023-03-19 07:32,4049756091,2072634,1542941,2,region5_312948047
2023-03-19 07:32,4048378398,0,953662,2,region5_312948041
2023-03-19 07:32,4052729320,0,588194,2,region5_312948041
2023-03-19 07:32,4052881764,5759823,249,2,region5_312948048
2023-03-19 07:32,4050002383,0,3784012,2,region5_312948047
2023-03-19 07:32,4053021456,2097152,1048576,5,region5_312948039
2023-03-19 07:32,4053452884,0,2713219,2,region5_312948046
2023-03-19 07:32,4053452884,4807483,3581125,2,region5_312948046
2023-03-19 07:32,4053646637,0,4852,2,region5_312948043
2023-03-19 07:32,4051620389,0,3191067,2,region5_312948047
2023-03-19 07:32,4050029682,0,3020127,2,region5_312948047
2023-03-19 07:32,4049621392,0,7381199,2,region5_312948047
2023-03-19 07:32,4047866691,1964301,1048576,2,region5_312948047
2023-03-19 07:32,4049709551,7724880,170737,2,region5_312948041
2023-03-19 07:32,4049709551,0,5652857,2,region5_312948041
2023-03-19 07:32,4050002383,3784012,4604596,2,region5_312948047
2023-03-19 07:32,4049529342,0,8372000,1,region5_312948042
2023-03-19 07:32,4050029682,3020127,1146374,2,region5_312948047
2023-03-19 07:32,4051631677,4837476,1048576,1,region5_312948042
2023-03-19 07:32,4052771079,0,4937870,2,region5_312948041
2023-03-19 07:32,4053021456,3145728,1048576,5,region5_312948039
2023-03-19 07:32,4053412763,0,8262379,3,region5_312948042
2023-03-19 07:32,4052636723,4993903,1388030,2,region5_312948041
2023-03-19 07:32,4053021456,4194304,1000275,5,region5_312948039
2023-03-19 07:32,4052344631,1034145,1898187,2,region5_312948041
2023-03-19 07:32,4052344631,7963973,424635,2,region5_312948041
2023-03-19 07:32,4052344631,5556364,1665,2,region5_312948041
2023-03-19 07:32,4050029682,0,3020127,2,region5_312948047
2023-03-19 07:32,4049904872,2764027,1478307,2,region5_312948041
2023-03-19 07:32,4052881764,0,5759823,2,region5_312948048
2023-03-19 07:32,4051832307,0,8388608,2,region5_312948041
2023-03-19 07:32,4052956656,0,8388608,5,region5_312948039
2023-03-19 07:32,4049026158,7634391,54770,2,region5_312948041
2023-03-19 07:32,4049266070,6780777,1318084,2,region5_312948047
2023-03-19 07:32,4052106103,13806696,1456,2,region5_312948047
2023-03-19 07:32,4053754771,5859200,488128,2,region5_312948043
2023-03-19 07:32,4050963034,5957778,735444,2,region5_312948048
2023-03-19 07:32,4048417906,0,176,2,region5_312948043
2023-03-19 07:32,4049756091,0,1266536,2,region5_312948047
2023-03-19 07:32,4053474077,2751881,1702998,2,region5_312948046
2023-03-19 07:32,4049756091,1752487,2136663,2,region5_312948047
2023-03-19 07:32,4049756091,5151929,69997,2,region5_312948047
2023-03-19 07:32,4048475865,243034,843360,2,region5_312948051
2023-03-19 07:32,4053021024,0,1048576,5,region5_312948039
2023-03-19 07:32,4053622409,1489680,2113536,2,region5_312948053
2023-03-19 07:32,4053622409,0,1489680,2,region5_312948053
2023-03-19 07:32,4048541039,0,3065243,2,region5_312948048
2023-03-19 07:32,4048476379,0,417633,2,region5_312948043
2023-03-19 07:32,4053021024,1048576,1048576,5,region5_312948039
2023-03-19 07:32,4051638670,4660594,1185893,2,region5_312948047
2023-03-19 07:32,4053622409,5729040,245292,2,region5_312948053
2023-03-19 07:32,4053622409,3603216,2125824,2,region5_312948053
2023-03-19 07:32,4052758352,4096,26669,2,region5_312948053
2023-03-19 07:32,4053021024,2097152,1048576,5,region5_312948039
2023-03-19 07:32,4052836374,0,2325141,4,region5_312948044
2023-03-19 07:32,4053021024,3145728,1048576,5,region5_312948039
2023-03-19 07:32,4049205491,0,8388608,2,region5_312948041
2023-03-19 07:32,4049533683,0,8388608,2,region5_312948041
2023-03-19 07:32,4050092136,3316444,4139503,2,region5_312948041
2023-03-19 07:32,4053456284,0,6240411,2,region5_312948046
2023-03-19 07:32,4053737584,0,4928917,5,region5_312948039
2023-03-19 07:32,4050120229,306152,8082456,2,region5_312948041
2023-03-19 07:32,4047722463,0,8388608,2,region5_312948046
2023-03-19 07:32,4053021024,4194304,1048576,5,region5_312948039
2023-03-19 07:32,4053223751,0,8388608,5,region5_312948039
2023-03-19 07:32,4053334579,0,1226011,3,region5_312948042
2023-03-19 07:32,4053021024,5242880,1048576,5,region5_312948039
2023-03-19 07:32,4053416702,5527360,48,2,region5_312948043
2023-03-19 07:32,4053474085,0,8388608,5,region5_312948039
2023-03-19 07:32,4050135822,3527,8278194,2,region5_312948051
2023-03-19 07:32,4047824517,7564838,824804,2,region5_312948047
2023-03-19 07:32,4048630263,0,1961355,2,region5_312948048
2023-03-19 07:32,4052881764,5746907,16384,2,region5_312948048
2023-03-19 07:32,4053021024,6291456,1048576,5,region5_312948039
2023-03-19 07:32,4049072502,0,20967,2,region5_312948043
2023-03-19 07:32,4047866691,1964301,1048576,2,region5_312948045
2023-03-19 07:32,4049042047,0,8388608,2,region5_312948041
2023-03-19 07:32,4053021024,7340032,1048576,5,region5_312948039
2023-03-19 07:32,4050800943,4946952,165005,2,region5_312948041
2023-03-19 07:32,4050800943,0,2928784,2,region5_312948041
2023-03-19 07:32,4053794837,0,8388608,5,region5_312948039
2023-03-19 07:32,4053798878,0,8388608,2,region5_312948041
2023-03-19 07:32,4050847691,8016899,228187,2,region5_312948048
2023-03-19 07:32,4050847691,38775,683835,2,region5_312948048
2023-03-19 07:32,4050847691,2713332,1118669,2,region5_312948048
2023-03-19 07:32,4049400176,5839192,2531410,1,region5_312948042
2023-03-19 07:32,4049337745,6099360,45696,2,region5_312948043
2023-03-19 07:32,4053456459,0,6845340,3,region5_312948042
2023-03-19 07:32,4053908031,0,8388608,2,region5_312948041
2023-03-19 07:32,4052808653,0,8481568,5,region5_312948039
2023-03-19 07:32,4053289529,0,8255628,3,region5_312948042
2023-03-19 07:32,4051776346,3560376,1048576,1,region5_312948042
2023-03-19 07:32,4052404777,0,1048576,5,region5_312948039
2023-03-19 07:32,4051620389,0,8388608,2,region5_312948044
2023-03-19 07:32,4048492075,1080623,6664393,2,region5_312948047
2023-03-19 07:32,4048569939,1455565,224695,2,region5_312948045
2023-03-19 07:32,4047800750,830488,1048576,2,region5_312948047
2023-03-19 07:33,4048657115,8164914,197049,2,region5_312948047
2023-03-19 07:33,4048657115,2176182,281989,2,region5_312948047
2023-03-19 07:33,4048657115,59690,310861,2,region5_312948047
2023-03-19 07:33,4053494781,2380608,1000832,2,region5_312948043
2023-03-19 07:33,4051690111,0,5913995,2,region5_312948047
2023-03-19 07:33,4048703695,0,1206631,2,region5_312948044
2023-03-19 07:33,4048375125,2729814,1935392,2,region5_312948041
2023-03-19 07:33,4053127803,0,1002855,5,region5_312948039
2023-03-19 07:33,4049626136,8099792,194,2,region5_312948048
2023-03-19 07:33,4049626136,0,1175033,2,region5_312948048
2023-03-19 07:33,4047831874,0,2082650,2,region5_312948041
2023-03-19 07:33,4051690111,5913995,2474613,2,region5_312948047
2023-03-19 07:33,4048198824,7385898,327433,2,region5_312948041
2023-03-19 07:33,4048198824,0,5830972,2,region5_312948041
2023-03-19 07:33,4050919270,1390808,323,2,region5_312948041
2023-03-19 07:33,4050919270,3556631,1207,2,region5_312948041
2023-03-19 07:33,4051724358,6966087,1048576,2,region5_312948051
2023-03-19 07:33,4053494781,4617920,686848,2,region5_312948043
2023-03-19 07:33,4053147283,574048,221704,2,region5_312948047
2023-03-19 07:33,4053156211,0,9273197,6,region5_312948057
2023-03-19 07:33,4048541039,0,3065243,2,region5_312948048
2023-03-19 07:33,4052924510,0,4047510,2,region5_312948046
2023-03-19 07:33,4052924510,7953510,435098,2,region5_312948046
2023-03-19 07:33,4051724358,3523925,79124,2,region5_312948051
2023-03-19 07:33,4053348738,0,5096664,1,region5_312948042
2023-03-19 07:33,4053456677,0,716800,2,region5_312948052
2023-03-19 07:33,4049171982,0,2017,2,region5_312948043
2023-03-19 07:33,4053786048,0,176,2,region5_312948043
2023-03-19 07:33,4047871498,0,278816,2,region5_312948043
2023-03-19 07:33,4053116068,1310128,597612,2,region5_312948041
2023-03-19 07:33,4047800750,0,1822972,2,region5_312948047
2023-03-19 07:33,4047800750,830488,1048576,2,region5_312948047
2023-03-19 07:33,4053154617,5480544,169658,2,region5_312948041
2023-03-19 07:33,4049335522,0,940182,2,region5_312948047
2023-03-19 07:33,4048585923,0,8388608,2,region5_312948041
2023-03-19 07:33,4053079421,0,5057692,2,region5_312948048
2023-03-19 07:33,4053019070,0,16316,3,region5_312948042
2023-03-19 07:33,4053268465,0,8481568,2,region5_312948049
2023-03-19 07:33,4053456677,716800,2101248,2,region5_312948052
2023-03-19 07:33,4048767237,0,810817,2,region5_312948046
2023-03-19 07:33,4048767237,2189818,5659700,2,region5_312948046
2023-03-19 07:33,4047681377,0,44592,2,region5_312948047
2023-03-19 07:33,4053104212,0,629469,1,region5_312948042
2023-03-19 07:33,4053144010,0,3834077,4,region5_312948044
2023-03-19 07:33,4050260453,2246386,4899887,1,region5_312948042
2023-03-19 07:33,4053348738,5096664,743611,1,region5_312948042
2023-03-19 07:33,4047681377,0,3035715,2,region5_312948047
2023-03-19 07:33,4051103376,0,8388608,2,region5_312948041
2023-03-19 07:33,4051293068,0,8388608,2,region5_312948046
2023-03-19 07:33,4047681505,4109840,4278768,2,region5_312948041
2023-03-19 07:33,4047681505,442922,53330,2,region5_312948041
2023-03-19 07:33,4053456677,2818048,2109440,2,region5_312948052
2023-03-19 07:33,4053576316,0,4806042,2,region5_312948041
2023-03-19 07:33,4048476379,0,417633,2,region5_312948043
2023-03-19 07:33,4053225941,0,8388608,4,region5_312948044
2023-03-19 07:33,4053552519,0,8388608,2,region5_312948041
2023-03-19 07:33,4053678699,0,8481568,5,region5_312948039
2023-03-19 07:33,4053730973,7269048,1119560,2,region5_312948048
2023-03-19 07:33,4053017400,0,8360715,3,region5_312948042
2023-03-19 07:33,4053136461,128,128,2,region5_312948043
2023-03-19 07:33,4053456677,4927488,2117632,2,region5_312948052
2023-03-19 07:33,4050135822,3460554,1104639,2,region5_312948047
2023-03-19 07:33,4050135822,40385,35708,2,region5_312948047
2023-03-19 07:33,4053914644,2514261,1626111,2,region5_312948046
2023-03-19 07:33,4053914644,3091796,1048576,2,region5_312948046
2023-03-19 07:33,4052721664,5172622,58782,2,region5_312948045
2023-03-19 07:33,4053492899,0,5015812,3,region5_312948051
2023-03-19 07:33,4053629860,0,313598,2,region5_312948047
2023-03-19 07:33,4052986239,4247056,786231,2,region5_312948041
2023-03-19 07:33,4053350270,0,5271316,2,region5_312948043
2023-03-19 07:33,4053456677,7045120,1343488,2,region5_312948052
2023-03-19 07:33,4048541039,0,3065243,2,region5_312948048
2023-03-19 07:33,4048585923,0,8388608,2,region5_312948041
2023-03-19 07:33,4047722784,0,902962,2,region5_312948047
2023-03-19 07:33,4053350270,5254164,4478816,2,region5_312948043
2023-03-19 07:33,4050560320,0,5529390,2,region5_312948041
2023-03-19 07:33,4053730973,0,7269048,2,region5_312948048
2023-03-19 07:33,4049738242,0,867767,2,region5_312948041
2023-03-19 07:33,4049738242,0,867767,2,region5_312948041
2023-03-19 07:33,4050482159,0,27,2,region5_312948047
2023-03-19 07:33,4049167335,5029359,64438,2,region5_312948048
2023-03-19 07:33,4049167335,5025045,3990,2,region5_312948048
2023-03-19 07:33,4053552556,0,8481568,5,region5_312948039
2023-03-19 07:33,4047722784,544166,358796,2,region5_312948047
2023-03-19 07:33,4053386067,0,8388608,2,region5_312948041
2023-03-19 07:33,4052404777,0,1048576,5,region5_312948039
2023-03-19 07:33,4050560320,0,5529390,2,region5_312948041
2023-03-19 07:33,4049516897,0,1048576,1,region5_312948042
2023-03-19 07:33,4048585923,0,8388608,2,region5_312948041
2023-03-19 07:33,4054024161,0,8388608,2,region5_312948046
2023-03-19 07:33,4053078348,0,8374965,1,region5_312948042
2023-03-19 07:33,4053858037,0,1048576,5,region5_312948039
2023-03-19 07:33,4049391363,0,8388608,2,region5_312948044
2023-03-19 07:33,4047937027,413698,10662,2,region5_312948041
2023-03-19 07:33,4051641617,0,2973660,2,region5_312948047
2023-03-19 07:33,4052348144,422720,185344,2,region5_312948043
2023-03-19 07:33,4048062860,0,2357038,2,region5_312948046
2023-03-19 07:33,4048062860,7262288,1126320,2,region5_312948046
2023-03-19 07:33,4053734907,0,8388608,2,region5_312948051
2023-03-19 07:33,4053858037,1048576,1048576,5,region5_312948039
2023-03-19 07:33,4048688248,1084691,333220,2,region5_312948047
2023-03-19 07:33,4048661589,2586671,5801937,2,region5_312948041
2023-03-19 07:33,4052090870,360,70270,2,region5_312948048
2023-03-19 07:33,4053858037,2097152,1048576,5,region5_312948039
2023-03-19 07:33,4049391363,0,8388608,2,region5_312948044
2023-03-19 07:33,4053858037,3145728,1048576,5,region5_312948039
2023-03-19 07:33,4054126616,0,13580,1,region5_312948042
2023-03-19 07:33,4048122062,0,8388608,2,region5_312948051
2023-03-19 07:33,4048459297,1002842,1048576,2,region5_312948047
2023-03-19 07:33,4053268775,1079083,36138,2,region5_312948047
2023-03-19 07:33,4049233332,0,8388608,2,region5_312948044
2023-03-19 07:33,4053699872,0,58782,2,region5_312948050
2023-03-19 07:33,4053858037,4194304,1048576,5,region5_312948039
2023-03-19 07:33,4050051774,0,360967,2,region5_312948053
2023-03-19 07:33,4051955542,6419264,59200,2,region5_312948043
2023-03-19 07:33,4053708781,0,8261101,3,region5_312948042
2023-03-19 07:33,4047954597,0,8388608,2,region5_312948046
2023-03-19 07:33,4053858037,5242880,1048576,5,region5_312948039
2023-03-19 07:33,4050995667,0,2028286,2,region5_312948041
2023-03-19 07:33,4050995667,979710,1048576,2,region5_312948041
2023-03-19 07:33,4053734907,3177034,5211574,2,region5_312948051
2023-03-19 07:33,4053437524,0,812090,1,region5_312948042
2023-03-19 07:33,4054234236,0,8481568,5,region5_312948039
2023-03-19 07:33,4053302512,0,12613236,6,region5_312948057
2023-03-19 07:33,4053061968,6146910,58260,2,region5_312948045
2023-03-19 07:33,4053858037,6291456,1048576,5,region5_312948039
2023-03-19 07:33,4048630263,95510,8659,2,region5_312948048
2023-03-19 07:33,4048630263,1203404,757951,2,region5_312948048
2023-03-19 07:33,4053302512,0,12613236,6,region5_312948057
2023-03-19 07:33,4051059518,0,6538904,2,region5_312948046
2023-03-19 07:33,4053494781,21705472,1000832,2,region5_312948043
2023-03-19 07:33,4053858037,7340032,1048576,5,region5_312948039
2023-03-19 07:33,4050282491,0,4839063,2,region5_312948046
2023-03-19 07:33,4048459297,1002842,1048576,2,region5_312948047
2023-03-19 07:33,4051555856,0,21333,2,region5_312948048
2023-03-19 07:33,4051338891,0,6174286,1,region5_312948042
2023-03-19 07:33,4052175598,5928476,696320,2,region5_312948041
2023-03-19 07:33,4053296024,0,1029009,5,region5_312948039
2023-03-19 07:33,4047937027,3495726,838,2,region5_312948041
2023-03-19 07:33,4047937027,1647294,436898,2,region5_312948041
2023-03-19 07:33,4047937027,7871519,433773,2,region5_312948041
2023-03-19 07:33,4049049581,6290528,2098080,2,region5_312948046
2023-03-19 07:33,4053884802,0,3967664,2,region5_312948051
2023-03-19 07:33,4053668286,0,1913223,2,region5_312948047
2023-03-19 07:33,4054079684,0,1725474,2,region5_312948051
2023-03-19 07:33,4054126616,13580,8361448,1,region5_312948042
2023-03-19 07:33,4053381552,0,8377427,3,region5_312948042
2023-03-19 07:33,4051513190,0,939557,2,region5_312948041
2023-03-19 07:33,4053118868,0,65536,2,region5_312948052
2023-03-19 07:33,4048282166,6909,1488502,2,region5_312948047
2023-03-19 07:33,4051394440,1692347,1251607,2,region5_312948047
2023-03-19 07:33,4051394440,0,585951,2,region5_312948047
2023-03-19 07:33,4048289430,0,176,2,region5_312948043
2023-03-19 07:33,4048467586,3443017,4945591,2,region5_312948041
2023-03-19 07:33,4048461053,0,2029239,2,region5_312948041
2023-03-19 07:33,4054317800,0,10485760,5,region5_312948039
2023-03-19 07:33,4049134184,4788551,1366977,2,region5_312948046
2023-03-19 07:33,4049134184,0,4597305,2,region5_312948046
2023-03-19 07:33,4049134184,5106952,1048576,2,region5_312948046
2023-03-19 07:33,4053875973,0,5639400,3,region5_312948042
2023-03-19 07:33,4053909791,0,8388608,4,region5_312948044
2023-03-19 07:33,4054068704,2302484,6086124,2,region5_312948041
2023-03-19 07:33,4054079684,1725474,6663134,2,region5_312948051
2023-03-19 07:33,4049756091,3561764,53811,2,region5_312948051
2023-03-19 07:33,4049034705,4212756,4175852,2,region5_312948047
2023-03-19 07:33,4051703949,3874481,1048576,2,region5_312948047
2023-03-19 07:33,4053490736,6863637,1048576,2,region5_312948041
2023-03-19 07:33,4051743652,7396581,372527,2,region5_312948041
2023-03-19 07:33,4049905458,5500290,2888318,2,region5_312948041
2023-03-19 07:33,4049905458,0,1498017,2,region5_312948041
2023-03-19 07:33,4053739797,3484638,1656039,2,region5_312948041
2023-03-19 07:33,4049516897,1048576,1048576,1,region5_312948042
2023-03-19 07:33,4048476379,0,417633,2,region5_312948043
2023-03-19 07:33,4053945552,0,2828030,3,region5_312948042
2023-03-19 07:33,4047709470,2535511,1607038,2,region5_312948047
2023-03-19 07:33,4047921980,4273924,1411557,2,region5_312948046
2023-03-19 07:33,4053437524,812090,7170473,1,region5_312948042
2023-03-19 07:33,4054036293,0,1048576,5,region5_312948039
2023-03-19 07:33,4053422352,0,5986798,2,region5_312948047
2023-03-19 07:33,4053628277,0,1972,2,region5_312948043
2023-03-19 07:33,4050763727,3509832,2039922,2,region5_312948041
2023-03-19 07:33,4050763727,7761948,626660,2,region5_312948041
2023-03-19 07:33,4054036293,1048576,1048576,5,region5_312948039
2023-03-19 07:33,4051856345,0,1048576,5,region5_312948039
2023-03-19 07:33,4053306410,0,8388608,5,region5_312948039
2023-03-19 07:33,4051703949,996102,114749,2,region5_312948047
2023-03-19 07:33,4049479626,0,5983859,2,region5_312948041
2023-03-19 07:33,4051101868,0,1070049,2,region5_312948041
2023-03-19 07:33,4051184582,888133,1048576,2,region5_312948041
2023-03-19 07:33,4051184582,0,804465,2,region5_312948041
2023-03-19 07:33,4051856345,2097152,1048576,5,region5_312948039
2023-03-19 07:33,4051856345,1048576,1048576,5,region5_312948039
2023-03-19 07:33,4052090870,4165778,136752,2,region5_312948048
2023-03-19 07:33,4052090870,360,70270,2,region5_312948048
2023-03-19 07:33,4052229420,2882586,3558457,2,region5_312948041
2023-03-19 07:33,4048751650,0,236832,2,region5_312948043
2023-03-19 07:33,4054225975,0,7221052,5,region5_312948039
2023-03-19 07:33,4051791825,0,2074,2,region5_312948043
2023-03-19 07:33,4052367729,3962880,1048576,1,region5_312948042
2023-03-19 07:33,4051856345,3145728,1048576,5,region5_312948039
2023-03-19 07:33,4052050779,0,6200734,2,region5_312948051
2023-03-19 07:33,4052583688,0,5768362,2,region5_312948041
2023-03-19 07:33,4052583688,5962853,1342732,2,region5_312948041
2023-03-19 07:33,4052583688,6257009,1048576,2,region5_312948041
2023-03-19 07:33,4054036293,2097152,1048576,5,region5_312948039
2023-03-19 07:33,4054036293,5242880,1048576,5,region5_312948039
2023-03-19 07:33,4054036293,4194304,1048576,5,region5_312948039
2023-03-19 07:33,4054036293,3145728,1048576,5,region5_312948039
2023-03-19 07:33,4047800750,830488,1048576,2,region5_312948047
2023-03-19 07:33,4051701843,0,628374,4,region5_312948047
2023-03-19 07:33,4048244528,2899133,22994,2,region5_312948047
2023-03-19 07:33,4048244528,7532122,1751,2,region5_312948047
2023-03-19 07:33,4051631677,5886052,1048576,1,region5_312948042
2023-03-19 07:33,4054036293,7340032,1048576,5,region5_312948039
2023-03-19 07:33,4054036293,6291456,1048576,5,region5_312948039
2023-03-19 07:33,4054317800,10485760,2768333,5,region5_312948039
2023-03-19 07:33,4047800750,0,1822972,2,region5_312948047
2023-03-19 07:33,4047800750,0,1822972,2,region5_312948047
2023-03-19 07:33,4051792648,0,7671591,2,region5_312948046
2023-03-19 07:33,4051856345,4194304,1048576,5,region5_312948039
2023-03-19 07:33,4052050779,6200734,2187874,2,region5_312948051
2023-03-19 07:33,4054265694,0,6910,3,region5_312948042
2023-03-19 07:33,4051856345,5242880,1048576,5,region5_312948039
2023-03-19 07:33,4053097840,0,1003094,2,region5_312948047
2023-03-19 07:33,4050029682,3020127,1146374,2,region5_312948047
2023-03-19 07:33,4054036293,8388608,92960,5,region5_312948039
2023-03-19 07:33,4049391363,4465988,21813,2,region5_312948041
2023-03-19 07:33,4051856345,6291456,1048576,5,region5_312948039
2023-03-19 07:33,4052678730,601155,1268832,2,region5_312948047
2023-03-19 07:33,4053931878,0,627598,3,region5_312948042
2023-03-19 07:33,4051864580,3807792,1048576,2,region5_312948046
2023-03-19 07:33,4053601878,0,8362058,3,region5_312948042
2023-03-19 07:33,4051366031,1366595,10599,2,region5_312948041
2023-03-19 07:33,4053933015,5597472,96192,2,region5_312948043
2023-03-19 07:33,4053935381,0,724448,5,region5_312948039
2023-03-19 07:33,4051864580,3261151,1595217,2,region5_312948046
2023-03-19 07:33,4048044598,0,947375,2,region5_312948047
2023-03-19 07:33,4050029682,3020127,1146374,2,region5_312948047
2023-03-19 07:33,4050029682,0,3020127,2,region5_312948047
2023-03-19 07:33,4047945011,0,8388608,2,region5_312948041
2023-03-19 07:33,4049070930,0,176,2,region5_312948043
2023-03-19 07:33,4048476379,0,417633,2,region5_312948043
2023-03-19 07:33,4047745114,1190767,87490,2,region5_312948041
2023-03-19 07:33,4047745114,3707166,562616,2,region5_312948041
2023-03-19 07:33,4053699872,0,58782,2,region5_312948050
2023-03-19 07:33,4047866691,1964301,1048576,2,region5_312948045
2023-03-19 07:33,4047800750,830488,1048576,2,region5_312948047
2023-03-19 07:33,4051856345,7340032,1048576,5,region5_312948039
2023-03-19 07:33,4049516897,2097152,1048576,1,region5_312948042
2023-03-19 07:33,4050260453,7146273,271410,1,region5_312948042
2023-03-19 07:33,4049761745,6241105,748632,2,region5_312948041
2023-03-19 07:33,4053728592,0,8353669,3,region5_312948042
2023-03-19 07:33,4054316862,0,8388608,4,region5_312948040
2023-03-19 07:33,4053708613,0,585609,2,region5_312948047
2023-03-19 07:33,4053847703,0,4178960,2,region5_312948046
2023-03-19 07:33,4051856345,8388608,92960,5,region5_312948039
2023-03-19 07:33,4050219297,0,2279024,1,region5_312948042
2023-03-19 07:33,4053019070,0,16316,1,region5_312948042
2023-03-19 07:33,4053642386,0,20791594,3,region5_312948051
2023-03-19 07:33,4048236064,0,310352,2,region5_312948047
2023-03-19 07:33,4048236064,817258,1048576,2,region5_312948047
2023-03-19 07:34,4053672458,0,8365472,1,region5_312948042
2023-03-19 07:34,4048541039,0,3065243,2,region5_312948048
2023-03-19 07:34,4048569939,1455565,224695,2,region5_312948045
2023-03-19 07:34,4054062680,3606406,4782202,2,region5_312948046
2023-03-19 07:34,4054062680,0,2050567,2,region5_312948046
2023-03-19 07:34,4053709304,1822720,2129920,2,region5_312948050
2023-03-19 07:34,4053709304,0,1822720,2,region5_312948050
2023-03-19 07:34,4053351088,116017,2844747,2,region5_312948047
2023-03-19 07:34,4052758352,0,30765,2,region5_312948053
2023-03-19 07:34,4054138575,0,8388608,5,region5_312948039
2023-03-19 07:34,4053709304,8232960,155648,2,region5_312948050
2023-03-19 07:34,4053709304,6086656,2146304,2,region5_312948050
2023-03-19 07:34,4053709304,3952640,2134016,2,region5_312948050
2023-03-19 07:34,4050969048,0,8388608,2,region5_312948041
2023-03-19 07:34,4054286020,0,5012857,5,region5_312948039
2023-03-19 07:34,4047807593,761382,1607494,2,region5_312948047
2023-03-19 07:34,4051969348,2845827,2591,2,region5_312948047
2023-03-19 07:34,4054105585,0,5849503,5,region5_312948039
2023-03-19 07:34,4053624774,7108240,1659,2,region5_312948041
2023-03-19 07:34,4053624774,0,1646577,2,region5_312948041
2023-03-19 07:34,4053945735,0,8388608,5,region5_312948039
2023-03-19 07:34,4048630263,1203404,757951,2,region5_312948047
2023-03-19 07:34,4051857422,0,1048576,5,region5_312948039
2023-03-19 07:34,4048115037,7148864,48,2,region5_312948043
2023-03-19 07:34,4053638992,0,96167,2,region5_312948043
2023-03-19 07:34,4051857422,2097152,1048576,5,region5_312948039
2023-03-19 07:34,4051857422,1048576,1048576,5,region5_312948039
2023-03-19 07:34,4051857422,3145728,1048576,5,region5_312948039
2023-03-19 07:34,4053629141,5949096,2439512,2,region5_312948041
2023-03-19 07:34,4053633411,0,8481568,2,region5_312948049
2023-03-19 07:34,4053820850,0,8481568,6,region5_312948057
2023-03-19 07:34,4053964743,6617026,5157240,2,region5_312948049
2023-03-19 07:34,4053964743,0,6872514,2,region5_312948049
2023-03-19 07:34,4053964743,0,79042,2,region5_312948049
2023-03-19 07:34,4051796850,0,6124464,2,region5_312948041
2023-03-19 07:34,4051857422,4194304,1048576,5,region5_312948039
2023-03-19 07:34,4049838215,0,916773,2,region5_312948041
2023-03-19 07:34,4054079701,0,7932084,2,region5_312948048
2023-03-19 07:34,4051857422,5242880,1048576,5,region5_312948039
2023-03-19 07:34,4048038854,2170358,544117,2,region5_312948041
2023-03-19 07:34,4048038854,0,8388608,2,region5_312948041
2023-03-19 07:34,4053799189,0,8388608,2,region5_312948046
2023-03-19 07:34,4051857422,7340032,1048576,5,region5_312948039
2023-03-19 07:34,4051857422,6291456,1048576,5,region5_312948039
2023-03-19 07:34,4052074135,0,7393460,2,region5_312948046
2023-03-19 07:34,4049229309,0,5414739,2,region5_312948047
2023-03-19 07:34,4053707261,0,1048576,5,region5_312948039
2023-03-19 07:34,4047824517,7564838,824804,2,region5_312948047
2023-03-19 07:34,4049229309,5414739,2900152,2,region5_312948047
2023-03-19 07:34,4049516897,3145728,1048576,1,region5_312948042
2023-03-19 07:34,4054079701,7932084,456524,2,region5_312948048
2023-03-19 07:34,4048282166,4463,4221239,2,region5_312948051
2023-03-19 07:34,4050429662,0,1038024,2,region5_312948041
2023-03-19 07:34,4052077170,2005139,2353690,2,region5_312948047
2023-03-19 07:34,4052097103,0,2557058,2,region5_312948047
2023-03-19 07:34,4053707261,1048576,1048576,5,region5_312948039
2023-03-19 07:34,4054306849,0,5218773,2,region5_312948041
2023-03-19 07:34,4053532746,5958764,2026846,2,region5_312948054
2023-03-19 07:34,4053532746,1784940,2088960,2,region5_312948054
2023-03-19 07:34,4053532746,0,1784940,2,region5_312948054
2023-03-19 07:34,4053532746,3873900,2084864,2,region5_312948054
2023-03-19 07:34,4053707261,2097152,1048576,5,region5_312948039
2023-03-19 07:34,4053707261,3145728,1048576,5,region5_312948039
2023-03-19 07:34,4051823131,0,8360182,3,region5_312948042
2023-03-19 07:34,4052097103,0,2557058,2,region5_312948047
2023-03-19 07:34,4048657115,304592,198411,2,region5_312948047
2023-03-19 07:34,4052055119,0,217088,2,region5_312948052
2023-03-19 07:34,4053595099,0,1242,2,region5_312948043
2023-03-19 07:34,4053707261,4194304,1048576,5,region5_312948039
2023-03-19 07:34,4053810579,0,8375999,3,region5_312948042
2023-03-19 07:34,4053707261,5242880,1048576,5,region5_312948039
2023-03-19 07:34,4053836476,0,1048576,5,region5_312948039
2023-03-19 07:34,4048585726,4933102,187222,2,region5_312948046
2023-03-19 07:34,4048585726,2034711,109103,2,region5_312948046
2023-03-19 07:34,4051712763,2787867,5600741,2,region5_312948041
2023-03-19 07:34,4053707261,6291456,1048576,5,region5_312948039
2023-03-19 07:34,4053724602,1787861,1023877,2,region5_312948041
2023-03-19 07:34,4053724602,0,35806,2,region5_312948041
2023-03-19 07:34,4053724602,5299842,3088766,2,region5_312948041
2023-03-19 07:34,4047800750,830488,1048576,2,region5_312948047
2023-03-19 07:34,4049405796,4748882,3639726,2,region5_312948041
2023-03-19 07:34,4052097103,0,2557058,2,region5_312948047
2023-03-19 07:34,4052834252,0,310114,2,region5_312948047
2023-03-19 07:34,4053836476,1048576,1048576,5,region5_312948039
2023-03-19 07:34,4051915672,0,3056285,2,region5_312948051
2023-03-19 07:34,4053618559,0,8366737,3,region5_312948042
2023-03-19 07:34,4048415529,470533,4680258,2,region5_312948046
2023-03-19 07:34,4048415529,1573711,6814897,2,region5_312948046
2023-03-19 07:34,4048780458,1126232,3874954,2,region5_312948041
2023-03-19 07:34,4050550885,5839691,2003139,2,region5_312948041
2023-03-19 07:34,4051818969,1559161,4729635,2,region5_312948041
2023-03-19 07:34,4051818969,0,36640,2,region5_312948041
2023-03-19 07:34,4050754066,0,6200959,1,region5_312948042
2023-03-19 07:34,4052019068,0,8388608,4,region5_312948051
2023-03-19 07:34,4052090509,0,1390094,3,region5_312948042
2023-03-19 07:34,4053707261,7340032,1048576,5,region5_312948039
2023-03-19 07:34,4049516897,4194304,1048576,1,region5_312948042
2023-03-19 07:34,4053836476,2097152,1048576,5,region5_312948039
2023-03-19 07:34,4054095373,0,8388608,4,region5_312948051
2023-03-19 07:34,4053699388,0,1932218,5,region5_312948039
2023-03-19 07:34,4053805418,0,7663165,5,region5_312948039
2023-03-19 07:34,4048630263,0,1961355,2,region5_312948047
2023-03-19 07:34,4052048857,0,5214486,2,region5_312948047
2023-03-19 07:34,4048122062,0,8388608,2,region5_312948051
2023-03-19 07:34,4053836476,3145728,1048576,5,region5_312948039
2023-03-19 07:34,4048088528,182228,4543338,2,region5_312948046
2023-03-19 07:34,4048088528,6410857,1977751,2,region5_312948046
2023-03-19 07:34,4050813579,0,621335,2,region5_312948047
2023-03-19 07:34,4053743004,0,7180559,5,region5_312948039
2023-03-19 07:34,4053836476,4194304,1048576,5,region5_312948039
2023-03-19 07:34,4054001117,0,8294789,3,region5_312948042
2023-03-19 07:34,4049709551,2648200,5740408,2,region5_312948047
2023-03-19 07:34,4048996252,6534990,10043,2,region5_312948041
2023-03-19 07:34,4048996252,1190158,42648,2,region5_312948041
2023-03-19 07:34,4048996252,7783635,456118,2,region5_312948041
2023-03-19 07:34,4051723247,0,4194304,2,region5_312948044
2023-03-19 07:34,4052055119,217088,2109440,2,region5_312948052
2023-03-19 07:34,4047881806,0,8388608,2,region5_312948046
2023-03-19 07:34,4053992182,0,212992,2,region5_312948050
2023-03-19 07:34,4053992182,212992,2146304,2,region5_312948050
2023-03-19 07:34,4053992182,2359296,2113536,2,region5_312948050
2023-03-19 07:34,4053587520,0,619641,2,region5_312948041
2023-03-19 07:34,4048623117,0,6929028,2,region5_312948046
2023-03-19 07:34,4051723247,4194304,4194304,2,region5_312948044
2023-03-19 07:34,4051825832,5714295,97599,2,region5_312948046
2023-03-19 07:34,4051825832,2536507,532525,2,region5_312948046
2023-03-19 07:34,4053836476,5242880,1048576,5,region5_312948039
2023-03-19 07:34,4053950473,0,8378033,3,region5_312948042
2023-03-19 07:34,4053992182,4472832,2101248,2,region5_312948050
2023-03-19 07:34,4053992182,6574080,1814528,2,region5_312948050
2023-03-19 07:34,4054037703,0,3770931,4,region5_312948044
2023-03-19 07:34,4049709551,0,2648200,2,region5_312948047
2023-03-19 07:34,4050101593,6359093,1644923,2,region5_312948046
2023-03-19 07:34,4050101593,6955440,1048576,2,region5_312948046
2023-03-19 07:34,4050239114,0,1048576,5,region5_312948039
2023-03-19 07:34,4049167335,5025045,3990,2,region5_312948048
2023-03-19 07:34,4049167335,5029359,64438,2,region5_312948048
2023-03-19 07:34,4048541039,0,3065243,2,region5_312948048
2023-03-19 07:34,4050101593,0,6121073,2,region5_312948046
2023-03-19 07:34,4048657115,139286,231265,2,region5_312948047
2023-03-19 07:34,4051699475,0,26799,5,region5_312948039
2023-03-19 07:34,4049825209,0,8388608,2,region5_312948044
2023-03-19 07:34,4047983429,1881020,95382,2,region5_312948041
2023-03-19 07:34,4053836476,7340032,1048576,5,region5_312948039
2023-03-19 07:34,4053836476,6291456,1048576,5,region5_312948039
2023-03-19 07:34,4048931891,6482766,1905842,2,region5_312948041
2023-03-19 07:34,4048931891,959203,1337567,2,region5_312948041
2023-03-19 07:34,4050239114,1048576,1048576,5,region5_312948039
2023-03-19 07:34,4054277480,3322219,2538815,2,region5_312948046
2023-03-19 07:34,4054277480,856775,614075,2,region5_312948046
2023-03-19 07:34,4051784314,0,8388608,4,region5_312948044
2023-03-19 07:34,4050255538,0,7784032,2,region5_312948041
2023-03-19 07:34,4049894558,1373704,2477174,2,region5_312948047
2023-03-19 07:34,4049894558,0,1373704,2,region5_312948047
2023-03-19 07:34,4053747528,0,2056557,2,region5_312948056
2023-03-19 07:34,4053747528,2053637,2920,2,region5_312948056
2023-03-19 07:34,4051018842,6938952,1449656,2,region5_312948041
2023-03-19 07:34,4050239114,2097152,1048576,5,region5_312948039
2023-03-19 07:34,4047801210,3984959,4403649,2,region5_312948046
2023-03-19 07:34,4049516897,5242880,1048576,1,region5_312948042
2023-03-19 07:34,4053862534,0,8109968,2,region5_312948049
2023-03-19 07:34,4054027573,0,8245246,3,region5_312948042
2023-03-19 07:34,4051928622,0,8379547,3,region5_312948042
2023-03-19 07:34,4051969592,0,7355604,2,region5_312948047
2023-03-19 07:34,4053862534,7059344,1422224,2,region5_312948049
2023-03-19 07:34,4050375634,5680990,1048576,2,region5_312948041
2023-03-19 07:34,4050375634,5156307,1573259,2,region5_312948041
2023-03-19 07:34,4050375634,3535660,1336988,2,region5_312948041
2023-03-19 07:34,4049852826,1937962,6450646,2,region5_312948041
2023-03-19 07:34,4051915737,0,8388608,5,region5_312948039
2023-03-19 07:34,4051969592,0,7355604,2,region5_312948047
2023-03-19 07:34,4052241786,7405568,983040,2,region5_312948054
2023-03-19 07:34,4052241786,0,1146880,2,region5_312948054
2023-03-19 07:34,4052241786,3231744,2088960,2,region5_312948054
2023-03-19 07:34,4052241786,5320704,2084864,2,region5_312948054
2023-03-19 07:34,4052241786,1146880,2084864,2,region5_312948054
2023-03-19 07:34,4048585923,0,8388608,2,region5_312948041
2023-03-19 07:34,4054163204,0,15739700,6,region5_312948057
2023-03-19 07:34,4050239114,3145728,1048576,5,region5_312948039
2023-03-19 07:34,4051936022,581920,1048576,2,region5_312948041
2023-03-19 07:34,4052055119,2326528,2105344,2,region5_312948052
2023-03-19 07:34,4052374536,0,5411700,5,region5_312948057
2023-03-19 07:34,4054271332,0,8481568,5,region5_312948039
2023-03-19 07:34,4051982243,0,8388608,5,region5_312948039
2023-03-19 07:34,4051802400,0,8388608,4,region5_312948047
2023-03-19 07:34,4049105081,0,254631,2,region5_312948043
2023-03-19 07:34,4051776346,4608952,1048576,1,region5_312948042
2023-03-19 07:34,4052439074,805024,1048576,2,region5_312948045
2023-03-19 07:34,4054059036,7310204,1078404,2,region5_312948046
2023-03-19 07:34,4051705572,0,8362849,3,region5_312948042
2023-03-19 07:34,4052125683,932474,1048576,2,region5_312948047
2023-03-19 07:34,4052125683,0,1959784,2,region5_312948047
2023-03-19 07:34,4054094121,5205004,1125132,2,region5_312948047
2023-03-19 07:34,4054094121,2693977,1338439,2,region5_312948047
2023-03-19 07:34,4054094121,6330136,1048576,2,region5_312948047
2023-03-19 07:34,4054094121,5205004,1125132,2,region5_312948047
2023-03-19 07:34,4050239114,4194304,1048576,5,region5_312948039
2023-03-19 07:34,4047800750,830488,1048576,2,region5_312948047
2023-03-19 07:34,4052210667,0,401408,2,region5_312948052
2023-03-19 07:34,4052313204,0,3697118,5,region5_312948039
2023-03-19 07:34,4048541039,0,3065243,2,region5_312948048
2023-03-19 07:34,4052313204,0,4159258,6,region5_312948039
2023-03-19 07:34,4054094121,5205004,1125132,2,region5_312948047
2023-03-19 07:34,4054094121,4326111,878893,2,region5_312948047
2023-03-19 07:34,4054094121,6330136,1048576,2,region5_312948047
2023-03-19 07:34,4050460823,2236129,893,2,region5_312948047
2023-03-19 07:34,4050460823,1032074,28,2,region5_312948047
2023-03-19 07:34,4051820747,0,733546,4,region5_312948051
2023-03-19 07:34,4052055119,4431872,2109440,2,region5_312948052
2023-03-19 07:34,4053477840,0,8388608,4,region5_312948047
2023-03-19 07:34,4052118336,0,128,2,region5_312948043
2023-03-19 07:34,4054111205,704953,12834,2,region5_312948045
2023-03-19 07:34,4051913664,0,8309107,2,region5_312948051
2023-03-19 07:34,4050741794,0,8388608,2,region5_312948046
2023-03-19 07:34,4052210684,0,8369021,3,region5_312948042
2023-03-19 07:34,4052400928,4431636,3956972,2,region5_312948041
2023-03-19 07:34,4049516897,6291456,1048576,1,region5_312948042
2023-03-19 07:34,4052694986,384878,75043,2,region5_312948047
2023-03-19 07:34,4049484846,0,8770,2,region5_312948047
2023-03-19 07:34,4053880783,2576322,271295,2,region5_312948041
2023-03-19 07:34,4054105440,0,8378952,3,region5_312948042
2023-03-19 07:34,4052313935,0,7384386,2,region5_312948051
2023-03-19 07:34,4052024373,0,1048576,5,region5_312948039
2023-03-19 07:34,4053840776,2832367,274794,2,region5_312948041
2023-03-19 07:34,4050239114,5242880,1048576,5,region5_312948039
2023-03-19 07:34,4051934992,0,910398,4,region5_312948040
2023-03-19 07:34,4052024373,1048576,1048576,5,region5_312948039
2023-03-19 07:34,4049212674,0,7317297,2,region5_312948048
2023-03-19 07:34,4051774305,0,8388608,2,region5_312948044
2023-03-19 07:34,4053876082,0,8384883,3,region5_312948042
2023-03-19 07:34,4052024373,2097152,1048576,5,region5_312948039
2023-03-19 07:34,4048475865,245579,840815,2,region5_312948051
2023-03-19 07:34,4049212674,7317297,1071311,2,region5_312948048
2023-03-19 07:34,4050239114,6291456,1048576,5,region5_312948039
2023-03-19 07:34,4048541039,0,3065243,2,region5_312948048
2023-03-19 07:34,4048890789,0,7108461,2,region5_312948041
2023-03-19 07:34,4049481504,0,1927438,2,region5_312948041
2023-03-19 07:34,4050460823,1031594,463934,2,region5_312948041
2023-03-19 07:34,4050460823,3468405,1835,2,region5_312948041
2023-03-19 07:34,4052045489,0,8362780,3,region5_312948042
2023-03-19 07:34,4052210667,401408,2138112,2,region5_312948052
2023-03-19 07:34,4050560320,0,5529390,2,region5_312948041
2023-03-19 07:34,4052380070,1780858,4679849,2,region5_312948046
2023-03-19 07:34,4052455263,0,1103684,2,region5_312948047
2023-03-19 07:34,4054134938,0,1048576,5,region5_312948039
2023-03-19 07:34,4052024373,3145728,1048576,5,region5_312948039
2023-03-19 07:34,4054134938,1048576,1048576,5,region5_312948039
2023-03-19 07:34,4054165191,1588800,48,2,region5_312948043
2023-03-19 07:34,4047722784,0,902962,2,region5_312948047
2023-03-19 07:34,4052024373,4194304,1048576,5,region5_312948039
2023-03-19 07:34,4051620389,0,8388608,2,region5_312948044
2023-03-19 07:34,4053987108,7591109,12648,2,region5_312948056
2023-03-19 07:34,4053987108,0,7603757,4,region5_312948056
2023-03-19 07:34,4054134938,2097152,1048576,5,region5_312948039
2023-03-19 07:34,4050239114,7340032,1048576,5,region5_312948039
2023-03-19 07:34,4050462587,0,168667,2,region5_312948041
2023-03-19 07:34,4051338891,6174286,8388608,1,region5_312948042
2023-03-19 07:34,4049516897,7340032,677209,1,region5_312948042
2023-03-19 07:34,4052455263,1103684,7284924,2,region5_312948047
2023-03-19 07:34,4048719500,3034840,1481289,2,region5_312948041
2023-03-19 07:34,4051749160,4357535,163042,2,region5_312948041
2023-03-19 07:34,4050462587,6232671,384876,2,region5_312948041
2023-03-19 07:34,4052024373,5242880,1048576,5,region5_312948039
2023-03-19 07:34,4052055119,6541312,1847296,2,region5_312948052
2023-03-19 07:34,4052106296,0,8388608,5,region5_312948039
2023-03-19 07:34,4050628264,0,1997,2,region5_312948043
2023-03-19 07:34,4054134938,3145728,1048576,5,region5_312948039
2023-03-19 07:34,4051823061,0,841238,2,region5_312948041
2023-03-19 07:34,4052024373,6291456,1048576,5,region5_312948039
2023-03-19 07:34,4052071049,79771,1093527,2,region5_312948047
2023-03-19 07:34,4052071049,4362836,379889,2,region5_312948047
2023-03-19 07:34,4052210667,2539520,2129920,2,region5_312948052
2023-03-19 07:34,4054134938,4194304,1048576,5,region5_312948039
2023-03-19 07:34,4054134938,5242880,1048576,5,region5_312948039
2023-03-19 07:34,4050954675,0,8388608,2,region5_312948046
2023-03-19 07:34,4052024373,7340032,1048576,5,region5_312948039
2023-03-19 07:34,4052025357,0,7377645,5,region5_312948039
2023-03-19 07:34,4052105766,0,1048576,5,region5_312948039
2023-03-19 07:34,4048852428,4795645,7459,2,region5_312948046
2023-03-19 07:34,4052955714,0,607882,2,region5_312948041
2023-03-19 07:34,4054134938,6291456,1048576,5,region5_312948039
2023-03-19 07:34,4050440082,0,8388608,2,region5_312948041
2023-03-19 07:34,4052024373,8388608,1048576,5,region5_312948039
2023-03-19 07:34,4052105766,1048576,1048576,5,region5_312948039
2023-03-19 07:34,4054134938,7340032,1048576,5,region5_312948039
2023-03-19 07:34,4048461053,1227307,801932,2,region5_312948041
2023-03-19 07:35,4051687884,0,7836477,5,region5_312948039
2023-03-19 07:35,4050662928,6979648,48,2,region5_312948043
2023-03-19 07:35,4052105766,2097152,1048576,5,region5_312948039
2023-03-19 07:35,4052024373,9437184,1048576,5,region5_312948039
2023-03-19 07:35,4048614305,0,13229,2,region5_312948043
2023-03-19 07:35,4052439074,0,292278,2,region5_312948047
2023-03-19 07:35,4052439074,805024,1048576,2,region5_312948047
2023-03-19 07:35,4054315119,0,8368651,3,region5_312948042
2023-03-19 07:35,4051991507,7455189,894683,2,region5_312948046
2023-03-19 07:35,4051991507,0,2439691,2,region5_312948046
2023-03-19 07:35,4052024373,10485760,1048576,5,region5_312948039
2023-03-19 07:35,4052332612,0,531413,1,region5_312948042
2023-03-19 07:35,4048476379,0,417633,2,region5_312948043
2023-03-19 07:35,4052105766,3145728,1048576,5,region5_312948039
2023-03-19 07:35,4048541039,0,3065243,2,region5_312948048
2023-03-19 07:35,4054256435,5153491,165542,2,region5_312948041
2023-03-19 07:35,4051860090,0,8481568,5,region5_312948039
2023-03-19 07:35,4052024373,12582912,1048576,5,region5_312948039
2023-03-19 07:35,4052024373,11534336,1048576,5,region5_312948039
2023-03-19 07:35,4048044598,0,947375,2,region5_312948047
2023-03-19 07:35,4052105766,4194304,1048576,5,region5_312948039
2023-03-19 07:35,4047709470,2535511,1607038,2,region5_312948047
2023-03-19 07:35,4048244528,1538023,9064,2,region5_312948047
2023-03-19 07:35,4052210667,4669440,2134016,2,region5_312948052
2023-03-19 07:35,4052491354,7958528,430080,2,region5_312948054
2023-03-19 07:35,4052491354,5869568,2088960,2,region5_312948054
2023-03-19 07:35,4052491354,3776512,2093056,2,region5_312948054
2023-03-19 07:35,4052491354,1683456,2093056,2,region5_312948054
2023-03-19 07:35,4052491354,0,1683456,2,region5_312948054
2023-03-19 07:35,4052997611,0,795040,2,region5_312948047
2023-03-19 07:35,4051937733,0,6979616,2,region5_312948041
2023-03-19 07:35,4052024373,13631488,1048576,5,region5_312948039
2023-03-19 07:35,4051620389,0,8388608,2,region5_312948044
2023-03-19 07:35,4052401774,1435314,581137,2,region5_312948041
2023-03-19 07:35,4052024373,14680064,1048576,5,region5_312948039
2023-03-19 07:35,4048585923,0,8388608,2,region5_312948041
2023-03-19 07:35,4054030404,13135852,3018952,2,region5_312948043
2023-03-19 07:35,4054030404,3065644,10485760,2,region5_312948043
2023-03-19 07:35,4054030404,0,3569644,2,region5_312948043
2023-03-19 07:35,4054157095,0,156,4,region5_312948056
2023-03-19 07:35,4052024373,15728640,642285,5,region5_312948039
2023-03-19 07:35,4047684174,6160649,1206525,2,region5_312948041
2023-03-19 07:35,4052105766,5242880,1048576,5,region5_312948039
2023-03-19 07:35,4048244528,2899133,5489475,2,region5_312948047
2023-03-19 07:35,4048541039,0,3065243,2,region5_312948048
2023-03-19 07:35,4048630263,1203404,757951,2,region5_312948047
2023-03-19 07:35,4052105766,6291456,1048576,5,region5_312948039
2023-03-19 07:35,4052211885,18652896,1000832,2,region5_312948043
2023-03-19 07:35,4052367729,5011456,1048576,1,region5_312948042
2023-03-19 07:35,4052505725,0,27,4,region5_312948044
2023-03-19 07:35,4051631677,6934628,810808,1,region5_312948042
2023-03-19 07:35,4048455899,775893,1048576,2,region5_312948041
2023-03-19 07:35,4054159001,0,7589441,3,region5_312948042
2023-03-19 07:35,4052997611,795040,7593568,2,region5_312948047
2023-03-19 07:35,4052211885,17652064,1000832,2,region5_312948043
2023-03-19 07:35,4052565722,276320,32000,2,region5_312948043
2023-03-19 07:35,4048455899,0,693729,2,region5_312948041
2023-03-19 07:35,4054060794,7490752,609984,2,region5_312948043
2023-03-19 07:35,4053441555,0,1114544,2,region5_312948046
2023-03-19 07:35,4054322235,0,1048576,5,region5_312948039
2023-03-19 07:35,4052105766,7340032,1048576,5,region5_312948039
2023-03-19 07:35,4052439074,805024,1048576,2,region5_312948045
2023-03-19 07:35,4052659559,0,1705258,2,region5_312948051
2023-03-19 07:35,4049070947,0,147824,2,region5_312948041
2023-03-19 07:35,4054322235,1048576,1048576,5,region5_312948039
2023-03-19 07:35,4051883842,0,7549361,2,region5_312948047
2023-03-19 07:35,4052369416,7152519,621828,2,region5_312948047
2023-03-19 07:35,4052369416,7774347,614261,2,region5_312948047
2023-03-19 07:35,4052369416,0,7152519,2,region5_312948047
2023-03-19 07:35,4054322235,2097152,1048576,5,region5_312948039
2023-03-19 07:35,4051813809,0,8388608,5,region5_312948039
2023-03-19 07:35,4051883842,7549361,839247,2,region5_312948047
2023-03-19 07:35,4052027049,7693361,695247,2,region5_312948046
2023-03-19 07:35,4052027049,2930785,2362746,2,region5_312948046
2023-03-19 07:35,4052027049,874564,221205,2,region5_312948046
2023-03-19 07:35,4048122062,0,8388608,2,region5_312948051
2023-03-19 07:35,4052210667,6803456,1585152,2,region5_312948052
2023-03-19 07:35,4049892308,4478,1025208,2,region5_312948047
2023-03-19 07:35,4052417827,0,3041605,2,region5_312948044
2023-03-19 07:35,4052544804,0,2453232,4,region5_312948044
2023-03-19 07:35,4054111205,704953,12834,2,region5_312948045
2023-03-19 07:35,4054138082,0,1199571,2,region5_312948048
2023-03-19 07:35,4054322235,3145728,1022743,5,region5_312948039
2023-03-19 07:35,4048712612,980409,12291,2,region5_312948041
2023-03-19 07:35,4048305856,0,1302152,2,region5_312948047
2023-03-19 07:35,4047757709,5208976,3200686,2,region5_312948041
2023-03-19 07:35,4047757709,720352,178238,2,region5_312948041
2023-03-19 07:35,4052077240,2802199,3299971,2,region5_312948051
2023-03-19 07:35,4048282166,3909423,316279,2,region5_312948047
2023-03-19 07:35,4048282166,8035,109530,2,region5_312948047
2023-03-19 07:35,4052328065,0,8370712,3,region5_312948042
2023-03-19 07:35,4052410844,7830332,558276,2,region5_312948041
2023-03-19 07:35,4048476379,0,417633,2,region5_312948043
2023-03-19 07:35,4052613975,0,64169,2,region5_312948050
2023-03-19 07:35,4047921520,6032178,2356430,2,region5_312948046
2023-03-19 07:35,4047921520,0,3011219,2,region5_312948046
2023-03-19 07:35,4048541039,0,3065243,2,region5_312948048
2023-03-19 07:35,4053837787,8346824,41784,2,region5_312948048
2023-03-19 07:35,4052073135,3581493,4807115,2,region5_312948048
2023-03-19 07:35,4052609374,0,1048576,5,region5_312948039
2023-03-19 07:35,4053837787,0,8346824,2,region5_312948048
2023-03-19 07:35,4051053155,0,4075294,2,region5_312948041
2023-03-19 07:35,4052073135,1357248,2224245,2,region5_312948048
2023-03-19 07:35,4052073135,0,1357248,2,region5_312948048
2023-03-19 07:35,4052136576,0,3204725,2,region5_312948047
2023-03-19 07:35,4052264542,6266208,48,2,region5_312948043
2023-03-19 07:35,4052271083,0,2472656,2,region5_312948049
2023-03-19 07:35,4048236064,817258,1048576,2,region5_312948047
2023-03-19 07:35,4052477737,0,8347502,2,region5_312948048
2023-03-19 07:35,4052477737,8347502,41106,2,region5_312948048
2023-03-19 07:35,4052271083,2193680,6287888,2,region5_312948049
2023-03-19 07:35,4052609374,1048576,1048576,5,region5_312948039
2023-03-19 07:35,4052192808,7603121,785487,2,region5_312948041
2023-03-19 07:35,4052192808,0,851282,2,region5_312948041
2023-03-19 07:35,4052211885,41818016,589824,2,region5_312948043
2023-03-19 07:35,4052456186,0,8481568,2,region5_312948049
2023-03-19 07:35,4050152307,0,176,2,region5_312948043
2023-03-19 07:35,4050117583,3899598,1566200,2,region5_312948041
2023-03-19 07:35,4052218228,0,4966055,4,region5_312948040
2023-03-19 07:35,4052458652,0,8352105,3,region5_312948042
2023-03-19 07:35,4051148701,5549054,43553,2,region5_312948047
2023-03-19 07:35,4052609374,2097152,1048576,5,region5_312948039
2023-03-19 07:35,4054312217,0,1804309,3,region5_312948042
2023-03-19 07:35,4051947498,7240773,1147835,2,region5_312948051
2023-03-19 07:35,4051947498,3509716,3731057,2,region5_312948051
2023-03-19 07:35,4052125683,0,1959784,2,region5_312948047
2023-03-19 07:35,4052125683,932474,1048576,2,region5_312948047
2023-03-19 07:35,4052260695,0,8388608,4,region5_312948044
2023-03-19 07:35,4050560320,0,5529390,2,region5_312948041
2023-03-19 07:35,4052330062,0,1521521,3,region5_312948042
2023-03-19 07:35,4052556025,0,472162,5,region5_312948039
2023-03-19 07:35,4048433539,0,8388608,2,region5_312948046
2023-03-19 07:35,4052456186,0,7920096,2,region5_312948049
2023-03-19 07:35,4051883742,0,8130837,2,region5_312948047
2023-03-19 07:35,4052373685,1273768,7114840,2,region5_312948041
2023-03-19 07:35,4052408669,0,252717,3,region5_312948042
2023-03-19 07:35,4052456186,0,8481568,2,region5_312948049
2023-03-19 07:35,4052609374,3145728,1048576,5,region5_312948039
2023-03-19 07:35,4051883742,8130837,257771,2,region5_312948047
2023-03-19 07:35,4052813300,0,136,3,region5_312948042
2023-03-19 07:35,4051414098,2596768,1469395,2,region5_312948041
2023-03-19 07:35,4054281268,0,2017263,2,region5_312948048
2023-03-19 07:35,4054321247,5017888,76800,2,region5_312948043
2023-03-19 07:35,4051918464,966563,1048576,2,region5_312948047
2023-03-19 07:35,4052345331,0,8360070,3,region5_312948042
2023-03-19 07:35,4052609374,4194304,1048576,5,region5_312948039
2023-03-19 07:35,4052108600,0,8388608,4,region5_312948044
2023-03-19 07:35,4047918822,6365492,2023116,2,region5_312948041
2023-03-19 07:35,4051727625,0,8388608,2,region5_312948041
2023-03-19 07:35,4051813753,3805184,2166784,2,region5_312948053
2023-03-19 07:35,4048245414,4777978,943020,2,region5_312948047
2023-03-19 07:35,4048245414,0,4777978,2,region5_312948047
2023-03-19 07:35,4052609374,5242880,1048576,5,region5_312948039
2023-03-19 07:35,4052535820,2836312,3679725,2,region5_312948041
2023-03-19 07:35,4052667262,0,8373930,3,region5_312948042
2023-03-19 07:35,4052725420,0,3124146,2,region5_312948044
2023-03-19 07:35,4052459345,0,4194304,1,region5_312948042
2023-03-19 07:35,4051813753,5971968,2125824,2,region5_312948053
2023-03-19 07:35,4049085496,7136634,1048576,2,region5_312948047
2023-03-19 07:35,4050029682,0,3020127,2,region5_312948047
2023-03-19 07:35,4050029682,3020127,1146374,2,region5_312948047
2023-03-19 07:35,4052609374,6291456,1048576,5,region5_312948039
2023-03-19 07:35,4052459345,4194304,4183639,1,region5_312948042
2023-03-19 07:35,4051774159,0,5297249,2,region5_312948041
2023-03-19 07:35,4048339801,6506428,1048576,2,region5_312948041
2023-03-19 07:35,4048339801,4934433,2620571,2,region5_312948041
2023-03-19 07:35,4051901304,0,21069,2,region5_312948043
2023-03-19 07:35,4048518755,1756640,611008,2,region5_312948043
2023-03-19 07:35,4048339801,0,4739480,2,region5_312948041
2023-03-19 07:35,4052563562,0,8388608,5,region5_312948039
2023-03-19 07:35,4052668894,0,8384165,3,region5_312948042
2023-03-19 07:35,4052609374,7340032,901053,5,region5_312948039
2023-03-19 07:35,4051764846,0,3177214,6,region5_312948039
2023-03-19 07:35,4051969348,0,1110665,2,region5_312948047
2023-03-19 07:35,4051764846,0,2471167,5,region5_312948039
2023-03-19 07:35,4050560320,0,5529390,2,region5_312948041
2023-03-19 07:35,4050029682,3020127,1146374,2,region5_312948047
2023-03-19 07:35,4050029682,0,3020127,2,region5_312948047
2023-03-19 07:35,4049375728,0,8388608,2,region5_312948041
2023-03-19 07:35,4047977363,7274368,338368,2,region5_312948043
2023-03-19 07:35,4047824517,7564838,824804,2,region5_312948047
2023-03-19 07:35,4051969348,1110665,7277943,2,region5_312948047
2023-03-19 07:35,4052643271,0,2081276,5,region5_312948039
2023-03-19 07:35,4051387835,0,8388608,2,region5_312948041
2023-03-19 07:35,4050476321,2317374,3995211,2,region5_312948041
2023-03-19 07:35,4052254796,0,25165824,3,region5_312948051
2023-03-19 07:35,4052523490,0,5418212,2,region5_312948047
2023-03-19 07:35,4047830402,7117861,1270747,2,region5_312948047
2023-03-19 07:35,4051366031,1366595,10599,2,region5_312948041
2023-03-19 07:35,4051692092,0,939387,2,region5_312948041
2023-03-19 07:35,4047830402,0,7117861,2,region5_312948047
2023-03-19 07:35,4052711849,0,19959566,3,region5_312948051
2023-03-19 07:35,4051991659,0,5980249,2,region5_312948044
2023-03-19 07:35,4052280267,0,665866,1,region5_312948042
2023-03-19 07:35,4052764759,0,8388608,5,region5_312948039
2023-03-19 07:35,4052972774,0,7121359,3,region5_312948042
2023-03-19 07:35,4051865849,0,15909,1,region5_312948042
2023-03-19 07:35,4052303746,0,8370908,3,region5_312948042
2023-03-19 07:35,4052511985,0,1125495,5,region5_312948039
2023-03-19 07:35,4048447603,4108568,153147,2,region5_312948041
2023-03-19 07:35,4052280267,665866,7056876,1,region5_312948042
2023-03-19 07:35,4052871349,1598191,296746,2,region5_312948051
2023-03-19 07:35,4047745114,0,8388608,2,region5_312948051
2023-03-19 07:35,4047709470,2535511,1607038,2,region5_312948047
2023-03-19 07:35,4048007918,6971338,3854,2,region5_312948048
2023-03-19 07:35,4048007918,6975492,63009,2,region5_312948048
2023-03-19 07:35,4047809551,1783911,136160,2,region5_312948041
2023-03-19 07:35,4052613975,0,64169,2,region5_312948050
2023-03-19 07:35,4047672832,896949,7491659,2,region5_312948046
2023-03-19 07:35,4052214826,0,129,3,region5_312948042
2023-03-19 07:35,4052258188,0,8388608,5,region5_312948039
2023-03-19 07:35,4051675987,0,2103518,1,region5_312948042
2023-03-19 07:35,4048146079,0,2024965,2,region5_312948044
2023-03-19 07:35,4052295505,0,432446,3,region5_312948042
2023-03-19 07:35,4052332612,531413,1485235,1,region5_312948042
2023-03-19 07:35,4051981315,1048576,1048576,5,region5_312948039
2023-03-19 07:35,4051981315,0,1048576,5,region5_312948039
2023-03-19 07:35,4051338891,14562894,3321482,1,region5_312948042
2023-03-19 07:35,4051865849,15909,8356789,1,region5_312948042
2023-03-19 07:35,4051981315,2097152,1048576,5,region5_312948039
2023-03-19 07:35,4047866691,1964301,1048576,2,region5_312948047
2023-03-19 07:35,4047722784,0,902962,2,region5_312948047
2023-03-19 07:35,4051981315,3145728,1048576,5,region5_312948039
2023-03-19 07:35,4052120242,0,631260,5,region5_312948039
2023-03-19 07:35,4052362055,0,4410194,2,region5_312948046
2023-03-19 07:35,4048701485,478427,6779696,2,region5_312948041
2023-03-19 07:35,4051981315,4194304,1048576,5,region5_312948039
2023-03-19 07:35,4052256774,0,7356737,3,region5_312948042
2023-03-19 07:35,4052120242,0,946889,6,region5_312948039
2023-03-19 07:35,4048585923,0,8388608,2,region5_312948041
2023-03-19 07:35,4052883435,0,1048576,5,region5_312948039
2023-03-19 07:35,4052506435,0,4240784,6,region5_312948057
2023-03-19 07:35,4052883435,1048576,1048576,5,region5_312948039
2023-03-19 07:35,4050112082,0,8388608,2,region5_312948041
2023-03-19 07:35,4048476379,0,417633,2,region5_312948043
2023-03-19 07:35,4048305856,0,1302152,2,region5_312948048
2023-03-19 07:35,4052605277,0,1048576,5,region5_312948039
2023-03-19 07:35,4048691635,0,8388608,2,region5_312948041
2023-03-19 07:35,4052491680,0,2699351,2,region5_312948041
2023-03-19 07:35,4052491680,5713208,2675400,2,region5_312948041
2023-03-19 07:35,4052605277,1048576,1048576,5,region5_312948039
2023-03-19 07:35,4052883435,3145728,1048576,5,region5_312948039
2023-03-19 07:35,4052883435,2097152,1048576,5,region5_312948039
2023-03-19 07:35,4052894866,0,4405781,1,region5_312948042
2023-03-19 07:35,4048475865,242338,8146270,2,region5_312948051
2023-03-19 07:35,4052651987,0,2919701,2,region5_312948044
2023-03-19 07:35,4052672168,0,4879113,6,region5_312948039
2023-03-19 07:35,4052933235,0,1654914,2,region5_312948046
2023-03-19 07:35,4050963034,5957778,2430830,2,region5_312948051
2023-03-19 07:35,4051981315,5242880,1048576,5,region5_312948039
2023-03-19 07:35,4048015090,5624450,2764158,2,region5_312948041
2023-03-19 07:35,4052605277,2097152,1048576,5,region5_312948039
2023-03-19 07:35,4052609007,0,8388608,4,region5_312948051
2023-03-19 07:35,4052883435,4194304,1048576,5,region5_312948039
2023-03-19 07:36,4048140500,1022237,7366371,2,region5_312948041
2023-03-19 07:36,4052777934,0,1048576,5,region5_312948039
2023-03-19 07:36,4052883435,5242880,1048576,5,region5_312948039
2023-03-19 07:36,4052962526,244467,8144141,2,region5_312948041
2023-03-19 07:36,4049536640,2752672,1048576,2,region5_312948047
2023-03-19 07:36,4051981315,6291456,1048576,5,region5_312948039
2023-03-19 07:36,4052605277,3145728,554708,5,region5_312948039
2023-03-19 07:36,4052883435,6291456,1048576,5,region5_312948039
2023-03-19 07:36,4052602964,0,5006992,2,region5_312948049
2023-03-19 07:36,4052883435,7340032,1048576,5,region5_312948039
2023-03-19 07:36,4051981315,7340032,1048576,5,region5_312948039
2023-03-19 07:36,4052397927,0,5108779,2,region5_312948041
2023-03-19 07:36,4052602964,2915792,5565776,2,region5_312948049
2023-03-19 07:36,4052003758,6103230,741,2,region5_312948048
2023-03-19 07:36,4052972867,0,8388608,2,region5_312948041
2023-03-19 07:36,4052332612,2016648,1485235,1,region5_312948042
2023-03-19 07:36,4049709551,0,5652857,2,region5_312948041
2023-03-19 07:36,4049709551,7724880,170737,2,region5_312948041
2023-03-19 07:36,4052777934,1048576,1048576,5,region5_312948039
2023-03-19 07:36,4051682399,0,843625,2,region5_312948047
2023-03-19 07:36,4051682399,5136312,1048576,2,region5_312948047
2023-03-19 07:36,4053189240,1024176,1048576,2,region5_312948047
2023-03-19 07:36,4048624844,623975,1031629,2,region5_312948048
2023-03-19 07:36,4048624844,599196,24779,2,region5_312948048
2023-03-19 07:36,4052777934,2097152,1048576,5,region5_312948039
2023-03-19 07:36,4051682399,2376261,1021845,2,region5_312948047
2023-03-19 07:36,4051682399,944172,335420,2,region5_312948047
2023-03-19 07:36,4051682399,843625,71906,2,region5_312948047
2023-03-19 07:36,4051682399,4537309,1407863,2,region5_312948047
2023-03-19 07:36,4053124787,0,12594,1,region5_312948042
2023-03-19 07:36,4053133428,233008,8248560,2,region5_312948043
2023-03-19 07:36,4053133428,0,270384,2,region5_312948043
2023-03-19 07:36,4049235725,3942600,4446008,2,region5_312948047
2023-03-19 07:36,4052331545,0,1009799,5,region5_312948039
2023-03-19 07:36,4050029682,3020127,1146374,2,region5_312948047
2023-03-19 07:36,4050029682,0,3020127,2,region5_312948047
2023-03-19 07:36,4052820002,1873920,2506929,2,region5_312948046
2023-03-19 07:36,4052820002,6499353,853477,2,region5_312948046
2023-03-19 07:36,4053124787,4206898,4169116,1,region5_312948042
2023-03-19 07:36,4053124787,12594,4194304,1,region5_312948042
2023-03-19 07:36,4052485726,0,7270304,5,region5_312948039
2023-03-19 07:36,4053178857,0,8368628,3,region5_312948042
2023-03-19 07:36,4052304773,0,8388608,4,region5_312948051
2023-03-19 07:36,4052332612,3501883,1485235,1,region5_312948042
2023-03-19 07:36,4053052891,0,8460738,2,region5_312948041
2023-03-19 07:36,4052191440,61792,4346409,2,region5_312948041
2023-03-19 07:36,4048140500,1022237,7366371,2,region5_312948041
2023-03-19 07:36,4049709551,0,5652857,2,region5_312948041
2023-03-19 07:36,4052276498,339968,2121728,2,region5_312948050
2023-03-19 07:36,4052276498,0,339968,2,region5_312948050
2023-03-19 07:36,4048476379,0,417633,2,region5_312948043
2023-03-19 07:36,4052915317,0,925603,5,region5_312948039
2023-03-19 07:36,4053003683,0,8388608,5,region5_312948039
2023-03-19 07:36,4052276498,6709248,1679360,2,region5_312948050
2023-03-19 07:36,4052276498,4608000,2101248,2,region5_312948050
2023-03-19 07:36,4052276498,2461696,2146304,2,region5_312948050
2023-03-19 07:36,4050813579,3456016,4932592,2,region5_312948047
2023-03-19 07:36,4048631681,8093129,21220,2,region5_312948041
2023-03-19 07:36,4048631681,5084367,1152753,2,region5_312948041
2023-03-19 07:36,4048631681,0,45165,2,region5_312948041
2023-03-19 07:36,4052714257,0,481326,5,region5_312948039
2023-03-19 07:36,4048480588,8344641,43967,2,region5_312948041
2023-03-19 07:36,4048480588,4249051,163976,2,region5_312948041
2023-03-19 07:36,4048480588,0,2239189,2,region5_312948041
2023-03-19 07:36,4052241342,2144980,1261878,2,region5_312948041
2023-03-19 07:36,4050813579,0,2631640,2,region5_312948047
2023-03-19 07:36,4052621939,0,8481568,5,region5_312948039
2023-03-19 07:36,4052643342,0,2626615,1,region5_312948042
2023-03-19 07:36,4052714257,0,866386,6,region5_312948039
2023-03-19 07:36,4053186556,0,8388608,2,region5_312948041
2023-03-19 07:36,4052332612,4987118,1485235,1,region5_312948042
2023-03-19 07:36,4052671284,0,2471,2,region5_312948043
2023-03-19 07:36,4052689550,0,1048576,5,region5_312948039
2023-03-19 07:36,4052266244,0,22669,2,region5_312948043
2023-03-19 07:36,4049442773,20848,1017036,2,region5_312948048
2023-03-19 07:36,4049709551,7724880,170737,2,region5_312948041
2023-03-19 07:36,4049709551,0,5652857,2,region5_312948041
2023-03-19 07:36,4052870961,0,1048576,5,region5_312948039
2023-03-19 07:36,4049756091,4877289,68258,2,region5_312948047
2023-03-19 07:36,4049756091,1392171,2332108,2,region5_312948047
2023-03-19 07:36,4049756091,0,1266536,2,region5_312948047
2023-03-19 07:36,4047976139,0,962571,2,region5_312948044
2023-03-19 07:36,4052376814,0,8388608,2,region5_312948046
2023-03-19 07:36,4052870961,1048576,975160,5,region5_312948039
2023-03-19 07:36,4053059424,0,6648333,2,region5_312948051
2023-03-19 07:36,4052332612,6472353,1485235,1,region5_312948042
2023-03-19 07:36,4052450734,0,15268,4,region5_312948054
2023-03-19 07:36,4052620716,0,17196,3,region5_312948042
2023-03-19 07:36,4050682643,0,176,2,region5_312948043
2023-03-19 07:36,4053027967,814375,694791,2,region5_312948047
2023-03-19 07:36,4051682399,0,843625,2,region5_312948047
2023-03-19 07:36,4053051712,0,1048576,5,region5_312948039
2023-03-19 07:36,4053059424,6648333,1740275,2,region5_312948051
2023-03-19 07:36,4053268775,2467600,65606,2,region5_312948047
2023-03-19 07:36,4050163866,0,8388608,2,region5_312948041
2023-03-19 07:36,4052547158,0,1358259,1,region5_312948042
2023-03-19 07:36,4052554113,0,1952981,4,region5_312948056
2023-03-19 07:36,4047676464,921066,7467542,2,region5_312948046
2023-03-19 07:36,4052332612,7957588,422409,1,region5_312948042
2023-03-19 07:36,4052830692,0,1048576,5,region5_312948039
2023-03-19 07:36,4052845628,3087268,210663,2,region5_312948047
2023-03-19 07:36,4049391363,4229539,21278,2,region5_312948041
2023-03-19 07:36,4053035983,3918372,67504,2,region5_312948041
2023-03-19 07:36,4053035983,1355116,1103645,2,region5_312948041
2023-03-19 07:36,4052794608,0,8388608,4,region5_312948051
2023-03-19 07:36,4053051712,1048576,1048576,5,region5_312948039
2023-03-19 07:36,4053241917,0,8348369,3,region5_312948042
2023-03-19 07:36,4048326086,110505,8278103,2,region5_312948047
2023-03-19 07:36,4048712612,980409,12291,2,region5_312948041
2023-03-19 07:36,4053051712,2097152,1048576,5,region5_312948039
2023-03-19 07:36,4052403657,0,6443273,1,region5_312948042
2023-03-19 07:36,4052478274,0,970584,2,region5_312948051
2023-03-19 07:36,4048691917,3293993,2091681,2,region5_312948041
2023-03-19 07:36,4048691917,7572141,307569,2,region5_312948041
2023-03-19 07:36,4052830692,1048576,1048576,5,region5_312948039
2023-03-19 07:36,4053008328,0,8388608,2,region5_312948041
2023-03-19 07:36,4053051712,3145728,1048576,5,region5_312948039
2023-03-19 07:36,4053156179,0,2479686,3,region5_312948042
2023-03-19 07:36,4052777934,3145728,1048576,5,region5_312948039
2023-03-19 07:36,4052805256,6188857,1048576,2,region5_312948046
2023-03-19 07:36,4052805256,5651427,1586006,2,region5_312948046
2023-03-19 07:36,4052367729,6060032,1048576,1,region5_312948042
2023-03-19 07:36,4052439074,0,292278,2,region5_312948047
2023-03-19 07:36,4048281937,3998438,1320,2,region5_312948041
2023-03-19 07:36,4048281937,1540093,357,2,region5_312948041
2023-03-19 07:36,4052805256,0,5362080,2,region5_312948046
2023-03-19 07:36,4053051712,4194304,1048576,5,region5_312948039
2023-03-19 07:36,4051776346,5657528,1048576,1,region5_312948042
2023-03-19 07:36,4053289935,0,8388608,4,region5_312948051
2023-03-19 07:36,4050847691,3731086,100915,2,region5_312948051
2023-03-19 07:36,4050847691,96373,24,2,region5_312948051
2023-03-19 07:36,4052097103,0,2557058,2,region5_312948047
2023-03-19 07:36,4053276232,0,1048576,5,region5_312948039
2023-03-19 07:36,4052595291,0,8388608,2,region5_312948044
2023-03-19 07:36,4052830692,2097152,1048576,5,region5_312948039
2023-03-19 07:36,4052946127,0,466775,5,region5_312948039
2023-03-19 07:36,4053057585,0,1048576,5,region5_312948039
2023-03-19 07:36,4052946127,0,1050244,6,region5_312948039
2023-03-19 07:36,4053276232,2097152,1048576,5,region5_312948039
2023-03-19 07:36,4053276232,1048576,1048576,5,region5_312948039
2023-03-19 07:36,4052704940,0,8388608,5,region5_312948039
2023-03-19 07:36,4052777934,4194304,1048576,5,region5_312948039
2023-03-19 07:36,4053051712,5242880,1048576,5,region5_312948039
2023-03-19 07:36,4047745114,3707166,562616,2,region5_312948041
2023-03-19 07:36,4047745114,1190767,87490,2,region5_312948041
2023-03-19 07:36,4052491677,1665918,25711,2,region5_312948047
2023-03-19 07:36,4053051712,6291456,1048576,5,region5_312948039
2023-03-19 07:36,4053057585,1048576,1048576,5,region5_312948039
2023-03-19 07:36,4053152717,0,4945119,3,region5_312948042
2023-03-19 07:36,4049432455,0,2078749,2,region5_312948048
2023-03-19 07:36,4052477100,0,5040730,2,region5_312948051
2023-03-19 07:36,4052733496,0,8388608,4,region5_312948047
2023-03-19 07:36,4052830692,3145728,1048576,5,region5_312948039
2023-03-19 07:36,4053057585,2097152,1048576,5,region5_312948039
2023-03-19 07:36,4053276232,3145728,1048576,5,region5_312948039
2023-03-19 07:36,4048005492,0,176,2,region5_312948043
2023-03-19 07:36,4052830692,4194304,1048576,5,region5_312948039
2023-03-19 07:36,4053057585,3145728,1048576,5,region5_312948039
2023-03-19 07:36,4053276232,4194304,1048576,5,region5_312948039
2023-03-19 07:36,4052830692,5242880,1048576,5,region5_312948039
2023-03-19 07:36,4053057585,4194304,1048576,5,region5_312948039
2023-03-19 07:36,4049533683,0,8388608,2,region5_312948041
2023-03-19 07:36,4052621262,0,8350445,3,region5_312948042
2023-03-19 07:36,4052777934,5242880,1048576,5,region5_312948039
2023-03-19 07:36,4053051712,7340032,1048576,5,region5_312948039
2023-03-19 07:36,4053057585,6291456,1048576,5,region5_312948039
2023-03-19 07:36,4053057585,5242880,1048576,5,region5_312948039
2023-03-19 07:36,4053276232,5242880,1048576,5,region5_312948039
2023-03-19 07:36,4052491341,0,845625,5,region5_312948039
2023-03-19 07:36,4047824517,7564838,824804,2,region5_312948047
2023-03-19 07:36,4052639597,0,384821,1,region5_312948042
2023-03-19 07:36,4052826401,0,1048576,5,region5_312948039
2023-03-19 07:36,4052830692,6291456,1048576,5,region5_312948039
2023-03-19 07:36,4052880811,5923008,1048576,2,region5_312948041
2023-03-19 07:36,4052880811,0,5349132,2,region5_312948041
2023-03-19 07:36,4052880811,5553679,1417905,2,region5_312948041
2023-03-19 07:36,4052925281,8362057,26551,2,region5_312948041
2023-03-19 07:36,4053057585,7340032,1048576,5,region5_312948039
2023-03-19 07:36,4053276232,6291456,1048576,5,region5_312948039
2023-03-19 07:36,4048483995,77716,463749,2,region5_312948047
2023-03-19 07:36,4052701589,3518504,1106244,2,region5_312948041
2023-03-19 07:36,4052701589,719027,158969,2,region5_312948041
2023-03-19 07:36,4052880811,0,6971587,2,region5_312948041
2023-03-19 07:36,4053276232,8388608,92960,5,region5_312948039
2023-03-19 07:36,4053276232,7340032,1048576,5,region5_312948039
2023-03-19 07:36,4049233332,8295588,93020,2,region5_312948047
2023-03-19 07:36,4049233332,0,8295588,2,region5_312948047
2023-03-19 07:36,4052781318,0,8277582,3,region5_312948042
2023-03-19 07:36,4052830692,7340032,1048576,5,region5_312948039
2023-03-19 07:36,4053431503,0,1048576,5,region5_312948039
2023-03-19 07:36,4052629920,0,8388608,5,region5_312948039
2023-03-19 07:36,4050421380,2774319,11129,2,region5_312948041
2023-03-19 07:36,4052747238,1195644,7192964,2,region5_312948041
2023-03-19 07:36,4053051712,8388608,92960,5,region5_312948039
2023-03-19 07:36,4050560320,0,5529390,2,region5_312948041
2023-03-19 07:36,4053431503,1048576,1048576,5,region5_312948039
2023-03-19 07:36,4050421380,7060367,9193,2,region5_312948041
2023-03-19 07:36,4050421380,3964656,209816,2,region5_312948041
2023-03-19 07:36,4052777934,6291456,1048576,5,region5_312948039
2023-03-19 07:36,4053386080,0,5314455,3,region5_312948042
2023-03-19 07:36,4052505431,0,8371948,3,region5_312948042
2023-03-19 07:36,4050176978,0,27562,2,region5_312948053
2023-03-19 07:36,4052787126,0,7546973,4,region5_312948061
2023-03-19 07:36,4052826401,1048576,1048576,5,region5_312948039
2023-03-19 07:36,4052884844,0,1764016,3,region5_312948042
2023-03-19 07:36,4053259873,0,8388608,5,region5_312948039
2023-03-19 07:36,4048037352,5515317,2115036,2,region5_312948041
2023-03-19 07:36,4053431503,2097152,1048576,5,region5_312948039
2023-03-19 07:36,4052547158,1358259,1358259,1,region5_312948042
2023-03-19 07:36,4052964572,0,7319324,2,region5_312948051
2023-03-19 07:36,4053431503,3145728,351211,5,region5_312948039
2023-03-19 07:36,4052621935,0,8388608,2,region5_312948041
2023-03-19 07:36,4053085804,0,9375053,6,region5_312948057
2023-03-19 07:36,4048541039,0,3065243,2,region5_312948048
2023-03-19 07:36,4048649299,791915,2526289,2,region5_312948046
2023-03-19 07:36,4052777934,7340032,1048576,5,region5_312948039
2023-03-19 07:36,4053396527,7347104,48,2,region5_312948043
2023-03-19 07:36,4052542226,0,34187,3,region5_312948042
2023-03-19 07:36,4052777934,8388608,92960,5,region5_312948039
2023-03-19 07:36,4052826401,2097152,1048576,5,region5_312948039
2023-03-19 07:36,4053433727,0,8388608,4,region5_312948047
2023-03-19 07:36,4048541039,0,3065243,2,region5_312948048
2023-03-19 07:36,4052639597,384821,7618966,1,region5_312948042
2023-03-19 07:36,4048378398,0,953662,2,region5_312948041
2023-03-19 07:36,4052848843,0,1048576,5,region5_312948039
2023-03-19 07:36,4052894866,4405781,3907204,1,region5_312948042
2023-03-19 07:36,4052483294,3035963,1048576,2,region5_312948041
2023-03-19 07:36,4052483294,1364222,2720317,2,region5_312948041
2023-03-19 07:36,4052787126,0,743145,2,region5_312948052
2023-03-19 07:36,4052787126,4949737,2138112,2,region5_312948052
2023-03-19 07:36,4052787126,743145,2101248,2,region5_312948052
2023-03-19 07:36,4052787126,7087849,459124,2,region5_312948052
2023-03-19 07:36,4052787126,2844393,2105344,2,region5_312948052
2023-03-19 07:36,4052654065,0,8388608,4,region5_312948056
2023-03-19 07:36,4052661676,6186509,1000793,2,region5_312948046
2023-03-19 07:36,4052661676,0,1396100,2,region5_312948046
2023-03-19 07:36,4052848843,1048576,1048576,5,region5_312948039
2023-03-19 07:36,4052932619,311370,8077238,2,region5_312948041
2023-03-19 07:36,4051273632,0,742174,1,region5_312948042
2023-03-19 07:36,4048541039,0,3065243,2,region5_312948048
2023-03-19 07:36,4052826401,3145728,1048576,5,region5_312948039
2023-03-19 07:36,4052547158,2716518,1358259,1,region5_312948042
2023-03-19 07:36,4052848843,2097152,1048576,5,region5_312948039
2023-03-19 07:36,4048247010,0,142925,2,region5_312948043
2023-03-19 07:36,4052932935,0,2633456,2,region5_312948041
2023-03-19 07:36,4053136088,0,19111934,3,region5_312948042
2023-03-19 07:36,4053200131,0,7339724,3,region5_312948042
2023-03-19 07:36,4052848843,3145728,1048576,5,region5_312948039
2023-03-19 07:36,4053016607,0,8370692,3,region5_312948042
2023-03-19 07:36,4053158882,6055601,1701978,2,region5_312948051
2023-03-19 07:36,4051620389,0,8388608,2,region5_312948044
2023-03-19 07:36,4052689550,0,1048576,5,region5_312948039
2023-03-19 07:36,4052848843,4194304,1048576,5,region5_312948039
2023-03-19 07:36,4050963034,5957778,735444,2,region5_312948048
2023-03-19 07:36,4051273632,742174,1048576,1,region5_312948042
2023-03-19 07:36,4052578343,0,8388608,5,region5_312948039
2023-03-19 07:36,4052826401,4194304,1048576,5,region5_312948039
2023-03-19 07:36,4052804463,0,4875286,2,region5_312948044
2023-03-19 07:36,4053273341,1612,33,2,region5_312948043
2023-03-19 07:36,4053338920,0,7058756,3,region5_312948042
2023-03-19 07:36,4053405582,0,920146,3,region5_312948047
2023-03-19 07:36,4053481709,6973216,48,2,region5_312948043
2023-03-19 07:36,4052848843,5242880,1048576,5,region5_312948039
2023-03-19 07:36,4052921311,0,25165824,3,region5_312948051
2023-03-19 07:36,4050481383,0,8388608,2,region5_312948041
2023-03-19 07:36,4053201577,0,4154534,2,region5_312948041
2023-03-19 07:36,4047831874,0,2082650,2,region5_312948041
2023-03-19 07:36,4052604412,1947889,1048576,2,region5_312948047
2023-03-19 07:36,4048541039,0,3065243,2,region5_312948048
2023-03-19 07:36,4053482843,0,1048576,5,region5_312948039
2023-03-19 07:36,4052848843,6291456,1048576,5,region5_312948039
2023-03-19 07:36,4050773687,0,111574,2,region5_312948046
2023-03-19 07:36,4048541039,0,3065243,2,region5_312948048
2023-03-19 07:36,4053482843,1048576,1048576,5,region5_312948039
2023-03-19 07:36,4048476379,0,417633,2,region5_312948043
2023-03-19 07:37,4052777934,8388608,92960,5,region5_312948039
2023-03-19 07:37,4050663894,2920544,121152,2,region5_312948043
2023-03-19 07:37,4052605225,0,2097152,1,region5_312948051
2023-03-19 07:37,4053482843,2097152,1048576,5,region5_312948039
2023-03-19 07:37,4052547158,4074777,1358259,1,region5_312948042
2023-03-19 07:37,4052826401,5242880,1048576,5,region5_312948039
2023-03-19 07:37,4052848843,7340032,1048576,5,region5_312948039
2023-03-19 07:37,4051969592,0,7355604,2,region5_312948047
2023-03-19 07:37,4053482843,3145728,1048576,5,region5_312948039
2023-03-19 07:37,4053491285,0,683724,3,region5_312948042
2023-03-19 07:37,4052659559,0,1705258,2,region5_312948051
2023-03-19 07:37,4053092599,0,50329,5,region5_312948039
2023-03-19 07:37,4053200827,0,8374621,3,region5_312948042
2023-03-19 07:37,4047809551,1783911,136160,2,region5_312948041
2023-03-19 07:37,4050219297,2279024,3830560,1,region5_312948042
2023-03-19 07:37,4053610458,0,8374852,3,region5_312948042
2023-03-19 07:37,4052892381,0,8388608,2,region5_312948041
2023-03-19 07:37,4049828646,0,15766,2,region5_312948043
2023-03-19 07:37,4051273632,1790750,1048576,1,region5_312948042
2023-03-19 07:37,4053482843,4194304,1048576,5,region5_312948039
2023-03-19 07:37,4053563762,3803876,1365330,2,region5_312948041
2023-03-19 07:37,4047757709,5208976,3200686,2,region5_312948041
2023-03-19 07:37,4052605225,2097152,2097152,1,region5_312948051
2023-03-19 07:37,4053482843,5242880,1048576,5,region5_312948039
2023-03-19 07:37,4048232270,3992524,18564,2,region5_312948048
2023-03-19 07:37,4048232270,4019610,761411,2,region5_312948048
2023-03-19 07:37,4051902364,0,4896273,2,region5_312948041
2023-03-19 07:37,4052745347,0,7051736,3,region5_312948042
2023-03-19 07:37,4052786499,0,1048576,5,region5_312948039
2023-03-19 07:37,4053482843,6291456,1048576,5,region5_312948039
2023-03-19 07:37,4048459297,1002842,1048576,2,region5_312948047
2023-03-19 07:37,4052786499,1048576,1048576,5,region5_312948039
2023-03-19 07:37,4050616488,0,5661776,2,region5_312948046
2023-03-19 07:37,4052547158,5433036,1358259,1,region5_312948042
2023-03-19 07:37,4048657115,304592,198411,2,region5_312948047
2023-03-19 07:37,4052786499,2097152,1048576,5,region5_312948039
2023-03-19 07:37,4052826401,6291456,1048576,5,region5_312948039
2023-03-19 07:37,4050560320,0,2186818,2,region5_312948047
2023-03-19 07:37,4052820016,480083,7908525,2,region5_312948041
2023-03-19 07:37,4052820504,0,4183377,5,region5_312948039
2023-03-19 07:37,4052860548,0,3667143,2,region5_312948051
2023-03-19 07:37,4052871349,1598191,296746,2,region5_312948051
2023-03-19 07:37,4052605225,4194304,2097152,1,region5_312948051
2023-03-19 07:37,4053338350,0,8388608,4,region5_312948044
2023-03-19 07:37,4048062860,0,2357038,2,region5_312948046
2023-03-19 07:37,4048062860,7262288,1126320,2,region5_312948046
2023-03-19 07:37,4051273632,2839326,1048576,1,region5_312948042
2023-03-19 07:37,4050135822,13703,211949,2,region5_312948047
2023-03-19 07:37,4052786499,3145728,1048576,5,region5_312948039
2023-03-19 07:37,4052822113,0,8388608,2,region5_312948041
2023-03-19 07:37,4053230578,0,7638832,2,region5_312948049
2023-03-19 07:37,4053458201,2083608,1048576,2,region5_312948047
2023-03-19 07:37,4052595291,0,8388608,2,region5_312948044
2023-03-19 07:37,4050495228,2767482,1048576,2,region5_312948047
2023-03-19 07:37,4050495228,2767482,1048576,2,region5_312948047
2023-03-19 07:37,4050584727,0,14687,2,region5_312948041
2023-03-19 07:37,4052786499,4194304,1048576,5,region5_312948039
2023-03-19 07:37,4053230578,7135472,1346096,2,region5_312948049
2023-03-19 07:37,4050662928,870208,48,2,region5_312948043
2023-03-19 07:37,4053482843,7340032,1048576,5,region5_312948039
2023-03-19 07:37,4048476379,0,417633,2,region5_312948043
2023-03-19 07:37,4048996252,5415676,1122601,2,region5_312948041
2023-03-19 07:37,4048996252,1190158,2037944,2,region5_312948041
2023-03-19 07:37,4052776627,0,7277023,5,region5_312948039
2023-03-19 07:37,4052786499,5242880,1048576,5,region5_312948039
2023-03-19 07:37,4049756091,3561764,53811,2,region5_312948047
2023-03-19 07:37,4048996252,7777882,610726,2,region5_312948041
2023-03-19 07:37,4052826401,7340032,1048576,5,region5_312948039
2023-03-19 07:37,4048475865,242338,8146270,2,region5_312948051
2023-03-19 07:37,4052786499,7340032,1048576,5,region5_312948039
2023-03-19 07:37,4052786499,6291456,1048576,5,region5_312948039
2023-03-19 07:37,4053475590,0,8388608,2,region5_312948051
2023-03-19 07:37,4052547158,6791295,1326340,1,region5_312948042
2023-03-19 07:37,4048411020,5347945,2529340,2,region5_312948041
2023-03-19 07:37,4048411020,0,3057148,2,region5_312948041
2023-03-19 07:37,4052959668,0,62422,2,region5_312948041
2023-03-19 07:37,4051508693,0,8388608,2,region5_312948046
2023-03-19 07:37,4052605225,6291456,2097152,1,region5_312948051
2023-03-19 07:37,4051575353,1011734,7376874,2,region5_312948047
2023-03-19 07:37,4051703949,142004,101609,2,region5_312948047
2023-03-19 07:37,4051703949,4549999,373064,2,region5_312948047
2023-03-19 07:37,4050321202,0,1124390,2,region5_312948043
2023-03-19 07:37,4050321202,1124390,380852,2,region5_312948043
2023-03-19 07:37,4053692773,3509109,1767,2,region5_312948051
2023-03-19 07:37,4053692773,896885,738548,2,region5_312948051
2023-03-19 07:37,4052911165,1837484,1048576,2,region5_312948047
2023-03-19 07:37,4051703949,1342109,119949,2,region5_312948047
2023-03-19 07:37,4051549638,0,737995,2,region5_312948051
2023-03-19 07:37,4050029682,0,3020127,2,region5_312948047
2023-03-19 07:37,4050321202,1414950,90292,2,region5_312948043
2023-03-19 07:37,4052439074,805024,1048576,2,region5_312948047
2023-03-19 07:37,4052911165,1837484,1048576,2,region5_312948047
2023-03-19 07:37,4053362125,673161,3591844,2,region5_312948047
2023-03-19 07:37,4053362125,7892398,496210,2,region5_312948047
2023-03-19 07:37,4053370957,0,8345207,3,region5_312948042
2023-03-19 07:37,4051273632,3887902,1048576,1,region5_312948042
2023-03-19 07:37,4050029682,3020127,1146374,2,region5_312948047
2023-03-19 07:37,4053458201,2083608,1048576,2,region5_312948047
2023-03-19 07:37,4052439074,0,292278,2,region5_312948047
2023-03-19 07:37,4053685937,0,8353888,3,region5_312948042
2023-03-19 07:37,4053724595,165,1044016,2,region5_312948045
2023-03-19 07:37,4049138344,5610050,806291,2,region5_312948048
2023-03-19 07:37,4052955048,0,4226041,5,region5_312948039
2023-03-19 07:37,4048927745,3228734,1048576,1,region5_312948042
2023-03-19 07:37,4053178633,0,8388608,2,region5_312948041
2023-03-19 07:37,4051070026,0,4797733,2,region5_312948046
2023-03-19 07:37,4052605225,8388608,2097152,1,region5_312948051
2023-03-19 07:37,4050029682,0,3020127,2,region5_312948047
2023-03-19 07:37,4050029682,3020127,1146374,2,region5_312948047
2023-03-19 07:37,4052812226,0,8388608,5,region5_312948039
2023-03-19 07:37,4049043700,4686308,2581911,2,region5_312948041
2023-03-19 07:37,4049043700,6219643,1048576,2,region5_312948041
2023-03-19 07:37,4053402326,0,2508959,4,region5_312948051
2023-03-19 07:37,4049252188,0,418440,2,region5_312948046
2023-03-19 07:37,4049252188,4423546,1065174,2,region5_312948046
2023-03-19 07:37,4052860548,0,3667143,2,region5_312948051
2023-03-19 07:37,4049043700,0,4496104,2,region5_312948041
2023-03-19 07:37,4051820747,0,733546,2,region5_312948044
2023-03-19 07:37,4053131760,0,1048576,5,region5_312948039
2023-03-19 07:37,4053327784,0,8348926,3,region5_312948042
2023-03-19 07:37,4050418615,5441072,2816362,2,region5_312948046
2023-03-19 07:37,4053131760,1048576,1048576,5,region5_312948039
2023-03-19 07:37,4053241418,0,5935269,4,region5_312948047
2023-03-19 07:37,4053473582,0,8481568,5,region5_312948039
2023-03-19 07:37,4052947723,0,8388608,2,region5_312948044
2023-03-19 07:37,4053131760,2097152,1048576,5,region5_312948039
2023-03-19 07:37,4053314010,0,1048576,5,region5_312948039
2023-03-19 07:37,4051273632,4936478,1048576,1,region5_312948042
2023-03-19 07:37,4048476379,0,417633,2,region5_312948043
2023-03-19 07:37,4053131760,3145728,1048576,5,region5_312948039
2023-03-19 07:37,4053744614,1544760,452325,2,region5_312948047
2023-03-19 07:37,4053131760,4194304,557318,5,region5_312948039
2023-03-19 07:37,4052605225,10485760,2097152,1,region5_312948051
2023-03-19 07:37,4053229767,0,1048576,5,region5_312948039
2023-03-19 07:37,4053474649,4971829,1362383,2,region5_312948041
2023-03-19 07:37,4053560576,6123528,2265080,2,region5_312948048
2023-03-19 07:37,4053560576,0,6123528,2,region5_312948048
2023-03-19 07:37,4052860548,3667143,4721465,2,region5_312948051
2023-03-19 07:37,4053017047,6519247,129784,2,region5_312948041
2023-03-19 07:37,4053017047,8322091,66517,2,region5_312948041
2023-03-19 07:37,4053017047,0,644932,2,region5_312948041
2023-03-19 07:37,4053314010,1048576,1048576,5,region5_312948039
2023-03-19 07:37,4053229767,1048576,1048576,5,region5_312948039
2023-03-19 07:37,4053469797,0,5669950,3,region5_312948042
2023-03-19 07:37,4053747113,0,8280413,3,region5_312948042
2023-03-19 07:37,4051521550,0,1285,1,region5_312948042
2023-03-19 07:37,4052605225,12582912,2097152,1,region5_312948051
2023-03-19 07:37,4053212140,0,730534,3,region5_312948042
2023-03-19 07:37,4053229767,2097152,1048576,5,region5_312948039
2023-03-19 07:37,4053314010,2097152,1048576,5,region5_312948039
2023-03-19 07:37,4048320406,0,176,2,region5_312948043
2023-03-19 07:37,4053597880,0,8370556,3,region5_312948042
2023-03-19 07:37,4053724935,2750785,2845174,2,region5_312948041
2023-03-19 07:37,4053724935,0,1405862,2,region5_312948041
2023-03-19 07:37,4047963174,0,145825,2,region5_312948043
2023-03-19 07:37,4053229767,3145728,1048576,5,region5_312948039
2023-03-19 07:37,4053314010,3145728,1048576,5,region5_312948039
2023-03-19 07:37,4050629202,0,1639,2,region5_312948043
2023-03-19 07:37,4053482859,6371392,48,2,region5_312948043
2023-03-19 07:37,4053147669,703424,2247090,2,region5_312948041
2023-03-19 07:37,4050438312,0,8388608,2,region5_312948046
2023-03-19 07:37,4053229767,4194304,1048576,5,region5_312948039
2023-03-19 07:37,4053314010,4194304,1048576,5,region5_312948039
2023-03-19 07:37,4051969348,2845827,678605,2,region5_312948048
2023-03-19 07:37,4048461928,2724365,65933,2,region5_312948041
2023-03-19 07:37,4048461928,0,1047005,2,region5_312948041
2023-03-19 07:37,4049838215,0,916773,2,region5_312948041
2023-03-19 07:37,4047840037,3547882,329199,2,region5_312948047
2023-03-19 07:37,4051602864,0,3921,2,region5_312948047
2023-03-19 07:37,4053196401,0,2146304,2,region5_312948050
2023-03-19 07:37,4053196401,4284416,2146304,2,region5_312948050
2023-03-19 07:37,4053196401,2146304,2138112,2,region5_312948050
2023-03-19 07:37,4053294884,0,7080559,3,region5_312948042
2023-03-19 07:37,4053314010,5242880,1048576,5,region5_312948039
2023-03-19 07:37,4053907402,0,8388608,5,region5_312948039
2023-03-19 07:37,4053196401,6430720,1957888,2,region5_312948050
2023-03-19 07:37,4052605225,14680064,2097152,1,region5_312948051
2023-03-19 07:37,4053229767,5242880,1048576,5,region5_312948039
2023-03-19 07:37,4053908007,7968877,419731,2,region5_312948041
2023-03-19 07:37,4053908007,0,6496377,2,region5_312948041
2023-03-19 07:37,4053229767,6291456,1048576,5,region5_312948039
2023-03-19 07:37,4052568823,0,3312638,2,region5_312948048
2023-03-19 07:37,4053103523,435826,2652143,2,region5_312948041
2023-03-19 07:37,4053314010,6291456,1048576,5,region5_312948039
2023-03-19 07:37,4053229767,7340032,1048576,5,region5_312948039
2023-03-19 07:37,4053314010,7340032,1048576,5,region5_312948039
2023-03-19 07:37,4051273632,5985054,1048576,1,region5_312948042
2023-03-19 07:37,4047983429,1881020,95382,2,region5_312948041
2023-03-19 07:37,4052003758,6103230,741,2,region5_312948048
2023-03-19 07:37,4053229767,8388608,92960,5,region5_312948039
2023-03-19 07:37,4053854919,3712619,1048576,2,region5_312948047
2023-03-19 07:37,4050071966,7734933,653675,2,region5_312948041
2023-03-19 07:37,4050071966,6372874,1740,2,region5_312948041
2023-03-19 07:37,4050071966,1018205,1796749,2,region5_312948041
2023-03-19 07:37,4053945709,0,20772407,3,region5_312948051
2023-03-19 07:37,4053118868,0,794624,2,region5_312948052
2023-03-19 07:37,4052605225,16777216,2097152,1,region5_312948051
2023-03-19 07:37,4048476379,0,417633,2,region5_312948043
2023-03-19 07:37,4053854919,0,278756,2,region5_312948047
2023-03-19 07:37,4053108187,2202309,1417849,2,region5_312948041
2023-03-19 07:37,4053108187,8225625,162983,2,region5_312948041
2023-03-19 07:37,4053590477,0,25165824,3,region5_312948051
2023-03-19 07:37,4049533683,0,8388608,2,region5_312948041
2023-03-19 07:37,4049391363,2077383,3256121,2,region5_312948041
2023-03-19 07:37,4049391363,321315,295710,2,region5_312948041
2023-03-19 07:37,4051776346,6706104,426604,1,region5_312948042
2023-03-19 07:37,4049871324,0,574806,2,region5_312948047
2023-03-19 07:37,4054019008,0,7610825,3,region5_312948042
2023-03-19 07:37,4050089981,0,921927,2,region5_312948047
2023-03-19 07:37,4047848774,4045132,428082,2,region5_312948047
2023-03-19 07:37,4052678730,601155,1268832,2,region5_312948047
2023-03-19 07:37,4051749160,4357535,163042,2,region5_312948041
2023-03-19 07:37,4052605225,18874368,1087054,1,region5_312948051
2023-03-19 07:37,4053475256,0,8388608,2,region5_312948046
2023-03-19 07:37,4047878454,0,1018156,2,region5_312948047
2023-03-19 07:37,4048140962,0,1023182,2,region5_312948047
2023-03-19 07:37,4052530524,3602798,574257,2,region5_312948045
2023-03-19 07:37,4051824049,0,1041762,2,region5_312948051
2023-03-19 07:37,4051682715,0,27,2,region5_312948047
2023-03-19 07:37,4052483294,0,918790,2,region5_312948041
2023-03-19 07:37,4054048905,0,8378845,3,region5_312948042
2023-03-19 07:37,4053089749,0,5121564,2,region5_312948041
2023-03-19 07:37,4053166998,1154488,242578,2,region5_312948047
2023-03-19 07:37,4052367729,7108608,813568,1,region5_312948042
2023-03-19 07:37,4053477840,0,8388608,2,region5_312948044
2023-03-19 07:37,4047745114,4850019,119354,2,region5_312948047
2023-03-19 07:37,4052077170,2005139,2353690,2,region5_312948047
2023-03-19 07:37,4051273632,7033630,996828,1,region5_312948042
2023-03-19 07:37,4053514262,0,27,4,region5_312948044
2023-03-19 07:37,4053741797,4163197,4225411,2,region5_312948041
2023-03-19 07:37,4053741797,219172,1465859,2,region5_312948041
2023-03-19 07:37,4052503368,0,494944,2,region5_312948048
2023-03-19 07:37,4052503368,5670715,26581,2,region5_312948048
2023-03-19 07:37,4053827074,1048576,1048576,5,region5_312948039
2023-03-19 07:37,4053827074,0,1048576,5,region5_312948039
2023-03-19 07:37,4053576954,0,1048576,5,region5_312948039
2023-03-19 07:37,4053796121,0,8375052,3,region5_312948042
2023-03-19 07:37,4054126656,2519040,2109440,2,region5_312948050
2023-03-19 07:37,4054126656,397312,2121728,2,region5_312948050
2023-03-19 07:37,4054126656,0,397312,2,region5_312948050
2023-03-19 07:37,4053137509,0,16640,2,region5_312948043
2023-03-19 07:37,4053576954,1048576,1048576,5,region5_312948039
2023-03-19 07:37,4049709551,7724880,170737,2,region5_312948041
2023-03-19 07:37,4049709551,0,5652857,2,region5_312948041
2023-03-19 07:37,4053827074,2097152,1048576,5,region5_312948039
2023-03-19 07:37,4054056248,0,3027484,2,region5_312948041
2023-03-19 07:37,4054056248,4536634,390298,2,region5_312948041
2023-03-19 07:37,4054126656,6746112,1642496,2,region5_312948050
2023-03-19 07:37,4054126656,4628480,2117632,2,region5_312948050
2023-03-19 07:37,4053437279,0,7719678,3,region5_312948042
2023-03-19 07:37,4053656064,5386240,2113536,2,region5_312948050
2023-03-19 07:37,4053656064,3284992,2101248,2,region5_312948050
2023-03-19 07:37,4053656064,1183744,2101248,2,region5_312948050
2023-03-19 07:37,4053656064,0,1183744,2,region5_312948050
2023-03-19 07:37,4052003758,6103230,741,2,region5_312948048
2023-03-19 07:37,4047846327,8256938,131670,2,region5_312948046
2023-03-19 07:37,4047846327,701320,426662,2,region5_312948046
2023-03-19 07:37,4053827074,3145728,1048576,5,region5_312948039
2023-03-19 07:37,4051314035,0,4812059,2,region5_312948041
2023-03-19 07:37,4053576954,2097152,1048576,5,region5_312948039
2023-03-19 07:37,4053633765,0,8481568,5,region5_312948039
2023-03-19 07:37,4053656064,7499776,888832,2,region5_312948050
2023-03-19 07:37,4053417323,0,8481568,5,region5_312948039
2023-03-19 07:37,4053576954,3145728,1048576,5,region5_312948039
2023-03-19 07:37,4049709551,2648200,5740408,2,region5_312948047
2023-03-19 07:37,4053827074,4194304,1048576,5,region5_312948039
2023-03-19 07:37,4051784078,0,184896,2,region5_312948043
2023-03-19 07:37,4053430792,0,5246567,5,region5_312948039
2023-03-19 07:37,4053576653,0,20763584,3,region5_312948051
2023-03-19 07:37,4053775536,0,8388608,2,region5_312948044
2023-03-19 07:37,4053827074,5242880,1048576,5,region5_312948039
2023-03-19 07:37,4049138344,0,564857,2,region5_312948047
2023-03-19 07:37,4053452622,0,5689116,2,region5_312948048
2023-03-19 07:37,4053576954,4194304,1048576,5,region5_312948039
2023-03-19 07:37,4053576954,6291456,1048576,5,region5_312948039
2023-03-19 07:37,4053576954,5242880,1048576,5,region5_312948039
2023-03-19 07:37,4052789816,8286638,101970,2,region5_312948047
2023-03-19 07:37,4052789816,0,8286638,2,region5_312948047
2023-03-19 07:37,4053827074,6291456,1048576,5,region5_312948039
2023-03-19 07:37,4051682795,0,8388608,2,region5_312948046
2023-03-19 07:37,4053452622,5689116,2699492,2,region5_312948048
2023-03-19 07:37,4053474368,0,2192951,5,region5_312948039
2023-03-19 07:37,4053576954,7340032,1048576,5,region5_312948039
2023-03-19 07:37,4053474368,0,2819508,6,region5_312948039
2023-03-19 07:37,4053489740,0,8381711,1,region5_312948042
2023-03-19 07:37,4053326351,0,10504,2,region5_312948047
2023-03-19 07:37,4053455706,1391826,2545132,2,region5_312948047
2023-03-19 07:37,4053827074,7340032,44820,5,region5_312948039
2023-03-19 07:37,4051991659,0,5980249,2,region5_312948047
2023-03-19 07:38,4048487642,0,535625,2,region5_312948046
2023-03-19 07:38,4048487642,5264029,3124579,2,region5_312948046
2023-03-19 07:38,4053487535,0,8388608,5,region5_312948039
2023-03-19 07:38,4053656068,0,1978400,2,region5_312948047
2023-03-19 07:38,4049138344,0,564857,2,region5_312948047
2023-03-19 07:38,4049138344,3751269,534466,2,region5_312948047
2023-03-19 07:38,4053349845,0,7884531,3,region5_312948042
2023-03-19 07:38,4053397446,0,892381,2,region5_312948041
2023-03-19 07:38,4047709470,2535511,1607038,2,region5_312948047
2023-03-19 07:38,4048957283,615785,865474,2,region5_312948046
2023-03-19 07:38,4049709551,0,2648200,2,region5_312948047
2023-03-19 07:38,4049317238,0,6822737,2,region5_312948041
2023-03-19 07:38,4048232270,4019610,761411,2,region5_312948048
2023-03-19 07:38,4048232270,3992524,18564,2,region5_312948048
2023-03-19 07:38,4048585923,0,8388608,2,region5_312948041
2023-03-19 07:38,4053833105,0,8388608,2,region5_312948041
2023-03-19 07:38,4047757709,720352,178238,2,region5_312948041
2023-03-19 07:38,4047757709,5208976,3200686,2,region5_312948041
2023-03-19 07:38,4048691917,7572141,307569,2,region5_312948041
2023-03-19 07:38,4048691917,3293993,2091681,2,region5_312948041
2023-03-19 07:38,4053158882,6055601,1701978,2,region5_312948051
2023-03-19 07:38,4054252942,0,3170957,5,region5_312948057
2023-03-19 07:38,4052439074,0,292278,2,region5_312948047
2023-03-19 07:38,4052439074,805024,1048576,2,region5_312948047
2023-03-19 07:38,4052003758,6103230,741,2,region5_312948048
2023-03-19 07:38,4053541016,7931113,457495,2,region5_312948048
2023-03-19 07:38,4053482516,758875,1261,2,region5_312948041
2023-03-19 07:38,4053482516,6369315,1858556,2,region5_312948041
2023-03-19 07:38,4053541016,0,7931113,2,region5_312948048
2023-03-19 07:38,4053884839,362048,48,2,region5_312948043
2023-03-19 07:38,4049186470,4670821,266865,2,region5_312948041
2023-03-19 07:38,4049186470,1823493,624567,2,region5_312948041
2023-03-19 07:38,4050653618,0,8388608,2,region5_312948041
2023-03-19 07:38,4053438405,0,8388608,5,region5_312948039
2023-03-19 07:38,4047722784,899640,436473,2,region5_312948047
2023-03-19 07:38,4047840037,3547882,329199,2,region5_312948047
2023-03-19 07:38,4053992273,0,8388608,2,region5_312948046
2023-03-19 07:38,4053333361,0,1048576,5,region5_312948039
2023-03-19 07:38,4053386076,0,8388608,4,region5_312948051
2023-03-19 07:38,4053590132,0,7835915,2,region5_312948041
2023-03-19 07:38,4053590132,8048135,340473,2,region5_312948041
2023-03-19 07:38,4049311091,0,2067782,2,region5_312948048
2023-03-19 07:38,4053433449,0,5859636,5,region5_312948039
2023-03-19 07:38,4053823379,9853,1048576,2,region5_312948041
2023-03-19 07:38,4053497104,0,7884739,3,region5_312948042
2023-03-19 07:38,4054224595,0,1345302,2,region5_312948048
2023-03-19 07:38,4054224595,1345302,7043306,2,region5_312948048
2023-03-19 07:38,4054259787,0,1998901,2,region5_312948047
2023-03-19 07:38,4053333361,1048576,1048576,5,region5_312948039
2023-03-19 07:38,4053333361,2097152,1048576,5,region5_312948039
2023-03-19 07:38,4049311091,2067782,6320826,2,region5_312948048
2023-03-19 07:38,4053879942,3414304,138944,2,region5_312948043
2023-03-19 07:38,4053333361,3145728,1048576,5,region5_312948039
2023-03-19 07:38,4053885738,0,8232427,3,region5_312948042
2023-03-19 07:38,4052721664,5172622,58782,2,region5_312948045
2023-03-19 07:38,4054331948,0,1010611,5,region5_312948039
2023-03-19 07:38,4053609542,0,29186,5,region5_312948039
2023-03-19 07:38,4054277508,0,542644,2,region5_312948043
2023-03-19 07:38,4053770070,0,1559794,2,region5_312948041
2023-03-19 07:38,4054033976,0,129392,2,region5_312948052
2023-03-19 07:38,4053359152,0,8388608,2,region5_312948041
2023-03-19 07:38,4051841025,0,8388608,5,region5_312948039
2023-03-19 07:38,4053333361,4194304,1048576,5,region5_312948039
2023-03-19 07:38,4053358947,0,3890809,4,region5_312948044
2023-03-19 07:38,4053482707,0,4128023,5,region5_312948039
2023-03-19 07:38,4052547021,6750400,215424,2,region5_312948043
2023-03-19 07:38,4049626136,8099792,194,2,region5_312948048
2023-03-19 07:38,4048585923,0,8388608,2,region5_312948041
2023-03-19 07:38,4047757709,0,8409662,2,region5_312948044
2023-03-19 07:38,4053847880,0,7885067,3,region5_312948042
2023-03-19 07:38,4053984955,0,3055806,2,region5_312948048
2023-03-19 07:38,4054193711,0,8388608,5,region5_312948039
2023-03-19 07:38,4053427186,0,5246567,2,region5_312948043
2023-03-19 07:38,4053333361,5242880,1048576,5,region5_312948039
2023-03-19 07:38,4054086988,0,8388608,2,region5_312948051
2023-03-19 07:38,4053628790,0,8388608,4,region5_312948051
2023-03-19 07:38,4051312537,431210,171366,2,region5_312948047
2023-03-19 07:38,4053837781,5534961,467932,2,region5_312948046
2023-03-19 07:38,4053918557,2938560,61248,2,region5_312948043
2023-03-19 07:38,4053333361,6291456,1048576,5,region5_312948039
2023-03-19 07:38,4053619820,0,8371862,3,region5_312948042
2023-03-19 07:38,4053757542,0,8121517,3,region5_312948042
2023-03-19 07:38,4048657115,59690,310861,2,region5_312948047
2023-03-19 07:38,4048657115,2176182,281989,2,region5_312948047
2023-03-19 07:38,4049626136,0,438979,2,region5_312948047
2023-03-19 07:38,4049376866,0,8388608,2,region5_312948041
2023-03-19 07:38,4053453217,5492736,2121728,2,region5_312948050
2023-03-19 07:38,4053453217,7614464,774144,2,region5_312948050
2023-03-19 07:38,4053453217,3391488,2101248,2,region5_312948050
2023-03-19 07:38,4053453217,1282048,2109440,2,region5_312948050
2023-03-19 07:38,4053453217,0,1282048,2,region5_312948050
2023-03-19 07:38,4053333361,7340032,1048576,5,region5_312948039
2023-03-19 07:38,4049882359,0,792824,1,region5_312948042
2023-03-19 07:38,4052961381,0,4065459,2,region5_312948041
2023-03-19 07:38,4054237849,0,473064,4,region5_312948044
2023-03-19 07:38,4053810558,0,6352,1,region5_312948042
2023-03-19 07:38,4053333361,8388608,92960,5,region5_312948039
2023-03-19 07:38,4048181687,0,1007965,2,region5_312948041
2023-03-19 07:38,4049227025,0,4813681,2,region5_312948041
2023-03-19 07:38,4053061968,6146910,58260,2,region5_312948045
2023-03-19 07:38,4053731382,0,8481568,5,region5_312948039
2023-03-19 07:38,4053213111,0,2012060,1,region5_312948042
2023-03-19 07:38,4054227238,0,8388608,2,region5_312948041
2023-03-19 07:38,4054363582,3633670,4754938,2,region5_312948047
2023-03-19 07:38,4053712113,0,7059418,3,region5_312948042
2023-03-19 07:38,4051671965,0,902690,2,region5_312948041
2023-03-19 07:38,4049882359,792824,1048576,1,region5_312948042
2023-03-19 07:38,4049090466,4422784,3652490,2,region5_312948046
2023-03-19 07:38,4049090466,811031,1801048,2,region5_312948046
2023-03-19 07:38,4048927745,0,837394,1,region5_312948042
2023-03-19 07:38,4054360673,0,8388608,4,region5_312948051
2023-03-19 07:38,4053482947,0,217,2,region5_312948053
2023-03-19 07:38,4053482947,73,144,2,region5_312948053
2023-03-19 07:38,4053482947,0,217,2,region5_312948053
2023-03-19 07:38,4053482947,0,217,2,region5_312948053
2023-03-19 07:38,4048751650,0,236832,2,region5_312948043
2023-03-19 07:38,4054333359,8436752,44816,2,region5_312948043
2023-03-19 07:38,4047824517,7564838,824804,2,region5_312948047
2023-03-19 07:38,4049892161,5306794,3081814,2,region5_312948046
2023-03-19 07:38,4053810558,6352,8375904,1,region5_312948042
2023-03-19 07:38,4053899687,4483905,3904703,2,region5_312948048
2023-03-19 07:38,4047800750,830488,1048576,2,region5_312948047
2023-03-19 07:38,4054133499,0,8481568,5,region5_312948039
2023-03-19 07:38,4051662878,0,8388608,2,region5_312948041
2023-03-19 07:38,4053880697,0,1048576,5,region5_312948039
2023-03-19 07:38,4049536640,2752672,1048576,2,region5_312948047
2023-03-19 07:38,4048487642,7185204,1203404,2,region5_312948046
2023-03-19 07:38,4048487642,0,535625,2,region5_312948046
2023-03-19 07:38,4054150875,443006,53395,2,region5_312948047
2023-03-19 07:38,4054150875,1556315,601806,2,region5_312948047
2023-03-19 07:38,4051662878,0,8388608,2,region5_312948041
2023-03-19 07:38,4053557188,0,1152,2,region5_312948043
2023-03-19 07:38,4048630263,0,1961355,2,region5_312948047
2023-03-19 07:38,4049882359,1841400,1048576,1,region5_312948042
2023-03-19 07:38,4054264820,7052485,1048576,2,region5_312948046
2023-03-19 07:38,4054264820,6670893,1430168,2,region5_312948046
2023-03-19 07:38,4054264820,0,6464173,2,region5_312948046
2023-03-19 07:38,4053490604,0,8388608,2,region5_312948046
2023-03-19 07:38,4053634663,2882937,5505671,2,region5_312948041
2023-03-19 07:38,4053634663,0,1359301,2,region5_312948041
2023-03-19 07:38,4053880697,1048576,1048576,5,region5_312948039
2023-03-19 07:38,4054056075,120448,48,2,region5_312948043
2023-03-19 07:38,4054108517,0,8378150,3,region5_312948042
2023-03-19 07:38,4048927745,837394,1048576,1,region5_312948042
2023-03-19 07:38,4050560320,0,5529390,2,region5_312948041
2023-03-19 07:38,4049902506,0,13632,2,region5_312948043
2023-03-19 07:38,4054385899,0,3238479,3,region5_312948051
2023-03-19 07:38,4048541039,0,3065243,2,region5_312948048
2023-03-19 07:38,4053880697,2097152,1048576,5,region5_312948039
2023-03-19 07:38,4053705427,3517642,282155,2,region5_312948051
2023-03-19 07:38,4053705427,2144279,201502,2,region5_312948051
2023-03-19 07:38,4054234082,0,8388608,4,region5_312948051
2023-03-19 07:38,4054370896,0,971424,5,region5_312948039
2023-03-19 07:38,4053692658,3596760,71296,2,region5_312948043
2023-03-19 07:38,4049882359,2889976,1048576,1,region5_312948042
2023-03-19 07:38,4052862144,174,611139,2,region5_312948045
2023-03-19 07:38,4052135771,0,2718061,2,region5_312948048
2023-03-19 07:38,4053778670,0,1048576,5,region5_312948039
2023-03-19 07:38,4053785445,597344,48,2,region5_312948043
2023-03-19 07:38,4053880697,3145728,1048576,5,region5_312948039
2023-03-19 07:38,4053488553,0,8391179,2,region5_312948041
2023-03-19 07:38,4053778670,1048576,1048576,5,region5_312948039
2023-03-19 07:38,4053880697,4194304,1048576,5,region5_312948039
2023-03-19 07:38,4050665722,0,123848,1,region5_312948042
2023-03-19 07:38,4048541039,0,3065243,2,region5_312948048
2023-03-19 07:38,4053880697,5242880,350814,5,region5_312948039
2023-03-19 07:38,4049756091,3561764,53811,2,region5_312948047
2023-03-19 07:38,4051875198,4287667,3454196,2,region5_312948047
2023-03-19 07:38,4053778670,2097152,1048576,5,region5_312948039
2023-03-19 07:38,4049882359,3938552,1048576,1,region5_312948042
2023-03-19 07:38,4048236064,817258,1048576,2,region5_312948047
2023-03-19 07:38,4051662878,0,8388608,2,region5_312948041
2023-03-19 07:38,4053825574,0,946084,2,region5_312948041
2023-03-19 07:38,4053825574,0,946084,2,region5_312948041
2023-03-19 07:38,4053987977,0,2826074,5,region5_312948057
2023-03-19 07:38,4048927745,1885970,1048576,1,region5_312948042
2023-03-19 07:38,4051801197,0,28007,2,region5_312948043
2023-03-19 07:38,4053778670,3145728,1048576,5,region5_312948039
2023-03-19 07:38,4048459297,1002842,1048576,2,region5_312948047
2023-03-19 07:38,4051960389,1289372,852723,2,region5_312948048
2023-03-19 07:38,4054066795,0,1507328,2,region5_312948052
2023-03-19 07:38,4054093827,118526,37247,2,region5_312948047
2023-03-19 07:38,4051801197,0,28007,2,region5_312948043
2023-03-19 07:38,4054374034,0,8367561,3,region5_312948042
2023-03-19 07:38,4054338160,0,1048576,5,region5_312948039
2023-03-19 07:38,4053778670,4194304,1048576,5,region5_312948039
2023-03-19 07:38,4049882359,4987128,1048576,1,region5_312948042
2023-03-19 07:38,4047757709,720352,178238,2,region5_312948041
2023-03-19 07:38,4047757709,5208976,3200686,2,region5_312948041
2023-03-19 07:38,4054066795,1507328,2146304,2,region5_312948052
2023-03-19 07:38,4054338160,1048576,1048576,5,region5_312948039
2023-03-19 07:38,4054528645,0,7232375,3,region5_312948042
2023-03-19 07:38,4054550363,136778,722761,2,region5_312948046
2023-03-19 07:38,4053604839,0,8388608,2,region5_312948041
2023-03-19 07:38,4053778670,5242880,1048576,5,region5_312948039
2023-03-19 07:38,4054325485,0,8481568,2,region5_312948049
2023-03-19 07:38,4054325485,0,3272304,2,region5_312948049
2023-03-19 07:38,4054353856,0,8364350,3,region5_312948042
2023-03-19 07:38,4048541039,0,3065243,2,region5_312948048
2023-03-19 07:38,4054658276,0,6889364,3,region5_312948042
2023-03-19 07:38,4047787884,479280,1281834,2,region5_312948043
2023-03-19 07:38,4047787884,0,188720,2,region5_312948043
2023-03-19 07:38,4047787884,188720,1310720,2,region5_312948043
2023-03-19 07:38,4054066795,3653632,2105344,2,region5_312948052
2023-03-19 07:38,4054338160,2097152,1048576,5,region5_312948039
2023-03-19 07:38,4053477840,0,8388608,2,region5_312948044
2023-03-19 07:38,4049882359,6035704,1048576,1,region5_312948042
2023-03-19 07:38,4048927745,2934546,1048576,1,region5_312948042
2023-03-19 07:38,4054196361,0,982120,2,region5_312948045
2023-03-19 07:38,4054197124,4304220,4084388,2,region5_312948041
2023-03-19 07:38,4054338160,3145728,1048576,5,region5_312948039
2023-03-19 07:38,4049138344,5610050,806291,2,region5_312948048
2023-03-19 07:38,4053862465,5956234,1806,2,region5_312948047
2023-03-19 07:38,4049318120,0,7590538,2,region5_312948041
2023-03-19 07:38,4054066795,5758976,2117632,2,region5_312948052
2023-03-19 07:38,4048485140,0,6530441,4,region5_312948044
2023-03-19 07:38,4052491677,298267,259006,2,region5_312948048
2023-03-19 07:38,4053858785,0,2015654,5,region5_312948039
2023-03-19 07:38,4054338160,4194304,1048576,5,region5_312948039
2023-03-19 07:38,4054356680,0,1048576,5,region5_312948039
2023-03-19 07:38,4053778670,6291456,1048576,5,region5_312948039
2023-03-19 07:38,4050665722,123848,1358259,1,region5_312948042
2023-03-19 07:38,4054356680,1048576,1048576,5,region5_312948039
2023-03-19 07:38,4051731325,0,467206,1,region5_312948051
2023-03-19 07:38,4054066795,7876608,512000,2,region5_312948052
2023-03-19 07:38,4054338160,5242880,1048576,5,region5_312948039
2023-03-19 07:38,4054356680,2097152,1048576,5,region5_312948039
2023-03-19 07:38,4052491677,0,298267,2,region5_312948048
2023-03-19 07:38,4054699678,0,8374430,3,region5_312948042
2023-03-19 07:38,4054735782,0,517456,2,region5_312948047
2023-03-19 07:38,4053778670,7340032,1048576,5,region5_312948039
2023-03-19 07:38,4053799544,98304,2117632,2,region5_312948050
2023-03-19 07:38,4053799544,0,98304,2,region5_312948050
2023-03-19 07:38,4053805576,2674503,162080,2,region5_312948041
2023-03-19 07:38,4053805576,882835,261392,2,region5_312948041
2023-03-19 07:38,4049882359,7084280,936044,1,region5_312948042
2023-03-19 07:38,4054356680,3145728,1048576,5,region5_312948039
2023-03-19 07:38,4051731325,467206,2097152,1,region5_312948051
2023-03-19 07:38,4051731325,2564358,2097152,1,region5_312948051
2023-03-19 07:38,4054690267,0,952599,5,region5_312948039
2023-03-19 07:39,4053799544,6418432,1970176,2,region5_312948050
2023-03-19 07:39,4053799544,4317184,2101248,2,region5_312948050
2023-03-19 07:39,4053799544,2215936,2101248,2,region5_312948050
2023-03-19 07:39,4048467586,29224,43854,2,region5_312948041
2023-03-19 07:39,4048467586,3443017,4945591,2,region5_312948041
2023-03-19 07:39,4053788284,0,1010374,2,region5_312948041
2023-03-19 07:39,4054019796,8008291,277091,2,region5_312948046
2023-03-19 07:39,4054019796,3452912,781890,2,region5_312948046
2023-03-19 07:39,4054019796,5823225,270355,2,region5_312948046
2023-03-19 07:39,4054019796,0,899904,2,region5_312948046
2023-03-19 07:39,4054338160,6291456,980672,5,region5_312948039
2023-03-19 07:39,4054356680,4194304,1048576,5,region5_312948039
2023-03-19 07:39,4047976139,0,962571,2,region5_312948044
2023-03-19 07:39,4054735782,517456,1515006,2,region5_312948047
2023-03-19 07:39,4050995667,0,2028286,2,region5_312948041
2023-03-19 07:39,4050995667,979710,1048576,2,region5_312948041
2023-03-19 07:39,4048927745,3983122,1048576,1,region5_312948042
2023-03-19 07:39,4054164694,0,7259038,2,region5_312948041
2023-03-19 07:39,4054356680,5242880,1048576,5,region5_312948039
2023-03-19 07:39,4054532850,3505376,52672,2,region5_312948043
2023-03-19 07:39,4051731325,4661510,2097152,1,region5_312948051
2023-03-19 07:39,4048497267,5782500,162368,2,region5_312948041
2023-03-19 07:39,4054186524,0,1048576,5,region5_312948039
2023-03-19 07:39,4054356680,6291456,1048576,5,region5_312948039
2023-03-19 07:39,4051013775,2441824,48,2,region5_312948043
2023-03-19 07:39,4054529278,0,6791168,2,region5_312948048
2023-03-19 07:39,4053801798,0,5510782,3,region5_312948042
2023-03-19 07:39,4048244528,1547087,257695,2,region5_312948048
2023-03-19 07:39,4048244528,6872025,661848,2,region5_312948048
2023-03-19 07:39,4048244528,1805024,2592857,2,region5_312948048
2023-03-19 07:39,4048244528,1538023,9064,2,region5_312948048
2023-03-19 07:39,4054356680,7340032,1048576,5,region5_312948039
2023-03-19 07:39,4054529278,6791168,1597440,2,region5_312948048
2023-03-19 07:39,4051731325,6758662,2097152,1,region5_312948051
2023-03-19 07:39,4054186524,1048576,1048576,5,region5_312948039
2023-03-19 07:39,4054424984,0,8388608,2,region5_312948041
2023-03-19 07:39,4051731325,8855814,2097152,1,region5_312948051
2023-03-19 07:39,4054443794,3552046,1657,2,region5_312948051
2023-03-19 07:39,4054443794,907839,479509,2,region5_312948051
2023-03-19 07:39,4053746150,0,8215091,3,region5_312948042
2023-03-19 07:39,4054186524,2097152,1048576,5,region5_312948039
2023-03-19 07:39,4054186524,3145728,1048576,5,region5_312948039
2023-03-19 07:39,4051731325,13050118,2097152,1,region5_312948051
2023-03-19 07:39,4051731325,10952966,2097152,1,region5_312948051
2023-03-19 07:39,4051019681,1109653,5100188,2,region5_312948046
2023-03-19 07:39,4050665722,1482107,1358259,1,region5_312948042
2023-03-19 07:39,4048927745,5031698,1048576,1,region5_312948042
2023-03-19 07:39,4054186524,4194304,1048576,5,region5_312948039
2023-03-19 07:39,4053942965,0,8388608,5,region5_312948039
2023-03-19 07:39,4049391363,6911,2071,2,region5_312948051
2023-03-19 07:39,4054186524,5242880,1048576,5,region5_312948039
2023-03-19 07:39,4054186524,7340032,1048576,5,region5_312948039
2023-03-19 07:39,4054186524,6291456,1048576,5,region5_312948039
2023-03-19 07:39,4050616488,0,5661776,2,region5_312948046
2023-03-19 07:39,4054449825,0,8388608,4,region5_312948044
2023-03-19 07:39,4051731325,15147270,2097152,1,region5_312948051
2023-03-19 07:39,4052521775,0,2868,2,region5_312948043
2023-03-19 07:39,4048541039,0,3065243,2,region5_312948048
2023-03-19 07:39,4054573618,0,8178760,3,region5_312948042
2023-03-19 07:39,4051731325,17244422,1396341,1,region5_312948051
2023-03-19 07:39,4054684677,4132168,2989550,2,region5_312948041
2023-03-19 07:39,4054684677,0,2492471,2,region5_312948041
2023-03-19 07:39,4053467219,1923520,326388,2,region5_312948051
2023-03-19 07:39,4053467219,5023337,512070,2,region5_312948051
2023-03-19 07:39,4048630263,1203404,10295,2,region5_312948047
2023-03-19 07:39,4048630263,0,26945,2,region5_312948047
2023-03-19 07:39,4054396402,5084772,64576,2,region5_312948043
2023-03-19 07:39,4054101779,6653560,1735048,2,region5_312948047
2023-03-19 07:39,4054289909,0,14413,1,region5_312948042
2023-03-19 07:39,4048751650,0,236832,2,region5_312948043
2023-03-19 07:39,4052491677,557273,7831335,2,region5_312948048
2023-03-19 07:39,4048476379,0,417633,2,region5_312948043
2023-03-19 07:39,4048879299,662950,136454,2,region5_312948051
2023-03-19 07:39,4048879299,799404,124586,2,region5_312948051
2023-03-19 07:39,4054001216,0,8358131,3,region5_312948042
2023-03-19 07:39,4048927745,6080274,1048576,1,region5_312948042
2023-03-19 07:39,4054455244,1481106,6907502,2,region5_312948046
2023-03-19 07:39,4054101779,1702308,3218335,2,region5_312948047
2023-03-19 07:39,4054101779,0,478914,2,region5_312948047
2023-03-19 07:39,4053493517,0,4847753,5,region5_312948039
2023-03-19 07:39,4048767237,0,810817,2,region5_312948046
2023-03-19 07:39,4048767237,2189818,5659700,2,region5_312948046
2023-03-19 07:39,4054089993,0,8388608,5,region5_312948039
2023-03-19 07:39,4053158882,6055601,1701978,2,region5_312948051
2023-03-19 07:39,4049871324,0,574806,2,region5_312948047
2023-03-19 07:39,4049391363,2008679,1827455,2,region5_312948041
2023-03-19 07:39,4049391363,5304533,28971,2,region5_312948041
2023-03-19 07:39,4049391363,321315,366031,2,region5_312948041
2023-03-19 07:39,4051804404,0,8381466,2,region5_312948048
2023-03-19 07:39,4051804404,8381466,7142,2,region5_312948048
2023-03-19 07:39,4054289909,14413,8359781,1,region5_312948042
2023-03-19 07:39,4054322628,2187166,691631,2,region5_312948046
2023-03-19 07:39,4053464192,0,8372950,3,region5_312948042
2023-03-19 07:39,4048927745,7128850,882563,1,region5_312948042
2023-03-19 07:39,4050665722,2840366,1358259,1,region5_312948042
2023-03-19 07:39,4047722784,0,902962,2,region5_312948047
2023-03-19 07:39,4048088528,317774,1287455,2,region5_312948046
2023-03-19 07:39,4048088528,6410857,1977751,2,region5_312948046
2023-03-19 07:39,4048088528,3129272,1596294,2,region5_312948046
2023-03-19 07:39,4054642023,0,1933,2,region5_312948043
2023-03-19 07:39,4054667251,0,8374673,1,region5_312948042
2023-03-19 07:39,4054064029,0,18473,1,region5_312948042
2023-03-19 07:39,4054074719,8221485,27992,2,region5_312948041
2023-03-19 07:39,4054074719,2745429,4052710,2,region5_312948041
2023-03-19 07:39,4049196632,0,8388608,5,region5_312948039
2023-03-19 07:39,4053771687,1497450,194750,2,region5_312948048
2023-03-19 07:39,4054133387,0,58788,3,region5_312948042
2023-03-19 07:39,4050560320,0,5529390,2,region5_312948041
2023-03-19 07:39,4052594718,0,8181895,1,region5_312948042
2023-03-19 07:39,4053771687,0,11723,2,region5_312948048
2023-03-19 07:39,4053771687,1494575,2875,2,region5_312948048
2023-03-19 07:39,4052439074,0,292278,2,region5_312948047
2023-03-19 07:39,4052439074,805024,1048576,2,region5_312948047
2023-03-19 07:39,4053612754,0,8388608,5,region5_312948039
2023-03-19 07:39,4054042468,746239,5584431,2,region5_312948041
2023-03-19 07:39,4054064029,18473,8351661,1,region5_312948042
2023-03-19 07:39,4054315604,0,8375809,3,region5_312948042
2023-03-19 07:39,4049049581,6290528,2098080,2,region5_312948046
2023-03-19 07:39,4053550821,0,3957603,2,region5_312948047
2023-03-19 07:39,4047745114,4850019,119354,2,region5_312948047
2023-03-19 07:39,4053492010,0,8388608,2,region5_312948044
2023-03-19 07:39,4053550821,3957603,4431005,2,region5_312948047
2023-03-19 07:39,4054479250,0,2666905,2,region5_312948044
2023-03-19 07:39,4054482070,0,8388560,3,region5_312948047
2023-03-19 07:39,4050665722,4198625,1358259,1,region5_312948042
2023-03-19 07:39,4050113378,0,1893173,2,region5_312948046
2023-03-19 07:39,4053023943,0,8388608,2,region5_312948041
2023-03-19 07:39,4048585923,0,8388608,2,region5_312948041
2023-03-19 07:39,4054752813,0,8388608,5,region5_312948039
2023-03-19 07:39,4053498303,0,22063,1,region5_312948042
2023-03-19 07:39,4048850804,0,6141546,4,region5_312948044
2023-03-19 07:39,4053386270,5008756,48,2,region5_312948043
2023-03-19 07:39,4052726495,414490,1595352,2,region5_312948041
2023-03-19 07:39,4048476379,0,417633,2,region5_312948043
2023-03-19 07:39,4052789816,8286638,101970,2,region5_312948047
2023-03-19 07:39,4052789816,0,8286638,2,region5_312948047
2023-03-19 07:39,4053498303,22063,8344481,1,region5_312948042
2023-03-19 07:39,4054320812,0,541792,2,region5_312948051
2023-03-19 07:39,4050560320,0,5529390,2,region5_312948041
2023-03-19 07:39,4054443691,0,8388608,2,region5_312948041
2023-03-19 07:39,4053565592,0,193780,3,region5_312948042
2023-03-19 07:39,4053638791,0,8361730,3,region5_312948042
2023-03-19 07:39,4054170781,0,8481568,5,region5_312948039
2023-03-19 07:39,4050515208,7036223,91401,2,region5_312948046
2023-03-19 07:39,4050515208,2010049,1168502,2,region5_312948046
2023-03-19 07:39,4054319342,1044288,48,2,region5_312948043
2023-03-19 07:39,4054394524,0,7356916,3,region5_312948042
2023-03-19 07:39,4054462990,1048576,1048576,5,region5_312948039
2023-03-19 07:39,4054462990,0,1048576,5,region5_312948039
2023-03-19 07:39,4048632932,0,2409639,2,region5_312948048
2023-03-19 07:39,4048632932,2409639,5173862,2,region5_312948048
2023-03-19 07:39,4054462990,2097152,1048576,5,region5_312948039
2023-03-19 07:39,4053477840,0,8388608,2,region5_312948044
2023-03-19 07:39,4053587520,1547122,17787,2,region5_312948047
2023-03-19 07:39,4053938679,0,1048576,5,region5_312948039
2023-03-19 07:39,4054462990,3145728,1048576,5,region5_312948039
2023-03-19 07:39,4053486059,0,6320208,5,region5_312948039
2023-03-19 07:39,4053641521,0,912508,5,region5_312948039
2023-03-19 07:39,4053643119,0,1031757,6,region5_312948039
2023-03-19 07:39,4054678326,0,5174,4,region5_312948044
2023-03-19 07:39,4054157905,0,8372232,3,region5_312948042
2023-03-19 07:39,4054405352,0,8353664,3,region5_312948042
2023-03-19 07:39,4054462990,4194304,1048576,5,region5_312948039
2023-03-19 07:39,4054370940,0,384,2,region5_312948043
2023-03-19 07:39,4054127039,5463294,2252443,2,region5_312948041
2023-03-19 07:39,4054127039,760155,3004578,2,region5_312948041
2023-03-19 07:39,4053938679,1048576,1048576,5,region5_312948039
2023-03-19 07:39,4054190850,0,8374029,3,region5_312948042
2023-03-19 07:39,4048487642,7185204,1203404,2,region5_312948046
2023-03-19 07:39,4054462990,5242880,1048576,5,region5_312948039
2023-03-19 07:39,4054484104,0,3058486,2,region5_312948044
2023-03-19 07:39,4054178231,0,5016590,2,region5_312948041
2023-03-19 07:39,4054462990,6291456,1048576,5,region5_312948039
2023-03-19 07:39,4054484104,0,3058486,2,region5_312948044
2023-03-19 07:39,4050665722,5556884,1358259,1,region5_312948042
2023-03-19 07:39,4054306425,0,8388608,2,region5_312948046
2023-03-19 07:39,4054535951,0,8481568,5,region5_312948039
2023-03-19 07:39,4053938679,2097152,1048576,5,region5_312948039
2023-03-19 07:39,4054339061,3113653,5150890,2,region5_312948046
2023-03-19 07:39,4051690111,3932604,4151467,2,region5_312948041
2023-03-19 07:39,4053705427,2144279,201502,2,region5_312948051
2023-03-19 07:39,4053705427,3517642,282155,2,region5_312948051
2023-03-19 07:39,4053705427,2144279,201502,2,region5_312948051
2023-03-19 07:39,4053705427,3517642,282155,2,region5_312948051
2023-03-19 07:39,4054229892,0,8375788,3,region5_312948042
2023-03-19 07:39,4049214669,0,2007828,2,region5_312948041
2023-03-19 07:39,4054663063,136543,262467,2,region5_312948041
2023-03-19 07:39,4051682399,5136312,1048576,2,region5_312948047
2023-03-19 07:39,4048898292,0,12388,2,region5_312948043
2023-03-19 07:39,4054233585,0,8376609,3,region5_312948042
2023-03-19 07:39,4054462990,7340032,1048576,5,region5_312948039
2023-03-19 07:39,4054663063,2291747,3674361,2,region5_312948041
2023-03-19 07:39,4051682399,0,843625,2,region5_312948047
2023-03-19 07:39,4048898292,12388,423120,2,region5_312948043
2023-03-19 07:39,4053938679,3145728,1048576,5,region5_312948039
2023-03-19 07:39,4051724850,6020177,16384,2,region5_312948048
2023-03-19 07:39,4051724850,5736113,284064,2,region5_312948048
2023-03-19 07:39,4052586468,8440928,48,2,region5_312948043
2023-03-19 07:39,4051682399,944172,335420,2,region5_312948047
2023-03-19 07:39,4051682399,2376261,1021845,2,region5_312948047
2023-03-19 07:39,4051682399,4537309,1407863,2,region5_312948047
2023-03-19 07:39,4051682399,843625,71906,2,region5_312948047
2023-03-19 07:39,4054535925,0,8388608,2,region5_312948046
2023-03-19 07:39,4050127601,0,2005551,2,region5_312948051
2023-03-19 07:39,4048048843,6832875,262166,2,region5_312948041
2023-03-19 07:39,4053938679,4194304,1048576,5,region5_312948039
2023-03-19 07:39,4050665722,6915143,1172487,1,region5_312948042
2023-03-19 07:39,4054396393,0,8481568,6,region5_312948057
2023-03-19 07:39,4054609669,0,18852,1,region5_312948042
2023-03-19 07:39,4048246793,7965472,423136,2,region5_312948046
2023-03-19 07:39,4048246793,0,5773749,2,region5_312948046
2023-03-19 07:39,4051820747,0,733546,2,region5_312948044
2023-03-19 07:39,4053938679,5242880,1048576,5,region5_312948039
2023-03-19 07:39,4054174139,8158784,322784,2,region5_312948049
2023-03-19 07:39,4054174139,0,3963504,2,region5_312948049
2023-03-19 07:39,4053775758,0,1048576,5,region5_312948039
2023-03-19 07:39,4054281594,2278103,467785,2,region5_312948041
2023-03-19 07:39,4054416539,0,6747829,2,region5_312948041
2023-03-19 07:39,4053488181,0,1048576,5,region5_312948039
2023-03-19 07:39,4053938679,6291456,1048576,5,region5_312948039
2023-03-19 07:39,4053484121,0,5126665,5,region5_312948039
2023-03-19 07:39,4053488190,5542752,96896,2,region5_312948043
2023-03-19 07:39,4053724315,0,8388608,2,region5_312948041
2023-03-19 07:39,4053771687,1692200,378512,2,region5_312948047
2023-03-19 07:39,4054433187,0,8362695,3,region5_312948042
2023-03-19 07:39,4054609669,18852,8350904,1,region5_312948042
2023-03-19 07:39,4053488181,1048576,1048576,5,region5_312948039
2023-03-19 07:39,4053775758,1048576,1048576,5,region5_312948039
2023-03-19 07:39,4053947552,0,8481568,2,region5_312948043
2023-03-19 07:39,4053590477,0,2097152,1,region5_312948051
2023-03-19 07:39,4054688043,0,8383158,3,region5_312948042
2023-03-19 07:39,4053488181,2097152,1048576,5,region5_312948039
2023-03-19 07:39,4053640138,0,935664,5,region5_312948039
2023-03-19 07:39,4053759723,0,8388608,2,region5_312948046
2023-03-19 07:39,4053775758,2097152,1048576,5,region5_312948039
2023-03-19 07:39,4053938679,7340032,1048576,5,region5_312948039
2023-03-19 07:39,4048541039,0,3065243,2,region5_312948048
2023-03-19 07:39,4053474334,0,10485760,5,region5_312948039
2023-03-19 07:39,4047757709,720352,178238,2,region5_312948041
2023-03-19 07:39,4047757709,5208976,3200686,2,region5_312948041
2023-03-19 07:39,4053725055,0,6823031,2,region5_312948041
2023-03-19 07:39,4053775758,3145728,1048576,5,region5_312948039
2023-03-19 07:39,4053488181,3145728,1048576,5,region5_312948039
2023-03-19 07:39,4053641462,0,8359666,3,region5_312948042
2023-03-19 07:39,4053590477,2097152,2097152,1,region5_312948051
2023-03-19 07:39,4053488181,4194304,1048576,5,region5_312948039
2023-03-19 07:39,4048879299,799404,124586,2,region5_312948051
2023-03-19 07:39,4048879299,662950,136454,2,region5_312948051
2023-03-19 07:39,4053775758,4194304,1048576,5,region5_312948039
2023-03-19 07:39,4047722784,899640,962629,2,region5_312948047
2023-03-19 07:39,4047722784,0,902962,2,region5_312948047
2023-03-19 07:39,4054339908,0,8388608,4,region5_312948051
2023-03-19 07:39,4049985495,897785,7490823,2,region5_312948047
2023-03-19 07:39,4051690111,0,8388608,2,region5_312948044
2023-03-19 07:39,4053590477,4194304,2097152,1,region5_312948051
2023-03-19 07:39,4052694986,384878,225140,2,region5_312948047
2023-03-19 07:40,4050532391,1791326,597194,2,region5_312948047
2023-03-19 07:40,4050314087,5422718,848720,2,region5_312948046
2023-03-19 07:40,4050314087,496087,2230811,2,region5_312948046
2023-03-19 07:40,4053590477,6291456,2097152,1,region5_312948051
2023-03-19 07:40,4053488181,5242880,1048576,5,region5_312948039
2023-03-19 07:40,4053775758,5242880,1048576,5,region5_312948039
2023-03-19 07:40,4054606866,0,1048576,5,region5_312948039
2023-03-19 07:40,4053590477,8388608,2097152,1,region5_312948051
2023-03-19 07:40,4047757709,0,8409662,2,region5_312948051
2023-03-19 07:40,4053723937,0,8388608,2,region5_312948041
2023-03-19 07:40,4053880932,0,8388608,2,region5_312948044
2023-03-19 07:40,4053950441,0,8258331,2,region5_312948041
2023-03-19 07:40,4054606866,1048576,1048576,5,region5_312948039
2023-03-19 07:40,4053590477,10485760,2097152,1,region5_312948051
2023-03-19 07:40,4053775758,7340032,1048576,5,region5_312948039
2023-03-19 07:40,4053775758,6291456,1048576,5,region5_312948039
2023-03-19 07:40,4053896488,6643264,8320384,2,region5_312948043
2023-03-19 07:40,4053950441,0,654964,2,region5_312948041
2023-03-19 07:40,4049985495,0,897785,2,region5_312948047
2023-03-19 07:40,4053488181,6291456,1048576,5,region5_312948039
2023-03-19 07:40,4048751650,0,236832,2,region5_312948043
2023-03-19 07:40,4051209281,8192,1024,2,region5_312948043
2023-03-19 07:40,4054529315,0,773866,2,region5_312948047
2023-03-19 07:40,4053469818,0,8384921,3,region5_312948042
2023-03-19 07:40,4050057589,8611,91744,2,region5_312948041
2023-03-19 07:40,4053742067,0,146093,2,region5_312948047
2023-03-19 07:40,4053911679,0,135698,2,region5_312948041
2023-03-19 07:40,4054485955,0,1665462,2,region5_312948041
2023-03-19 07:40,4054606866,2097152,1048576,5,region5_312948039
2023-03-19 07:40,4051093971,2209950,872746,2,region5_312948047
2023-03-19 07:40,4051093971,1025412,45420,2,region5_312948047
2023-03-19 07:40,4053590477,12582912,2097152,1,region5_312948051
2023-03-19 07:40,4053488181,7340032,1048576,5,region5_312948039
2023-03-19 07:40,4053911679,4342650,68679,2,region5_312948041
2023-03-19 07:40,4053911679,1842328,1066396,2,region5_312948041
2023-03-19 07:40,4050734954,1178794,4787266,2,region5_312948041
2023-03-19 07:40,4054529315,891782,7496826,2,region5_312948047
2023-03-19 07:40,4054533679,0,4997281,2,region5_312948041
2023-03-19 07:40,4051093971,4587963,9753,2,region5_312948047
2023-03-19 07:40,4053590477,14680064,2097152,1,region5_312948051
2023-03-19 07:40,4048088528,3129272,1596294,2,region5_312948046
2023-03-19 07:40,4048088528,317774,1287455,2,region5_312948046
2023-03-19 07:40,4052003758,6103230,741,2,region5_312948048
2023-03-19 07:40,4053889990,2448608,48,2,region5_312948043
2023-03-19 07:40,4054337526,0,25305341,3,region5_312948048
2023-03-19 07:40,4053590477,16777216,2097152,1,region5_312948051
2023-03-19 07:40,4053590477,18874368,2097152,1,region5_312948051
2023-03-19 07:40,4048088528,6410857,1977751,2,region5_312948046
2023-03-19 07:40,4054606866,3145728,1048576,5,region5_312948039
2023-03-19 07:40,4053590477,20971520,2097152,1,region5_312948051
2023-03-19 07:40,4052694986,1491798,888248,2,region5_312948047
2023-03-19 07:40,4048246793,0,5773749,2,region5_312948046
2023-03-19 07:40,4048246793,7965472,423136,2,region5_312948046
2023-03-19 07:40,4053474334,10485760,1206906,5,region5_312948039
2023-03-19 07:40,4050438312,0,8388608,2,region5_312948046
2023-03-19 07:40,4054606866,4194304,1048576,5,region5_312948039
2023-03-19 07:40,4053590477,23068672,2097152,1,region5_312948051
2023-03-19 07:40,4051209281,0,176,2,region5_312948043
2023-03-19 07:40,4054606866,5242880,1048576,5,region5_312948039
2023-03-19 07:40,4053574574,1048576,1045245,5,region5_312948039
2023-03-19 07:40,4053574574,0,1048576,5,region5_312948039
2023-03-19 07:40,4049709551,7724880,170737,2,region5_312948041
2023-03-19 07:40,4049709551,0,5652857,2,region5_312948041
2023-03-19 07:40,4049533683,0,8388608,2,region5_312948041
2023-03-19 07:40,4053810630,0,1048576,5,region5_312948039
2023-03-19 07:40,4053992273,0,8388608,2,region5_312948046
2023-03-19 07:40,4054529684,0,987992,2,region5_312948047
2023-03-19 07:40,4049533683,5871208,2517400,2,region5_312948041
2023-03-19 07:40,4054601383,4252400,393492,2,region5_312948043
2023-03-19 07:40,4053467219,5023337,512070,2,region5_312948051
2023-03-19 07:40,4053467219,1923520,326388,2,region5_312948051
2023-03-19 07:40,4053467219,5023337,512070,2,region5_312948051
2023-03-19 07:40,4053467219,1923520,326388,2,region5_312948051
2023-03-19 07:40,4048475865,245579,840815,2,region5_312948051
2023-03-19 07:40,4048790132,0,5236,2,region5_312948043
2023-03-19 07:40,4053810630,1048576,1048576,5,region5_312948039
2023-03-19 07:40,4054464136,1318285,7070323,2,region5_312948041
2023-03-19 07:40,4054606866,6291456,1048576,5,region5_312948039
2023-03-19 07:40,4053810630,2097152,1048576,5,region5_312948039
2023-03-19 07:40,4051143883,0,3083061,2,region5_312948047
2023-03-19 07:40,4051691683,0,1960125,2,region5_312948047
2023-03-19 07:40,4049681922,0,6275428,2,region5_312948041
2023-03-19 07:40,4054606866,7340032,1048576,5,region5_312948039
2023-03-19 07:40,4052901722,4101376,48,2,region5_312948043
2023-03-19 07:40,4053971025,5136384,2121728,2,region5_312948053
2023-03-19 07:40,4053971025,3035136,2101248,2,region5_312948053
2023-03-19 07:40,4053971025,929792,2105344,2,region5_312948053
2023-03-19 07:40,4053971025,0,929792,2,region5_312948053
2023-03-19 07:40,4053115248,0,8388608,2,region5_312948041
2023-03-19 07:40,4053810630,3145728,1048576,5,region5_312948039
2023-03-19 07:40,4053971025,7258112,1130496,2,region5_312948053
2023-03-19 07:40,4054386140,5846004,184677,2,region5_312948041
2023-03-19 07:40,4054386140,1668121,106311,2,region5_312948041
2023-03-19 07:40,4054606866,8388608,1048576,5,region5_312948039
2023-03-19 07:40,4053658462,2926782,1183828,2,region5_312948047
2023-03-19 07:40,4053658462,0,175035,2,region5_312948047
2023-03-19 07:40,4053562277,0,8388316,3,region5_312948047
2023-03-19 07:40,4053660922,996170,7392438,2,region5_312948047
2023-03-19 07:40,4053660922,0,996170,2,region5_312948047
2023-03-19 07:40,4053810630,4194304,1048576,5,region5_312948039
2023-03-19 07:40,4048111034,727,1482819,2,region5_312948047
2023-03-19 07:40,4054443760,0,8388608,2,region5_312948041
2023-03-19 07:40,4054606866,9437184,1048576,5,region5_312948039
2023-03-19 07:40,4053987769,0,8388608,2,region5_312948046
2023-03-19 07:40,4047871498,0,278816,2,region5_312948043
2023-03-19 07:40,4053896488,16448192,6219328,2,region5_312948043
2023-03-19 07:40,4053987747,0,8388608,2,region5_312948041
2023-03-19 07:40,4054606866,10485760,1048576,5,region5_312948039
2023-03-19 07:40,4053810630,5242880,1048576,5,region5_312948039
2023-03-19 07:40,4054025340,0,2667592,4,region5_312948044
2023-03-19 07:40,4053189240,1024176,1048576,2,region5_312948047
2023-03-19 07:40,4054606866,11534336,757024,5,region5_312948039
2023-03-19 07:40,4048455899,775893,1048576,2,region5_312948041
2023-03-19 07:40,4053566185,5164064,3224544,2,region5_312948041
2023-03-19 07:40,4053810630,6291456,1048576,5,region5_312948039
2023-03-19 07:40,4049756091,4877289,68258,2,region5_312948047
2023-03-19 07:40,4049756091,1661428,594387,2,region5_312948047
2023-03-19 07:40,4049756091,3561764,53811,2,region5_312948047
2023-03-19 07:40,4048455899,0,693223,2,region5_312948041
2023-03-19 07:40,4054709975,0,8388608,2,region5_312948041
2023-03-19 07:40,4050813579,0,8388608,2,region5_312948051
2023-03-19 07:40,4048476379,0,417633,2,region5_312948043
2023-03-19 07:40,4053497356,0,7337565,2,region5_312948041
2023-03-19 07:40,4053810630,7340032,1048576,5,region5_312948039
2023-03-19 07:40,4049536640,2752672,1048576,2,region5_312948047
2023-03-19 07:40,4048448652,1063408,7325200,2,region5_312948046
2023-03-19 07:40,4053512738,0,2000915,1,region5_312948042
2023-03-19 07:40,4048133696,0,8388608,2,region5_312948046
2023-03-19 07:40,4053647010,82013,1673400,2,region5_312948047
2023-03-19 07:40,4053810630,8388608,92960,5,region5_312948039
2023-03-19 07:40,4054133368,0,1955330,2,region5_312948046
2023-03-19 07:40,4053486221,2089500,9565,2,region5_312948045
2023-03-19 07:40,4053758087,0,4194304,2,region5_312948044
2023-03-19 07:40,4054548689,1012095,1048576,2,region5_312948047
2023-03-19 07:40,4054595936,17412224,8882752,2,region5_312948043
2023-03-19 07:40,4053758087,4194304,4194304,2,region5_312948044
2023-03-19 07:40,4053896488,24543424,8394560,2,region5_312948043
2023-03-19 07:40,4054182295,0,4240784,5,region5_312948057
2023-03-19 07:40,4054548689,1012095,1048576,2,region5_312948047
2023-03-19 07:40,4048236064,817258,1048576,2,region5_312948047
2023-03-19 07:40,4051276116,0,8388608,2,region5_312948041
2023-03-19 07:40,4049266070,6780777,1318084,2,region5_312948051
2023-03-19 07:40,4053750827,0,8174144,3,region5_312948042
2023-03-19 07:40,4053685984,0,8388608,4,region5_312948051
2023-03-19 07:40,4054305133,0,8373572,3,region5_312948042
2023-03-19 07:40,4048333096,0,2274513,2,region5_312948047
2023-03-19 07:40,4048333096,2274513,6076303,2,region5_312948047
2023-03-19 07:40,4052368586,3524672,48,2,region5_312948043
2023-03-19 07:40,4053771646,0,6255366,5,region5_312948039
2023-03-19 07:40,4053868107,0,8388608,2,region5_312948041
2023-03-19 07:40,4053988211,0,8388608,5,region5_312948039
2023-03-19 07:40,4052963272,0,8384965,2,region5_312948041
2023-03-19 07:40,4049866427,4615162,160449,2,region5_312948041
2023-03-19 07:40,4053755024,0,8388608,5,region5_312948039
2023-03-19 07:40,4049116846,0,3876615,2,region5_312948041
2023-03-19 07:40,4049116846,5706116,1595555,2,region5_312948041
2023-03-19 07:40,4050290310,1522411,6866197,2,region5_312948047
2023-03-19 07:40,4050290310,0,1338141,2,region5_312948047
2023-03-19 07:40,4054305325,0,8388608,4,region5_312948044
2023-03-19 07:40,4049533683,0,8388608,2,region5_312948041
2023-03-19 07:40,4054045051,0,6582820,3,region5_312948042
2023-03-19 07:40,4054061875,0,9972020,6,region5_312948057
2023-03-19 07:40,4054750711,0,1946399,3,region5_312948042
2023-03-19 07:40,4050290310,1338141,184270,2,region5_312948047
2023-03-19 07:40,4053785331,0,1048576,5,region5_312948039
2023-03-19 07:40,4052484990,2616832,164288,2,region5_312948043
2023-03-19 07:40,4053785331,1048576,1048576,5,region5_312948039
2023-03-19 07:40,4053487651,0,4851787,4,region5_312948051
2023-03-19 07:40,4053926518,1330111,1048576,2,region5_312948041
2023-03-19 07:40,4050309856,0,833734,1,region5_312948042
2023-03-19 07:40,4054243551,151032,1109782,2,region5_312948041
2023-03-19 07:40,4054645101,6439810,1948798,2,region5_312948048
2023-03-19 07:40,4053785331,2097152,1048576,5,region5_312948039
2023-03-19 07:40,4053702386,0,5397877,5,region5_312948039
2023-03-19 07:40,4053785331,4194304,1048576,5,region5_312948039
2023-03-19 07:40,4053785331,3145728,1048576,5,region5_312948039
2023-03-19 07:40,4053702386,0,6072611,6,region5_312948039
2023-03-19 07:40,4048541039,0,3065243,2,region5_312948048
2023-03-19 07:40,4054618170,2808000,48,2,region5_312948043
2023-03-19 07:40,4052046916,7533743,3858,2,region5_312948048
2023-03-19 07:40,4052046916,7537920,65359,2,region5_312948048
2023-03-19 07:40,4053785331,5242880,1048576,5,region5_312948039
2023-03-19 07:40,4053696880,1429469,8207,2,region5_312948047
2023-03-19 07:40,4054727395,0,2304341,2,region5_312948047
2023-03-19 07:40,4053490417,0,1773,3,region5_312948042
2023-03-19 07:40,4054254179,0,16586,1,region5_312948042
2023-03-19 07:40,4053491738,0,8089550,3,region5_312948042
2023-03-19 07:40,4053724515,0,8388608,4,region5_312948054
2023-03-19 07:40,4053785331,6291456,1048576,5,region5_312948039
2023-03-19 07:40,4054358557,1048026,822385,2,region5_312948046
2023-03-19 07:40,4053474623,0,8366798,3,region5_312948042
2023-03-19 07:40,4050374701,1067876,953243,2,region5_312948051
2023-03-19 07:40,4050309856,833734,1048576,1,region5_312948042
2023-03-19 07:40,4054245251,926986,2780646,2,region5_312948051
2023-03-19 07:40,4054254179,16586,8355436,1,region5_312948042
2023-03-19 07:40,4054374120,0,8388608,2,region5_312948044
2023-03-19 07:40,4048678984,1942088,157897,2,region5_312948045
2023-03-19 07:40,4053785331,7340032,1048576,5,region5_312948039
2023-03-19 07:40,4053826316,0,8481568,5,region5_312948039
2023-03-19 07:40,4053983321,163357,8225251,2,region5_312948041
2023-03-19 07:40,4049896598,2215062,832261,2,region5_312948051
2023-03-19 07:40,4049896598,0,689731,2,region5_312948051
2023-03-19 07:40,4054358557,0,826537,2,region5_312948046
2023-03-19 07:40,4053490662,0,1048576,5,region5_312948039
2023-03-19 07:40,4054171341,0,1472613,4,region5_312948051
2023-03-19 07:40,4053576316,0,4806042,2,region5_312948041
2023-03-19 07:40,4054316292,206608,8274960,2,region5_312948049
2023-03-19 07:40,4054316292,0,8481568,2,region5_312948049
2023-03-19 07:40,4048541039,0,3065243,2,region5_312948048
2023-03-19 07:40,4050168996,0,8388608,2,region5_312948041
2023-03-19 07:40,4054466049,5427772,431936,2,region5_312948047
2023-03-19 07:40,4048688248,126533,1291378,2,region5_312948045
2023-03-19 07:40,4054134214,3,8386917,2,region5_312948048
2023-03-19 07:40,4054134214,8386920,1688,2,region5_312948048
2023-03-19 07:40,4047697727,87652,10269,2,region5_312948047
2023-03-19 07:40,4047697727,1764256,115212,2,region5_312948047
2023-03-19 07:40,4047697727,4710842,396783,2,region5_312948047
2023-03-19 07:40,4053490662,1048576,1048576,5,region5_312948039
2023-03-19 07:40,4050403311,61952,8419616,2,region5_312948043
2023-03-19 07:40,4053679865,0,8380175,3,region5_312948042
2023-03-19 07:40,4053861876,0,3347188,2,region5_312948047
2023-03-19 07:40,4053861876,6044472,2344136,2,region5_312948047
2023-03-19 07:40,4048476379,0,417633,2,region5_312948043
2023-03-19 07:40,4047757709,720352,178238,2,region5_312948041
2023-03-19 07:40,4053675916,0,1012,6,region5_312948057
2023-03-19 07:40,4053861876,3347188,2695617,2,region5_312948047
2023-03-19 07:40,4048541039,0,3065243,2,region5_312948048
2023-03-19 07:40,4051101838,0,5875395,2,region5_312948046
2023-03-19 07:40,4053911685,0,8388608,2,region5_312948044
2023-03-19 07:40,4050309856,1882310,1048576,1,region5_312948042
2023-03-19 07:41,4053490662,2097152,1048576,5,region5_312948039
2023-03-19 07:41,4049533683,0,8388608,2,region5_312948041
2023-03-19 07:41,4053490662,3145728,1048576,5,region5_312948039
2023-03-19 07:41,4049709551,0,5652857,2,region5_312948041
2023-03-19 07:41,4053648922,0,8388608,4,region5_312948051
2023-03-19 07:41,4054372573,0,8375828,3,region5_312948042
2023-03-19 07:41,4047959154,5671931,2474725,2,region5_312948041
2023-03-19 07:41,4048323297,0,8388608,2,region5_312948041
2023-03-19 07:41,4053490662,4194304,1048576,5,region5_312948039
2023-03-19 07:41,4053629141,5949096,2439512,2,region5_312948041
2023-03-19 07:41,4053629141,1722352,41396,2,region5_312948041
2023-03-19 07:41,4054443794,29547,902951,2,region5_312948048
2023-03-19 07:41,4050211872,0,1129790,2,region5_312948041
2023-03-19 07:41,4049105081,0,254631,2,region5_312948043
2023-03-19 07:41,4050813579,3456016,4932592,2,region5_312948047
2023-03-19 07:41,4053490662,5242880,1048576,5,region5_312948039
2023-03-19 07:41,4053798840,323375,1020139,2,region5_312948047
2023-03-19 07:41,4047800750,830488,1048576,2,region5_312948047
2023-03-19 07:41,4050460823,1021210,7367398,2,region5_312948047
2023-03-19 07:41,4049428776,7671019,717589,2,region5_312948041
2023-03-19 07:41,4049428776,0,5233905,2,region5_312948041
2023-03-19 07:41,4048541039,0,3065243,2,region5_312948048
2023-03-19 07:41,4050813579,0,2631640,2,region5_312948047
2023-03-19 07:41,4053490662,6291456,1048576,5,region5_312948039
2023-03-19 07:41,4053587406,0,8481568,2,region5_312948049
2023-03-19 07:41,4053587406,0,585984,2,region5_312948049
2023-03-19 07:41,4053783447,0,8481568,2,region5_312948043
2023-03-19 07:41,4050309856,2930886,1048576,1,region5_312948042
2023-03-19 07:41,4053984069,0,8481568,5,region5_312948039
2023-03-19 07:41,4051717463,0,1361787,1,region5_312948042
2023-03-19 07:41,4053566581,6843289,1545319,2,region5_312948046
2023-03-19 07:41,4052503368,0,7960033,2,region5_312948047
2023-03-19 07:41,4050293735,3623616,323840,2,region5_312948043
2023-03-19 07:41,4052503368,7960033,428575,2,region5_312948047
2023-03-19 07:41,4054134648,0,6565765,2,region5_312948046
2023-03-19 07:41,4049266070,6780777,1318084,2,region5_312948051
2023-03-19 07:41,4048476379,0,417633,2,region5_312948043
2023-03-19 07:41,4053490662,7340032,1048576,5,region5_312948039
2023-03-19 07:41,4048630263,1203404,757951,2,region5_312948047
2023-03-19 07:41,4053644074,0,8388608,4,region5_312948056
2023-03-19 07:41,4052289008,0,1048576,2,region5_312948053
2023-03-19 07:41,4054133387,0,58788,1,region5_312948042
2023-03-19 07:41,4053569994,990314,1252893,2,region5_312948048
2023-03-19 07:41,4052289008,7368704,1019904,2,region5_312948053
2023-03-19 07:41,4052289008,1048576,2101248,2,region5_312948053
2023-03-19 07:41,4052289008,5263360,2105344,2,region5_312948053
2023-03-19 07:41,4052289008,3149824,2113536,2,region5_312948053
2023-03-19 07:41,4051225921,0,1828,1,region5_312948042
2023-03-19 07:41,4053563397,0,16508,1,region5_312948042
2023-03-19 07:41,4053884839,256704,19200,2,region5_312948043
2023-03-19 07:41,4050309856,3979462,1048576,1,region5_312948042
2023-03-19 07:41,4054481548,0,4124997,2,region5_312948048
2023-03-19 07:41,4054481548,5555727,2832881,2,region5_312948048
2023-03-19 07:41,4054177994,1528672,637040,2,region5_312948041
2023-03-19 07:41,4054217182,0,179332,3,region5_312948042
2023-03-19 07:41,4053640132,651575,1531631,2,region5_312948047
2023-03-19 07:41,4053351088,94483,2866281,2,region5_312948047
2023-03-19 07:41,4051093971,1025412,45420,2,region5_312948047
2023-03-19 07:41,4053467219,5023337,512070,2,region5_312948051
2023-03-19 07:41,4053467219,1923520,326388,2,region5_312948051
2023-03-19 07:41,4053701890,0,1048576,5,region5_312948039
2023-03-19 07:41,4051717463,1361787,1361787,1,region5_312948042
2023-03-19 07:41,4053563397,16508,8355591,1,region5_312948042
2023-03-19 07:41,4053701890,1048576,1048576,5,region5_312948039
2023-03-19 07:41,4051248456,0,2036574,2,region5_312948051
2023-03-19 07:41,4054304329,0,4194304,2,region5_312948044
2023-03-19 07:41,4054304329,4194304,4194304,2,region5_312948044
2023-03-19 07:41,4052455263,239990,29751,2,region5_312948048
2023-03-19 07:41,4054554227,2892760,2255308,2,region5_312948047
2023-03-19 07:41,4051793079,0,7940361,2,region5_312948041
2023-03-19 07:41,4053701890,2097152,1048576,5,region5_312948039
2023-03-19 07:41,4051093971,4587963,9753,2,region5_312948047
2023-03-19 07:41,4051093971,2209950,872746,2,region5_312948047
2023-03-19 07:41,4053701890,3145728,1048576,5,region5_312948039
2023-03-19 07:41,4049612859,0,8388608,2,region5_312948041
2023-03-19 07:41,4053943024,3537568,185792,2,region5_312948043
2023-03-19 07:41,4052097103,0,2557058,2,region5_312948047
2023-03-19 07:41,4048851923,4955180,156090,2,region5_312948041
2023-03-19 07:41,4054573206,0,708206,2,region5_312948053
2023-03-19 07:41,4052003758,6103230,741,2,region5_312948048
2023-03-19 07:41,4054771190,0,3298281,3,region5_312948042
2023-03-19 07:41,4053692453,0,2942341,5,region5_312948039
2023-03-19 07:41,4053701890,4194304,1048576,5,region5_312948039
2023-03-19 07:41,4050309856,5028038,1048576,1,region5_312948042
2023-03-19 07:41,4050560320,0,6944477,2,region5_312948051
2023-03-19 07:41,4054533214,0,2940622,2,region5_312948047
2023-03-19 07:41,4053512738,2000915,5987510,1,region5_312948042
2023-03-19 07:41,4048459297,1002842,1048576,2,region5_312948047
2023-03-19 07:41,4053704026,0,1048576,5,region5_312948039
2023-03-19 07:41,4053935418,0,8388608,4,region5_312948044
2023-03-19 07:41,4053158882,6055601,1701978,2,region5_312948051
2023-03-19 07:41,4054399276,0,1450008,2,region5_312948041
2023-03-19 07:41,4053974427,0,8419271,6,region5_312948057
2023-03-19 07:41,4049871324,0,574806,2,region5_312948047
2023-03-19 07:41,4054299051,5256677,3131931,2,region5_312948048
2023-03-19 07:41,4054299051,0,5256677,2,region5_312948048
2023-03-19 07:41,4048232177,0,194848,2,region5_312948047
2023-03-19 07:41,4053701890,5242880,1048576,5,region5_312948039
2023-03-19 07:41,4053704026,1048576,1048576,5,region5_312948039
2023-03-19 07:41,4048133524,2914659,1305169,2,region5_312948046
2023-03-19 07:41,4047976139,0,962571,2,region5_312948044
2023-03-19 07:41,4051942636,3205673,3866073,2,region5_312948041
2023-03-19 07:41,4053826639,0,8388608,2,region5_312948046
2023-03-19 07:41,4053911521,4403200,48,2,region5_312948043
2023-03-19 07:41,4051717463,2723574,1361787,1,region5_312948042
2023-03-19 07:41,4051748034,3063590,5102572,2,region5_312948041
2023-03-19 07:41,4054544254,0,2295,4,region5_312948061
2023-03-19 07:41,4048476379,0,417633,2,region5_312948043
2023-03-19 07:41,4053701890,6291456,1048576,5,region5_312948039
2023-03-19 07:41,4053701890,7340032,1048576,5,region5_312948039
2023-03-19 07:41,4053704026,2097152,1048576,5,region5_312948039
2023-03-19 07:41,4053704026,3145728,1048576,5,region5_312948039
2023-03-19 07:41,4051244932,1426334,5195512,2,region5_312948041
2023-03-19 07:41,4050309856,6076614,1048576,1,region5_312948042
2023-03-19 07:41,4052215358,0,4376387,2,region5_312948047
2023-03-19 07:41,4048298430,1605987,3180642,2,region5_312948046
2023-03-19 07:41,4048298430,8240077,148531,2,region5_312948046
2023-03-19 07:41,4049533683,0,8388608,2,region5_312948041
2023-03-19 07:41,4051875198,4287667,3454196,2,region5_312948047
2023-03-19 07:41,4052789816,8286638,101970,2,region5_312948047
2023-03-19 07:41,4052789816,0,8286638,2,region5_312948047
2023-03-19 07:41,4052215358,4376387,1854574,2,region5_312948047
2023-03-19 07:41,4049391363,6911,2071,2,region5_312948051
2023-03-19 07:41,4048541039,0,3065243,2,region5_312948048
2023-03-19 07:41,4052316981,14592,304512,2,region5_312948043
2023-03-19 07:41,4053704026,4194304,1048576,5,region5_312948039
2023-03-19 07:41,4053704026,5242880,1048576,5,region5_312948039
2023-03-19 07:41,4054598659,0,17790,1,region5_312948042
2023-03-19 07:41,4047757709,720352,178238,2,region5_312948041
2023-03-19 07:41,4047757709,5208976,3200686,2,region5_312948041
2023-03-19 07:41,4049138344,0,564857,2,region5_312948047
2023-03-19 07:41,4053704026,6291456,1048576,5,region5_312948039
2023-03-19 07:41,4054163509,0,1048576,5,region5_312948039
2023-03-19 07:41,4054598659,17790,8353027,1,region5_312948042
2023-03-19 07:41,4049138344,3751269,534466,2,region5_312948047
2023-03-19 07:41,4053704026,7340032,1048576,5,region5_312948039
2023-03-19 07:41,4050309856,7125190,886951,1,region5_312948042
2023-03-19 07:41,4053967977,0,1038438,2,region5_312948041
2023-03-19 07:41,4054737064,0,8371092,3,region5_312948042
2023-03-19 07:41,4051717463,4085361,1361787,1,region5_312948042
2023-03-19 07:41,4054182862,6473745,267701,2,region5_312948041
2023-03-19 07:41,4054182862,450073,2638788,2,region5_312948041
2023-03-19 07:41,4053965575,0,4450637,5,region5_312948057
2023-03-19 07:41,4054163509,1048576,950286,5,region5_312948039
2023-03-19 07:41,4054331462,0,8359056,3,region5_312948042
2023-03-19 07:41,4054540852,0,6514178,4,region5_312948047
2023-03-19 07:41,4054879018,0,8257712,3,region5_312948042
2023-03-19 07:41,4052789816,0,8286638,2,region5_312948047
2023-03-19 07:41,4052789816,8286638,101970,2,region5_312948047
2023-03-19 07:41,4050409986,7433903,954705,2,region5_312948046
2023-03-19 07:41,4053097470,0,1917845,2,region5_312948046
2023-03-19 07:41,4053900965,0,20800,3,region5_312948042
2023-03-19 07:41,4054544254,0,2295,2,region5_312948053
2023-03-19 07:41,4049477656,0,1638122,1,region5_312948042
2023-03-19 07:41,4049391363,0,8388608,2,region5_312948051
2023-03-19 07:41,4050209213,7320243,1048576,2,region5_312948041
2023-03-19 07:41,4050209213,5685175,2683644,2,region5_312948041
2023-03-19 07:41,4053908851,0,3908672,2,region5_312948051
2023-03-19 07:41,4051717463,5447148,1361787,1,region5_312948042
2023-03-19 07:41,4050209213,884722,493383,2,region5_312948041
2023-03-19 07:41,4050209213,4657614,812961,2,region5_312948041
2023-03-19 07:41,4052530524,3602798,574257,2,region5_312948045
2023-03-19 07:41,4050387745,0,2017036,2,region5_312948047
2023-03-19 07:41,4054949590,0,8371765,3,region5_312948042
2023-03-19 07:41,4048282166,6909,1488502,2,region5_312948047
2023-03-19 07:41,4054420334,0,1325,5,region5_312948039
2023-03-19 07:41,4054823669,8385441,3167,2,region5_312948048
2023-03-19 07:41,4054823669,3,8385438,2,region5_312948048
2023-03-19 07:41,4054349928,0,4672308,4,region5_312948040
2023-03-19 07:41,4054486094,2246285,6142323,2,region5_312948046
2023-03-19 07:41,4047757709,720352,178238,2,region5_312948041
2023-03-19 07:41,4047757709,5208976,3200686,2,region5_312948041
2023-03-19 07:41,4055079326,640176,7841392,2,region5_312948049
2023-03-19 07:41,4055079326,0,1682672,2,region5_312948049
2023-03-19 07:41,4047745114,4850019,119354,2,region5_312948047
2023-03-19 07:41,4051969592,0,7355604,2,region5_312948047
2023-03-19 07:41,4054401708,0,8481568,5,region5_312948039
2023-03-19 07:41,4052060755,1449984,2105344,2,region5_312948053
2023-03-19 07:41,4052060755,0,1449984,2,region5_312948053
2023-03-19 07:41,4054163924,0,2027927,2,region5_312948047
2023-03-19 07:41,4048948801,4800410,151058,2,region5_312948041
2023-03-19 07:41,4051717463,6808935,1332323,1,region5_312948042
2023-03-19 07:41,4054061866,212992,2105344,2,region5_312948053
2023-03-19 07:41,4054061866,0,212992,2,region5_312948053
2023-03-19 07:41,4054343517,0,1048576,5,region5_312948039
2023-03-19 07:41,4052060755,3555328,2117632,2,region5_312948053
2023-03-19 07:41,4052060755,7778304,610304,2,region5_312948053
2023-03-19 07:41,4052060755,5672960,2105344,2,region5_312948053
2023-03-19 07:41,4054972480,0,1048576,5,region5_312948039
2023-03-19 07:41,4055079326,3044976,5436592,2,region5_312948049
2023-03-19 07:41,4054061866,4427776,2125824,2,region5_312948053
2023-03-19 07:41,4054061866,6553600,1835008,2,region5_312948053
2023-03-19 07:41,4054061866,2318336,2109440,2,region5_312948053
2023-03-19 07:41,4054343517,1048576,1048576,5,region5_312948039
2023-03-19 07:41,4048024213,0,162751,2,region5_312948047
2023-03-19 07:41,4048476379,0,417633,2,region5_312948043
2023-03-19 07:41,4054987959,0,5007874,2,region5_312948041
2023-03-19 07:41,4055070915,0,8388608,2,region5_312948041
2023-03-19 07:41,4047722910,1099234,812635,2,region5_312948041
2023-03-19 07:41,4054240871,0,8388608,5,region5_312948039
2023-03-19 07:41,4050560320,0,6944477,2,region5_312948051
2023-03-19 07:41,4051942855,7186419,1034250,2,region5_312948041
2023-03-19 07:41,4051942855,0,4055684,2,region5_312948041
2023-03-19 07:41,4048252903,1605039,4639969,2,region5_312948046
2023-03-19 07:41,4054052046,0,8481568,5,region5_312948039
2023-03-19 07:41,4054343517,2097152,1048576,5,region5_312948039
2023-03-19 07:41,4047722910,870895,3546,2,region5_312948041
2023-03-19 07:41,4048236064,817258,1048576,2,region5_312948045
2023-03-19 07:41,4048236064,0,418347,2,region5_312948045
2023-03-19 07:41,4054343517,4194304,1048576,5,region5_312948039
2023-03-19 07:41,4054343517,3145728,1048576,5,region5_312948039
2023-03-19 07:41,4054343517,5242880,1048576,5,region5_312948039
2023-03-19 07:41,4055152961,0,1998848,2,region5_312948053
2023-03-19 07:41,4055152961,4100096,2134016,2,region5_312948053
2023-03-19 07:41,4055152961,1998848,2101248,2,region5_312948053
2023-03-19 07:41,4054126152,0,8388608,2,region5_312948041
2023-03-19 07:41,4048078224,2262424,1292122,2,region5_312948041
2023-03-19 07:41,4054204421,0,14522,2,region5_312948043
2023-03-19 07:41,4049524435,22265536,87488,2,region5_312948043
2023-03-19 07:41,4055152961,8359936,28672,2,region5_312948053
2023-03-19 07:41,4055152961,6234112,2125824,2,region5_312948053
2023-03-19 07:41,4054343517,6291456,1048576,5,region5_312948039
2023-03-19 07:41,4052099470,0,7181,2,region5_312948043
2023-03-19 07:41,4054032336,0,3788013,5,region5_312948039
2023-03-19 07:41,4054897868,0,4994413,5,region5_312948039
2023-03-19 07:41,4054343517,7340032,1048576,5,region5_312948039
2023-03-19 07:41,4054394682,4800057,3588551,2,region5_312948048
2023-03-19 07:41,4047722784,899640,456134,2,region5_312948047
